ID,Link,Name,DiscountedPrice,DiscountPercent,Brand,Rating,NumberOfReview,Description,WarrantyDuration,Card,CPU,RAM,Storage,Battery,Screen_size,Operating_System,Resolution,Ports,data_source,DiscountedPercent
200199,https://cellphones.com.vn/laptop-gaming-acer-nitro-v-anv15-51-72vs.html,Laptop Gaming Acer Nitro V ANV15-51-72VS NH.QNASV.004,1999000000000.0,Giảm 23%,Acer,5.0,6.0,"Trang bị CPU Intel Core i7-13620H xử lý nhanh chóng mọi tác vụ văn phòng hay tận hưởng các tựa game từ AAA đến game Esport.
Bộ nhớ RAM 16 GB DDR5 cho khả năng xử lý đa nhiệm và đa tác vụ của máy càng được tăng tốc tối đa.
Card đồ họa RTX 2050 tối ưu hiệu suất và năng lượng, chiến mượt các tựa game AAA với mức đồ họa từ Low/Basic trở lên.
Tận hưởng các cuộc phiêu lưu, giải trí sống động trên màn hình 15.6 inch FHD, cùng tần số quét chuẩn chiến game 144 Hz.","Nguyên hộp, đầy đủ phụ kiện từ nhà sản xuất",NVIDIA GeForce RTX 2050 4GB GDDR6 VRAM,"Intel Core i7-13620H (10 lõi / 16 luồng, upto 4.90 GHz, 24 MB)",32,,,15.6,Windows 11 Home,1920x1080,"1 x USB Type-C™
3 x USB-A
1 x HDMI® 2.1 port with HDCP support
1 x 3.5 mm headphone/speaker jack
1 x Ethernet (RJ-45) port
1 x DC-in jack for AC adapter",CellphoneS,
217487,https://cellphones.com.vn/laptop-gaming-acer-nitro-v-anv15-51-72vs.html,Laptop Gaming Acer Nitro V ANV15-51-72VS NH.QNASV.004,1999000000000.0,Giảm 23%,Acer,5.0,6.0,"Trang bị CPU Intel Core i7-13620H xử lý nhanh chóng mọi tác vụ văn phòng hay tận hưởng các tựa game từ AAA đến game Esport.
Bộ nhớ RAM 16 GB DDR5 cho khả năng xử lý đa nhiệm và đa tác vụ của máy càng được tăng tốc tối đa.
Card đồ họa RTX 2050 tối ưu hiệu suất và năng lượng, chiến mượt các tựa game AAA với mức đồ họa từ Low/Basic trở lên.
Tận hưởng các cuộc phiêu lưu, giải trí sống động trên màn hình 15.6 inch FHD, cùng tần số quét chuẩn chiến game 144 Hz.","Nguyên hộp, đầy đủ phụ kiện từ nhà sản xuất",NVIDIA GeForce RTX 2050 4GB GDDR6 VRAM,"Intel Core i7-13620H (10 lõi / 16 luồng, upto 4.90 GHz, 24 MB)",32,,,15.6,Windows 11 Home,1920x1080,"1 x USB Type-C™
3 x USB-A
1 x HDMI® 2.1 port with HDCP support
1 x 3.5 mm headphone/speaker jack
1 x Ethernet (RJ-45) port
1 x DC-in jack for AC adapter",CellphoneS,
242535,https://cellphones.com.vn/laptop-lenovo-ideapad-slim-5-14q8x9-83hl000kvn.html,Laptop Lenovo IdeaPad Slim 5 14Q8X9 83HL000KVN,1949000000000.0,Giảm 22%,Laptop AI,,,"Laptop có màu xám thanh lịch, kiểu dáng mỏng nhẹ, dễ dàng mang theo khi di chuyển.
Màn hình 14.0 inch WUXGA cung cấp hình ảnh rõ ràng và chi tiết, lý tưởng cho công việc và giải trí.
Trang bị bộ vi xử lý Copilot+X PLUS X1P và RAM 16GB, máy xử lý mượt mà các tác vụ đa nhiệm.
Ổ cứng 512GB PCIe cho tốc độ truy xuất dữ liệu nhanh, phục vụ tốt cho nhu cầu lưu trữ.
Chạy trên Windows 11, mang lại trải nghiệm người dùng mượt mà với nhiều tính năng hiện đại.","Nguyên hộp, đầy đủ phụ kiện từ nhà sản xuất
Bảo hành pin và bộ sạc 12 tháng","Qualcomm Adreno
Tiến trình chip mới nên có thể không kết nối được với các thiết bị có driver cũ","Snapdragon X Plus X1P-42-100, 8C, Max Turbo up to 3.4GHz (single-core) / 3.2GHz (8-core), 30MB",16,,,14.0,Windows 11 Home Single Language,1920x1200,"2x USB-A (USB 5Gbps / USB 3.2 Gen 1)
2x USB-C (USB 10Gbps / USB 3.2 Gen 2), với USB PD 3.0 và DisplayPort 1.4
1x HDMI 2.1, up to 4K/60Hz
1x Headphone / microphone combo jack (3.5mm)
1x Đầu đọc thẻ nhớ microSD",CellphoneS,
221103,https://cellphones.com.vn/laptop-lenovo-ideapad-slim-5-14q8x9-83hl000kvn.html,Laptop Lenovo IdeaPad Slim 5 14Q8X9 83HL000KVN,1949000000000.0,Giảm 22%,Laptop AI,,,"Laptop có màu xám thanh lịch, kiểu dáng mỏng nhẹ, dễ dàng mang theo khi di chuyển.
Màn hình 14.0 inch WUXGA cung cấp hình ảnh rõ ràng và chi tiết, lý tưởng cho công việc và giải trí.
Trang bị bộ vi xử lý Copilot+X PLUS X1P và RAM 16GB, máy xử lý mượt mà các tác vụ đa nhiệm.
Ổ cứng 512GB PCIe cho tốc độ truy xuất dữ liệu nhanh, phục vụ tốt cho nhu cầu lưu trữ.
Chạy trên Windows 11, mang lại trải nghiệm người dùng mượt mà với nhiều tính năng hiện đại.","Nguyên hộp, đầy đủ phụ kiện từ nhà sản xuất
Bảo hành pin và bộ sạc 12 tháng","Qualcomm Adreno
Tiến trình chip mới nên có thể không kết nối được với các thiết bị có driver cũ","Snapdragon X Plus X1P-42-100, 8C, Max Turbo up to 3.4GHz (single-core) / 3.2GHz (8-core), 30MB",16,,,14.0,Windows 11 Home Single Language,1920x1200,"2x USB-A (USB 5Gbps / USB 3.2 Gen 1)
2x USB-C (USB 10Gbps / USB 3.2 Gen 2), với USB PD 3.0 và DisplayPort 1.4
1x HDMI 2.1, up to 4K/60Hz
1x Headphone / microphone combo jack (3.5mm)
1x Đầu đọc thẻ nhớ microSD",CellphoneS,
231955,https://cellphones.com.vn/laptop-asus-gaming-vivobook-k3605zf-rp634w.html,Laptop ASUS Gaming VivoBook K3605ZF-RP634W,1649000000000.0,Giảm 21%,ASUS,5.0,4.0,"Trang bị CPU Intel Core i5-12500H và card đồ họa NVIDIA GeForce RTX 2050, laptop mang đến trải nghiệm gaming mượt mà trên các tựa game phổ biến.
Màn hình 16 inch WUXGA (1920x1200) với tần số quét cao cho hình ảnh hiển thị sắc nét, chống xé hình, giật lag.
RAM 16GB DDR4 đảm bảo khả năng chạy đa nhiệm hiệu quả, chuyển đổi giữa các ứng dụng nhanh chóng.
Ổ cứng SSD 512GB PCIe NVMe mang đến không gian lưu trữ rộng rãi và tốc độ truy xuất dữ liệu cực nhanh.
Thiết kế gaming ấn tượng với lớp vỏ màu đen mạnh mẽ cùng các đường nét thiết kế đậm chất gaming tạo nên diện mạo ấn tượng cho laptop.","Nguyên hộp, đầy đủ phụ kiện từ nhà sản xuất
Bảo hành pin và bộ sạc 12 tháng",NVIDIA GeForce RTX 2050 4GB GDDR6,"Intel Core i5-12500H 2.5 GHz (18M Cache, up to 4.5 GHz, 4P+8E cores)",32,,,16.0,Windows 11 Home,1920x1200,"1x USB 3.2 Gen 1 Type-C hỗ trợ sạc
2x USB 3.2 Gen 1 Type-A
1x HDMI 2.1 TMDS
1x 3.5mm Combo Audio Jack
1x DC-in
SD 4.0 card reader",CellphoneS,
216810,https://cellphones.com.vn/laptop-asus-gaming-vivobook-k3605zf-rp634w.html,Laptop ASUS Gaming VivoBook K3605ZF-RP634W,1649000000000.0,Giảm 21%,ASUS,5.0,4.0,"Trang bị CPU Intel Core i5-12500H và card đồ họa NVIDIA GeForce RTX 2050, laptop mang đến trải nghiệm gaming mượt mà trên các tựa game phổ biến.
Màn hình 16 inch WUXGA (1920x1200) với tần số quét cao cho hình ảnh hiển thị sắc nét, chống xé hình, giật lag.
RAM 16GB DDR4 đảm bảo khả năng chạy đa nhiệm hiệu quả, chuyển đổi giữa các ứng dụng nhanh chóng.
Ổ cứng SSD 512GB PCIe NVMe mang đến không gian lưu trữ rộng rãi và tốc độ truy xuất dữ liệu cực nhanh.
Thiết kế gaming ấn tượng với lớp vỏ màu đen mạnh mẽ cùng các đường nét thiết kế đậm chất gaming tạo nên diện mạo ấn tượng cho laptop.","Nguyên hộp, đầy đủ phụ kiện từ nhà sản xuất
Bảo hành pin và bộ sạc 12 tháng",NVIDIA GeForce RTX 2050 4GB GDDR6,"Intel Core i5-12500H 2.5 GHz (18M Cache, up to 4.5 GHz, 4P+8E cores)",16,,,16.0,Windows 11 Home,1920x1200,"1x USB 3.2 Gen 1 Type-C hỗ trợ sạc
2x USB 3.2 Gen 1 Type-A
1x HDMI 2.1 TMDS
1x 3.5mm Combo Audio Jack
1x DC-in
SD 4.0 card reader",CellphoneS,
206991,https://cellphones.com.vn/laptop-hp-14-ep0112tu-8c5l1pa.html,Laptop HP 14-EP0112TU 8C5L1PA,1569000000000.0,Giảm 20%,HP,,,"Sở hữu thiết kế thanh lịch và sang trọng với gam màu tinh tế
Màn hình 14 inch Full HD, mang đến hình ảnh sắc nét và màu sắc sống động
Bộ xử lý Intel Core i5-1335U cho khả năng xử lý tác vụ đa nhiệm và các ứng dụng đòi hỏi hiệu suất cao một cách mượt mà
RAM 16 GB đảm bảo khả năng xử lý mọi dữ liệu nhanh chóng và hiệu quả
Ổ cứng 512 GB SSD cung cấp không gian lưu trữ lớn, giúp bạn lưu trữ nhiều tài liệu và dữ liệu quan trọng","Nguyên hộp, đầy đủ phụ kiện từ nhà sản xuất
Bảo hành pin và bộ sạc 12 tháng",Intel Iris Xe Graphics,"Intel Core i5 - 1335U (4.60 GHz, 10 lõi / 12 luồng, 12MB)",16,,,14.0,Windows 11 Home SL,1920x1080,"1x USB Type-C (Chỉ hỗ trợ truyền dữ liệu)
2x USB Type-A
1 AC smart pin
1x HDMI 1.4b
1x Headphone/microphone combo",CellphoneS,
227878,https://cellphones.com.vn/laptop-hp-14-ep0112tu-8c5l1pa.html,Laptop HP 14-EP0112TU 8C5L1PA,1569000000000.0,Giảm 20%,HP,,,"Sở hữu thiết kế thanh lịch và sang trọng với gam màu tinh tế
Màn hình 14 inch Full HD, mang đến hình ảnh sắc nét và màu sắc sống động
Bộ xử lý Intel Core i5-1335U cho khả năng xử lý tác vụ đa nhiệm và các ứng dụng đòi hỏi hiệu suất cao một cách mượt mà
RAM 16 GB đảm bảo khả năng xử lý mọi dữ liệu nhanh chóng và hiệu quả
Ổ cứng 512 GB SSD cung cấp không gian lưu trữ lớn, giúp bạn lưu trữ nhiều tài liệu và dữ liệu quan trọng","Nguyên hộp, đầy đủ phụ kiện từ nhà sản xuất
Bảo hành pin và bộ sạc 12 tháng",Intel Iris Xe Graphics,"Intel Core i5 - 1335U (4.60 GHz, 10 lõi / 12 luồng, 12MB)",16,,,14.0,Windows 11 Home SL,1920x1080,"1x USB Type-C (Chỉ hỗ trợ truyền dữ liệu)
2x USB Type-A
1 AC smart pin
1x HDMI 1.4b
1x Headphone/microphone combo",CellphoneS,
216132,https://cellphones.com.vn/macbook-air-m2-2022-16gb.html,Apple MacBook Air M2 2024 8CPU 8GPU 16GB 256GB I Chính hãng Apple Việt Nam,2099000000000.0,Giảm 16%,Mac,4.9,18.0,"Thiết kế sang trọng, lịch lãm - siêu mỏng 11.3mm, chỉ 1.24kg
Hiệu năng hàng đầu - Chip Apple m2, 8 nhân GPU, hỗ trợ tốt các phần mềm như Word, Axel, Adoble Premier
Đa nhiệm mượt mà - Ram 16GB, SSD 256GB cho phép vừa làm việc, vừa nghe nhạc
Màn hình sắc nét - Độ phân giải 2560 x 1664 cùng độ sáng 500 nits
Âm thanh sống động - 4 loa tramg bị công nghệ dolby atmos và âm thanh đa chiều","Máy mới 100%, đầy đủ phụ kiện từ nhà sản xuất. Sản phẩm có mã SA/A (được Apple Việt Nam phân phối chính thức).","8 nhân GPU, 16 nhân Neural Engine",Apple M2 8 nhân,16,,,13.6,MacOS,2560x1664,"2 x Thunderbolt 3
Jack tai nghe 3.5 mm
MagSafe 3",CellphoneS,
236683,https://cellphones.com.vn/apple-macbook-air-13-m4-10cpu-8gpu-16gb-256gb-2025.html,MacBook Air M4 13 inch 2025 10CPU 8GPU 16GB 256GB | Chính hãng Apple Việt Nam,2649000000000.0,Giảm 2%,Mac,5.0,9.0,"MacBook Air 13 M4 2025 sở hữu thiết kế siêu mỏng nhẹ với màu sắc sang trọng, độ dày chỉ 1.13 cm và trọng lượng 1.24 kg.
Máy được trang bị chip M4 thế hệ mới nhất của Apple với 10 CPU và 8 GPU, mang lại hiệu năng xử lý mạnh mẽ và khả năng đồ họa ấn tượng.
RAM 16GB và ổ cứng SSD 256GB giúp đa nhiệm mượt mà, khởi động nhanh chóng và lưu trữ đủ dùng cho công việc hàng ngày.
Màn hình Liquid Retina 13.6 inch với độ phân giải 2560x1664 pixels cho hình ảnh sắc nét, màu sắc chân thực và độ sáng cao lên đến 500 nits.","Máy mới 100%, đầy đủ phụ kiện từ nhà sản xuất. Sản phẩm có mã SA/A (được Apple Việt Nam phân phối chính thức).","GPU 8 lõi
Neural Engine 16 lõi
Công nghệ dò tia tốc độ cao bằng phần cứng
Băng thông bộ nhớ 120GB/s",CPU 10 lõi với 4 lõi hiệu năng và 6 lõi tiết kiệm điện,32,,,13.6,macOS,2560x1664,"Cổng sạc MagSafe 3
Jack cắm tai nghe 3.5 mm
Hai cổng Thunderbolt 4 (USB-C) hỗ trợ: Sạc / DisplayPort / Thunderbolt 4 (lên đến 40Gb/s) / USB 4 (lên đến 40Gb/s)",CellphoneS,
248312,https://cellphones.com.vn/laptop-asus-vivobook-s-16-oled-s5606ma-mx051w.html,Laptop ASUS VivoBook S 16 OLED S5606MA-MX051W,2499000000000.0,Giảm 17%,Laptop AI,5.0,5.0,"Trải nghiệm hình ảnh sắc nét, mượt mà và sống động với tấm nền OLED 3.2K tần số quét 120Hz.
Chip AI Intel Core Ultra 7 đảm bảo hiệu năng xử lý mọi tác vụ mượt mà & nhanh chóng.
16GB RAM và 512GB SSD cho khả năng xử lý đa nhiệm mượt mà, chơi game và làm việc đồ họa chuyên nghiệp.
Thiết kế mỏng nhẹ trong khung máy hoàn toàn bằng kim loại cho tính di động tuyệt đối.","Mới, đầy đủ phụ kiện từ nhà sản xuất",Intel Arc Graphics,"Intel Core Ultra 7 155H 1.4 GHz (24MB Cache, up to 4.8 GHz, 16 lõi, 22 luồng)",16,,,16.0,Windows 11 Home,3200x2000,"2x USB 3.2 Gen 1 Type-A
2x Thunderbolt™ 4 supports display / power delivery
1x HDMI 2.1 TMDS
1x 3.5mm Combo Audio Jack
Đầu đọc thẻ Micro SD",CellphoneS,
201972,https://cellphones.com.vn/laptop-hp-victus-15-fa1139tx-8y6w3pa.html,Laptop HP Gaming Victus 15-FA1139TX 8Y6W3PA,1679000000000.0,Giảm 32%,HP,5.0,2.0,"Được trang bị chip Intel Core i5-12450H, laptop này mang lại hiệu suất mượt mà cho các tác vụ đa nhiệm và chơi game.
Với RAM 16GB và ổ cứng SSD 512GB PCIe, người dùng có thể lưu trữ nhiều dữ liệu và mở nhiều ứng dụng cùng lúc mà không lo về tốc độ.
Màn hình 15.6 inch FHD với tần số quét 144Hz cho trải nghiệm hình ảnh sắc nét và mượt mà, rất phù hợp cho game thủ.
Trang bị card đồ họa RTX 2050 4GB, laptop hỗ trợ xử lý đồ họa tốt cho các trò chơi và ứng dụng thiết kế.","Nguyên hộp, đầy đủ phụ kiện từ nhà sản xuất
Bảo hành pin và bộ sạc 12 tháng","NVIDIA GeForce RTX 2050 (4GB of GDDR6 SDRAM, Bus Width: 64-bit)
Intel UHD Graphics",Intel Core i5-12450H (8 cores) - Max Turbo Frequency: 4.40 GHz,32,,,15.6,Windows 11 Home Single Language 64-bit,1920x1080,"1 x USB 3.2 Gen 1 Type-C (hỗ trợ DisplayPort, HP Sleep and Charge)
2 x USB 3.2 Gen 1 Type-A (một cổng hỗ trợ HP Sleep and Charge)
1 x HDMI
1 x RJ45 (LAN)
1 x giắc cắm âm thanh kết hợp tai nghe/micrô",CellphoneS,
227529,https://cellphones.com.vn/laptop-hp-15-fc0086au-a6vv9pa.html,Laptop HP 15-FC0086AU A6VV9PA,1229000000000.0,Giảm 19%,HP,,,"Laptop lý tưởng cho công việc và học tập, được trang bị bộ vi xử lý AMD Ryzen 5 7430U mạnh mẽ.
Với 16GB RAM và ổ cứng 512GB PCIe, máy cung cấp hiệu suất ổn định và đủ không gian lưu trữ cho dữ liệu và ứng dụng.
Màn hình 15.6 inch Full HD mang đến hình ảnh sắc nét và rõ ràng, giúp người dùng dễ dàng làm việc và giải trí.
Thiết kế màu bạc thanh lịch không chỉ bền bỉ mà còn tạo cảm giác chuyên nghiệp.","Nguyên hộp, đầy đủ phụ kiện từ nhà sản xuất
Bảo hành pin và bộ sạc 12 tháng",AMD Radeon Graphics,"AMD Ryzen 5 7430U (up to 4.3 GHz max boost clock, 16 MB L3 cache, 6 lõi, 12 luồng)",16,,,15.6,Windows 11 Home,1920x1080,"1x USB Type-C (chỉ hỗ trợ truyền dữ liệu và không hỗ trợ sạc hoặc màn hình ngoài)
2x USB Type-A
1x AC smart pin
1x HDMI 1.4b
1x headphone/microphone combo",CellphoneS,
221916,https://cellphones.com.vn/mac-mini-m4-2024-16gb-256gb.html,Mac mini M4 2024 10CPU 10GPU 16GB 256GB | Chính hãng Apple Việt Nam,1429000000000.0,Giảm 5%,Mac,5.0,7.0,"Chip M4 tích hợp mang đến hiệu năng vượt trội cho công việc sáng tạo và giải trí.
Hiệu suất đồ họa ấn tượng giúp xử lý đồ họa mượt mà, đáp ứng tốt nhu cầu chỉnh sửa video, thiết kế đồ họa và chơi game ở mức độ cao.
16GB RAM cho phép đa nhiệm mượt mà, ổ cứng 256GB SSD cung cấp tốc độ truy xuất dữ liệu nhanh chóng.
Thiết kế nhỏ gọn, tinh tế phù hợp với bất kỳ không gian làm việc nào.","Máy mới 100%, đầy đủ phụ kiện từ nhà sản xuất. Sản phẩm có mã SA/A (được Apple Việt Nam phân phối chính thức).",GPU 10 lõi,"Apple M4 10 lõi với 4 lõi hiệu năng và 6 lõi tiết kiệm điện
Neural Engine 16 lõi",16,,,,macOS,,"Mặt trước:
Hai cổng USB‑C hỗ trợ cho USB 3 (lên đến 10Gb/s)
Jack cắm tai nghe 3,5 mm
Mặt sau (M4):
Cổng Gigabit Ethernet (có thể lựa chọn cấu hình Ethernet 10Gb)
Cổng HDMI
Thunderbolt 4 (lên đến 40Gb/s)
USB 4 (lên đến 40Gb/s)",CellphoneS,
214129,https://cellphones.com.vn/laptop-asus-gaming-vivobook-k3605zc-rp564w.html,Laptop ASUS Gaming VivoBook K3605ZC-RP564W,1749000000000.0,Giảm 31%,ASUS,5.0,3.0,"Trang bị chip Intel Core i5-12500H và card đồ họa NVIDIA GeForce RTX 3050 4GB, chiến mượt các tựa game Esports mức cài đặt đồ họa cao.
Màn hình 16 inch WUXGA (1920x1200) với tần số quét 144Hz, cho trải nghiệm gaming mượt mà, hình ảnh sắc nét.
Vỏ máy màu đen kết hợp cùng các đường nét thiết kế gaming tạo nên vẻ ngoài năng động, cá tính.
Công nghệ tản nhiệt ASUS giúp máy luôn mát mẻ, ổn định hiệu năng trong thời gian dài chơi game.
Công nghệ âm thanh mang đến trải nghiệm âm thanh vòm sống động, tăng thêm phần hấp dẫn cho game thủ.","Nguyên hộp, đầy đủ phụ kiện từ nhà sản xuất
Bảo hành pin và bộ sạc 12 tháng",NVIDIA Geforce RTX 3050 4GB GDDR6,"Intel Core i5-12500H Processor 2.5 GHz (18M Cache, up to 4.5 GHz, 4P+8E lõi)",32,,,16.0,Windows 11 Home,1920x1200,"1x USB 3.2 Gen 1 Type-C support power delivery
2x USB 3.2 Gen 1 Type-A
1x HDMI 2.1 TMDS
1x 3.5mm Combo Audio Jack
1x DC-in
SD 4.0 đầu đọc thẻ",CellphoneS,
242360,https://cellphones.com.vn/laptop-acer-gaming-aspire-7-a715-76-53pj.html,Laptop Acer Gaming Aspire 7 A715-76-53PJ,1399000000000.0,Giảm 18%,Acer,4.5,2.0,"CPU Intel Core i5-12450H dễ dàng xử lý mọi tác vụ làm việc học tập, làm việc thường ngày.
RAM 16GB DDR4 cùng ổ cứng dung lượng 512GB PCIe NVMe SSD có tốc độ đọc ghi siêu cao, thời gian mở máy, truy cập tệp, copy tệp,... nhanh chóng.
Màn hình 15.6 inch Full HD cho không gian trải nghiệm nội dung tương đối rộng rãi, màu sắc rõ nét.
Công nghệ Acer ComfyView bảo vệ đôi mắt của bạn khỏi những tác động tiêu cực từ ánh sáng màn hình.","Nguyên hộp, đầy đủ phụ kiện từ nhà sản xuất
Bảo hành pin và bộ sạc 12 tháng",Intel UHD Graphics,"Intel Core i5-12450H (8 lõi / 12 luồng, 4.4GHz, 12MB)",32,,,15.6,Windows 11 Home,1920x1080,"1x Ethernet (RJ-45)
1x USB Type C
3x USB-A
1x HDMI 2.0
1x DC-in jack
1x Jack 3.5 mm",CellphoneS,
207626,https://cellphones.com.vn/apple-macbook-air-13-m4-10cpu-10gpu-16gb-512gb-2025.html,MacBook Air M4 13 inch 2025 10CPU 10GPU 16GB 512GB | Chính hãng Apple Việt Nam,3199000000000.0,,Mac,5.0,1.0,"MacBook Air 13 M4 2025 sở hữu thiết kế siêu mỏng nhẹ với màu sắc sang trọng, độ dày chỉ 1.13 cm và trọng lượng 1.24 kg.
Máy được trang bị chip M4 thế hệ mới nhất của Apple với 10 CPU và 10 GPU, mang lại hiệu năng xử lý mạnh mẽ và khả năng đồ họa ấn tượng.
RAM 16GB và ổ cứng SSD 512GB giúp đa nhiệm mượt mà, khởi động nhanh chóng và lưu trữ đủ dùng cho công việc hàng ngày.
Màn hình Liquid Retina 13.6 inch với độ phân giải 2560x1664 pixels cho hình ảnh sắc nét, màu sắc chân thực và độ sáng cao lên đến 500 nits.","Máy mới 100%, đầy đủ phụ kiện từ nhà sản xuất. Sản phẩm có mã SA/A (được Apple Việt Nam phân phối chính thức).","GPU 10 lõi
Neural Engine 16 lõi
Công nghệ dò tia tốc độ cao bằng phần cứng
Băng thông bộ nhớ 120GB/s",CPU 10 lõi với 4 lõi hiệu năng và 6 lõi tiết kiệm điện,32,,,13.6,macOS,2560x1664,"Cổng sạc MagSafe 3
Jack cắm tai nghe 3.5 mm
Hai cổng Thunderbolt 4 (USB-C) hỗ trợ: Sạc / DisplayPort / Thunderbolt 4 (lên đến 40Gb/s) / USB 4 (lên đến 40Gb/s)",CellphoneS,
244692,https://cellphones.com.vn/macbook-pro-14-inch-m4-16gb-512gb.html,MacBook Pro 14 M4 10CPU 10GPU 16GB 512GB | Chính hãng Apple Việt Nam,3959000000000.0,Giảm 1%,Mac,5.0,2.0,"Cung cấp hiệu năng mạnh mẽ với 10 nhân CPU và 10 nhân GPU, đáp ứng tốt nhu cầu công việc hàng ngày và các tác vụ sáng tạo cơ bản.
RAM 16GB đủ dùng cho đa số người dùng, cho phép chạy nhiều ứng dụng cùng lúc mà không gặp quá nhiều vấn đề về hiệu năng.
Ổ cứng SSD 512GB tốc độ cao, giúp khởi động máy và mở ứng dụng nhanh chóng.
Màn hình Liquid Retina XDR 14.2 inch sắc nét với công nghệ ProMotion, mang lại trải nghiệm hình ảnh mượt mà và sống động.","Máy mới 100%, đầy đủ phụ kiện từ nhà sản xuất. Sản phẩm có mã SA/A (được Apple Việt Nam phân phối chính thức).","10 lõi
Neural Engine 16 lõi",Apple M4 10 lõi với 4 lõi hiệu năng và 6 lõi tiết kiệm điện,16,,,14.2,macOS,3024x1964,"Khe thẻ nhớ SDXC
Cổng HDMI
Jack cắm tai nghe 3.5 mm
Cổng MagSafe 3
Ba cổng Thunderbolt 4 (USB‑C) hỗ trợ: Sạc, DisplayPort, Thunderbolt 4 (lên đến 40Gb/s), USB 4 (lên đến 40Gb/s)",CellphoneS,
231350,https://cellphones.com.vn/laptop-hp-250-g9-ag2k7at.html,Laptop HP 250 G9 AG2K7AT,1499000000000.0,Giảm 22%,HP,,,"Laptop mạnh mẽ với vi xử lý Intel Core i5-1235U, mang đến hiệu suất vượt trội cho công việc và giải trí.
Với 16GB RAM, máy có khả năng đa nhiệm mượt mà, giúp người dùng dễ dàng chạy nhiều ứng dụng cùng lúc.
Ổ cứng SSD 512GB PCIe cung cấp không gian lưu trữ rộng rãi và tốc độ truy xuất dữ liệu nhanh chóng.
Màn hình 15.6 inch Full HD cho hình ảnh sắc nét và rõ ràng, rất phù hợp cho việc xem phim và làm việc.","Nguyên hộp, đầy đủ phụ kiện từ nhà sản xuất
Bảo hành pin và bộ sạc 12 tháng",Intel UHD Graphics,Intel CoreTM i5-1235U (10 lõi) - Max Turbo Frequency: 4.40 GHz,16,,,15.6,Windows 11 Home Single Language 64-bit,1920x1080,"2 x USB 3.2 Gen 1 Type-A
1 x USB 3.2 Gen 1 Type-C
1 x HDMI
1 x RJ45 (LAN)
1 x Headphone/Microphone combo audio jack",CellphoneS,
209657,https://cellphones.com.vn/laptop-msi-modern-14-c12mo-660vn.html,Laptop MSI Modern 14 C12MO-660VN,1159000000000.0,Giảm 28%,MSI,5.0,5.0,"Thiết kế gọn nhẹ chỉ 1.4kg cơ động sẵn sàng theo bạn đi khắp nơi
CPU Intel Core i5-1235U giải quyết nhanh gọn mọi tác vụ văn phòng
RAM 16GB kết hợp ổ cứng 512GB SSD cho hiệu suất nhanh chóng, lưu trữ thoải mái
Màn hình 14 inch Full HD cùng tấm nền IPS cho khả năng hiển thị sắc nét","Nguyên hộp, đầy đủ phụ kiện từ nhà sản xuất
Bảo hành pin và bộ sạc 12 tháng",Intel Iris Xe Graphics,"Intel Core i5-1235U (10 lõi / 12 luồng, Up to 4.4GHz)",16,,,14.0,Windows 11 Home,1920x1080,"1x USB 3.2 Gen2 Type-A
2x USB 2.0
1x USB Type-C (tích hợp Display Port) hỗ trợ sạc PD
1x HDMI (4K 60Hz)
1x Đầu đọc thẻ MicroSD
1x Mic-in/ Headphone-out combo jack",CellphoneS,
209139,https://cellphones.com.vn/laptop-msi-modern-14-c12mo-660vn.html,Laptop MSI Modern 14 C12MO-660VN,1159000000000.0,Giảm 28%,MSI,5.0,5.0,"Thiết kế gọn nhẹ chỉ 1.4kg cơ động sẵn sàng theo bạn đi khắp nơi
CPU Intel Core i5-1235U giải quyết nhanh gọn mọi tác vụ văn phòng
RAM 16GB kết hợp ổ cứng 512GB SSD cho hiệu suất nhanh chóng, lưu trữ thoải mái
Màn hình 14 inch Full HD cùng tấm nền IPS cho khả năng hiển thị sắc nét","Nguyên hộp, đầy đủ phụ kiện từ nhà sản xuất
Bảo hành pin và bộ sạc 12 tháng",Intel Iris Xe Graphics,"Intel Core i5-1235U (10 lõi / 12 luồng, Up to 4.4GHz)",16,,,14.0,Windows 11 Home,1920x1080,"1x USB 3.2 Gen2 Type-A
2x USB 2.0
1x USB Type-C (tích hợp Display Port) hỗ trợ sạc PD
1x HDMI (4K 60Hz)
1x Đầu đọc thẻ MicroSD
1x Mic-in/ Headphone-out combo jack",CellphoneS,
230801,https://cellphones.com.vn/laptop-acer-aspire-7-a715-76g-5806.html,Laptop Acer Aspire 7 A715-76G-5806,1869000000000.0,Giảm 19%,Acer,4.9,7.0,"Màn hình 15.6 inch Full HD cho không gian hiển thị tương đối rộng và rõ nét, màu sắc sống động
CPU Intel Core i5 12450H cùng card RTX 3050 cân mọi tác vụ văn phòng, thoả sức chiến các tựa game yêu thích
RAM 16 GB hỗ trợ nâng cấp tối đa 32 GB thoải mái thao tác với nhiều tabs Chrome mà không lo lag, giật
Ổ cứng SSD 512 GB rộng rãi giúp lưu trữ nhiều tệp tin, tài liệu nhanh chóng
Tần số quét 144 Hz giúp khung hình chuyển động trơn tru, hỗ trợ game thủ phản ứng nhanh chóng","Nguyên hộp, đầy đủ phụ kiện từ nhà sản xuất
Bảo hành pin và bộ sạc 12 tháng","NVIDIA GeForce RTX 3050, 4 GB","Intel Core i5 - 12450H (8 lõi / 12 luồng, 2.00 GHz, Turbo Boost 4.4 GHz, 12 MB)",32,,,15.6,Windows 11 Home SL,1920x1080,"1x USB Type-C (hỗ trợ USB, DisplayPort, Thunderbolt 4)
1x Jack tai nghe 3.5 mm
3x USB 3.2
1x HDMI
1x LAN (RJ45)",CellphoneS,
234386,https://cellphones.com.vn/apple-macbook-air-13-m4-10cpu-8gpu-16gb-256gb-2025-sac-70w.html,MacBook Air M4 13 inch 2025 10CPU 8GPU 16GB 256GB Sạc 70W | Chính hãng Apple Việt Nam,2749000000000.0,Giảm 2%,Mac,,,"MacBook Air 13 M4 2025 sở hữu thiết kế siêu mỏng nhẹ với màu sắc sang trọng, độ dày chỉ 1.13 cm và trọng lượng 1.24 kg.
Máy được trang bị chip M4 thế hệ mới nhất của Apple với 10 CPU và 8 GPU, mang lại hiệu năng xử lý mạnh mẽ và khả năng đồ họa ấn tượng.
RAM 16GB và ổ cứng SSD 256GB giúp đa nhiệm mượt mà, khởi động nhanh chóng và lưu trữ đủ dùng cho công việc hàng ngày.
Màn hình Liquid Retina 13.6 inch với độ phân giải 2560x1664 pixels cho hình ảnh sắc nét, màu sắc chân thực và độ sáng cao lên đến 500 nits.","Máy mới 100%, đầy đủ phụ kiện từ nhà sản xuất. Sản phẩm có mã SA/A (được Apple Việt Nam phân phối chính thức).","GPU 8 lõi
Neural Engine 16 lõi
Công nghệ dò tia tốc độ cao bằng phần cứng
Băng thông bộ nhớ 120GB/s",CPU 10 lõi với 4 lõi hiệu năng và 6 lõi tiết kiệm điện,16,,,13.6,macOS,2560x1664,"Cổng sạc MagSafe 3
Jack cắm tai nghe 3.5 mm
Hai cổng Thunderbolt 4 (USB-C) hỗ trợ: Sạc / DisplayPort / Thunderbolt 4 (lên đến 40Gb/s) / USB 4 (lên đến 40Gb/s)",CellphoneS,
224540,https://cellphones.com.vn/laptop-gaming-acer-nitro-v-anv15-51-57b2.html,Laptop Gaming Acer Nitro V ANV15-51-57B2,2349000000000.0,Giảm 13%,Acer,4.9,7.0,"CPU Intel Core i5 3420H và card đồ họa RTX 4050 hỗ trợ thiết kế đồ họa, chỉnh sửa hình ảnh, video, render 2D, 3D,... dễ dàng.
Thoải mái chơi game, giải trí sống động trên màn hình 15.6 inch, độ phân giải FHD, tần số quét 144 Hz.
RAM 16GB đa nhiệm giúp mở nhiều tab cùng lúc mà không lo lag, giật.
Ổ cứng 512 GB rộng rãi, hỗ trợ lưu trữ nhiều tài liệu, game mà không lo hết dung lượng.","Nguyên hộp, đầy đủ phụ kiện từ nhà sản xuất
Bảo hành pin và bộ sạc 12 tháng",NVIDIA GeForce RTX 4050 6GB GDDR6 VRAM,"Intel Core i5-13420H (8 nhân/12 luồng, Turbo Boost 4.6 GHz, 12 MB)",16,,,15.6,Windows 11 64 Bit,1920x1080,"1x USB Type-C
3x USB 3.2 Gen 1
1x HDMI 2.1
1x Ethernet (RJ-45)
1x 3.5 mm headphone/speaker jack
1x DC-in jack",CellphoneS,
245475,https://cellphones.com.vn/laptop-hp-14-ep0112tu-8c5l1pa.html,Laptop HP 14-EP0112TU 8C5L1PA,1569000000000.0,Giảm 20%,HP,,,"Sở hữu thiết kế thanh lịch và sang trọng với gam màu tinh tế
Màn hình 14 inch Full HD, mang đến hình ảnh sắc nét và màu sắc sống động
Bộ xử lý Intel Core i5-1335U cho khả năng xử lý tác vụ đa nhiệm và các ứng dụng đòi hỏi hiệu suất cao một cách mượt mà
RAM 16 GB đảm bảo khả năng xử lý mọi dữ liệu nhanh chóng và hiệu quả
Ổ cứng 512 GB SSD cung cấp không gian lưu trữ lớn, giúp bạn lưu trữ nhiều tài liệu và dữ liệu quan trọng","Nguyên hộp, đầy đủ phụ kiện từ nhà sản xuất
Bảo hành pin và bộ sạc 12 tháng",Intel Iris Xe Graphics,"Intel Core i5 - 1335U (4.60 GHz, 10 lõi / 12 luồng, 12MB)",32,,,14.0,Windows 11 Home SL,1920x1080,"1x USB Type-C (Chỉ hỗ trợ truyền dữ liệu)
2x USB Type-A
1 AC smart pin
1x HDMI 1.4b
1x Headphone/microphone combo",CellphoneS,
201632,https://cellphones.com.vn/laptop-hp-14-ep0112tu-8c5l1pa.html,Laptop HP 14-EP0112TU 8C5L1PA,1569000000000.0,Giảm 20%,HP,,,"Sở hữu thiết kế thanh lịch và sang trọng với gam màu tinh tế
Màn hình 14 inch Full HD, mang đến hình ảnh sắc nét và màu sắc sống động
Bộ xử lý Intel Core i5-1335U cho khả năng xử lý tác vụ đa nhiệm và các ứng dụng đòi hỏi hiệu suất cao một cách mượt mà
RAM 16 GB đảm bảo khả năng xử lý mọi dữ liệu nhanh chóng và hiệu quả
Ổ cứng 512 GB SSD cung cấp không gian lưu trữ lớn, giúp bạn lưu trữ nhiều tài liệu và dữ liệu quan trọng","Nguyên hộp, đầy đủ phụ kiện từ nhà sản xuất
Bảo hành pin và bộ sạc 12 tháng",Intel Iris Xe Graphics,"Intel Core i5 - 1335U (4.60 GHz, 10 lõi / 12 luồng, 12MB)",32,,,14.0,Windows 11 Home SL,1920x1080,"1x USB Type-C (Chỉ hỗ trợ truyền dữ liệu)
2x USB Type-A
1 AC smart pin
1x HDMI 1.4b
1x Headphone/microphone combo",CellphoneS,
220470,https://cellphones.com.vn/laptop-lenovo-loq-15iax9-83gs000rvn.html,Laptop Lenovo LOQ 15IAX9 83GS000RVN,2449000000000.0,Giảm 9%,Lenovo,4.9,7.0,"Trang bị bộ vi xử lý Intel Core i5-12450HX cân mọi tác vụ từ văn phòng cho đến chơi game.
Card đồ họa RTX 4050 hỗ trợ chỉnh sửa ảnh, video 3D, chơi game mượt mà.
RAM 16GB DDR5-4800 SO-DIMM cùng ổ cứng 512GB SSD cho không gian lưu trữ rộng rãi, hỗ trợ mở ứng dụng, tài liệu nhanh chóng.
Màn hình 15.6 inch FHD cùng tần số quét 144Hz cho bạn thoải mái chơi game, bắt kịp mọi thao tác của đối thủ.","Mới, đầy đủ phụ kiện từ nhà sản xuất","NVIDIA GeForce RTX 4050 6GB GDDR6, Boost Clock 2370MHz, TGP 105W","Intel Core i5-12450HX (8 lõi (4P + 4E) / 12 luồng, P-core up to 4.4GHz, E-core up to 3.1GHz, 12MB)",32,,,15.6,Windows 11 Home Single Language,1920x1080,"3x USB-A (USB 5Gbps / USB 3.2 Gen 1)
1x USB-C (USB 10Gbps / USB 3.2 Gen 2) với PD 140W và DisplayPort 1.4
1x HDMI 2.1, up to 8K/60Hz
1x Headphone / microphone combo jack (3.5mm)
1x Ethernet (RJ-45)
1x Đầu nối nguồn",CellphoneS,
237221,https://cellphones.com.vn/laptop-lenovo-loq-15arp9-83jc007hvn.html,Laptop Lenovo LOQ 15ARP9 83JC007HVN,1949000000000.0,Giảm 17%,Lenovo,,,"Trang bị bộ vi xử lý AMD Ryzen 5 7235HS, hiệu năng mạnh mẽ đáp ứng tốt các nhu cầu sử dụng từ văn phòng đến giải trí.
Ram 12GB cho phép người dùng đa nhiệm mượt mà, trong khi ổ cứng SSD 512GB PCIe cung cấp tốc độ truy xuất nhanh chóng.
Màn hình 15.6 inch Full HD với tần số quét 144Hz mang đến trải nghiệm hiển thị siêu mượt, lý tưởng cho cả công việc và chơi game.
Card đồ họa rời NVIDIA GeForce RTX 3050 6GB hỗ trợ tốt các tác vụ đồ họa và chơi game cấu hình cao.","Nguyên hộp, đầy đủ phụ kiện từ nhà sản xuất
Bảo hành pin và bộ sạc 12 tháng","NVIDIA GeForce RTX 3050 6GB GDDR6, Boost Clock 1732MHz, TGP 95W","AMD Ryzen 5 7235HS (4 lõi / 8 luồng, 3.2 / 4.2GHz, 2MB L2 / 8MB L3)",16,,,15.6,Windows 11 Home Single Language,1920x1080,"3x USB-A (USB 5Gbps / USB 3.2 Gen 1)
1x USB-C (USB 10Gbps / USB 3.2 Gen 2), với Lenovo PD 140W và DisplayPort 1.4
1x HDMI 2.1, up to 8K/60Hz
1x Headphone / microphone combo jack (3.5mm)
1x Ethernet (RJ-45)
1x Đầu nối nguồn",CellphoneS,
205838,https://cellphones.com.vn/laptop-acer-gaming-aspire-5-a515-58gm-53pz.html,Laptop Acer Gaming Aspire 5 A515-58GM-53PZ,1549000000000.0,Giảm 24%,Acer,5.0,5.0,"Trang bị bộ xử lý Intel Core i5-13420H cân mọi tác vụ văn phòng, học tập
RAM 16GB DDR4 có thể nâng cấp tối đa lên 32GB, cho bạn thoải mái lướt web mà không lo lag giật
Ổ cứng 512GB rộng rãi, hỗ trợ lưu trữ tài liệu, tải game thoải mái
Card đồ họa RTX 2050 giúp chỉnh sửa ảnh, video hay chơi game với mức cấu hình cao
Màn hình 15.6 inch FHD cho bạn thoải mái làm việc, giải trí với chất lượng ảnh sắc nét, chân thực","Nguyên hộp, đầy đủ phụ kiện từ nhà sản xuất
Bảo hành pin và bộ sạc 12 tháng",NVIDIA GeForce RTX 2050 4GB GDDR6,"Intel Core i5-13420H (3.40 Ghz, Up to 4.60Ghz, 8 lõi / 12 luồng, 12 MB Intel Smart Cache)",32,,,15.6,Windows 11 Home,1920x1080,"1 x USB Type-C (USB 3.2 Gen 2, Thunderbolt 4)
2 x USB 3.2 Gen 1
1 x HDMI 2.1 hỗ trợ HDCP
1 x 3.5 mm headphone/speaker jack, tích hợp microphone
1 x Ethernet (RJ-45) 1 x DC-in jack",CellphoneS,
219430,https://cellphones.com.vn/laptop-acer-aspire-lite-15-al15-71p-517d.html,Laptop Acer Aspire Lite 15 AL15-71P-517D,1429000000000.0,Giảm 8%,Acer,4.9,7.0,"Laptop có bộ vi xử lý Intel Core i5-12450H, cho hiệu suất làm việc mượt mà.
Trang bị 24GB RAM, cho phép xử lý đa nhiệm một cách hiệu quả.
Với ổ cứng 512GB PCIe, người dùng có không gian lưu trữ rộng rãi và tốc độ truy cập dữ liệu nhanh chóng.
Màn hình 15.6 inch Full HD mang đến hình ảnh sắc nét và màu sắc sống động, lý tưởng cho giải trí và công việc.","Nguyên hộp, đầy đủ phụ kiện từ nhà sản xuất
Bảo hành pin và bộ sạc 12 tháng",Intel UHD Graphics,"Intel Core i5-12450H (8 lõi / 12 luồng, up to 4.40 GHz, 12 MB)",32,,,15.6,Windows 11 Home,1920x1080,"1x USB Type-C
3x USB-A
1x HDMI 1.4 hỗ trợ HDCP
1x giắc cắm tai nghe/loa 3.5 mm, hỗ trợ tai nghe có micrô tích hợp
Thẻ nhớ MicroSD lên đến 512 GB (tương thích SDXC, tương thích exFAT)",CellphoneS,
225538,https://cellphones.com.vn/laptop-lenovo-ideapad-slim-3-14irh10-83k00008vn.html,Laptop Lenovo IdeaPad Slim 3 14IRH10 83K00008VN,1549000000000.0,Giảm 6%,Lenovo,5.0,1.0,"Được trang bị chip Intel Core i5-13420H, laptop cung cấp hiệu suất vượt trội, đáp ứng tốt các tác vụ đa nhiệm và xử lý đồ họa cơ bản.
Máy có RAM 16GB giúp người dùng thực hiện nhiều ứng dụng một lúc mà không bị lag, cùng ổ SSD 512GB PCIE cho tốc độ truy xuất dữ liệu nhanh chóng.
Với màn hình 14.0 inch WUXGA, laptop mang lại hình ảnh sắc nét và màu sắc sống động, phù hợp cho việc xem phim và thiết kế đồ họa.
Laptop chạy trên Windows 11, cung cấp các tính năng mới và trải nghiệm người dùng mượt mà.","Nguyên hộp, đầy đủ phụ kiện từ nhà sản xuất
Bảo hành pin và bộ sạc 12 tháng",Intel UHD Graphics,"Intel Core i5-13420H, 8 lõi (4P + 4E) / 12 luồng, P-core 2.1 / 4.6GHz, E-core 1.5 / 3.4GHz, 12MB",16,,,14.0,"Windows 11 Home Single Language, English",1920x1200,"2x USB-A (USB 5Gbps / USB 3.2 Gen 1)
1x USB-C (USB 5Gbps / USB 3.2 Gen 1), với USB PD 3.0 và DisplayPort 1.2
1x HDMI 1.4
1x giắc cắm kết hợp tai nghe / micrô (3,5 mm)
1x đầu đọc thẻ SD
1x đầu nối nguồn",CellphoneS,
216955,https://cellphones.com.vn/laptop-asus-gaming-vivobook-k3605zf-rp634w.html,Laptop ASUS Gaming VivoBook K3605ZF-RP634W,1649000000000.0,Giảm 21%,ASUS,5.0,4.0,"Trang bị CPU Intel Core i5-12500H và card đồ họa NVIDIA GeForce RTX 2050, laptop mang đến trải nghiệm gaming mượt mà trên các tựa game phổ biến.
Màn hình 16 inch WUXGA (1920x1200) với tần số quét cao cho hình ảnh hiển thị sắc nét, chống xé hình, giật lag.
RAM 16GB DDR4 đảm bảo khả năng chạy đa nhiệm hiệu quả, chuyển đổi giữa các ứng dụng nhanh chóng.
Ổ cứng SSD 512GB PCIe NVMe mang đến không gian lưu trữ rộng rãi và tốc độ truy xuất dữ liệu cực nhanh.
Thiết kế gaming ấn tượng với lớp vỏ màu đen mạnh mẽ cùng các đường nét thiết kế đậm chất gaming tạo nên diện mạo ấn tượng cho laptop.","Nguyên hộp, đầy đủ phụ kiện từ nhà sản xuất
Bảo hành pin và bộ sạc 12 tháng",NVIDIA GeForce RTX 2050 4GB GDDR6,"Intel Core i5-12500H 2.5 GHz (18M Cache, up to 4.5 GHz, 4P+8E cores)",16,,,16.0,Windows 11 Home,1920x1200,"1x USB 3.2 Gen 1 Type-C hỗ trợ sạc
2x USB 3.2 Gen 1 Type-A
1x HDMI 2.1 TMDS
1x 3.5mm Combo Audio Jack
1x DC-in
SD 4.0 card reader",CellphoneS,
218427,https://cellphones.com.vn/laptop-asus-gaming-vivobook-k3605zf-rp634w.html,Laptop ASUS Gaming VivoBook K3605ZF-RP634W,1649000000000.0,Giảm 21%,ASUS,5.0,4.0,"Trang bị CPU Intel Core i5-12500H và card đồ họa NVIDIA GeForce RTX 2050, laptop mang đến trải nghiệm gaming mượt mà trên các tựa game phổ biến.
Màn hình 16 inch WUXGA (1920x1200) với tần số quét cao cho hình ảnh hiển thị sắc nét, chống xé hình, giật lag.
RAM 16GB DDR4 đảm bảo khả năng chạy đa nhiệm hiệu quả, chuyển đổi giữa các ứng dụng nhanh chóng.
Ổ cứng SSD 512GB PCIe NVMe mang đến không gian lưu trữ rộng rãi và tốc độ truy xuất dữ liệu cực nhanh.
Thiết kế gaming ấn tượng với lớp vỏ màu đen mạnh mẽ cùng các đường nét thiết kế đậm chất gaming tạo nên diện mạo ấn tượng cho laptop.","Nguyên hộp, đầy đủ phụ kiện từ nhà sản xuất
Bảo hành pin và bộ sạc 12 tháng",NVIDIA GeForce RTX 2050 4GB GDDR6,"Intel Core i5-12500H 2.5 GHz (18M Cache, up to 4.5 GHz, 4P+8E cores)",32,,,16.0,Windows 11 Home,1920x1200,"1x USB 3.2 Gen 1 Type-C hỗ trợ sạc
2x USB 3.2 Gen 1 Type-A
1x HDMI 2.1 TMDS
1x 3.5mm Combo Audio Jack
1x DC-in
SD 4.0 card reader",CellphoneS,
229555,https://cellphones.com.vn/laptop-asus-vivobook-14-oled-a1405va-km257w.html,Laptop ASUS Vivobook 14 OLED A1405VA-KM257W,1699000000000.0,Giảm 19%,ASUS,4.7,3.0,"Trang bị bộ vi xử lý Intel Core i5-13500H cung cấp hiệu suất xử lý đa nhiệm mạnh mẽ mọi tác vụ học tập, văn phòng
Màn hình 14.0 inch 2.8K OLED mang lại độ sắc nét cao, độ tương phản tuyệt vời và màu sắc sống động, tạo ra trải nghiệm hình ảnh đỉnh cao cho người dùng
16GB RAM giúp xử lý tác vụ nhanh chóng và mượt mà cùng ổ cứng SSD PCIe dung lượng lớn 512GB, giúp lưu trữ dữ liệu một cách nhanh chóng và an toàn
Trang bị các tính năng tiện ích như webcam, Wifi, Bluetooth, cổng kết nối đa dạng để phục vụ nhu cầu làm việc và giải trí hàng ngày của người dùng","Nguyên hộp, đầy đủ phụ kiện từ nhà sản xuất
Bảo hành pin và bộ sạc 12 tháng",Intel Iris Xe Graphics,"Intel Core i5-13500H (2.6 GHz, 18MB Cache, up to 4.7 GHz, 12 lõi / 16 luồng)",16,,,14.0,Windows 11 Home,2880x1800,"1x USB 2.0 Type-A
1x USB 3.2 Gen 1 Type-C hỗ trợ sạc
2x USB 3.2 Gen 1 Type-A
1x HDMI 1.4
1x 3.5mm Combo Audio Jack
1x DC-in",CellphoneS,
220441,https://cellphones.com.vn/laptop-asus-tuf-gaming-a15-fa506ncr-hn047w.html,Laptop ASUS TUF Gaming A15 FA506NCR-HN047W,1949000000000.0,Giảm 17%,ASUS,5.0,8.0,"Trang bị bộ vi xử lý AMD Ryzen 7 7435HS, mang lại hiệu suất cao cho các tác vụ đa nhiệm và gaming.
Với GPU NVIDIA RTX 3050 4GB, laptop có khả năng xử lý đồ họa mượt mà, lý tưởng cho game thủ và thiết kế đồ họa.
Màn hình 15.6 inch Full HD với tần số quét 144Hz giúp hiển thị hình ảnh mượt mà và sống động trong các trò chơi.
16GB RAM cho phép xử lý nhiều ứng dụng cùng lúc mà không gặp khó khăn, tăng cường trải nghiệm người dùng.
512GB PCIe SSD cung cấp không gian lưu trữ rộng rãi và tốc độ truy xuất dữ liệu nhanh, giúp khởi động máy và ứng dụng nhanh chóng.","Nguyên hộp, đầy đủ phụ kiện từ nhà sản xuất
Bảo hành pin và bộ sạc 12 tháng","NVIDIA GeForce RTX 3050 4GB GDDR6
AMD Radeon Graphics","AMD Ryzen 7 7435HS 3.1GHz (20MB Cache, up to 4.5 GHz, 8 lõi, 16 luồng)",32,,,15.6,Windows 11 Home,1920x1080,"1x RJ45 LAN
1x USB 3.2 Gen 2 Type-C hỗ trợ DisplayPort
3x USB 3.2 Gen 1 Type-A
1x HDMI 2.1 TMDS
1x Giắc cắm âm thanh kết hợp 3.5 mm",CellphoneS,
219100,https://cellphones.com.vn/laptop-gaming-acer-nitro-v-anv15-51-72vs.html,Laptop Gaming Acer Nitro V ANV15-51-72VS NH.QNASV.004,1999000000000.0,Giảm 23%,Acer,5.0,6.0,"Trang bị CPU Intel Core i7-13620H xử lý nhanh chóng mọi tác vụ văn phòng hay tận hưởng các tựa game từ AAA đến game Esport.
Bộ nhớ RAM 16 GB DDR5 cho khả năng xử lý đa nhiệm và đa tác vụ của máy càng được tăng tốc tối đa.
Card đồ họa RTX 2050 tối ưu hiệu suất và năng lượng, chiến mượt các tựa game AAA với mức đồ họa từ Low/Basic trở lên.
Tận hưởng các cuộc phiêu lưu, giải trí sống động trên màn hình 15.6 inch FHD, cùng tần số quét chuẩn chiến game 144 Hz.","Nguyên hộp, đầy đủ phụ kiện từ nhà sản xuất",NVIDIA GeForce RTX 2050 4GB GDDR6 VRAM,"Intel Core i7-13620H (10 lõi / 16 luồng, upto 4.90 GHz, 24 MB)",16,,,15.6,Windows 11 Home,1920x1080,"1 x USB Type-C™
3 x USB-A
1 x HDMI® 2.1 port with HDCP support
1 x 3.5 mm headphone/speaker jack
1 x Ethernet (RJ-45) port
1 x DC-in jack for AC adapter",CellphoneS,
231811,https://cellphones.com.vn/laptop-gaming-acer-nitro-v-anv15-51-72vs.html,Laptop Gaming Acer Nitro V ANV15-51-72VS NH.QNASV.004,1999000000000.0,Giảm 23%,Acer,5.0,6.0,"Trang bị CPU Intel Core i7-13620H xử lý nhanh chóng mọi tác vụ văn phòng hay tận hưởng các tựa game từ AAA đến game Esport.
Bộ nhớ RAM 16 GB DDR5 cho khả năng xử lý đa nhiệm và đa tác vụ của máy càng được tăng tốc tối đa.
Card đồ họa RTX 2050 tối ưu hiệu suất và năng lượng, chiến mượt các tựa game AAA với mức đồ họa từ Low/Basic trở lên.
Tận hưởng các cuộc phiêu lưu, giải trí sống động trên màn hình 15.6 inch FHD, cùng tần số quét chuẩn chiến game 144 Hz.","Nguyên hộp, đầy đủ phụ kiện từ nhà sản xuất",NVIDIA GeForce RTX 2050 4GB GDDR6 VRAM,"Intel Core i7-13620H (10 lõi / 16 luồng, upto 4.90 GHz, 24 MB)",16,,,15.6,Windows 11 Home,1920x1080,"1 x USB Type-C™
3 x USB-A
1 x HDMI® 2.1 port with HDCP support
1 x 3.5 mm headphone/speaker jack
1 x Ethernet (RJ-45) port
1 x DC-in jack for AC adapter",CellphoneS,
232045,https://cellphones.com.vn/laptop-asus-vivobook-15-x1504za-nj517w.html,Laptop ASUS Vivobook 15 X1504ZA-NJ517W,1349000000000.0,Giảm 18%,ASUS,4.8,8.0,"Trang bị vi xử lý Intel Core i5-1235U, cùng với card đồ họa tích hợp Intel Iris Xe Graphics, mang lại hiệu suất mạnh mẽ cho mọi nhu cầu từ công việc đến giải trí
Màn hình FHD 15.6 inch với độ sáng 250 nits và độ phủ màu 45% NTSC, mang lại hình ảnh sắc nét và sống động
Công nghệ âm thanh SonicMaster, cùng với loa tích hợp và micrô mảng, tạo ra trải nghiệm âm thanh vượt trội
Bảo mật với cảm biến vân tay tích hợp vào touchpad hỗ trợ mở máy chỉ với một chạm
Pin 42WHrs cho thời lượng sử dụng lâu dài, không bị gián đoạn trong công việc hoặc giải trí","Nguyên hộp, đầy đủ phụ kiện từ nhà sản xuất
Bảo hành pin và bộ sạc 12 tháng",Intel Iris Xe Graphics,"Intel Core i5-1235U (1.3 GHz, 12M Cache, up to 4.4 GHz, 10 lõi)",16,,,15.6,Windows 11 Home,1920x1080,"1x USB 2.0 Type-A
1x USB 3.2 Gen 1 Type-C
2x USB 3.2 Gen 1 Type-A
1x HDMI 1.4
1x 3.5mm Combo Audio Jack
1x DC-in",CellphoneS,
202840,https://cellphones.com.vn/laptop-gaming-acer-nitro-v-anv15-51-58an.html,Laptop Gaming Acer Nitro V ANV15-51-58AN,1699000000000.0,Giảm 21%,Acer,5.0,9.0,"CPU Intel Core i5-13420H cân mọi tựa game từ AAA đến game Esport.
GPU GeForce RTX 2050 mới nhất cho đồ họa cực đỉnh, chiến mọi tựa game với mức cài đặt cao.
RAM 16 GB DDR5 5200Mhz, khả năng xử lý đa nhiệm và đa tác vụ của máy càng được tăng tốc tối đa.
Màn hình 15.6 inch Full HD, tần số quét chuẩn chiến game 144Hz.
Ổ cứng 512GB PCIE rộng rãi, lưu mọi tựa game dễ dàng.","Nguyên hộp, đầy đủ phụ kiện từ nhà sản xuất
Bảo hành pin và bộ sạc 12 tháng",NVIDIA GeForce RTX 2050 4 GB GDDR6 VRAM,"Intel Core i5-13420H (8 lõi / 12 luồng, up to 4.60 GHz, 12 MB Intel Smart Cache)",16,,,15.6,Windows 11 Home,1920x1080,"1x USB Type-C
3x USB-A
1x Ethernet (RJ-45)
1x DC-in jack for AC adapter
1x HDMI 2.1 (hỗ trợ HDCP)
1x 3.5 mm headphone/speaker jack",CellphoneS,
225337,https://cellphones.com.vn/laptop-dell-inspiron-15-3520-6r6nk.html,Laptop Dell Inspiron 15 3520 6R6NK - Nhập khẩu chính hãng,1349000000000.0,Giảm 7%,Dell,5.0,2.0,"Trang bị bộ vi xử lý Intel Core i5-1235U, mang lại hiệu suất đáng tin cậy cho các tác vụ hàng ngày.
Với 8GB RAM và ổ cứng 512GB, máy đáp ứng tốt nhu cầu lưu trữ và đa nhiệm của người dùng.
Màn hình 15.6 inch FHD mang đến trải nghiệm xem đa phương tiện sống động.
Thiết kế vỏ nhựa màu đen tối giản, tạo cảm giác sang trọng và tinh tế.","Nguyên hộp, đầy đủ phụ kiện từ nhà sản xuất
Bảo hành pin và bộ sạc 12 tháng",Intel UHD Graphics,"Intel Core i5-1235U (10 lõi / 12 luồng, 1.30 GHz to 4.40 GHz, 12 MB)",32,,,15.6,Windows 11 Home,1920x1080,"1x Đầu nối nguồn
1x HDMI 1.4
2x USB 3.2 Gen 1
1x Khe cắm thẻ SD
1x USB 2.0
1x Cổng tai nghe",CellphoneS,
223662,https://cellphones.com.vn/laptop-asus-tuf-gaming-f15-fx507zc4-hn095w.html,Laptop ASUS TUF Gaming F15 FX507ZC4-HN095W,1979000000000.0,Giảm 21%,ASUS,5.0,2.0,"Bộ vi xử lý Intel Core i5-12500H cho hiệu năng mạnh mẽ để chơi game mượt mà, xử lý các tác vụ đa nhiệm và sáng tạo nội dung.
Màn hình 15.6 inch với tần số quét 144Hz cho hình ảnh chuyển động mượt mà, giảm thiểu hiện tượng xé hình và giật lag, mang đến trải nghiệm chơi game tuyệt vời.
Hệ thống âm thanh 2 loa với công nghệ Dolby Atmos cho âm thanh sống động và chi tiết, mang đến trải nghiệm giải trí và chơi game tuyệt vời.
Ổ cứng SSD có dung lượng lưu trữ 512GB kèm tốc độ đọc/ghi dữ liệu cực cao, tải tựa game chỉ trong giây lát để bạn tận hưởng.","Nguyên hộp, đầy đủ phụ kiện từ nhà sản xuất
Bảo hành pin và bộ sạc 12 tháng","NVIDIA GeForce RTX 3050 4GB GDDR6
Intel Iris Xe Graphics","Intel Core i5-12500H 2.5 GHz (18M Cache, up to 4.5 GHz, 12 lõi: 4 P-cores và 8 E-cores)",32,,,15.6,Windows 11 Home,1920x1080,"1x RJ45 LAN
1x Thunderbolt 4 hỗ trợ DisplayPort
1x USB 3.2 Gen 2 Type-C hỗ trợ DisplayPort / G-SYNC
2x USB 3.2 Gen 1 Type-A
1x HDMI 2.1 TMDS
1x 3.5mm Combo Audio Jack",CellphoneS,
244159,https://cellphones.com.vn/laptop-asus-vivobook-14-oled-a1405za-km264w.html,Laptop ASUS Vivobook 14 OLED A1405ZA-KM264W,1549000000000.0,Giảm 14%,ASUS,5.0,10.0,"Sự lựa chọn hoàn hảo cho người dùng cần một chiếc laptop mạnh mẽ, màn hình đẹp và thiết kế sang trọng.
Trải nghiệm hiệu năng vượt trội với bộ vi xử lý Intel Core i5-12500H, RAM 16GB và ổ cứng SSD 512GB PCIe, xử lý mượt mà mọi tác vụ từ văn phòng đến giải trí.
Màn hình OLED 14 inch 2.8K cho hình ảnh sắc nét, màu sắc sống động, độ tương phản cao, mang đến trải nghiệm xem phim, chơi game tuyệt vời.
Thiết kế mỏng nhẹ, màu bạc sang trọng, thuận tiện mang theo bên mình mọi lúc mọi nơi.
Laptop được cài đặt sẵn hệ điều hành Windows 11 bản quyền, cho trải nghiệm sử dụng mượt mà và an toàn ngay từ lần khởi động đầu tiên.","Nguyên hộp, đầy đủ phụ kiện từ nhà sản xuất
Bảo hành pin và bộ sạc 12 tháng",Intel Iris Xe Graphics,"Intel Core i5-12500H 2.5 GHz (18M Cache, up to 4.5 GHz, 4P+8E lõi)",32,,,14.0,Windows 11 Home,2880x1800,"1x USB 2.0 Type-A
1x USB 3.2 Gen 1 Type-C
2x USB 3.2 Gen 1 Type-A
1x HDMI 1.4
1x Jack cắm tai nghe
1x DC-in",CellphoneS,
213263,https://cellphones.com.vn/macbook-pro-14-inch-m4-pro-24gb-512gb.html,MacBook Pro 14 M4 Pro 12CPU 16GPU 24GB 512GB | Chính hãng Apple Việt Nam,4899000000000.0,Giảm 2%,Mac,4.8,4.0,"Chip M4 Pro mạnh mẽ, sở hữu 12 nhân CPU và 16 nhân GPU, xử lý tác vụ chuyên nghiệp một cách nhanh chóng và hiệu quả.
RAM 24GB dung lượng lớn, cho phép đa nhiệm mượt mà, xử lý nhiều ứng dụng nặng cùng lúc mà không bị giật lag.
Ổ cứng SSD 512GB tốc độ cao, giúp khởi động máy và truy xuất dữ liệu nhanh chóng, tiết kiệm thời gian.
Màn hình Liquid Retina XDR 14.2 inch sắc nét với công nghệ ProMotion, mang lại trải nghiệm hình ảnh sống động và mượt mà.","Máy mới 100%, đầy đủ phụ kiện từ nhà sản xuất. Sản phẩm có mã SA/A (được Apple Việt Nam phân phối chính thức).","16 lõi
Neural Engine 16 lõi",Apple M4 Pro 12 lõi với 8 lõi hiệu năng và 4 lõi tiết kiệm điện,16,,,14.2,macOS,3024x1964,"Khe thẻ nhớ SDXC
Cổng HDMI
Jack cắm tai nghe 3.5 mm
Cổng MagSafe 3
Ba cổng Thunderbolt 5 (USB‑C) hỗ trợ: Sạc, DisplayPort, Thunderbolt 5 (lên đến 120Gb/s), Thunderbolt 4 (lên đến 40Gb/s), USB 4 (lên đến 40Gb/s)",CellphoneS,
223744,https://cellphones.com.vn/macbook-air-m3-13-inch-2024-16gb-256gb.html,MacBook Air M3 13 inch 2024 8CPU 8GPU 16GB - 256GB sạc 30W | Chính hãng Apple Việt Nam,2469000000000.0,Giảm 12%,Mac,4.3,9.0,"Sức mạnh xử lý hàng đầu trên chip Apple M3 - Cân tốt mọi tác vụ từ đồ hoạ đến lập trình
Màn hình Liquid Retina 13,6 inch - Màu sắc hiển thị rực rỡ, sắc nét
Camera FaceTime HD 1080p - Đàm thoại, hội họp mọi lúc mọi nơi
Hỗ trợ sạc 30W - Nhanh chóng nạp đầy pin khi bạn cần","Mới, đầy đủ phụ kiện từ nhà sản xuất",GPU 8 Lõi,"CPU Apple M3 8 Lõi
Neural Engine 16 lõi",32,,,13.6,MacOS,,"Cổng sạc MagSafe 3
Hai cổng Thunderbolt / USB 4",CellphoneS,
227427,https://cellphones.com.vn/macbook-pro-m4-14-inch-10cpu-10gpu-24gb-512gb.html,MacBook Pro 14 M4 10CPU 10GPU 24GB 512GB | Chính hãng Apple Việt Nam,4419000000000.0,Giảm 2%,Mac,,,"Trang bị chip M4 mạnh mẽ với 10 nhân CPU và 10 nhân GPU, xử lý đa nhiệm mượt mà và hiệu quả.
RAM 24GB dung lượng lớn, giúp đa nhiệm trơn tru, xử lý nhiều ứng dụng chuyên nghiệp cùng lúc mà không bị giật lag.
Ổ cứng SSD 512GB dung lượng lớn, cho phép lưu trữ thoải mái dữ liệu, ứng dụng và các dự án cá nhân.
Màn hình Liquid Retina XDR 14.2 inch sắc nét, với công nghệ ProMotion 120Hz, mang lại trải nghiệm hình ảnh mượt mà và sống động.","Máy mới 100%, đầy đủ phụ kiện từ nhà sản xuất. Sản phẩm có mã SA/A (được Apple Việt Nam phân phối chính thức).","10 lõi
Neural Engine 16 lõi",Apple M4 10 lõi với 4 lõi hiệu năng và 6 lõi tiết kiệm điện,32,,,14.2,macOS,3024x1964,"Khe thẻ nhớ SDXC
Cổng HDMI
Jack cắm tai nghe 3.5 mm
Cổng MagSafe 3
Ba cổng Thunderbolt 4 (USB‑C) hỗ trợ: Sạc, DisplayPort, Thunderbolt 4 (lên đến 40Gb/s), USB 4 (lên đến 40Gb/s)",CellphoneS,
230542,https://cellphones.com.vn/laptop-acer-aspire-lite-al16-51p-55n7.html,Laptop Acer Aspire Lite AL16-51P-55N7 NX.KX0SV.001,1329000000000.0,Giảm 11%,Acer,5.0,10.0,"Sở hữu bộ vi xử lý Intel Core i5-1235U, đáp ứng tốt các tác vụ văn phòng và trải nghiệm đa phương tiện.
Với 16GB RAM DDR5 và ổ SSD PCIe 512GB, máy mang lại hiệu suất vượt trội, khởi động nhanh và tải ứng dụng mượt mà.
Màn hình 16 inch WUXGA cung cấp chất lượng hiển thị sắc nét và góc nhìn rộng, phù hợp cho các tác vụ văn phòng và giải trí.
Thiết kế gọn nhẹ, chỉ 1.8 kg giúp máy trở thành người bạn đồng hành lý tưởng cho di chuyển.","Nguyên hộp, đầy đủ phụ kiện từ nhà sản xuất
Bảo hành pin và bộ sạc 12 tháng",Intel HD Graphics,"Intel Core i5-1235U (10 lõi / 12 luồng, 3.3 GHz 4.4 GHz 12MB Intel Smart Cache)",32,,,16.0,Windows 11 Home SL,1920x1200,"1x USB Type-C
3x USB-A
1x HDMI
1x 1.4 port with HDCP support
1x 3.5 mm headphone/speaker jack",CellphoneS,
248765,https://cellphones.com.vn/laptop-hp-14-ep0220tu-b73vwpa-16gb.html,Laptop HP 14-EP0220TU B73VWPA V2,1129000000000.0,Giảm 16%,HP,,,"Laptop có kiểu dáng thanh lịch với màu bạc nổi bật cùng khung máy chắc chắn, phù hợp cho cả môi trường văn phòng và học tập.
Màn hình 14.0 inch FHD mang lại hình ảnh sắc nét và màu sắc sống động, giúp người dùng trải nghiệm học tập và giải trí tốt hơn.
Trang bị vi xử lý Intel Core i3-1315U, laptop có khả năng xử lý mượt mà các tác vụ văn phòng, lướt web và xem video mà không gặp phải tình trạng lag.
RAM 16GB và ổ cứng 512GB PCIE, người dùng có thể lưu trữ nhiều dữ liệu và chạy nhiều ứng dụng cùng lúc mà vẫn đảm bảo hiệu suất cao.","Nguyên hộp, đầy đủ phụ kiện từ nhà sản xuất
Bảo hành pin và bộ sạc 12 tháng",Intel UHD Graphics,"Intel Core i3-1315U (up to 4.5 GHz with Intel Turbo Boost Technology, 10 MB L3 cache, 6 lõi, 8 luồng)",16,,,14.0,Windows 11 Home Single Language,1920x1080,"1x USB Type-C 5Gbps (chỉ hỗ trợ truyền dữ liệu và không hỗ trợ sạc hoặc màn hình ngoài)
2x USB Type-A 5Gbps
1x Chân cắm thông minh AC
1x HDMI 1.4b
1x Bộ tai nghe/micrô",CellphoneS,
231909,https://cellphones.com.vn/laptop-msi-modern-14-c13m-608vn.html,Laptop MSI Modern 14 C13M-608VN,1279000000000.0,Giảm 31%,MSI,,,"Thuộc phân khúc laptop học tập, văn phòng với trọng lượng cực mỏng nhẹ chỉ 1.4kg
CPU Intel Core i5-1335U cân mọi tác vụ làm việc, học tập
RAM DDR4 16GB không hề xuất hiện hiện tượng giật lag khi bạn mở chục tabs Chrome cùng lúc
Ổ cứng 512GB cho dung lượng lưu trữ lớn, hỗ trợ khởi động máy, truy cập dữ liệu nhanh chóng
Màn hình 14 inch Full HD và tấm nền IPS cho góc nhìn rộng, độ nét cao","Nguyên hộp, đầy đủ phụ kiện từ nhà sản xuất
Bảo hành pin và bộ sạc 12 tháng",Intel Iris Xe Graphics,"Intel Core i5-1335U (10 lõi / 12 luồng, 4.6 GHz, 12 MB)",16,,,14.0,Windows 11 Home,1920x1080,"1x Type-C (USB3.2 Gen2 / DP)
1x Type-A USB3.2 Gen2
2x Type-A USB2.0
1x (4K @ 60Hz) HDMI
1x Mic-in/Headphone-out Combo Jack
1x Đầu đọc thẻ MicroSD",CellphoneS,
248755,https://cellphones.com.vn/laptop-dell-inspiron-15-3520-6hd73.html,Laptop Dell Inspiron 15 3520 6HD73,1799000000000.0,Giảm 10%,Dell,5.0,3.0,"Laptop Dell Inspiron 15 3520 với hiệu năng mạnh mẽ từ CPU Intel Core i7-1255U 10 nhân 12 luồng.
Màn hình 15.6 inch FHD cho hình ảnh sắc nét, sống động.
RAM 16GB DDR4 và SSD 512GB PCIe NVMe cho khả năng đa nhiệm và khởi động nhanh chóng.
Thiết kế thanh lịch, gọn nhẹ, phù hợp cho công việc và học tập.","Nguyên hộp, đầy đủ phụ kiện từ nhà sản xuất
Bảo hành pin và bộ sạc 12 tháng",,,16,,,,,,,CellphoneS,
245578,https://cellphones.com.vn/laptop-dell-inspiron-15-3520-5810blk-102f0.html,Laptop Dell Inspiron 15 3520-5810BLK 102F0,1249000000000.0,Giảm 11%,Dell,5.0,3.0,"Thiết kế đơn giản, trẻ trung với tone màu đen bao phủ.
Màn hình cảm ứng 15.6 inch Full HD cho trải nghiệm hình ảnh vô cùng sắc nét.
CPU Intel core i5-1155G7 cùng 8 GB RAM DDR4 xử lý mượt các tác vụ văn phòng: Word, Excel,...
Card đồ họa Intel Iris Xe Graphics hỗ trợ chỉnh ảnh đơn giản.
Không gian lưu trữ vừa phải với ổ cứng 256 GB SSD.","Nguyên hộp, đầy đủ phụ kiện từ nhà sản xuất
Bảo hành pin và bộ sạc 12 tháng",Intel Iris Xe Graphics,"Intel Core i5-1155G7 (15 W, 4 lõi / 8 luồng, 2.50 GHz to 4.50 GHz, 8 MB)",32,,,15.6,Windows 11,1920x1080,"1x Đầu nối nguồn
1x HDMI 1.4
2x USB 3.2 Gen 1
1x Khe cắm thẻ SD
1x USB 2.0
1x Cổng tai nghe",CellphoneS,
237485,https://cellphones.com.vn/laptop-asus-tuf-gaming-a15-fa506nfr-hn075w.html,Laptop ASUS TUF Gaming A15 FA506NFR-HN075W,1749000000000.0,Giảm 24%,ASUS,,,"Trang bị chip AMD Ryzen 7 7435HS và card đồ họa NVIDIA GeForce RTX 2050 4GB, chiến tốt các tựa game Esports ở mức cài đặt đồ họa phù hợp.
Màn hình 15.6 inch Full HD (1920x1080) với tần số quét 144Hz, cho trải nghiệm gaming mượt mà, hình ảnh sắc nét, hạn chế tối đa giật lag.
Đạt tiêu chuẩn , chống chịu va đập, rung sốc tốt, đảm bảo hoạt động ổn định trong nhiều điều kiện.
Công nghệ tản nhiệt ASUS giúp máy luôn mát mẻ, ổn định hiệu năng trong thời gian dài chơi game.
Sản phẩm đi kèm chuột gaming, tăng thêm phần tiện lợi và tiết kiệm chi phí cho game thủ.","Nguyên hộp, đầy đủ phụ kiện từ nhà sản xuất
Bảo hành pin và bộ sạc 12 tháng",NVIDIA GeForce RTX 2050 4GB GDDR6,"AMD Ryzen 7 7435HS 3.1GHz (20MB Cache, up to 4.5 GHz, 8 lõi, 16 luồng)",32,,,15.6,Windows 11 Home,1920x1080,"1x RJ45 LAN
1x USB 3.2 Gen 2 Type-C support DisplayPort
3x USB 3.2 Gen 1 Type-A
1x HDMI 2.1 TMDS
1x 3.5mm Combo Audio Jack",CellphoneS,
223469,https://cellphones.com.vn/laptop-asus-zenbook-14-oled-ux3405ma-pp151w.html,Laptop ASUS Zenbook 14 Oled UX3405MA-PP151W,2599000000000.0,Giảm 10%,Laptop AI,4.8,5.0,"Intel Core Ultra 5 là còn chip đời mới chắc hẳn sẽ giúp bạn giải quyết tốt mọi công việc học tập
Màn hình 14 inch OLED chắc hẳn sẽ đem đến cho bạn những giây phút thư giãn sống động
RAM 16GB cùng ổ cứng 512GB SSD chắc hẳn sẽ cho bạn khoảnh khắc lướt tab mượt mà mà không lo giật lag
Vỏ kim lại sang trọng cùng trọng lượng mỏng nhẹ chỉ 1.2kg, chắc hẳn sẽ chinh phục bạn trong những ánh nhìn đầu tiên","Nguyên hộp, đầy đủ phụ kiện từ nhà sản xuất
Bảo hành pin và bộ sạc 12 tháng",Intel® Arc Graphics,"Intel® Core™ Ultra 5 125H 1.2 GHz (18MB Cache, tối đa 4.5 GHz, 14 nhân, 18 luồng); Intel® AI Boost NPU",32,,,14.0,Windows 11 Home,2880x1800,"2 x Thunderbolt™ 4 Type-C®
1 x USB 3.2 Gen 1 Type-A
1 x HDMI® 2.1 (TMDS)
1 x Audio jack",CellphoneS,
226106,https://cellphones.com.vn/laptop-asus-vivobook-14-oled-a1405va-km095w.html,Laptop ASUS VivoBook 14 OLED A1405VA-KM095W,1699000000000.0,Giảm 19%,ASUS,5.0,4.0,"Sở hữu thiết kế gọn nhẹ cùng tông màu bạc sang trọng, chắc hẳn là một sản phẩm được mọi người yêu thích
Màn hình 14 inch đi kèm với độ phủ màu 100% DCI-P3 chắc hẳn sẽ đem lại trải nghiệm tuyệt vời về hình ảnh, video
Trang bị CPU Intel Core i5-13500H giúp bạn xử lý được các tác vụ văn phòng, giải trí và chỉnh sửa hình ảnh nhẹ trên PTS
Ổ cứng SSD 512GB giúp bạn có được không gian lưu trữ dữ liệu rộng lớn","Nguyên hộp, đầy đủ phụ kiện từ nhà sản xuất
Bảo hành pin và bộ sạc 12 tháng",Intel Iris Xe Graphics,"Intel Core i5-13500H (18MB Cache, upto 4.7GHz, 12 lõi / 16 luồng)",32,,,14.0,Windows 11 Home,2880x1800,"1x USB 2.0 Type-A
1x USB 3.2 Gen 1 Type-C
2x USB 3.2 Gen 1 Type-A
1x HDMI 1.4
1x Jack cắm tai nghe",CellphoneS,
235008,https://cellphones.com.vn/mac-mini-m4-2024-16gb-512gb.html,Mac mini M4 2024 10CPU 10GPU 16GB 512GB | Chính hãng Apple Việt Nam,1899000000000.0,Giảm 5%,Mac,,,"Chip M4 mang đến sức mạnh xử lý đồ họa và tính toán vượt trội, cho phép đa nhiệm mượt mà với nhiều ứng dụng chuyên nghiệp.
Ổ cứng SSD 512GB cung cấp không gian lưu trữ thoải mái cho các tập tin, dự án và ứng dụng, đảm bảo tốc độ truy xuất dữ liệu nhanh chóng.
Đồ họa sắc nét, mượt mà xử lý hình ảnh và video một cách xuất sắc, lý tưởng cho công việc chỉnh sửa video, thiết kế đồ họa và chơi game.
16GB RAM đảm bảo máy hoạt động ổn định và mượt mà ngay cả khi chạy nhiều ứng dụng cùng lúc, đáp ứng tốt nhu cầu của người dùng.","Máy mới 100%, đầy đủ phụ kiện từ nhà sản xuất. Sản phẩm có mã SA/A (được Apple Việt Nam phân phối chính thức).",GPU 10 lõi,"Apple M4 10 lõi với 4 lõi hiệu năng và 6 lõi tiết kiệm điện
Neural Engine 16 lõi",32,,,,macOS,,"Mặt trước:
Hai cổng USB‑C hỗ trợ cho USB 3
Jack cắm tai nghe 3,5 mm
Mặt sau:
Cổng Gigabit Ethernet
Cổng HDMI
Thunderbolt 4
USB 4
DisplayPort",CellphoneS,
208617,https://cellphones.com.vn/laptop-hp-pavilion-15-eg3093tu-8c5l4pa.html,Laptop HP Pavilion 15-EG3093TU 8C5L4PA,1749000000000.0,Giảm 18%,HP,,,"Laptop thu hút ánh nhìn với thiết kế tông màu vàng nổi bật
Màn hình rộng rãi 15.6 inch Full HD cho bạn không gian làm việc, học tập hay giải trí vô cùng đã mắt
CPU Intel Core i5-1335U đáp ứng tốt các tác vụ học tập và làm việc hay chỉnh sửa hình ảnh cơ bản
Ổ cứng dung lượng 512GB SSD cho không gian lưu trữ lớn, khởi động máy, mở ứng dụng nhanh chóng
RAM 
16GB 
cho phép laptop chạy nhiều tác vụ cùng lúc và xử lý dữ liệu mượt mà hơn","Nguyên hộp, đầy đủ phụ kiện từ nhà sản xuất
Bảo hành pin và bộ sạc 12 tháng",Intel Iris Xe Graphics,"Intel Core i5 - 1335U (1.30 GHz, Turbo Boost 4.6 GHz, 10 lõi / 12 luồng, 12 MB)",16,,,15.6,Windows 11 Home SL,1920x1080,"1x USB Type-C (hỗ trợ USB, Power Delivery và DisplayPort)
1x Jack tai nghe 3.5 mm
2x USB 3.2
1x HDMI",CellphoneS,
221094,https://cellphones.com.vn/laptop-gaming-acer-nitro-5-tiger-an515-58-52sp.html,Laptop Gaming Acer Nitro 5 Tiger AN515 58 52SP,1849000000000.0,Giảm 34%,Acer,5.0,17.0,"Chip Core i5-12500H cùng card rời RTX 3050 cho khả năng chiến các tựa game nặng, chỉnh sửa hình ảnh trên PTS, Render video ngắn mượt mà.
Ram 8GB+8GB, ổ cứng SSD 512GB mang đến tốc độ xử lý nhanh cùng đa nhiệm mượt mà.
Màn hình 15.6 inch độ phân giải Full HD, mang lại chất lượng hiển thị sắc nét.
Công nghệ âm thanh DTS X:Ultra Audio, Acer Purified, Acer TrueHarmony - mang lại trải nghiệm giải trí chân thật.
Bàn phím được tích hợp đèn - Thoả sức làm việc trong môi trường thiếu sáng","Nguyên hộp, đầy đủ phụ kiện từ nhà sản xuất
Bảo hành pin và bộ sạc 12 tháng",NVIDIA GeForce RTX 3050 with 4GB of dedicated GDDR6 VRAM,"Intel Core i5-12500H (upto 4.5 GHz, 18MB), 12 nhân, 16 luồng",16,,,15.6,Windows 11 Home,1920x1080,"1x USB Type-C (Hỗ trợ: USB 3.2 Gen 2 up to 10 Gbps, DisplayPort over USB-C, Thunderbolt 4, USB charging 5 V; 3 A, DC 20 V; 65 W)
2x USB 3.2 Gen 2
1x USB 3.2 Gen 1
1x Ethernet (RJ-45)
1x HDMI®2.1
1x headphone/speaker jack",CellphoneS,
205502,https://cellphones.com.vn/macbook-air-15-m3-24gb-512gb-2024-35w.html,MacBook Air M3 15 inch 2024 8CPU 10GPU 24GB 512GB Sạc 35W | Chính hãng Apple Việt Nam,3499000000000.0,Giảm 19%,Mac,5.0,1.0,"Sức mạnh xử lý hàng đầu trên chip Apple M3 - Cân tốt mọi tác vụ từ đồ hoạ đến lập trình
Màn hình Liquid Retina 15.3 inch - Màu sắc hiển thị rực rỡ, sắc nét
Camera FaceTime HD 1080p - Đàm thoại, hội họp mọi lúc mọi nơi
Hỗ trợ sạc nhanh chóng nạp đầy pin khi bạn cần","Máy mới 100%, đầy đủ phụ kiện từ nhà sản xuất. Sản phẩm có mã SA/A (được Apple Việt Nam phân phối chính thức).",GPU 10 Lõi,"CPU Apple M3 8 Lõi
Neural Engine 16 lõi",16,,,15.3,MacOS,,"Cổng sạc MagSafe 3
Hai cổng Thunderbolt / USB 4",CellphoneS,
235974,https://cellphones.com.vn/laptop-lenovo-ideapad-slim-3-15abr8-82xm00mdvn.html,Laptop Lenovo IdeaPad Slim 3 15ABR8 82XM00MDVN,1199000000000.0,Giảm 17%,Lenovo,,,"Sở hữu vi xử lý AMD Ryzen 5 5625U, mang lại hiệu suất mạnh mẽ cho cả công việc và giải trí.
Với 16GB RAM, máy cho phép đa nhiệm mượt mà và xử lý các tác vụ nặng một cách dễ dàng.
Ổ cứng SSD 512GB PCIe cung cấp không gian lưu trữ rộng rãi và tốc độ khởi động nhanh chóng.
Màn hình 15.6 inch Full HD đem đến chất lượng hình ảnh sắc nét và sống động, rất lý tưởng cho việc xem phim hay làm việc.","Nguyên hộp, đầy đủ phụ kiện từ nhà sản xuất
Bảo hành pin và bộ sạc 12 tháng",AMD Radeon Graphics,"AMD Ryzen 5 5625U (6 lõi / 12 luồng, 2.3 / 4.3GHz, 3MB L2 / 16MB L3)",32,,,15.6,"Windows 11 Home Single Language, English",1920x1080,"2x USB 3.2 Gen 1
1x USB-C 3.2 Gen 1 (hỗ trợ truyền dữ liệu, Power Delivery và DisplayPort 1.2)
1x HDMI 1.4
1x giắc cắm kết hợp tai nghe/micrô (3.5mm)
1x đầu đọc thẻ
1x đầu nối nguồn",CellphoneS,
210218,https://cellphones.com.vn/laptop-hp-15-fd0237tu.html,Laptop HP 15-FD0237TU 9Q972PA,1499000000000.0,Giảm 18%,HP,,,"Vi xử lý Intel Core i5-1334U, RAM 8GB + 8GB và ổ cứng SSD 512GB PCIe mang đến hiệu suất mượt mà cho các tác vụ hàng ngày, học tập và giải trí.
Màn hình 15.6 inch độ phân giải Full HD (1920 x 1080) cho hình ảnh rõ nét, sống động, mang đến trải nghiệm thị giác tuyệt vời.
Vỏ máy màu bạc thanh lịch, mỏng nhẹ, dễ dàng mang theo bên mình, phù hợp cho học sinh, sinh viên và người dùng di động.
Được cài đặt sẵn Windows 11, bạn có thể sử dụng ngay sau khi mua, sẵn sàng cho mọi công việc và giải trí.","Nguyên hộp, đầy đủ phụ kiện từ nhà sản xuất
Bảo hành pin và bộ sạc 12 tháng",Intel Iris Xe Graphics,"Intel Core i5-1334U (up to 4.6 GHz with Intel Turbo Boost Technology, 12 MB L3 cache, 10 lõi, 12 luồng)",16,,,15.6,Windows 11 Home Single Language,1920x1080,"1x USB Type-C 5Gbps
2x USB Type-A 5Gbps
1x HDMI 1.4b
1x AC smart pin
1x headphone/microphone combo",CellphoneS,
218101,https://cellphones.com.vn/laptop-lenovo-loq-15iax9e-83lk0079vn.html,Laptop Lenovo LOQ 15IAX9E 83LK0079VN,1999000000000.0,Giảm 11%,Laptop AI,5.0,1.0,"Lenovo LOQ 15IAX9E là laptop gaming với thiết kế màu xám hiện đại, mạnh mẽ.
Độ phủ màu 100% sRGB, màn hình 15.6"" FHD 144Hz cho hình ảnh sắc nét, mượt mà, tối ưu cho game và giải trí.
Trang bị Intel Core i5-12450HX, RAM 16GB, SSD 512GB PCIe, hiệu năng đa nhiệm tốt.
Card đồ họa RTX 3050 6GB đáp ứng tốt game phổ biến và đồ họa tầm trung.
Cài sẵn Windows 11, phù hợp cho game thủ và người dùng đa nhiệm.","Nguyên hộp, đầy đủ phụ kiện từ nhà sản xuất
Bảo hành pin và bộ sạc 12 tháng","NVIDIA GeForce RTX 3050 6GB GDDR6, Boost Clock 1432MHz, TGP 65W, 142 AI TOPS","Intel Core i5-12450HX, 8C (4P + 4E) / 12T, P-core up to 4.4GHz, E-core up to 3.1GHz, 12MB",16,,,15.6,"Windows 11 Home Single Language, English",1920x1080,"2x USB-A (5Gbps / USB 3.2 Gen 1)
1x USB-C (5Gbps / USB 3.2 Gen 1), chỉ truyền dữ liệu
1x HDMI 2.1, lên đến 8K/60Hz
1x giắc cắm kết hợp tai nghe / micrô (3.5mm)
1x Ethernet (RJ-45)
1x Đầu đọc thẻ
1x Đầu nối nguồn",CellphoneS,
230095,https://cellphones.com.vn/laptop-lenovo-loq-15irx9-83dv012lvn.html,Laptop Lenovo LOQ 15IRX9 83DV012LVN,2099000000000.0,Giảm 14%,Laptop AI,5.0,2.0,"Trang bị vi xử lý Intel Core i5-13450HX hiệu năng cao, mang lại khả năng xử lý mạnh mẽ cho các tác vụ đa nhiệm và chơi game.
Máy sở hữu 12GB RAM và ổ cứng SSD 512GB PCIe, đảm bảo tốc độ truy xuất dữ liệu nhanh cùng khả năng lưu trữ thoải mái cho các ứng dụng và tài liệu.
Card đồ họa NVIDIA GeForce RTX 3050 6GB giúp xử lý đồ họa mượt mà, phù hợp cho chơi game và sử dụng các phần mềm đồ họa chuyên sâu.
Màn hình 15.6 inch Full HD với tần số quét 144Hz mang lại trải nghiệm hiển thị sắc nét, chuyển động mượt mà và chi tiết sống động.
Máy được cài sẵn hệ điều hành Windows 11, có thiết kế tông xám hiện đại, bền bỉ, phù hợp cho game thủ và người dùng đa năng.","Nguyên hộp, đầy đủ phụ kiện từ nhà sản xuất
Bảo hành pin và bộ sạc 12 tháng","NVIDIA GeForce RTX 3050 6GB GDDR6, Boost Clock 1732MHz, TGP 95W, 142 AI TOPS","Intel Core i5-13450HX, 10 lõi (6P + 4E) / 16 luồng, P-core 2.4 / 4.6GHz, E-core 1.8 / 3.4GHz, 20MB",16,,,15.6,"Windows 11 Home Single Language, English",1920x1080,"3x USB-A (5Gbps / USB 3.2 Gen 1)
1x USB-C (10Gbps / USB 3.2 Gen 2), với Lenovo PD 140W và DisplayPort 1.4
1x HDMI 2.1, lên đến 8K/60Hz
1x giắc cắm kết hợp tai nghe / micrô (3.5mm)
1x Ethernet (RJ-45)
1x đầu nối nguồn",CellphoneS,
226750,https://cellphones.com.vn/laptop-hp-pavilion-x360-14-ek2017tu-9z2v5pa.html,Laptop HP Pavilion X360 14-EK2017TU 9Z2V5PA,2329000000000.0,Giảm 7%,HP,,,"Trang bị bộ vi xử lý Intel Core 5-120U, đảm bảo hiệu năng ổn định cho công việc văn phòng và học tập.
Máy sở hữu bộ nhớ RAM 16GB giúp đa nhiệm mượt mà, không gặp tình trạng giật lag khi mở nhiều ứng dụng.
Ổ cứng SSD PCIe 512GB mang đến không gian lưu trữ rộng rãi cùng tốc độ truy xuất dữ liệu nhanh chóng.
Màn hình cảm ứng 14 inch Full HD kết hợp với bút cảm ứng cho phép người dùng vẽ, ghi chú và tương tác trực tiếp một cách thuận tiện.
Thiết kế xoay gập 360 độ linh hoạt cho phép sử dụng ở nhiều chế độ khác nhau.","Nguyên hộp, đầy đủ phụ kiện từ nhà sản xuất
Bảo hành pin và bộ sạc 12 tháng",,Intel Core 5 120U (10 lõi) - Max Turbo Frequency: 5.00 GHz,16,,,14.0,Windows 11 Home Single Language 64-bit,1920x1080,"2 x USB 3.2 Gen 1 Type-A
1 x USB 3.2 Gen 2 Type-C (hỗ trợ Power Delivery/DisplayPort/HP Sleep & Charge)
1 x HDMI
1 x giắc cắm âm thanh kết hợp Tai nghe/Micrô",CellphoneS,
212783,https://cellphones.com.vn/laptop-lenovo-ideapad-slim-5-14q8x9-83hl000kvn.html,Laptop Lenovo IdeaPad Slim 5 14Q8X9 83HL000KVN,1949000000000.0,Giảm 22%,Laptop AI,,,"Laptop có màu xám thanh lịch, kiểu dáng mỏng nhẹ, dễ dàng mang theo khi di chuyển.
Màn hình 14.0 inch WUXGA cung cấp hình ảnh rõ ràng và chi tiết, lý tưởng cho công việc và giải trí.
Trang bị bộ vi xử lý Copilot+X PLUS X1P và RAM 16GB, máy xử lý mượt mà các tác vụ đa nhiệm.
Ổ cứng 512GB PCIe cho tốc độ truy xuất dữ liệu nhanh, phục vụ tốt cho nhu cầu lưu trữ.
Chạy trên Windows 11, mang lại trải nghiệm người dùng mượt mà với nhiều tính năng hiện đại.","Nguyên hộp, đầy đủ phụ kiện từ nhà sản xuất
Bảo hành pin và bộ sạc 12 tháng","Qualcomm Adreno
Tiến trình chip mới nên có thể không kết nối được với các thiết bị có driver cũ","Snapdragon X Plus X1P-42-100, 8C, Max Turbo up to 3.4GHz (single-core) / 3.2GHz (8-core), 30MB",32,,,14.0,Windows 11 Home Single Language,1920x1200,"2x USB-A (USB 5Gbps / USB 3.2 Gen 1)
2x USB-C (USB 10Gbps / USB 3.2 Gen 2), với USB PD 3.0 và DisplayPort 1.4
1x HDMI 2.1, up to 4K/60Hz
1x Headphone / microphone combo jack (3.5mm)
1x Đầu đọc thẻ nhớ microSD",CellphoneS,
247288,https://cellphones.com.vn/laptop-lenovo-ideapad-slim-5-14q8x9-83hl000kvn.html,Laptop Lenovo IdeaPad Slim 5 14Q8X9 83HL000KVN,1949000000000.0,Giảm 22%,Laptop AI,,,"Laptop có màu xám thanh lịch, kiểu dáng mỏng nhẹ, dễ dàng mang theo khi di chuyển.
Màn hình 14.0 inch WUXGA cung cấp hình ảnh rõ ràng và chi tiết, lý tưởng cho công việc và giải trí.
Trang bị bộ vi xử lý Copilot+X PLUS X1P và RAM 16GB, máy xử lý mượt mà các tác vụ đa nhiệm.
Ổ cứng 512GB PCIe cho tốc độ truy xuất dữ liệu nhanh, phục vụ tốt cho nhu cầu lưu trữ.
Chạy trên Windows 11, mang lại trải nghiệm người dùng mượt mà với nhiều tính năng hiện đại.","Nguyên hộp, đầy đủ phụ kiện từ nhà sản xuất
Bảo hành pin và bộ sạc 12 tháng","Qualcomm Adreno
Tiến trình chip mới nên có thể không kết nối được với các thiết bị có driver cũ","Snapdragon X Plus X1P-42-100, 8C, Max Turbo up to 3.4GHz (single-core) / 3.2GHz (8-core), 30MB",16,,,14.0,Windows 11 Home Single Language,1920x1200,"2x USB-A (USB 5Gbps / USB 3.2 Gen 1)
2x USB-C (USB 10Gbps / USB 3.2 Gen 2), với USB PD 3.0 và DisplayPort 1.4
1x HDMI 2.1, up to 4K/60Hz
1x Headphone / microphone combo jack (3.5mm)
1x Đầu đọc thẻ nhớ microSD",CellphoneS,
219183,https://cellphones.com.vn/mac-mini-m4-pro-12cpu-16gpu-48gb-512gb-2024.html,Mac mini M4 Pro 2024 12CPU 16GPU 48GB 512GB | Chính hãng Apple Việt Nam,4399000000000.0,Giảm 2%,Mac,,,"Hiệu năng chuyên nghiệp hàng đầu với chip M4 Pro cung cấp sức mạnh xử lý đồ họa và tính toán vượt trội, đáp ứng tốt nhu cầu của các chuyên gia sáng tạo.
Xử lý đồ họa siêu mượt mà mang lại hiệu suất đồ họa ấn tượng, các tác vụ đồ họa nặng như render video, chỉnh sửa ảnh độ phân giải cao và chơi game ở thiết lập cao.
Dung lượng RAM 48GB xử lý nhiều ứng dụng chuyên nghiệp cùng lúc mà không bị giật lag, tăng năng suất làm việc đáng kể.
Ổ cứng SSD 512GB cung cấp không gian lưu trữ rộng rãi và tốc độ truy xuất dữ liệu cực nhanh, giúp khởi động máy và mở ứng dụng gần như tức thời.","Máy mới 100%, đầy đủ phụ kiện từ nhà sản xuất. Sản phẩm có mã SA/A (được Apple Việt Nam phân phối chính thức).",GPU 16 lõi,"Apple M4 Pro 12 lõi với 8 lõi hiệu năng và 4 lõi tiết kiệm điện
Neural Engine 16 lõi",32,,,,macOS,,"Mặt trước:
Hai cổng USB‑C hỗ trợ cho USB 3
Jack cắm tai nghe 3,5 mm
Mặt sau:
Cổng Gigabit Ethernet
Cổng HDMI
Thunderbolt 5
USB 4
DisplayPort",CellphoneS,
233547,https://cellphones.com.vn/laptop-asus-vivobook-go-14-e1404fa-nk177w.html,Laptop ASUS VivoBook Go 14 E1404FA-NK177W,1189000000000.0,Giảm 18%,ASUS,4.7,6.0,"Sở hữu thiết kế sang trọng, trọng lượng nhẹ, dễ dàng mang theo bên mình
RAM 16GB giúp bạn dễ dàng các tab mà không lo lag máy
Ở cứng SSD 512GB giúp bạn có không gian lưu trữ lớn
Sở hữu cảm biến vân tay giúp thao tác mở màn hình thuận tiện hơn","Nguyên hộp, đầy đủ phụ kiện từ nhà sản xuất
Bảo hành pin và bộ sạc 12 tháng",AMD Radeon Graphics,"AMD Ryzen 5 7520U (4MB cache, up to 4.3 GHz, 4 lõi/8 luồng)",16,,,14.0,Windows 11 Home,1920x1080,"1 x USB 2.0 Type-A
1 x USB 3.2 Gen 1 Type-A
1 x USB 3.2 Gen 1 Type-C
1 x HDMI 1.4
1 x Jack cắm tai nghe 3.5 mm
1 x Đầu vào DC",CellphoneS,
201810,https://cellphones.com.vn/apple-macbook-air-15-m4-10cpu-10gpu-16gb-256gb-2025.html,MacBook Air M4 15 inch 2025 10CPU 10GPU 16GB 256GB | Chính hãng Apple Việt Nam,3199000000000.0,,Mac,5.0,1.0,"MacBook Air 15 inch M4 mang thiết kế thanh lịch, độ mỏng ấn tượng 1.15 cm và trọng lượng chỉ 1.51 kg, phù hợp cho việc di chuyển.
Trang bị chip Apple M4 mạnh mẽ với 10 CPU và 10 GPU, cho khả năng xử lý đa tác vụ và đồ họa vượt trội so với thế hệ trước.
Bộ nhớ RAM 16GB cùng ổ cứng SSD 256GB đem lại trải nghiệm đa nhiệm mượt mà, tốc độ khởi động và truy xuất dữ liệu nhanh chóng.
Màn hình Liquid Retina 15.3 inch với độ phân giải 2880x1864 pixels, độ sáng 500 nits và dải màu P3 rộng, mang lại hình ảnh sống động và chân thực.","Máy mới 100%, đầy đủ phụ kiện từ nhà sản xuất. Sản phẩm có mã SA/A (được Apple Việt Nam phân phối chính thức).","GPU 10 lõi
Neural Engine 16 lõi
Công nghệ dò tia tốc độ cao bằng phần cứng
Băng thông bộ nhớ 120GB/s",CPU 10 lõi với 4 lõi hiệu năng và 6 lõi tiết kiệm điện,16,,,15.3,macOS,2880x1864,"Cổng sạc MagSafe 3
Jack cắm tai nghe 3.5 mm
Hai cổng Thunderbolt 4 (USB-C) hỗ trợ: Sạc / DisplayPort / Thunderbolt 4 (lên đến 40Gb/s) / USB 4 (lên đến 40Gb/s)",CellphoneS,
220593,https://cellphones.com.vn/laptop-gigabyte-g6-kf-9rc56kf0hjjanivn000.html,Laptop Gigabyte G6 KF-9RC56KF0HJJANIVN000,2699000000000.0,Giảm 13%,Laptop Core i7,,,"Trang bị vi xử lý Intel Core i7-13620H mạnh mẽ, mang lại hiệu suất vượt trội cho các tác vụ nặng và chơi game.
Máy sở hữu 16GB RAM và ổ cứng SSD 1TB PCIe, đảm bảo khả năng đa nhiệm mượt mà cùng không gian lưu trữ cực kỳ rộng rãi.
Card đồ họa RTX 4060 8GB cho khả năng xử lý đồ họa xuất sắc, phù hợp với các game thủ và nhà sáng tạo nội dung chuyên nghiệp.
Màn hình 16 inch FHD+ với tần số quét 165Hz mang đến hình ảnh mượt mà, sắc nét và trải nghiệm thị giác tuyệt vời, đặc biệt trong các tựa game tốc độ cao.","Nguyên hộp, đầy đủ phụ kiện từ nhà sản xuất
Bảo hành pin và bộ sạc 12 tháng","NVIDIA GeForce RTX 4060 (8GB of GDDR6 SDRAM, Bus Width: 128- bit)
Intel UHD Graphics",Intel Core i7-13620H (10 lõi) - Max Turbo Frequency: 4.90 GHz,32,,,16.0,Windows 11 Home Single Language 64-bit,1920x1200,"1 x USB 2.0 Type-A
1 x USB 3.2 Gen 1 Type-A
2 x USB 3.2 Gen 2 Type-C
1 x Mini DP
1 x HDMI
1 x RJ45 (LAN)
1 x Headphone/Microphone combo audio jack",CellphoneS,
220256,https://cellphones.com.vn/laptop-msi-gaming-thin-15-b12ucx-1419vn-16gb.html,Laptop MSI Gaming Thin 15 B12UCX-1419VN V2,1549000000000.0,Giảm 14%,MSI,5.0,1.0,"Vi xử lý Intel Core i5-12450H, RAM 16GB và ổ cứng SSD 512GB PCIe mang đến hiệu suất mượt mà cho các tác vụ hàng ngày, chơi game và chỉnh sửa video cơ bản.
Card đồ họa NVIDIA GeForce RTX 2050 giúp bạn chơi game ở độ phân giải Full HD với mức thiết lập đồ họa trung bình đến cao.
Màn hình 15.6 inch độ phân giải Full HD (1920 x 1080) cho hình ảnh rõ nét, sống động, mang đến trải nghiệm thị giác tuyệt vời.
Hệ thống tản nhiệt tiên tiến giúp duy trì nhiệt độ ổn định, đảm bảo hiệu suất hoạt động tối ưu trong thời gian dài.","Nguyên hộp, đầy đủ phụ kiện từ nhà sản xuất
Bảo hành pin và bộ sạc 12 tháng","Nvidia Geforce RTX 2050, GDDR6 4GB",Alder Lake i5-12450H,32,,,15.6,Windows 11 Home SEA,1920x1080,"1x Type-C (USB3.2 Gen1 / DP)
3x Type-A USB3.2 Gen1
1x HDMI (4K @ 30Hz)
1x RJ45",CellphoneS,
248358,https://cellphones.com.vn/laptop-masstel-e140.html,Laptop Masstel E140 Celeron,359000000000.0,Giảm 55%,Laptop Masstel,4.6,9.0,"Trang bị vi xử lý Intel Celeron N4120, RAM 4GB xử lý mượt mà các tác vụ văn phòng cơ bản, lướt web, xem phim giải trí.
Ổ cứng SSD 128GB cho tốc độ khởi động máy và mở ứng dụng nhanh chóng, đồng thời cung cấp không gian lưu trữ tài liệu, hình ảnh, video vừa đủ.
Màn hình HD mang đến chất lượng hiển thị rõ ràng, màu sắc trung thực, đáp ứng tốt nhu cầu học tập, làm việc và giải trí.
Với trọng lượng chỉ 1.39kg, dàng mang theo bên mình đến lớp học, văn phòng hay khi di chuyển.
Sở hữu mức giá phải chăng, là lựa chọn hợp lý cho học sinh, sinh viên, người mới đi làm hoặc những ai cần một chiếc laptop cơ bản với ngân sách tiết kiệm.","Nguyên hộp, đầy đủ phụ kiện từ nhà sản xuất
Bảo hành pin và bộ sạc 12 tháng",Intel UHD,"Intel Celeron N4120 1.1 Ghz (upto 2.6 GHz , 4 lõi / 4 luồng)",32,,,14.0,Windows 10 Pro,1366x768,"HDMI 1
USB 3.0 2
Jack 3.5 mm 1",CellphoneS,
206158,https://cellphones.com.vn/laptop-hp-15-fd0235tu-9q970pa.html,Laptop HP 15-FD0235TU 9Q970PA,1569000000000.0,Giảm 18%,HP,5.0,1.0,"Trang bị bộ vi xử lý Intel Core i5-1334U, mang lại hiệu suất mạnh mẽ cho các tác vụ đa nhiệm.
Với 16GB RAM, máy cho phép người dùng chạy nhiều ứng dụng cùng lúc mà không gặp vấn đề về lag.
Ổ cứng 512GB PCIE cung cấp không gian lưu trữ rộng rãi và tốc độ truy xuất dữ liệu nhanh chóng.
Màn hình 15.6 inch với độ phân giải FHD mang đến hình ảnh sắc nét và màu sắc sống động, lý tưởng cho việc xem phim và làm việc.","Nguyên hộp, đầy đủ phụ kiện từ nhà sản xuất
Bảo hành pin và bộ sạc 12 tháng",Intel Iris Xe,"Intel Core i5-1334U (tối đa 4.6 GHz với Công nghệ Intel Turbo Boost, bộ nhớ đệm L3 12 MB,10 lõi,12 luồng)",16,,,15.6,Windows 11 Home Single Language,1920x1080,"1x USB Type-C 5 Gbps (chỉ hỗ trợ truyền dữ liệu, không hỗ trợ sạc hay màn hình ngoài)
2x USB Type-A 5 Gbps
1x chấu thông minh AC
1x HDMI 1.4b
1x cổng kết hợp tai nghe/micrô",CellphoneS,
206023,https://cellphones.com.vn/laptop-hp-victus-16-r0376tx-ay8z2pa.html,Laptop HP Victus 16-R0376TX AY8Z2PA,2449000000000.0,Giảm 25%,HP,,,"Trang bị bộ vi xử lý Intel Core i7-13700HX mạnh mẽ, cùng RAM 16GB, đáp ứng tốt các nhu cầu từ công việc văn phòng đến chơi game và xử lý đồ họa.
Card đồ họa NVIDIA GeForce RTX 3050 6GB, laptop mang lại khả năng hiển thị hình ảnh chất lượng cao, hỗ trợ chơi game mượt mà và xử lý các tác vụ đồ họa nặng.
Màn hình 16.1 inch Full HD với tần số quét 165Hz cùng độ phủ màu 100% sRGB giúp hình ảnh hiển thị mượt mà, giảm hiện tượng xé hình, rất phù hợp cho game thủ và người dùng chuyên nghiệp.
Ổ cứng SSD 512GB PCIe cung cấp tốc độ đọc/ghi dữ liệu nhanh chóng, đảm bảo hiệu suất cao cho các ứng dụng và không gian lưu trữ thoải mái.","Nguyên hộp, đầy đủ phụ kiện từ nhà sản xuất
Bảo hành pin và bộ sạc 12 tháng",NVIDIA GeForce RTX 3050 Laptop GPU (6 GB GDDR6 dedicated),"Intel Core i7-13700HX (up to 5.0 GHz with Intel Turbo Boost Technology, 30 MB L3 cache,16 lõi, 24 luồng)",16,,,16.1,Windows 11 Home Single Language,1920x1080,"1x USB Type-A (HP Sleep and Charge)
1x USB Type-C (sạc nhanh, DisplayPort 1.4, HP Sleep and Charge)
2x USB Type-A
1x cổng HDMI 2.1
1x RJ-45
1x bộ chuyển đổi điện xoay chiều thông minh
1x cổng kết hợp tai nghe/micrô",CellphoneS,
239705,https://cellphones.com.vn/mac-mini-m4-2024-24gb-512gb.html,Mac mini M4 2024 10CPU 10GPU 24GB 512GB | Chính hãng Apple Việt Nam,2479000000000.0,Giảm 1%,Mac,,,"Hiệu năng đỉnh cao với chip M4 mang lại hiệu năng mạnh mẽ, xử lý mượt mà nhiều ứng dụng chuyên nghiệp cùng lúc.
Đồ họa xuất sắc, tốc độ xử lý vượt trội, cho phép render hình ảnh và video nhanh chóng, chất lượng cao.
RAM 24GB cho phép xử lý mượt mà các tác vụ nặng, giảm thiểu tình trạng giật lag, đáp ứng nhu cầu của người dùng chuyên nghiệp đòi hỏi hiệu năng cao.
Ổ cứng SSD 512GB cung cấp không gian lưu trữ rộng rãi và tốc độ truy xuất dữ liệu cực nhanh, rút ngắn thời gian chờ đợi khi mở ứng dụng và tập tin.","Máy mới 100%, đầy đủ phụ kiện từ nhà sản xuất. Sản phẩm có mã SA/A (được Apple Việt Nam phân phối chính thức).",GPU 10 lõi,"Apple M4 10 lõi với 4 lõi hiệu năng và 6 lõi tiết kiệm điện
Neural Engine 16 lõi",32,,,,macOS,,"Mặt trước:
Hai cổng USB‑C hỗ trợ cho USB 3
Jack cắm tai nghe 3,5 mm
Mặt sau:
Cổng Gigabit Ethernet
Cổng HDMI
Thunderbolt 4
USB 4
DisplayPort",CellphoneS,
211837,https://cellphones.com.vn/macbook-pro-m4-pro-14-inch-14cpu-20gpu-24gb-1tb-nano.html,MacBook Pro 14 M4 Pro 14CPU 20GPU 24GB 1TB Nano | Chính hãng Apple Việt Nam,6349000000000.0,Giảm 0%,Mac,,,"Chip M4 Pro mạnh mẽ, sở hữu 14 nhân CPU và 20 nhân GPU, xử lý tác vụ chuyên nghiệp một cách nhanh chóng và hiệu quả.
RAM 24GB dung lượng lớn, cho phép đa nhiệm mượt mà, xử lý nhiều ứng dụng nặng cùng lúc mà không bị giật lag.
Ổ cứng SSD 1TB tốc độ cao, giúp khởi động máy và truy xuất dữ liệu nhanh chóng, tiết kiệm thời gian.
Màn hình Liquid Retina XDR 14.2 inch sắc nét với công nghệ ProMotion, mang lại trải nghiệm hình ảnh sống động và mượt mà.","Máy mới 100%, đầy đủ phụ kiện từ nhà sản xuất. Sản phẩm có mã SA/A (được Apple Việt Nam phân phối chính thức).","20 lõi
Neural Engine 16 lõi",Apple M4 Pro 14 lõi với 10 lõi hiệu năng và 4 lõi tiết kiệm điện,32,,,14.2,macOS,3024x1964,"Khe thẻ nhớ SDXC
Cổng HDMI
Jack cắm tai nghe 3.5 mm
Cổng MagSafe 3
Ba cổng Thunderbolt 5 (USB‑C) hỗ trợ: Sạc, DisplayPort, Thunderbolt 5 (lên đến 120Gb/s), Thunderbolt 4 (lên đến 40Gb/s), USB 4 (lên đến 40Gb/s)",CellphoneS,
247203,https://cellphones.com.vn/laptop-asus-vivobook-15-x1502va-bq886w.html,Laptop ASUS Vivobook 15 X1502VA-BQ886W,1659000000000.0,Giảm 8%,ASUS,,,"Sở hữu thiết kế thanh lịch, màu bạc sang trọng cùng màn hình lớn 15.6 inch, phù hợp cho cả công việc và giải trí.
Trang bị vi xử lý Intel Core i7-13620H thế hệ 13, máy mang lại hiệu suất mạnh mẽ, xử lý tốt các tác vụ nặng như đồ họa hoặc lập trình.
RAM 16GB và ổ cứng SSD 512GB PCIe giúp máy chạy đa nhiệm mượt mà, khởi động nhanh và lưu trữ dữ liệu thoải mái.
Màn hình 15.6 inch Full HD cung cấp hình ảnh sắc nét, màu sắc sống động, giúp trải nghiệm xem phim và làm việc trở nên tuyệt vời.
Máy được cài sẵn Windows 11, mang đến giao diện hiện đại, bảo mật cao và tối ưu hóa cho công việc lẫn giải trí hàng ngày.","Nguyên hộp, đầy đủ phụ kiện từ nhà sản xuất
Bảo hành pin và bộ sạc 12 tháng",Intel Iris Xe Graphics,"Intel Core i7-13620H 2.4 GHz (24MB Cache, up to 4.9 GHz, 10 cores, 16 Threads)",32,,,15.6,Windows 11 Home,1920x1080,"1x USB 2.0 Type-A (tốc độ dữ liệu lên đến 480Mbps)
1x USB 3.2 Gen 1 Type-C hỗ trợ cấp nguồn (tốc độ dữ liệu lên đến 5Gbps)
2x USB 3.2 Gen 1 Type-A (tốc độ dữ liệu lên đến 5Gbps)
1x HDMI 1.4
1x Giắc cắm âm thanh kết hợp 3.5mm
1x DC-in",CellphoneS,
200239,https://cellphones.com.vn/laptop-msi-katana-15-b13vfk-676vn.html,Laptop MSI Katana 15 B13VFK-676VN,2749000000000.0,Giảm 26%,MSI,5.0,4.0,"CPU Intel Core i7-13620H xử lý gọn gàng từng tác vụ nặng nhẹ
GPU RTX 4060 cân mọi tựa game AAA với hiệu năng xử lý đồ họa đỉnh cao
16GB RAM xử lý đa tác vụ thoải mái và mượt mà
Không gian lưu trũ khổng lồ lên đến 1TB SSD
Màn hình 15.6 inch Full HD cùng tần số quét 144 Hz đảm bảo bắt kịp từng hành động của đối thủ
Bàn phím thiết kế 4-Zone RGB làm nổi bật không gian giải trí cho mọi game thủ","Nguyên hộp, đầy đủ phụ kiện từ nhà sản xuất
Bảo hành pin và bộ sạc 12 tháng","NVIDIA GeForce RTX 4060, GDDR6 8GB","Intel Core i7-13620H (3.6GHz~4.9GHz, 10 lõi / 16 luồng)",16,,,15.6,Windows 11 Home,1920x1080,"1x Type-C (USB3.2 Gen1 / DP)
2x Type-A USB3.2 Gen1
1x Type-A USB2.0
1x HDMI 2.1 (8K @ 60Hz / 4K @ 120Hz)
1x RJ45",CellphoneS,
217275,https://cellphones.com.vn/laptop-dell-inspiron-15-3520-5124blk-gj8w7.html,Laptop Dell Inspiron 15 3520-5124BLK GJ8W7 - Nhập khẩu chính hãng,1329000000000.0,Giảm 14%,Dell,,,"Máy tính được trang bị bộ xử lý Intel Core i5-1235U hiệu năng cao.
Với 8GB RAM và ổ cứng 512GB, máy mang lại khả năng xử lý nhanh chóng và lưu trữ dữ liệu rộng rãi.
Màn hình 15.6 inch Full HD cảm ứng mang lại trải nghiệm hiển thị sống động và khả năng sáng tạo thoải mái.
Thiết kế vỏ máy màu đen lịch lãm, mang đến vẻ ngoài sang trọng và bền bỉ.
Laptop được nhập khẩu chính hãng, đảm bảo chất lượng và đầy đủ bảo hành của Dell.","Nguyên hộp, đầy đủ phụ kiện từ nhà sản xuất
Bảo hành pin và bộ sạc 12 tháng",Intel UHD Graphics,"Intel Core i5-1235U (10 lõi / 12 luồng, 1.30 GHz to 4.40 GHz, 12 MB)",32,,,15.6,Windows 11 Home,1920x1080,"1x Đầu nối nguồn
1x HDMI 1.4
2x USB 3.2 Gen 1
1x Khe cắm thẻ SD
1x USB 2.0
1x Cổng tai nghe",CellphoneS,
245978,https://cellphones.com.vn/laptop-asus-vivobook-15-oled-a1505va-ma469w.html,Laptop ASUS Vivobook 15 OLED A1505VA-MA469W,2249000000000.0,Giảm 10%,ASUS,,,"Chip Intel Core i9-13900H mạnh mẽ, xử lý mượt mà mọi tác vụ, từ ứng dụng văn phòng đến thiết kế và chơi game nhẹ.
Màn hình OLED 2.8K cho hiển thị hình ảnh sống động như thật, màu sắc chính xác, độ tương phản hoàn hảo, nâng tầm trải nghiệm giải trí.
Thiết kế mỏng nhẹ, hiện đại với lớp vỏ màu bạc sang trọng là sự lựa chọn hoàn hảo cho người dùng yêu thích sự tinh tế.
RAM 16GB và SSD 512GB PCIe giúp khởi động nhanh chóng, chạy đa nhiệm mượt mà, lưu trữ dữ liệu thoải mái.
Hệ điều hành Windows 11 bản quyền mang đến cho giao diện hiện đại, nhiều tính năng thông minh và khả năng bảo mật nâng cao.","Nguyên hộp, đầy đủ phụ kiện từ nhà sản xuất
Bảo hành pin và bộ sạc 12 tháng",Intel Iris Xe Graphics,"Intel Core i9-13900H 2.6 GHz (24MB Cache, up to 5.4 GHz, 14 lõi, 20 luồng)",32,,,15.6,Windows 11 Home,2880x1620,"1x USB 2.0 Type-A
1x USB 3.2 Gen 1 Type-C
2x USB 3.2 Gen 1 Type-A
1x HDMI 1.4
1x 3.5mm Combo Audio Jack
1x DC-in",CellphoneS,
203569,https://cellphones.com.vn/laptop-asus-gaming-vivobook-k3605zu-rp296w.html,Laptop ASUS Gaming VivoBook K3605ZU-RP296W,2149000000000.0,Giảm 25%,ASUS,,,"Trang bị chip Intel Core i5-12500H và card đồ họa RTX 4050 6GB, chiến mượt các tựa game Esports mức cài đặt đồ họa cao.
Màn hình 16 inch WUXGA với tần số quét 144Hz, cho trải nghiệm gaming mượt mà, hình ảnh sắc nét.
Kết hợp công nghệ MUX switch cho phép người dùng lựa chọn chế độ GPU rời giúp tối ưu hóa hiệu suất và tiết kiệm pin hiệu quả.
Công nghệ tản nhiệt ASUS giúp máy luôn mát mẻ, ổn định hiệu năng trong thời gian dài chơi game.
Công nghệ âm thanh vòm sống động, tăng thêm phần hấp dẫn cho game thủ.","Nguyên hộp, đầy đủ phụ kiện từ nhà sản xuất
Bảo hành pin và bộ sạc 12 tháng",NVIDIA GeForce RTX 4050 6GB GDDR6,"Intel Core i5-12500H Processor 2.5 GHz (18M Cache, up to 4.5 GHz, 4P+8E lõi)",16,,,16.0,Windows 11 Home,1920x1200,"2x USB 3.2 Gen 1 Type-A
1x Thunderbolt 4 supports display / power delivery
1x HDMI 2.1 TMDS
1x 3.5mm Combo Audio Jack
1x DC-in
SD 4.0 Đầu đọc thẻ",CellphoneS,
221899,https://cellphones.com.vn/laptop-lenovo-ideapad-flex-5-14abr8-82xx00dmvn.html,Laptop Lenovo IdeaPad Flex 5 14ABR8 82XX00DMVN,1599000000000.0,Giảm 6%,Lenovo,,,"Sở hữu bộ vi xử lý AMD Ryzen 5-7430U mạnh mẽ, mang lại hiệu suất ấn tượng cho các tác vụ đa dạng.
Với RAM 16GB và ổ cứng SSD 512GB PCIe, máy giúp xử lý dữ liệu nhanh chóng và lưu trữ hiệu quả.
Màn hình 14.0 inch WUXGA cảm ứng cung cấp trải nghiệm tương tác mượt mà, phù hợp cho cả công việc và giải trí.
Đi kèm với bút cảm ứng, người dùng có thể dễ dàng ghi chú và thiết kế sáng tạo.","Nguyên hộp, đầy đủ phụ kiện từ nhà sản xuất
Bảo hành pin và bộ sạc 12 tháng",AMD Radeon Graphics,"AMD Ryzen 5 7430U (6 lõi / 12 luồng, 2.3 / 4.3GHz, 3MB L2 / 16MB L3)",16,,,14.0,"Windows 11 Home Single Language, English",1920x1200,"2x USB-A (USB 5Gbps)
1x USB-C (USB 10Gbps), với USB PD 3.0 và DisplayPort 1.4
1x HDMI 1.4b
1x giắc cắm kết hợp tai nghe / micrô (3.5 mm)
1x đầu đọc thẻ SD
1x đầu nối nguồn",CellphoneS,
205677,https://cellphones.com.vn/apple-macbook-air-13-m4-10cpu-10gpu-16gb-512gb-2025-sac-70w.html,MacBook Air M4 13 inch 2025 10CPU 10GPU 16GB 512GB Sạc 70W | Chính hãng Apple Việt Nam,3249000000000.0,Giảm 2%,Mac,,,"MacBook Air 13 M4 2025 sở hữu thiết kế siêu mỏng nhẹ với màu sắc sang trọng, độ dày chỉ 1.13 cm và trọng lượng 1.24 kg.
Máy được trang bị chip M4 thế hệ mới nhất của Apple với 10 CPU và 10 GPU, mang lại hiệu năng xử lý mạnh mẽ và khả năng đồ họa ấn tượng.
RAM 16GB và ổ cứng SSD 512GB giúp đa nhiệm mượt mà, khởi động nhanh chóng và lưu trữ đủ dùng cho công việc hàng ngày.
Màn hình Liquid Retina 13.6 inch với độ phân giải 2560x1664 pixels cho hình ảnh sắc nét, màu sắc chân thực và độ sáng cao lên đến 500 nits.","Máy mới 100%, đầy đủ phụ kiện từ nhà sản xuất. Sản phẩm có mã SA/A (được Apple Việt Nam phân phối chính thức).","GPU 10 lõi
Neural Engine 16 lõi
Công nghệ dò tia tốc độ cao bằng phần cứng
Băng thông bộ nhớ 120GB/s",CPU 10 lõi với 4 lõi hiệu năng và 6 lõi tiết kiệm điện,32,,,13.6,macOS,2560x1664,"Cổng sạc MagSafe 3
Jack cắm tai nghe 3.5 mm
Hai cổng Thunderbolt 4 (USB-C) hỗ trợ: Sạc / DisplayPort / Thunderbolt 4 (lên đến 40Gb/s) / USB 4 (lên đến 40Gb/s)",CellphoneS,
230283,https://cellphones.com.vn/laptop-asus-vivobook-14-x1404za-nk386w.html,Laptop ASUS Vivobook 14 X1404ZA-NK386W,969000000000.0,Giảm 19%,ASUS,5.0,4.0,"I3-1215U là còn chip hỗ trợ tốt bạn các công việc văn phòng và học tập
Màn hình 14 inch Full HD chắc hẳn sẽ đem đến cho bạn những giây phút thư giãn sống động
RAM 8GB cùng ổ cứng 512GB SSD chắc hẳn sẽ cho bạn khoảnh khắc lướt tab mượt mà mà không lo giật lag
Thiết kế sang trọng cùng trọng lượng mỏng nhẹ chỉ 1.4kg, chắc hẳn sẽ chinh phục bạn trong những ánh nhìn đầu tiên","Nguyên hộp, đầy đủ phụ kiện từ nhà sản xuất
Bảo hành pin và bộ sạc 12 tháng",Intel UHD Graphics,"Intel Core i3-1215U 6 Nhân, 8 Luồng",32,,,14.0,Windows 11 home,1080x1920,"1x USB 2.0 Type-A
1x USB 3.2 Gen 1 Type-C
2x USB 3.2 Gen 1 Type-A
1 x HDMI 1.4
1x DC-in",CellphoneS,
213159,https://cellphones.com.vn/apple-macbook-air-13-m4-10cpu-10gpu-24gb-512gb-2025.html,MacBook Air M4 13 inch 2025 10CPU 10GPU 24GB 512GB | Chính hãng Apple Việt Nam,3699000000000.0,,Mac,,,"MacBook Air 13 M4 2025 sở hữu thiết kế siêu mỏng nhẹ với màu sắc sang trọng, độ dày chỉ 1.13 cm và trọng lượng 1.24 kg.
Máy được trang bị chip M4 thế hệ mới nhất của Apple với 10 CPU và 10 GPU, mang lại hiệu năng xử lý mạnh mẽ và khả năng đồ họa ấn tượng.
RAM 24GB và ổ cứng SSD 512GB giúp đa nhiệm mượt mà, khởi động nhanh chóng và lưu trữ đủ dùng cho công việc hàng ngày.
Màn hình Liquid Retina 13.6 inch với độ phân giải 2560x1664 pixels cho hình ảnh sắc nét, màu sắc chân thực và độ sáng cao lên đến 500 nits.","Máy mới 100%, đầy đủ phụ kiện từ nhà sản xuất. Sản phẩm có mã SA/A (được Apple Việt Nam phân phối chính thức).","GPU 10 lõi
Neural Engine 16 lõi
Công nghệ dò tia tốc độ cao bằng phần cứng
Băng thông bộ nhớ 120GB/s",CPU 10 lõi với 4 lõi hiệu năng và 6 lõi tiết kiệm điện,16,,,13.6,macOS,2560x1664,"Cổng sạc MagSafe 3
Jack cắm tai nghe 3.5 mm
Hai cổng Thunderbolt 4 (USB-C) hỗ trợ: Sạc / DisplayPort / Thunderbolt 4 (lên đến 40Gb/s) / USB 4 (lên đến 40Gb/s)",CellphoneS,
228666,https://cellphones.com.vn/laptop-dell-inspiron-15-3520-6r6nk-16gb.html,Laptop Dell Inspiron 15 3520 6R6NK V2 - Nhập khẩu chính hãng,1399000000000.0,Giảm 3%,Dell,5.0,1.0,"Trang bị bộ vi xử lý Intel Core i5-1235U, mang lại hiệu suất đáng tin cậy cho các tác vụ hàng ngày.
Với 16GB RAM và ổ cứng 512GB, máy đáp ứng tốt nhu cầu lưu trữ và đa nhiệm của người dùng.
Màn hình 15.6 inch FHD mang đến trải nghiệm xem đa phương tiện sống động.
Thiết kế vỏ nhựa màu đen tối giản, tạo cảm giác sang trọng và tinh tế.","Nguyên hộp, đầy đủ phụ kiện từ nhà sản xuất
Bảo hành pin và bộ sạc 12 tháng",Intel UHD Graphics,"Intel Core i5-1235U (10 lõi / 12 luồng, 1.30 GHz to 4.40 GHz, 12 MB)",16,,,15.6,Windows 11 Home,1920x1080,"1x Đầu nối nguồn
1x HDMI 1.4
2x USB 3.2 Gen 1
1x Khe cắm thẻ SD
1x USB 2.0
1x Cổng tai nghe",CellphoneS,
248324,https://cellphones.com.vn/laptop-lenovo-ideapad-slim-5-15arp10-83j3002svn.html,Laptop Lenovo IdeaPad Slim 5 OLED 15ARP10 83J3002SVN,2199000000000.0,Giảm 6%,Lenovo,,,"Laptop sở hữu kiểu dáng mỏng nhẹ, thuận tiện cho việc di chuyển và sử dụng hàng ngày.
Màn hình 15.1 inch WQXGA OLED 165Hz 100% SRGB mang lại hình ảnh sống động với độ phân giải cao, lý tưởng cho việc xem phim và làm việc.
Được trang bị bộ vi xử lý AMD Ryzen 7 7735HS, máy chạy mượt mà các ứng dụng nặng và đa nhiệm.
Với 32GB RAM, laptop hỗ trợ tốt cho các tác vụ yêu cầu hiệu suất cao và khả năng đa nhiệm.
Ổ cứng 512GB PCIE cho tốc độ đọc/ghi nhanh chóng và không gian lưu trữ thoải mái cho dữ liệu và phần mềm.","Nguyên hộp, đầy đủ phụ kiện từ nhà sản xuất
Bảo hành pin và bộ sạc 12 tháng",AMD Radeon 680M Graphics,"AMD Ryzen 7 7735HS (8 lõi / 16 luồng, 3.2 / 4.75GHz, 4MB L2 / 16MB L3)",32,,,15.1,"Windows 11 Home Single Language, English",2560x1600,"1x USB-A (USB 3.2 Gen 1)
1x USB-A (USB 3.2 Gen 1), Luôn bật
2x USB-C (10Gbps / USB 3.2 Gen 2), với USB PD 3.0 và DisplayPort 1.4
1x HDMI 2.1, lên đến 4K/60Hz
1x giắc cắm kết hợp tai nghe / micrô (3.5 mm)
1x đầu đọc thẻ microSD",CellphoneS,
217931,https://cellphones.com.vn/laptop-lenovo-ideapad-slim-5-15arp10-83j3002svn.html,Laptop Lenovo IdeaPad Slim 5 OLED 15ARP10 83J3002SVN,2199000000000.0,Giảm 6%,Lenovo,,,"Laptop sở hữu kiểu dáng mỏng nhẹ, thuận tiện cho việc di chuyển và sử dụng hàng ngày.
Màn hình 15.1 inch WQXGA OLED 165Hz 100% SRGB mang lại hình ảnh sống động với độ phân giải cao, lý tưởng cho việc xem phim và làm việc.
Được trang bị bộ vi xử lý AMD Ryzen 7 7735HS, máy chạy mượt mà các ứng dụng nặng và đa nhiệm.
Với 32GB RAM, laptop hỗ trợ tốt cho các tác vụ yêu cầu hiệu suất cao và khả năng đa nhiệm.
Ổ cứng 512GB PCIE cho tốc độ đọc/ghi nhanh chóng và không gian lưu trữ thoải mái cho dữ liệu và phần mềm.","Nguyên hộp, đầy đủ phụ kiện từ nhà sản xuất
Bảo hành pin và bộ sạc 12 tháng",AMD Radeon 680M Graphics,"AMD Ryzen 7 7735HS (8 lõi / 16 luồng, 3.2 / 4.75GHz, 4MB L2 / 16MB L3)",32,,,15.1,"Windows 11 Home Single Language, English",2560x1600,"1x USB-A (USB 3.2 Gen 1)
1x USB-A (USB 3.2 Gen 1), Luôn bật
2x USB-C (10Gbps / USB 3.2 Gen 2), với USB PD 3.0 và DisplayPort 1.4
1x HDMI 2.1, lên đến 4K/60Hz
1x giắc cắm kết hợp tai nghe / micrô (3.5 mm)
1x đầu đọc thẻ microSD",CellphoneS,
235030,https://cellphones.com.vn/laptop-lenovo-loq-15arp9-83jc003yvn.html,Laptop Lenovo LOQ 15ARP9 83JC003YVN,2849000000000.0,Giảm 10%,Laptop AI,5.0,4.0,"Trang bị bộ vi xử lý AMD Ryzen 7 7435HS mạnh mẽ cùng card đồ họa rời NVIDIA GeForce RTX 4060 8GB mang đến hiệu năng đỉnh cao cho cả nhu cầu chơi game và làm việc đồ họa.
Màn hình 15.6 inch FHD với tần số quét 144Hz cho phép bạn thưởng thức hình ảnh sắc nét, chuyển động mượt mà trong từng khung hình, đặc biệt là khi chơi game.
24GB RAM DDR5 giúp bạn dễ dàng xử lý nhiều tác vụ cùng lúc mà không gặp tình trạng giật lag.
Ổ cứng SSD 512GB PCIe cho tốc độ truy xuất dữ liệu nhanh chóng, rút ngắn thời gian khởi động máy và mở ứng dụng.
Sở hữu thiết kế đậm chất gaming với tông màu xám chủ đạo, LOQ 15ARP9 toát lên vẻ ngoài mạnh mẽ và cá tính.","Nguyên hộp, đầy đủ phụ kiện từ nhà sản xuất
Bảo hành pin và bộ sạc 12 tháng","NVIDIA GeForce RTX 4060 8GB GDDR6, Boost Clock 2370MHz, TGP 105W","AMD Ryzen 7 7435HS (8 lõi / 16 luồng, 3.1 / 4.5GHz, 4MB L2 / 16MB L3)",16,,,15.6,"Windows 11 Home Single Language, English",1920x1080,"3x USB-A (USB 5Gbps / USB 3.2 Gen 1)
1x USB-C (USB 10Gbps / USB 3.2 Gen 2), với Lenovo PD 140W và DisplayPort 1.4
1x HDMI 2.1, up to 8K/60Hz
1x Headphone / microphone combo jack (3.5mm)
1x Ethernet (RJ-45)
1x Đầu nối nguồn",CellphoneS,
234074,https://cellphones.com.vn/laptop-lenovo-ideapad-slim-3-16irh10-83k20002vn.html,Laptop Lenovo IdeaPad Slim 3 16IRH10 83K20002VN,1549000000000.0,Giảm 6%,Lenovo,,,"Trang bị vi xử lý Intel Core i5-13420H, mang đến hiệu suất mạnh mẽ cho các tác vụ đa nhiệm.
Với 16GB RAM, máy hỗ trợ xử lý mượt mà các ứng dụng nặng và chạy đồng thời nhiều chương trình.
Ổ cứng SSD 512GB PCIe cung cấp tốc độ truy xuất dữ liệu nhanh, giúp khởi động máy và mở ứng dụng tức thì.
Màn hình 16 inch WUXGA mang đến hình ảnh sắc nét và chi tiết, phù hợp cho cả công việc và giải trí.","Nguyên hộp, đầy đủ phụ kiện từ nhà sản xuất
Bảo hành pin và bộ sạc 12 tháng",Intel UHD Graphics,"Intel Core i5-13420H, 8 lõi (4P + 4E) / 12 luồng, P-core 2.1 / 4.6GHz, E-core 1.5 / 3.4GHz, 12MB",16,,,16.0,"Windows 11 Home Single Language, English",1920x1200,"2x USB-A (5Gbps / USB 3.2 Gen 1)
1x USB-C (5Gbps / USB 3.2 Gen 1), với USB PD 3.0 và DisplayPort 1.2
1x HDMI 1.4
1x giắc cắm kết hợp tai nghe / micrô (3.5 mm)
1x đầu đọc thẻ SD
1x đầu nối nguồn",CellphoneS,
248680,https://cellphones.com.vn/macbook-air-m3-13-inch-2024-16gb-512gb.html,MacBook Air M3 13 inch 2024 16GB - 512GB | Chính hãng Apple Việt Nam,2849000000000.0,Giảm 14%,Mac,5.0,2.0,"Sức mạnh xử lý hàng đầu trên chip Apple M3 - Cân tốt mọi tác vụ từ đồ hoạ đến lập trình
Màn hình Liquid Retina 13,6 inch - Màu sắc hiển thị rực rỡ, sắc nét
Camera FaceTime HD 1080p - Đàm thoại, hội họp mọi lúc mọi nơi
Hỗ trợ sạc 35W - Nhanh chóng nạp đầy pin khi bạn cần","Máy mới 100%, đầy đủ phụ kiện từ nhà sản xuất. Sản phẩm có mã SA/A (được Apple Việt Nam phân phối chính thức).",GPU 10 Lõi,"CPU Apple M3 8 Lõi
Neural Engine 16 lõi",16,,,13.6,MacOS,,"Cổng sạc MagSafe 3
Hai cổng Thunderbolt / USB 4",CellphoneS,
222217,https://cellphones.com.vn/laptop-lg-gram-2024-2in1-14t90s-g-ah55a5.html,Laptop LG Gram 2024 2in1 14T90S-G.AH55A5,2699000000000.0,Giảm 39%,LG,,,"Thiết kế 2-in-1 có thể chuyển đổi linh hoạt giữa chế độ laptop và máy tính bảng, đáp ứng mọi nhu cầu sử dụng của bạn.
Màn hình 14 inch độ phân giải 1920x1200 và độ phủ màu DCI-P3 99% mang đến hình ảnh sắc nét, sống động và khả năng cảm ứng nhạy bén.
Trang bị bộ vi xử lý Intel U5-125H, 16GB RAM và ổ cứng SSD 512GB PCIe, có thể xử lý mượt mà các tác vụ văn phòng, học tập và giải trí nhẹ nhàng.
Trọng lượng chỉ 1.25kg, lý tưởng cho những người thường xuyên di chuyển.","Nguyên hộp, đầy đủ phụ kiện từ nhà sản xuất
Bảo hành pin và bộ sạc 12 tháng",Intel Arc Graphics,Intel Core Ultra 5 125H,16,,,14.0,Windows 11 Home,1920x1200,"HDMI (4K@60Hz)
1x USB4 Gen 3x2 Type C(USB PD & Intel Thunderbolt 4)
1x USB3.2 Gen 2x1 Type A
4Pole Headset, US type
10/100 with RJ45 adapter (Option)",CellphoneS,
224531,https://cellphones.com.vn/mac-mini-m4-pro-2024-24gb-512gb.html,Mac mini M4 Pro 2024 12CPU 16GPU 24GB 512GB | Chính hãng Apple Việt Nam,3399000000000.0,Giảm 3%,Mac,,,"Hiệu năng chuyên nghiệp hàng đầu với chip M4 Pro cung cấp sức mạnh xử lý đồ họa và tính toán vượt trội, đáp ứng tốt nhu cầu của các chuyên gia sáng tạo.
Xử lý đồ họa siêu mượt mà mang lại hiệu suất đồ họa ấn tượng, các tác vụ đồ họa nặng như render video, chỉnh sửa ảnh độ phân giải cao và chơi game ở thiết lập cao.
Dung lượng RAM 24GB xử lý nhiều ứng dụng chuyên nghiệp cùng lúc mà không bị giật lag, tăng năng suất làm việc đáng kể.
Ổ cứng SSD 512GB cung cấp không gian lưu trữ rộng rãi và tốc độ truy xuất dữ liệu cực nhanh, giúp khởi động máy và mở ứng dụng gần như tức thời.","Máy mới 100%, đầy đủ phụ kiện từ nhà sản xuất. Sản phẩm có mã SA/A (được Apple Việt Nam phân phối chính thức).",GPU 16 lõi,"Apple M4 Pro 12 lõi với 8 lõi hiệu năng và 4 lõi tiết kiệm điện
Neural Engine 16 lõi",16,,,,macOS,,"Mặt trước:
Hai cổng USB‑C hỗ trợ cho USB 3
Jack cắm tai nghe 3,5 mm
Mặt sau:
Cổng Gigabit Ethernet
Cổng HDMI
Thunderbolt 5
USB 4
DisplayPort",CellphoneS,
227293,https://cellphones.com.vn/laptop-lenovo-thinkpad-e14-gen-5-21jk00pevn.html,Laptop Lenovo ThinkPad E14 Gen 5 21JK00PEVN,2049000000000.0,Giảm 11%,Lenovo,,,"Trang bị vi xử lý Intel Core i5-13420H, mang lại hiệu suất mạnh mẽ cho các tác vụ đa nhiệm và ứng dụng văn phòng.
Với 16GB RAM và ổ cứng 512GB PCIe, máy cung cấp không gian lưu trữ lớn và khả năng xử lý nhanh chóng, phù hợp cho công việc chuyên nghiệp.
Màn hình 14 inch WUXGA mang đến hình ảnh sắc nét và màu sắc sống động, giúp người dùng trải nghiệm tốt hơn trong công việc và giải trí.
Cài sẵn Windows 11, mang lại trải nghiệm người dùng mượt mà với nhiều tính năng mới và cải tiến, tối ưu hóa cho công việc và giải trí.","Nguyên hộp, đầy đủ phụ kiện từ nhà sản xuất
Bảo hành pin và bộ sạc 12 tháng",Intel UHD Graphics,"Intel Core i5-13420H, 8 lõi (4P + 4E) / 12 luồng, P-core 2.1 / 4.6GHz, E-core 1.5 / 3.4GHz, 12MB",32,,,14.0,"Windows 11 Home Single Language, English",1920x1200,"1x USB 2.0
1x USB 3.2 (Luôn bật)
1x USB-C 3.2 (truyền dữ liệu, PD 3.0 và DP 1.4)
1x Thunderbolt 4 / USB4 40Gbps (truyền dữ liệu, PD 3.0 và DP 1.4)
1x HDMI 2.1, lên đến 4K/60Hz
1x giắc cắm tai nghe/micrô (3.5 mm)
1x Ethernet (RJ-45)",CellphoneS,
238680,https://cellphones.com.vn/laptop-asus-tuf-gaming-a15-fa507nur-lp101w.html,Laptop ASUS TUF Gaming A15 FA507NUR-LP101W,2449000000000.0,Giảm 14%,ASUS,5.0,3.0,"Hiệu năng gaming ấn tượng với CPU AMD Ryzen 7 7435HS và NVIDIA GeForce RTX 4050 6GB.
Màn hình 15.6 inch FHD với tần số quét 144Hz cho trải nghiệm chơi game mượt mà, hình ảnh sắc nét.
Ổ cứng SSD 512GB PCIe mang đến tốc độ truy xuất dữ liệu nhanh chóng, rút ngắn thời gian tải game.
Phong cách gaming đậm chất, mạnh mẽ với tông màu xám chủ đạo, thu hút mọi ánh nhìn.","Nguyên hộp, đầy đủ phụ kiện từ nhà sản xuất
Bảo hành pin và bộ sạc 12 tháng",NVIDIA GeForce RTX 4050 6GB GDDR6,"AMD Ryzen 7 7435HS 3.1GHz (20MB Cache, up to 4.5 GHz, 8 cores, 16 Threads)",16,,,15.6,Windows 11 Home,1920x1080,"1x RJ45 LAN
1x USB 3.2 Gen 2 Type-C
1x USB 3.2 Gen 2 Type-C (DisplayPort / Sạc / G-SYNC)
2x USB 3.2 Gen 1 Type-A
1x HDMI 2.1 FRL
1x 3.5mm Combo Audio Jack",CellphoneS,
220903,https://cellphones.com.vn/laptop-dell-inspiron-15-3520-8jtd9.html,Laptop Dell Inspiron 15 3520 8JTD9 - Nhập khẩu chính hãng,1029000000000.0,Giảm 21%,Dell,,,"Được trang bị bộ vi xử lý Intel Core i3-1215U, máy mang lại hiệu suất ổn định cho các tác vụ hàng ngày và làm việc văn phòng.
Màn hình 15.6 inch FHD với tần số quét 120Hz cung cấp hình ảnh sắc nét và mượt mà, lý tưởng cho việc xem phim và làm việc.
Với 8GB RAM và ổ cứng 512GB PCIe, máy hỗ trợ đa nhiệm tốt và có đủ không gian lưu trữ cho tài liệu và ứng dụng.
Thiết kế màu đen thanh lịch cùng với chất lượng cứng cáp giúp laptop không chỉ bền bỉ mà còn dễ dàng mang theo.","Nguyên hộp, đầy đủ phụ kiện từ nhà sản xuất
Bảo hành pin và bộ sạc 12 tháng",Intel UHD Graphics,"12th Gen Intel Core i3-1215U (10 MB cache, 6 cores, up to 4.40 GHz Turbo)",32,,,15.6,Windows 11 Home,1920x1080,"2x USB 3.2 Gen 1 Type-A
1x USB 2.0
1x Power Jack
1x Tai nghe (tai nghe và micrô kết hợp)
1x HDMI 1.4 (Độ phân giải tối đa được hỗ trợ qua HDMI là 1920x1080 @60Hz. Không có đầu ra 4K/2K)",CellphoneS,
239348,https://cellphones.com.vn/laptop-asus-vivobook-14-x1405va-ly623w.html,Laptop ASUS Vivobook 14 X1405VA-LY623W,1529000000000.0,Giảm 7%,ASUS,,,"Laptop có thiết kế gọn nhẹ, màu bạc tinh tế, phù hợp cho những người thường xuyên di chuyển hoặc làm việc linh hoạt.
Trang bị vi xử lý Intel Core i5-13420H, kết hợp RAM 16GB, mang lại hiệu suất mạnh mẽ và khả năng đa nhiệm mượt mà.
Ổ cứng SSD 512GB PCIe đảm bảo tốc độ khởi động nhanh, truy xuất dữ liệu nhanh chóng và không gian lưu trữ rộng rãi cho người dùng.
Màn hình 14.0 inch WUXGA với tỷ lệ 16:10 cho hình ảnh sắc nét, độ chi tiết cao, phù hợp cho công việc văn phòng lẫn giải trí.","Nguyên hộp, đầy đủ phụ kiện từ nhà sản xuất
Bảo hành pin và bộ sạc 12 tháng",Intel UHD Graphics,"Intel Core i5-13420H 2.1 GHz (12MB Cache, up to 4.6 GHz, 8 lõi, 12 luồng)",32,,,14.0,Windows 11 Home,1920x1200,"1x USB 2.0 Type-A (tốc độ dữ liệu lên đến 480Mbps)
1x USB 3.2 Gen 1 Type-C hỗ trợ cấp nguồn (tốc độ dữ liệu lên đến 5Gbps)
2x USB 3.2 Gen 1 Type-A (tốc độ dữ liệu lên đến 5Gbps)
1x HDMI 1.4
1x Giắc cắm âm thanh kết hợp 3.5mm
1x DC-in",CellphoneS,
202565,https://cellphones.com.vn/laptop-lenovo-loq-15iax9-83gs00dbvn.html,Laptop Lenovo LOQ 15IAX9 83GS00DBVN,1949000000000.0,Giảm 17%,Laptop AI,4.5,2.0,"Trang bị bộ vi xử lý Intel Core i5-12450HX, mang lại khả năng xử lý ấn tượng cho các tác vụ đa nhiệm và trải nghiệm chơi game.
Card đồ họa 4GB RTX 2050, LOQ 15 cung cấp hiệu suất đồ họa ổn định, phù hợp cho các game và ứng dụng đồ họa nhẹ nhàng.
Màn hình 15.6 inch Full HD với tần số quét 144Hz mang đến hình ảnh rõ nét và mượt mà, lý tưởng cho việc chơi game và xem phim.
24GB RAM và 512GB PCIe SSD, cung cấp không gian lưu trữ rộng rãi và khả năng truy xuất dữ liệu nhanh chóng cho các ứng dụng và trò chơi.","Nguyên hộp, đầy đủ phụ kiện từ nhà sản xuất
Bảo hành pin và bộ sạc 12 tháng","NVIDIA GeForce RTX 2050 4GB GDDR6, Boost Clock 1575MHz, TGP 65W","Intel Core i5-12450HX, 8 lõi (4P + 4E) / 12 luồng, P-core up to 4.4GHz, E-core up to 3.1GHz, 12MB",16,,,15.6,"Windows 11 Home Single Language, English",1920x1080,"3x USB-A (USB 5Gbps / USB 3.2 Gen 1)
1x USB-C (USB 10Gbps / USB 3.2 Gen 2), với Lenovo PD 140W và DisplayPort 1.4
1x HDMI 2.1, lên đến 8K/60Hz
1x giắc cắm kết hợp tai nghe / micrô (3.5mm)
1x Ethernet (RJ-45)
1x đầu nối nguồn",CellphoneS,
229430,https://cellphones.com.vn/laptop-acer-aspire-7-a715-76g-59mw.html,Laptop Acer Aspire 7 A715-76G-59MW,1529000000000.0,Giảm 29%,Acer,5.0,3.0,"Chip Intel Core i5 12450H cùng card RTX 2050 4 GB không chỉ mượt mà mọi tác vụ văn phòng, mà còn cho bạn thoả sức chiến các tựa game yêu thích
RAM 8 GB được hỗ trợ nâng cấp tối đa 32 GB thoải mái thao tác với nhiều tác vụ, chơi game
Ổ cứng SSD 512 GB cho phép lưu trữ nhiều tệp tin, tài liệu vừa tăng tốc độ khởi động hệ thống lên đáng kể
Màn hình 15.6 inch Full HD mang đến không gian hiển thị tương đối rộng và rõ nét
Tần số quét 144 Hz giúp khung hình chuyển động trơn tru, hỗ trợ game thủ phản ứng nhanh chóng","Nguyên hộp, đầy đủ phụ kiện từ nhà sản xuất
Bảo hành pin và bộ sạc 12 tháng","NVIDIA GeForce RTX 2050, 4 GB","Intel Core i5 - 12450H (8 lõi / 12 luồng, 2.00 GHz, Turbo Boost 4.4 GHz, 12 MB)",16,,,15.6,Windows 11 Home SL,1920x1080,"1x USB Type-C (hỗ trợ USB, DisplayPort, Thunderbolt 4)
1x Jack tai nghe 3.5 mm
3x USB 3.2
1x HDMI
1x LAN (RJ45)",CellphoneS,
203191,https://cellphones.com.vn/mac-mini-m2-16gb-512gb-2023.html,Mac mini M2 2023 (8 CPU - 10 GPU - 16GB - 512GB) | Chính hãng Apple Việt Nam,1499000000000.0,Giảm 46%,Mac,4.0,1.0,"Hiệu năng vượt trội với con chip M2 cùng 10 nhân GPU - Chạy tốt các tác vụ như render video, chỉnh sửa hình ảnh
Đa nhiệm tốt, mở cùng lúc nhiều ứng dụng với dung lượng ram lên đến 16GB
Thiết kế nhỏ gọn cùng trọng lượng chỉ 1.18kg - dễ dàng di chuyển mọi lúc mọi nơi
Hệ điều hành MacOS Ventura mang đến khả năng bảo mật vượt trội, bảo vệ mọi dữ liẹu của người dùng","Mới, đầy đủ phụ kiện từ nhà sản xuất","10 nhận GPU
16 nhân Neural Engine",Apple M2 8 nhân,32,,,,,,"Jack 3.5mm, cổng HDMI, 2 cổng USB-A, Cổng Ethernet",CellphoneS,
248651,https://cellphones.com.vn/laptop-dell-vostro-3530-2h1tpi5-16gb.html,Laptop Dell Vostro 3530 2H1TPI5 - Nhập khẩu chính hãng,1569000000000.0,Giảm 17%,Dell,,,"Laptop được trang bị vi xử lý Intel i5-1334U, mang lại hiệu suất mạnh mẽ cho các tác vụ văn phòng và giải trí.
Màn hình 15.6 inch FHD cung cấp hình ảnh sắc nét và rõ ràng, lý tưởng cho cả làm việc và xem phim.
Với 16GB RAM và ổ cứng 512GB PCIe, máy cho phép người dùng lưu trữ nhiều dữ liệu và chạy nhiều ứng dụng cùng lúc một cách mượt mà.
Thiết kế màu đen hiện đại, phù hợp với môi trường làm việc chuyên nghiệp và phong cách sống năng động.","Nguyên hộp, đầy đủ phụ kiện từ nhà sản xuất
Bảo hành pin và bộ sạc 12 tháng",Intel UHD Graphics,"Intel Core i5-1334U thế hệ thứ 13 / 10 nhân 12 luồng / 0.9 GHz to 4.6 GHz, 12MB",32,,,15.6,"Máy nguyên bản Free OS, được tặng Win11 Pro",1920x1080,"1x Đầu nối nguồn
1x HDMI 1.4
1x USB 3.2 Gen 1
1x Khe cắm thẻ SD
1x USB 2.0
1x Cổng tai nghe 3.5mm
1x Cổng Lan
1x Type C",CellphoneS,
233084,https://cellphones.com.vn/laptop-dell-inspiron-15-3520-i3520-7896blk-pus.html,Laptop Dell Inspiron 15 3520 I3520-7896BLK-PUS - Nhập khẩu chính hãng,1899000000000.0,Giảm 7%,Dell,5.0,1.0,"Trang bị chip Intel Core i7-1255U, cho hiệu suất cao trong công việc và giải trí.
RAM 16GB, giúp làm việc đa nhiệm mượt mà và xử lý các tác vụ nặng dễ dàng.
Ổ cứng 1TB PCIe cung cấp khả năng lưu trữ thoải mái cho tài liệu, hình ảnh và video.
Màn hình 15.6 inch FHD với tần số quét 60Hz đem đến trải nghiệm hình ảnh sống động và mượt mà.","Nguyên hộp, đầy đủ phụ kiện từ nhà sản xuất
Bảo hành pin và bộ sạc 12 tháng",Intel Iris Xe Graphics,"Intel Core i7-1255U / Thế hệ 12 / 8 nhân 12 luồng / Up to 4,70Ghz / 12MB Intel Smart Cache",32,,,15.6,Windows 11 Home,1920x1080,"1 x HDMI 1.4
2 x USB-A 3.2
1 x USB-A 2.0
1x Jack 3.5mm",CellphoneS,
200059,https://cellphones.com.vn/laptop-lenovo-loq-15iax9-83gs001qvn.html,Laptop Lenovo LOQ 15IAX9 83GS001QVN,2349000000000.0,Giảm 13%,Lenovo,5.0,2.0,"Trang bị bộ vi xử lý Intel Core i5-12450HX, mang lại hiệu suất cao cho các tác vụ đa nhiệm.
Với 12GB RAM, máy có khả năng xử lý mượt mà nhiều ứng dụng cùng lúc.
Ổ cứng 512GB PCIe cung cấp không gian lưu trữ nhanh chóng và rộng rãi cho dữ liệu và phần mềm.
Màn hình 15.6 inch FHD với tần số quét 144Hz giúp hình ảnh sắc nét và mượt mà, lý tưởng cho việc chơi game và xem phim.
Card đồ họa rời NVIDIA RTX 4050 6GB hỗ trợ xử lý đồ họa nặng, giúp cải thiện trải nghiệm chơi game và thiết kế đồ họa.","Nguyên hộp, đầy đủ phụ kiện từ nhà sản xuất
Bảo hành pin và bộ sạc 12 tháng","NVIDIA GeForce RTX 4050 6GB GDDR6, Boost Clock 2370MHz, TGP 105W","Intel Core i5-12450HX, 8C (4P + 4E) / 12T, P-core up to 4.4GHz, E-core up to 3.1GHz, 12MB",16,,,15.6,"Windows 11 Home Single Language, English",1920x1080,"3x USB-A (USB 5Gbps / USB 3.2 Gen 1)
1x USB-C (USB 10Gbps / USB 3.2 Gen 2), với Lenovo PD 140W, DisplayPort 1.4
1x HDMI 2.1, up to 8K/60Hz
1x Headphone / microphone combo jack (3.5mm)
1x Ethernet (RJ-45)
1x Đầu nối nguồn",CellphoneS,
237763,https://cellphones.com.vn/laptop-asus-v16-k3607vj-rp106w.html,Laptop ASUS Gaming V16 K3607VJ-RP106W,2349000000000.0,Giảm 4%,ASUS,,,"Trang bị vi xử lý Intel Core 7-240H, RAM 16GB và ổ cứng SSD 512GB PCIe, mang lại khả năng xử lý nhanh chóng và mượt mà.
Card đồ họa NVIDIA GeForce RTX 3050 6GB, máy hỗ trợ chơi game nặng và xử lý đồ họa chuyên nghiệp một cách hiệu quả.
Màn hình 16.0 inch WUXGA với tần số quét 144Hz đem lại hình ảnh sắc nét, mượt mà, lý tưởng cho gaming và công việc sáng tạo.
Với kiểu dáng gọn nhẹ và lớp vỏ màu đen sang trọng, chiếc laptop này vừa đáp ứng nhu cầu di động vừa thể hiện phong cách cá nhân.","Nguyên hộp, đầy đủ phụ kiện từ nhà sản xuất
Bảo hành pin và bộ sạc 12 tháng","NVIDIA GeForce RTX 3050 6GB GDDR6
Intel Graphics","Intel Core 7 240H 2.5 GHz (24MB Cache, up to 5.2 GHz, 10 lõi, 16 luồng)",16,,,16.0,Windows 11 Home,1920x1200,"1x USB 3.2 Gen 1 Type-C hỗ trợ hiển thị/cung cấp điện (5Gbps)
2x USB 3.2 Gen 1 Type-A (5Gbps)
1x HDMI 2.1 FRL
1x Giắc cắm âm thanh kết hợp 3.5mm
1x DC-in",CellphoneS,
235396,https://cellphones.com.vn/imac-m4-2024-24-inch-16gb-256gb.html,iMac M4 2024 24 inch 8CPU 8GPU 16GB 256GB | Chính hãng Apple Việt Nam,3399000000000.0,Giảm 3%,Mac,,,"Sở hữu màn hình Retina sắc nét, sống động, mang đến trải nghiệm hình ảnh tuyệt vời cho người dùng.
Với chip M4 8 nhân CPU và 8 nhân GPU đảm bảo hiệu năng mạnh mẽ, xử lý đa nhiệm mượt mà và đáp ứng tốt nhu cầu làm việc và giải trí.
RAM 16GB cho phép máy chạy đa tác vụ trơn tru, không bị giật lag, ngay cả khi mở nhiều ứng dụng cùng lúc.
Dung lượng lưu trữ 256GB SSD đáp ứng đủ nhu cầu lưu trữ cho hầu hết người dùng, cho phép truy xuất dữ liệu nhanh chóng.","Máy mới 100%, đầy đủ phụ kiện từ nhà sản xuất. Sản phẩm có mã SA/A (được Apple Việt Nam phân phối chính thức).",GPU 8 lõi,"Apple M4 8 lõi với 4 lõi hiệu năng và 4 lõi tiết kiệm điện
Neural Engine 16 lõi",32,,,24.0,macOS,4480x2520,"2x Thunderbolt 4 (lên đến 40Gb/s)
USB 4 (lên đến 40Gb/s)
USB 3.1 Gen 2 (lên đến 10Gb/s)
DisplayPort
Jack cắm tai nghe 3.5 mm có hỗ trợ nâng cao cho tai nghe trở kháng cao",CellphoneS,
240975,https://cellphones.com.vn/laptop-asus-vivobook-15-oled-a1505va-ma468w.html,Laptop ASUS Vivobook 15 OLED A1505VA MA468W,1749000000000.0,Giảm 17%,ASUS,5.0,3.0,"Màn hình OLED 2.8K với tần số quét 120Hz cho hình ảnh sắc nét, màu sắc rực rỡ và chuyển động mượt mà.
Card đồ họa Intel Iris Xe Graphics cho hiệu năng mạnh mẽ để xử lý các tác vụ đa nhiệm, chỉnh sửa ảnh, video đơn giản và chơi game nhẹ.
Công nghệ âm thanh SonicMaster - Mang đến âm thanh sống động và chi tiết.
Với thiết kế mỏng nhẹ chỉ 1.7kg dễ dàng mang theo bên mình, đồng thời vẫn đảm bảo độ bền bỉ và chắc chắn.","Mới, đầy đủ phụ kiện từ nhà sản xuất",Intel Iris Xe Graphics,"Intel Core I5-13500H 2.6 GHz (18MB Cache, up to 4.7 GHz, 12 lõi, 16 luồng)",32,,,15.6,Windows 11 Home,2880x1620,"1x USB 2.0 Type-A
1x USB 3.2 Gen 1 Type-C (Hỗ trợ sạc)
2x USB 3.2 Gen 1 Type-A
1x HDMI 1.4
1x 3.5mm Combo Audio Jack
1x DC-in",CellphoneS,
223598,https://cellphones.com.vn/laptop-lenovo-yoga-slim-7-14imh9-83cv008evn.html,Laptop Lenovo Yoga Slim 7 14IMH9 83CV008EVN,2499000000000.0,Giảm 4%,Laptop AI,,,"Hiệu năng mạnh mẽ, trang bị Intel Core U5-125H, RAM 16GB, SSD 1TB PCIe, hỗ trợ đa nhiệm mượt mà.
Màn hình OLED sắc nét, kích thước 14 inch WUXGA, màu sắc sống động, phù hợp giải trí và sáng tạo nội dung.
Thiết kế mỏng nhẹ, kiểu dáng thanh lịch, màu xám hiện đại, dễ dàng mang theo.
Hệ điều hành cài sẵn Windows 11 + Office bản quyền, sử dụng ngay không cần cài đặt thêm.","Nguyên hộp, đầy đủ phụ kiện từ nhà sản xuất
Bảo hành pin và bộ sạc 12 tháng",Intel Arc Graphics,"Intel Core Ultra 5 125H, 14 lõi (4P + 8E + 2LPE) / 18 luồng, Max Turbo up to 4.5GHz, 18MB",32,,,14.0,"Windows 11 Home Single Language, English + Microsoft 365 Basic + Office Home 2024",1920x1200,"1x USB-A (USB 5Gbps / USB 3.2 Gen 1), Luôn bật
2x USB-C (Thunderbolt 4 / USB4 40Gbps), với USB PD 3.1 và DisplayPort 1.4
1x HDMI 2.1, lên đến 4K/60Hz
1x giắc cắm kết hợp tai nghe / micrô (3.5 mm)",CellphoneS,
236207,https://cellphones.com.vn/laptop-lenovo-yoga-slim-7-14imh9-83cv008evn.html,Laptop Lenovo Yoga Slim 7 14IMH9 83CV008EVN,2499000000000.0,Giảm 4%,Laptop AI,,,"Hiệu năng mạnh mẽ, trang bị Intel Core U5-125H, RAM 16GB, SSD 1TB PCIe, hỗ trợ đa nhiệm mượt mà.
Màn hình OLED sắc nét, kích thước 14 inch WUXGA, màu sắc sống động, phù hợp giải trí và sáng tạo nội dung.
Thiết kế mỏng nhẹ, kiểu dáng thanh lịch, màu xám hiện đại, dễ dàng mang theo.
Hệ điều hành cài sẵn Windows 11 + Office bản quyền, sử dụng ngay không cần cài đặt thêm.","Nguyên hộp, đầy đủ phụ kiện từ nhà sản xuất
Bảo hành pin và bộ sạc 12 tháng",Intel Arc Graphics,"Intel Core Ultra 5 125H, 14 lõi (4P + 8E + 2LPE) / 18 luồng, Max Turbo up to 4.5GHz, 18MB",32,,,14.0,"Windows 11 Home Single Language, English + Microsoft 365 Basic + Office Home 2024",1920x1200,"1x USB-A (USB 5Gbps / USB 3.2 Gen 1), Luôn bật
2x USB-C (Thunderbolt 4 / USB4 40Gbps), với USB PD 3.1 và DisplayPort 1.4
1x HDMI 2.1, lên đến 4K/60Hz
1x giắc cắm kết hợp tai nghe / micrô (3.5 mm)",CellphoneS,
248016,https://cellphones.com.vn/laptop-asus-vivobook-14-x1404va-nk394w.html,Laptop ASUS Vivobook 14 X1404VA-NK394W,999000000000.0,Giảm 21%,ASUS,,,"Trang bị bộ vi xử lý Intel Core i3-1315U, máy cung cấp hiệu suất đủ mạnh để xử lý các tác vụ văn phòng và giải trí cơ bản.
RAM 8GB giúp chạy mượt mà nhiều ứng dụng cùng lúc, mang lại trải nghiệm sử dụng thoải mái.
Ổ cứng 512GB PCIe cung cấp không gian lưu trữ nhanh và rộng rãi cho tài liệu, hình ảnh và video.
Màn hình 14.0 inch Full HD mang đến hình ảnh sắc nét và màu sắc sống động, phù hợp cho cả làm việc và giải trí.","Nguyên hộp, đầy đủ phụ kiện từ nhà sản xuất
Bảo hành pin và bộ sạc 12 tháng",Intel Arc Graphics,"Intel Core Ultra 5 125H, 14 lõi (4P + 8E + 2LPE) / 18 luồng, Max Turbo up to 4.5GHz, 18MB",32,,,14.0,"Windows 11 Home Single Language, English + Microsoft 365 Basic + Office Home 2024",1920x1200,"1x USB-A (USB 5Gbps / USB 3.2 Gen 1), Luôn bật
2x USB-C (Thunderbolt 4 / USB4 40Gbps), với USB PD 3.1 và DisplayPort 1.4
1x HDMI 2.1, lên đến 4K/60Hz
1x giắc cắm kết hợp tai nghe / micrô (3.5 mm)",CellphoneS,
233163,https://cellphones.com.vn/laptop-asus-expertbook-b1402cba-nk2669w.html,Laptop ASUS Expertbook B1402CBA-NK2669W,1329000000000.0,Giảm 34%,ASUS,5.0,5.0,"Trang bị bộ vi xử lý Intel Core i5 mạnh mẽ, giúp xử lý hiệu quả các tác vụ từ cơ bản đến phức tạp
Hỗ trợ RAM 16GB và ổ cứng SSD 512GB, cho máy hoạt động nhanh chóng và mượt mà
Laptop có màn hình 14 inch với độ phân giải Full HD, cho phép xem phim, duyệt web hay chỉnh sửa ảnh cơ bản rõ ràng, sắc nét
Thiết kế phần vỏ máy cứng cáp, tạo nên một cấu trúc vững chắc và không kém phần sang trọng","Nguyên hộp, đầy đủ phụ kiện từ nhà sản xuất
Bảo hành pin và bộ sạc 12 tháng",Intel UHD Graphics,"Intel Core i5-1235U (1.7 GHz, 12M Cache, up to 4.4 GHz, 12 lõi)",32,,,14.0,Windows 11 Home,1920x1080,"1x USB 2.0 Type-A
1x USB 3.2 Gen 1 Type-A
1x USB 3.2 Gen 1 Type-C (Sạc)
1x USB 3.2 Gen 2 Type-C (display / Sạc)
1x HDMI 1.4, up to 1920x1080/60Hz
1x 3.5mm Combo Audio Jack
1x RJ45 Gigabit Ethernet",CellphoneS,
244130,https://cellphones.com.vn/laptop-asus-vivobook-s-16-s5606ca-ri114ws.html,Laptop ASUS Vivobook S 16 S5606CA-RI114WS,2599000000000.0,Giảm 10%,Laptop AI,,,"Laptop ASUS sở hữu thiết kế hiện đại, màu xanh nổi bật, phù hợp với phong cách trẻ trung và năng động.
Máy được trang bị màn hình 16.0 inch OLED 3K với tần số quét 120Hz, mang lại hình ảnh sắc nét và màu sắc sống động vượt trội.
Hiệu năng mạnh mẽ đến từ vi xử lý Intel Core Ultra 5 225H, RAM 16GB, và ổ cứng SSD 512GB PCIe, đáp ứng tốt cả công việc lẫn giải trí.
Laptop cài sẵn Windows 11 và Microsoft Office bản quyền, mang lại sự tiện lợi và sẵn sàng sử dụng ngay từ khi mở hộp.","Nguyên hộp, đầy đủ phụ kiện từ nhà sản xuất
Bảo hành pin và bộ sạc 12 tháng",Intel Arc Graphics,"Intel Core Ultra 5 225H 1.7 GHz (18MB Cache, up to 4.9 GHz, 14 lõi, 16 luồng)",16,,,16.0,Windows 11 Home + Microsoft Office Home 2024 + Microsoft 365 Basic,2880x1800,"2x USB 3.2 Gen 1 Type-A (tốc độ dữ liệu lên đến 5Gbps)
2x Thunderbolt 4 hỗ trợ hiển thị/cung cấp điện (tốc độ dữ liệu lên đến 40Gbps)
1x HDMI 2.1 TMDS
1x Giắc cắm âm thanh kết hợp 3.5mm
Đầu đọc thẻ Micro SD",CellphoneS,
232680,https://cellphones.com.vn/laptop-asus-vivobook-go-15-e1504fa-nj454w.html,Laptop ASUS Vivobook GO 15 E1504FA-NJ454W,1199000000000.0,Giảm 17%,ASUS,4.7,7.0,"CPU AMD Ryzen 5 7520U tiên tiến, đáp ứng nhanh chóng các công việc soạn thảo văn bản, duyệt web, chạy code,...
Card tích hợp AMD Radeon Graphics mạnh mẽ, thực hiện mượt mà các tác vụ đồ họa, xem video HD, xử lý ảnh cơ bản.
RAM 16 GB LPDDR5 cho hiệu suất hoạt động tối ưu, giúp bạn duyệt web, chỉnh sửa hình ảnh mà không lo giật lag.
Ổ cứng SSD 512 GB cung cấp không gian lưu trữ đủ đầy cho mọi tài liệu và tập tin của bạn.
Màn hình 15.6 inch Full HD cùng độ phủ màu đạt 45% NTSC giúp tái hiện hình ảnh chân thực.","Nguyên hộp, đầy đủ phụ kiện từ nhà sản xuất
Bảo hành pin và bộ sạc 12 tháng",AMD Radeon Graphics,"AMD Ryzen 5 7520U (4 lõi / 8 luồng, 4MB cache, up to 4.3 GHz max boost)",32,,,15.6,Windows 11 Home,1920x1080,"1x USB 2.0 Type-A
1x USB 3.2 Gen 1 Type-A
1x USB 3.2 Gen 1 Type-C
1x HDMI 1.4
1x 3.5mm Combo Audio Jack 1x DC-in",CellphoneS,
228173,https://cellphones.com.vn/laptop-dell-latitude-3540-71038100.html,Laptop Dell Latitude 3540 71038100,1579000000000.0,Giảm 17%,Dell,,,"Trang bị vi xử lý Intel Core i5-1235U, mang lại hiệu suất mạnh mẽ cho các tác vụ văn phòng và đa nhiệm.
Với 16GB RAM và ổ cứng 512GB PCIe, máy cho phép người dùng lưu trữ nhiều dữ liệu và chạy nhiều ứng dụng cùng lúc mà không gặp lag.
Màn hình 15.6 inch Full HD cung cấp hình ảnh sắc nét và màu sắc sống động, lý tưởng cho công việc và giải trí.
Thiết kế màu xám thanh lịch, phù hợp cho môi trường làm việc chuyên nghiệp và dễ dàng di chuyển.","Nguyên hộp, đầy đủ phụ kiện từ nhà sản xuất
Bảo hành pin và bộ sạc 12 tháng",Intel Iris Xe Graphics,"Intel Core i5-1235U (12 MB cache, 10 lõi, 12 luồng, up to 4.40 GHz Turbo)",32,,,15.6,"Windows 11 Home, Single Language English",1920x1080,"1x RJ 45 Flip-down 10/100/1000 Mbps
1x USB 3.2 Gen 2 Type-C (Sạc / DisplayPort Alt)
1x USB 3.2 Gen 1 với PowerShare
2x USB 3.2 Gen 1
1x Cổng âm thanh đa năng
1x HDMI 1.4
1x Khe cắm thẻ microSIM
1x Khe khóa hình nêm",CellphoneS,
219686,https://cellphones.com.vn/laptop-asus-zenbook-s-14-oled-ux5406sa-pv140ws.html,Laptop ASUS Zenbook S 14 OLED UX5406SA-PV140WS,4099000000000.0,Giảm 9%,Laptop AI,5.0,1.0,"Màn hình OLED 14 inch, độ phân giải 3K và tần số quét 120Hz, mang lại hình ảnh sắc nét và chuyển động mượt mà.
Máy được trang bị bộ vi xử lý Intel Core U7, cho hiệu năng mạnh mẽ trong việc xử lý đa tác vụ.
Với 32GB RAM, laptop này đáp ứng xuất sắc nhu cầu đa nhiệm, cho phép người dùng mở nhiều ứng dụng cùng lúc mà không gặp tình trạng giật lag.
Ổ cứng SSD PCIe dung lượng 1TB cung cấp không gian lưu trữ rộng rãi và tốc độ truy xuất dữ liệu nhanh chóng.","Nguyên hộp, đầy đủ phụ kiện từ nhà sản xuất
Bảo hành pin và bộ sạc 12 tháng",Intel Arc Graphics,"Intel Core Ultra 7-258V 32GB 1.8 GHz (12MB Cache, up to 4.8 GHz, 8 lõi, 8 luồng)",32,,,14.0,"Windows 11 Home
Microsoft Office Home & Student 2021 + Microsoft 365 Basic",2880x1800,"1x USB 3.2 Gen 2 Type-A
2x Thunderbolt 4 (display / Sạc)
1x HDMI 2.1 TMDS
1x 3.5mm Combo Audio Jack",CellphoneS,
229522,https://cellphones.com.vn/laptop-acer-aspire-lite-14-al14-71m-52gq.html,Laptop Acer Aspire Lite 14 AL14-71M-52GQ,1499000000000.0,Giảm 6%,Acer,4.9,8.0,"Với bộ vi xử lý Intel Core i5-12500H và 16GB RAM, máy cho hiệu suất xử lý nhanh chóng và mượt mà.
Ổ cứng 512GB PCIe cung cấp không gian lưu trữ lớn cùng với tốc độ đọc/ghi ấn tượng.
Màn hình 14.0 inch WUXGA mang đến hình ảnh sắc nét với độ phân giải cao, phù hợp cho cả công việc và giải trí.
Thiết kế màu bạc mang lại vẻ hiện đại và thanh lịch, dễ dàng mang theo bên mình.","Nguyên hộp, đầy đủ phụ kiện từ nhà sản xuất
Bảo hành pin và bộ sạc 12 tháng",Intel Iris Xe Graphics,"Intel Core i5-12500H (Up to 4.50GHz, 12 lõi, 16 luồng, 18MB Intel Smart Cache)",16,,,14.0,Windows 11 Home Single Language,1920x1200,"1x USB Type-C
3x USB-A
1x HDMI 1.4 hỗ trợ HDCP
1x Đầu đọc thẻ MicroSD
1x giắc cắm tai nghe/loa 3.5 mm, hỗ trợ tai nghe có micrô tích hợp",CellphoneS,
214780,https://cellphones.com.vn/laptop-hp-gaming-victus-16-s0173ax-a9lg9pa.html,Laptop HP Gaming Victus 16-S0173AX A9LG9PA,1899000000000.0,Giảm 31%,HP,,,"Trang bị bộ vi xử lý AMD Ryzen 5 7640HS, mang lại hiệu suất ổn định cho các trò chơi và ứng dụng nặng.
Với 16GB RAM và ổ cứng 512GB PCIe, máy cho phép đa nhiệm hiệu quả và khởi động nhanh chóng.
Card đồ họa NVIDIA GeForce RTX 3050 6GB giúp xử lý mượt mà các tựa game hiện đại và ứng dụng đồ họa.
Màn hình 16.1 inch FHD với tần số quét 144Hz cung cấp hình ảnh sắc nét và trải nghiệm chơi game mượt mà.","Nguyên hộp, đầy đủ phụ kiện từ nhà sản xuất
Bảo hành pin và bộ sạc 12 tháng",NVIDIA GeForce RTXTM 3050 (6 GB GDDR6),"AMD Ryzen 5 7640HS (up to 5.0 GHz max boost clock,16 MB L3 cache, 6 lõi,12 luồng)",16,,,16.1,Windows 11 Home Single Language,1920x1080,"1x USB Type-A (HP Sleep and Charge)
1x USB Type-C (Sac, DisplayPortTM 1.4a, HP Sleep and Charge)
2x USB Type-A
1x HDMI 2.1
1x RJ-45
1x Bộ chuyển đổi điện xoay chiều thông minh
1x Cổng kết hợp tai nghe/micrô",CellphoneS,
233000,https://cellphones.com.vn/apple-macbook-air-15-m4-10cpu-10gpu-16gb-512gb-2025.html,MacBook Air M4 15 inch 2025 10CPU 10GPU 16GB 512GB | Chính hãng Apple Việt Nam,3699000000000.0,,Mac,,,"MacBook Air 15 inch M4 mang thiết kế thanh lịch, độ mỏng ấn tượng 1.15 cm và trọng lượng chỉ 1.51 kg, phù hợp cho việc di chuyển.
Trang bị chip Apple M4 mạnh mẽ với 10 CPU và 10 GPU, cho khả năng xử lý đa tác vụ và đồ họa vượt trội so với thế hệ trước.
Bộ nhớ RAM 16GB cùng ổ cứng SSD 512GB đem lại trải nghiệm đa nhiệm mượt mà, tốc độ khởi động và truy xuất dữ liệu nhanh chóng.
Màn hình Liquid Retina 15.3 inch với độ phân giải 2880x1864 pixels, độ sáng 500 nits và dải màu P3 rộng, mang lại hình ảnh sống động và chân thực.","Máy mới 100%, đầy đủ phụ kiện từ nhà sản xuất. Sản phẩm có mã SA/A (được Apple Việt Nam phân phối chính thức).","GPU 10 lõi
Neural Engine 16 lõi
Công nghệ dò tia tốc độ cao bằng phần cứng
Băng thông bộ nhớ 120GB/s",CPU 10 lõi với 4 lõi hiệu năng và 6 lõi tiết kiệm điện,32,,,15.3,macOS,2880x1864,"Cổng sạc MagSafe 3
Jack cắm tai nghe 3.5 mm
Hai cổng Thunderbolt 4 (USB-C) hỗ trợ: Sạc / DisplayPort / Thunderbolt 4 (lên đến 40Gb/s) / USB 4 (lên đến 40Gb/s)",CellphoneS,
215446,https://cellphones.com.vn/laptop-lenovo-loq-15arp9-83jc003vvn.html,Laptop Lenovo LOQ 15ARP9 83JC003VVN,2449000000000.0,Giảm 11%,Lenovo,5.0,4.0,"Trang bị CPU AMD Ryzen 7 7435HS mạnh mẽ cùng card đồ họa rời NVIDIA GeForce RTX 4050 6GB, mang đến trải nghiệm chơi game mượt mà ở mức cài đặt cao.
Tận hưởng hình ảnh sắc nét, chuyển động mượt mà với tần số quét 144Hz, loại bỏ hiện tượng giật lag, xé hình.
Ổ cứng SSD 512GB PCIe cho phép bạn lưu trữ thoải mái dữ liệu và truy cập ứng dụng nhanh chóng.
Lớp vỏ màu xám mạnh mẽ, bàn phím full-size với đèn nền RGB cá tính, tạo nên phong cách gaming nổi bật.
Trải nghiệm hệ điều hành Windows mới nhất với giao diện hiện đại, nhiều tính năng thông minh và bảo mật nâng cao.","Nguyên hộp, đầy đủ phụ kiện từ nhà sản xuất
Bảo hành pin và bộ sạc 12 tháng","NVIDIA GeForce RTX 4050 6GB GDDR6, Boost Clock 2370MHz, TGP 105W","AMD Ryzen 7 7435HS (8C / 16T, 3.1 / 4.5GHz, 4MB L2 / 16MB L3)",16,,,15.6,Windows 11 Home,1920x1080,"1x USB-A
2x USB-C (PD 140W / DisplayPort 1.4) 1x HDMI 2.1, tối đa 8K/60Hz
1x Headphone / microphone combo jack (3.5mm)
1x Ethernet (RJ-45)
1x Đầu nối nguồn",CellphoneS,
245204,https://cellphones.com.vn/laptop-msi-gaming-thin-15-b13uc-1411vn-24gb.html,Laptop MSI Gaming Thin 15 B13UC-1411VN V2,1969000000000.0,Giảm 10%,MSI,,,"Trang bị vi xử lý Intel Core i7-13620H, mang lại hiệu suất mạnh mẽ cho các trò chơi và ứng dụng đòi hỏi cao.
Với 24GB RAM và ổ cứng 512GB PCIe, máy cung cấp không gian lưu trữ đủ lớn và khả năng xử lý đa nhiệm mượt mà.
Card đồ họa NVIDIA RTX 3050 4GB giúp nâng cao trải nghiệm chơi game với đồ họa sắc nét và tốc độ khung hình mượt mà.
Màn hình 15.6 inch Full HD với tần số quét 144Hz mang đến hình ảnh sống động và phản hồi nhanh, lý tưởng cho game thủ.","Nguyên hộp, đầy đủ phụ kiện từ nhà sản xuất
Bảo hành pin và bộ sạc 12 tháng",NVIDIA GeForce RTX 3050 Laptop GPU + Intel UHD Graphics,Intel Core i7-13620H,32,,,15.6,Windows 11 Home,1920x1080,"1x Type-C (USB3.2 Gen1 / DisplayPort)
3x Type-A USB3.2 Gen1
1x HDMI (4K @ 30Hz)
1x RJ45
1x Mic-in
1x Headphone-out",CellphoneS,
228953,https://cellphones.com.vn/apple-macbook-pro-16-m4-max-16-cpu-40-gpu-64gb-2tb-2024.html,MacBook Pro 16 M4 Max 16CPU 40GPU 64GB 2TB | Chính hãng Apple Việt Nam,11699000000000.0,Giảm 0%,Mac,,,"Hiệu năng cực mạnh mẽ xử lý mọi tác vụ một cách nhanh chóng và mượt mà.
RAM 64GB dung lượng lớn, cho phép đa nhiệm mượt mà, xử lý nhiều ứng dụng chuyên nghiệp cùng lúc mà không bị giật lag.
Ổ cứng SSD 2TB siêu tốc, đảm bảo truy xuất dữ liệu nhanh chóng, tiết kiệm thời gian hiệu quả.
Màn hình Liquid Retina XDR 16 inch sắc nét, sống động với dải màu rộng, lý tưởng cho công việc chỉnh sửa hình ảnh, video chuyên nghiệp.","Máy mới 100%, đầy đủ phụ kiện từ nhà sản xuất. Sản phẩm có mã SA/A (được Apple Việt Nam phân phối chính thức).",,,32,,,,,,,CellphoneS,
224236,https://cellphones.com.vn/laptop-lenovo-ideapad-1-14alc7-82r30077vn.html,Laptop Lenovo IdeaPad 1 14ALC7 82R30077VN,1299000000000.0,Giảm 10%,Lenovo,,,"Laptop được trang bị màn hình 14 inch Full HD, mang lại hình ảnh sắc nét và màu sắc sống động, lý tưởng cho việc xem phim và làm việc.
Với bộ vi xử lý AMD Ryzen 7 5700U kết hợp với 16GB RAM, máy có khả năng xử lý mượt mà các tác vụ đa nhiệm và ứng dụng nặng.
Ổ SSD 512GB PCIe cung cấp không gian lưu trữ lớn và tốc độ truy xuất dữ liệu nhanh, giúp khởi động hệ điều hành và ứng dụng trong tích tắc.
Laptop chạy trên Windows 11, mang đến giao diện thân thiện và nhiều tính năng cải tiến cho trải nghiệm người dùng tốt hơn.","Nguyên hộp, đầy đủ phụ kiện từ nhà sản xuất
Bảo hành pin và bộ sạc 12 tháng",AMD Radeon Graphics,"AMD Ryzen 7 5700U (8 lõi / 16 luồng, 1.8 / 4.3GHz, 4MB L2 / 8MB L3)",16,,,14.0,"Windows 11 Home Single Language, English",1920x1080,"1x USB 2.0
1x USB 3.2 Gen 1
1x USB-C 3.2 Gen 1 (chỉ hỗ trợ truyền dữ liệu)
1x HDMI 1.4b
1x giắc cắm kết hợp tai nghe/micrô (3.5 mm)
1x đầu đọc thẻ
1x đầu nối nguồn",CellphoneS,
235374,https://cellphones.com.vn/laptop-asus-rog-strix-g16-g614ju-n3206w.html,Laptop ASUS ROG Strix G16 G614JU-N3206W,3099000000000.0,Giảm 21%,ASUS,,,"Bộ vi xử lý Intel Core i7-13650HX mạnh mẽ, máy cung cấp hiệu suất vượt trội cho đa nhiệm và ứng dụng nặng.
RAM 16GB cùng ổ cứng 1TB PCIe giúp lưu trữ lớn và tốc độ truy xuất dữ liệu nhanh chóng.
Card đồ họa NVIDIA GeForce RTX 4050 6GB mang lại trải nghiệm đồ họa mượt mà cho các tựa game hiện đại.
Màn hình 16.0 inch WUXGA với tần số quét 165Hz cho hình ảnh sắc nét và chuyển động mượt mà.","Nguyên hộp, đầy đủ phụ kiện từ nhà sản xuất
Bảo hành pin và bộ sạc 12 tháng",NVIDIA GeForce RTX 4050 (194 AI TOPs) 6GB GDDR6,"Intel Core i7-13650HX (2.6 GHz 24M Cache, up to 4.9 GHz, 14 lõi: 6 P-cores and 8 E-cores)",32,,,16.0,Windows 11 Home,1920x1200,"1x RJ45 LAN
1x Thunderbolt 4 hỗ trợ DisplayPort (40Gbps)
1x USB 3.2 Gen 2 Type-C (DisplayPort / Sạc / G-SYNC) (10Gbps)
2x USB 3.2 Gen 2 Type-A (10Gbps)
1x HDMI 2.1 FRL
1x Giắc cắm âm thanh kết hợp 3.5 mm",CellphoneS,
200122,https://cellphones.com.vn/laptop-lenovo-legion-slim-5-16ahp9-83dh003avn.html,Laptop Lenovo Legion Slim 5 16AHP9 83DH003AVN,3649000000000.0,Giảm 13%,Lenovo,4.0,1.0,"Sở hữu sức mạnh vượt trội với chip AMD Ryzen 7 8845HS kết hợp card đồ họa rời NVIDIA GeForce RTX 4060 8GB, cho phép bạn chinh phục mọi tựa game AAA mới nhất.
Tận hưởng trải nghiệm hình ảnh sắc nét, sống động với màn hình 16 inch WQXGA (2560x1600) và tần số quét 165Hz, mang đến chuyển động mượt mà, không giật lag.
Phá vỡ khuôn mẫu laptop gaming hầm hố với thiết kế mỏng nhẹ, thanh lịch, phù hợp cho cả game thủ và người dùng năng động.
Được trang bị hệ thống tản nhiệt tiên tiến, Legion Slim 5 luôn mát mẻ, êm ái ngay cả khi hoạt động ở cường độ cao.
Không chỉ chơi game, Legion Slim 5 còn đáp ứng tốt nhu cầu làm việc và giải trí di động với thời lượng pin dài và công nghệ sạc nhanh chóng.","Nguyên hộp, đầy đủ phụ kiện từ nhà sản xuất
Bảo hành pin và bộ sạc 12 tháng","NVIDIA GeForce RTX 4060 8GB GDDR6, Boost Clock 2370MHz, TGP 140W","AMD Ryzen 7 8845HS (8C / 16T, 3.8 / 5.1GHz, 8MB L2 / 16MB L3)",32,,,16.0,Windows 11 Home,2560x1600,"1x USB-A (luôn bật)
3x USB-A
1x USB-C (PD 140W / DisplayPort 1.4) 1x USB-C (DisplayPort 1.4) 1x HDMI 2.1, tối đa 8K/60Hz
1x Headphone / microphone combo jack (3.5mm)
1x Ethernet (RJ-45)
1x Đầu đọc thẻ
1x Đầu nối nguồn",CellphoneS,
200587,https://cellphones.com.vn/laptop-asus-zenbook-14-um3406ka-pp555ws-ryzen-ai-7.html,Laptop ASUS Zenbook 14 UM3406KA-PP555WS,2899000000000.0,Giảm 9%,Laptop AI,,,"Trang bị bộ vi xử lý Ryzen AI 7 350, mang đến hiệu suất vượt trội cho các tác vụ đa nhiệm và đồ họa.
Màn hình 14.0 inch 3K OLED với tần số quét 120Hz cung cấp hình ảnh sắc nét và mượt mà, lý tưởng cho cả làm việc và giải trí.
Với 32GB RAM và ổ cứng 512GB, người dùng có thể dễ dàng lưu trữ và xử lý dữ liệu lớn.
Thiết kế mỏng nhẹ và màu đen sang trọng giúp máy trở nên nổi bật và dễ dàng mang theo.","Nguyên hộp, đầy đủ phụ kiện từ nhà sản xuất
Bảo hành pin và bộ sạc 12 tháng",AMD Radeon Graphics,"AMD Ryzen AI 7 350 2.0GHz (24MB Cache, up to 5.0GHz, 8 lõi, 16 luồng)",16,,,14.0,Windows 11 Home + Microsoft Office Home 2024 + Microsoft 365 Basic,2880x1800,"1x USB 3.2 Gen 1 Type-A (5Gbps)
1x USB 3.2 Gen 2 Type-C hỗ trợ hiển thị/sạc (10Gbps)
1x USB 4.0 Gen 3 Type-C hỗ trợ hiển thị/sạc (40Gbps)
1x HDMI 2.1 TMDS
1x Giắc cắm âm thanh kết hợp 3.5mm",CellphoneS,
228299,https://cellphones.com.vn/laptop-asus-expertbook-b1-b1502cva-nj0101w.html,Laptop ASUS ExpertBook B1 B1502CVA-NJ0101W,979000000000.0,Giảm 18%,ASUS,,,"Máy tính này được trang bị bộ vi xử lý Intel Core i3-1315U đảm bảo hiệu suất xuất sắc trong việc thực hiện nhiều loại tác vụ, từ đơn giản đến nâng cao.
Với sự hỗ trợ của 8GB RAM và ổ đĩa SSD có dung lượng 256 GB, cung cấp tốc độ và hiệu suất làm việc mượt mà.
Màn hình 15.6 inch, độ phân giải Full HD, đem lại trải nghiệm xem phim, lướt web và chỉnh sửa ảnh cơ bản với hình ảnh rõ nét và chất lượng cao.
Cấu trúc vỏ máy được thiết kế chắc chắn, mang lại vẻ đẹp sang trọng cùng độ bền cao.","Nguyên hộp, đầy đủ phụ kiện từ nhà sản xuất
Bảo hành pin và bộ sạc 12 tháng",Intel UHD Graphics,"Intel Core i3-1315U (1.2 GHz, 10M Cache, up to 4.5 GHz, 6 lõi)",16,,,15.6,Windows 11 Home,1920x1080,"1x USB 2.0 Loại A
1x USB 3.2 Gen 1 Loại A
1x USB 3.2 Gen 1 Type-C
1x USB 3.2 Gen 2 Type-C h
1x HDMI 1.4
1x Giắc âm thanh
1x RJ45 Gigabit Ethernet",CellphoneS,
218433,https://cellphones.com.vn/laptop-asus-rog-strix-g16-g614ju-n4450w.html,Laptop ASUS ROG Strix G16 G614JU-N4450W,3549000000000.0,Giảm 13%,ASUS,,,"Bộ vi xử lý Intel Core i7-13650HX mạnh mẽ, máy cung cấp hiệu suất vượt trội cho đa nhiệm và ứng dụng nặng.
RAM 32GB cùng ổ cứng 1TB PCIe giúp lưu trữ lớn và tốc độ truy xuất dữ liệu nhanh chóng.
Card đồ họa NVIDIA GeForce RTX 4050 6GB mang lại trải nghiệm đồ họa mượt mà cho các tựa game hiện đại.
Màn hình 16.0 inch WUXGA với tần số quét 240Hz cho hình ảnh sắc nét và chuyển động mượt mà.","Nguyên hộp, đầy đủ phụ kiện từ nhà sản xuất
Bảo hành pin và bộ sạc 12 tháng",NVIDIA GeForce RTX 4050 (194 AI TOPs) 6GB GDDR6,"Intel Core i7-13650HX (2.6 GHz 24M Cache, up to 4.9 GHz, 14 lõi: 6 P-cores and 8 E-cores)",32,,,16.0,Windows 11 Home,2560x1600,"1x RJ45 LAN
1x Thunderbolt 4 hỗ trợ DisplayPort (40Gbps)
1x USB 3.2 Gen 2 Type-C (DisplayPort / Sạc / G-SYNC) (10Gbps)
2x USB 3.2 Gen 2 Type-A (10Gbps)
1x HDMI 2.1 FRL
1x Giắc cắm âm thanh kết hợp 3.5 mm",CellphoneS,
236242,https://cellphones.com.vn/macbook-pro-16-inch-m4-max-48gb-1tb.html,MacBook Pro 16 M4 Max 16CPU 40GPU 48GB 1TB | Chính hãng Apple Việt Nam,10199000000000.0,Giảm 0%,Mac,,,"Hiệu năng cực mạnh mẽ xử lý mọi tác vụ một cách nhanh chóng và mượt mà.
RAM 48GB dung lượng lớn, cho phép đa nhiệm mượt mà, xử lý nhiều ứng dụng chuyên nghiệp cùng lúc mà không bị giật lag.
Ổ cứng SSD 1TB siêu tốc, đảm bảo truy xuất dữ liệu nhanh chóng, tiết kiệm thời gian hiệu quả.
Màn hình Liquid Retina XDR 16 inch sắc nét, sống động với dải màu rộng, lý tưởng cho công việc chỉnh sửa hình ảnh, video chuyên nghiệp.","Máy mới 100%, đầy đủ phụ kiện từ nhà sản xuất. Sản phẩm có mã SA/A (được Apple Việt Nam phân phối chính thức).","40 lõi
Neural Engine 16 lõi",Apple M4 Max 16 lõi với 12 lõi hiệu năng và 4 lõi tiết kiệm điện,32,,,16.2,macOS,3456x2234,"Khe thẻ nhớ SDXC
Cổng HDMI
Jack cắm tai nghe 3.5 mm
Cổng MagSafe 3
Ba cổng Thunderbolt 5 (USB‑C) hỗ trợ: Sạc, DisplayPort, Thunderbolt 5 (lên đến 120Gb/s), Thunderbolt 4 (lên đến 40Gb/s), USB 4 (lên đến 40Gb/s)",CellphoneS,
242161,https://cellphones.com.vn/laptop-asus-vivobook-16x-k3605vc-rp431w.html,Laptop ASUS Gaming Vivobook 16X K3605VC-RP431W,1949000000000.0,Giảm 7%,ASUS,,,"Laptop ASUS VivoBook 16X được trang bị vi xử lý Intel Core i5-13420H, mang lại hiệu suất ổn định cho công việc và giải trí.
Màn hình 16.0 inch WUXGA 144Hz cung cấp hình ảnh sắc nét và mượt mà, lý tưởng cho việc xem phim và chơi game.
Với 16GB RAM và ổ cứng 512GB PCIe, máy hỗ trợ đa nhiệm hiệu quả và có đủ không gian lưu trữ cho dữ liệu.
Card đồ họa 4GB RTX 3050 giúp xử lý đồ họa tốt, phù hợp cho các trò chơi và ứng dụng yêu cầu cấu hình vừa phải.","Nguyên hộp, đầy đủ phụ kiện từ nhà sản xuất
Bảo hành pin và bộ sạc 12 tháng","NVIDIA Geforce RTX 3050 4GB GDDR6
Intel UHD Graphics","Intel Core i5-13420H 2.1 GHz (12MB Cache, up to 4.6 GHz, 8 lõi, 12 luồng)",32,,,16.0,Windows 11 Home,1920x1200,"1x USB 3.2 Gen 1 Type-C hỗ trợ cấp nguồn (5Gbps)
2x USB 3.2 Gen 1 Type-A (5Gbps)
1x HDMI 2.1 TMDS
1x Giắc cắm âm thanh kết hợp 3,5mm
1x DC-in
Đầu đọc thẻ SD 4.0",CellphoneS,
209295,https://cellphones.com.vn/laptop-hp-pavilion-15-eg3112tu-8u6l9pa.html,Laptop HP Pavilion 15-EG3112TU 8U6L9PA,2099000000000.0,Giảm 17%,HP,,,"Sở hữu thiết kế sang trọng với lớp vỏ màu bạc tinh tế
Màn hình 15.6 inch Full HD cho hình ảnh sắc nét, màu sắc chân thực, hỗ trợ làm việc, học tập hay giải trí thoải mái
CPU Intel Core i7-1335U đáp ứng tốt các tác vụ học tập và làm việc hay chỉnh sửa hình ảnh cơ bản
Ổ cứng 512GB SSD cho không gian lưu trữ lớn, khởi động máy, mở ứng dụng nhanh chóng","Nguyên hộp, đầy đủ phụ kiện từ nhà sản xuất
Bảo hành pin và bộ sạc 12 tháng",Intel Iris Xe Graphics,"Intel Core i7 - 1335U (3.70 GHz, up to 5.00 GHz)",16,,,15.6,Windows 11 Home Single Language,1920x1080,"1x USB 3.2 Gen 2
2x USB 3.2 Gen 1
1x HDMI",CellphoneS,
242308,https://cellphones.com.vn/laptop-asus-vivobook-15-x1504va-nj070w.html,Laptop ASUS VivoBook 15 X1504VA-NJ070W,1439000000000.0,Giảm 22%,ASUS,5.0,2.0,"Màn hình 15.6 inch Full HD cho hình ảnh sắc nét, màu sắc chính xác
Bộ vi xử lý Intel Core i5 1335U mạnh mẽ chạy đa tác vụ mượt mà
Card tích hợp Intel Iris Xe Graphics giúp cải thiện hiệu suất xử lý đồ họa cũng như chơi game cơ bản
RAM 16 GB DDR4 cung cấp khả năng đa nhiệm trơn tru với tốc độ truyền dữ liệu nhanh
Ổ cứng SSD 512 GB giúp máy khởi động, tải ứng dụng và tập tin ngay tức thì","Nguyên hộp, đầy đủ phụ kiện từ nhà sản xuất
Bảo hành pin và bộ sạc 12 tháng",Intel Iris Xe Graphics,"Intel Core i5-1335U (12MB Cache, 1.3 GHz up to 4.6 GHz, 10 lõi / 12 luồng)",32,,,15.6,Windows 11 Home,1920x1080,"1x USB 2.0 Type-A
1x USB 3.2 Gen 1 Type-C
2x USB 3.2 Gen 1 Type-A
1x HDMI 1.4
1x DC-in",CellphoneS,
241507,https://cellphones.com.vn/laptop-lenovo-loq-15arp9-83jc007jvn.html,Laptop Lenovo LOQ 15ARP9 83JC007JVN,2049000000000.0,Giảm 16%,Lenovo,4.0,1.0,"Cấu hình mạnh mẽ với chip AMD Ryzen 5-7235HS, RAM 24GB và SSD 512GB PCIe.
Đồ họa ấn tượng với card màn hình NVIDIA GeForce RTX 3050 6GB.
Màn hình 15.6 inch Full HD 144Hz cho trải nghiệm hiển thị sắc nét và mượt mà.
Màu sắc xám lịch lãm, phù hợp với nhiều phong cách sử dụng.","Nguyên hộp, đầy đủ phụ kiện từ nhà sản xuất
Bảo hành pin và bộ sạc 12 tháng","NVIDIA GeForce RTX 3050 6GB GDDR6, Boost Clock 1732MHz, TGP 95W","AMD Ryzen 5 7235HS (4C / 8T, 3.2 / 4.2GHz, 2MB L2 / 8MB L3)",16,,,15.6,Windows 11 Home Single Language,1920x1080,"3x USB-A (USB 5Gbps / USB 3.2 Gen 1)
1x USB-C (USB 10Gbps / USB 3.2 Gen 2), với Lenovo PD 140W và DisplayPort 1.4
1x HDMI 2.1, up to 8K/60Hz
1x Headphone / microphone combo jack (3.5mm)
1x Ethernet (RJ-45)
1x Đầu nối nguồn",CellphoneS,
248473,https://cellphones.com.vn/laptop-asus-vivobook-s-14-flip-tp3402va-lz632w.html,Laptop ASUS Vivobook S 14 FLIP TP3402VA-LZ632W,1849000000000.0,Giảm 12%,ASUS,,,"Laptop 2 trong 1 với thiết kế linh hoạt, cho phép bạn chuyển đổi giữa chế độ laptop và tablet dễ dàng.
Trang bị vi xử lý Intel Core i5-13420H mạnh mẽ, kết hợp với 16GB RAM và ổ cứng 512GB PCIe, mang đến hiệu suất mượt mà cho các tác vụ đa nhiệm và xử lý đồ họa.
Màn hình 14.0 inch WUXGA với độ phân giải cao và cảm ứng cho trải nghiệm xem sắc nét và tương tác trực quan.
Laptop đi kèm bút cảm ứng, lý tưởng cho việc ghi chú hoặc vẽ.","Nguyên hộp, đầy đủ phụ kiện từ nhà sản xuất
Bảo hành pin và bộ sạc 12 tháng",Intel UHD Graphics,"Intel Core i5-13420H 2.1 GHz (12MB Cache, up to 4.6 GHz, 8 lõi, 12 luồng)",32,,,14.0,Windows 11 Home,1920x1200,"1x USB 2.0 Type-A (480Mbps)
1x USB 3.2 Gen 2 Type-A (10Gbps)
1x USB 3.2 Gen 2 Type-C hỗ trợ hiển thị/cung cấp điện (10Gbps)
1x HDMI 2.1 TMDS
1x Giắc cắm âm thanh kết hợp 3.5mm
1x DC-in",CellphoneS,
246998,https://cellphones.com.vn/laptop-hp-envy-x360-2in1-14-fc0162tu-ay8x1pa.html,Laptop HP Envy X360 2IN1 14-FC0162TU AY8X1PA,2589000000000.0,Giảm 13%,HP,,,"Laptop có vẻ ngoài bạc thanh lịch, dễ dàng thu hút ánh nhìn và phù hợp với nhiều phong cách.
Màn hình 14.0 inch 2.8K OLED mang đến hình ảnh sắc nét, màu sắc sống động, lý tưởng cho việc xem phim và làm việc.
Tính năng 2-in-1 cho khả năng chuyển đổi linh hoạt giữa laptop và tablet.
Trang bị chip U5-125U và RAM 16GB, máy đảm bảo khả năng xử lý mượt mà các tác vụ đa nhiệm.
Ổ cứng 512GB PCIe cung cấp không gian lưu trữ lớn, cho phép người dùng lưu trữ nhiều tài liệu và ứng dụng.","Nguyên hộp, đầy đủ phụ kiện từ nhà sản xuất
Bảo hành pin và bộ sạc 12 tháng",Intel Graphics,"Intel Core Ultra 5 125U (up to 4.3 GHz with Intel Turbo Boost Technology,12 MB L3 cache,12 lõi,14 luồng)",32,,,14.0,"Windows 11 Home Single Language
Office H&S tích hợp",2880x1800,"2x USB Type-A 10Gbps
1x HDMI 2.1
1x headphone/microphone combo
1x USB Type-C (Sạc, DisplayPort 2.1, HP Sleep and Charge)
1x Thunderbolt 4 với USB Type-C (Sạc, DisplayPort 2.1, HP Sleep and Charge)",CellphoneS,
221620,https://cellphones.com.vn/laptop-gaming-acer-nitro-v-anv15-41-r7ap.html,Laptop Gaming Acer Nitro V 15 ProPanel ANV15-41-R7AP,1929000000000.0,Giảm 16%,Acer,5.0,2.0,"Laptop gaming Acer Nitro V ANV15-41-R7AP với hiệu năng mạnh mẽ từ CPU AMD Ryzen 5-7535HS.
Màn hình 15.6 inch FHD 180Hz cho hình ảnh sắc nét, mượt mà trong các tựa game.
RAM 16GB DDR5 và SSD 512GB PCIe NVMe cho khả năng đa nhiệm và khởi động nhanh chóng.
Card đồ họa RTX 2050 phù hợp cho các tựa game online phổ biến ở mức thiết lập trung bình.","Nguyên hộp, đầy đủ phụ kiện từ nhà sản xuất
Bảo hành pin và bộ sạc 12 tháng",,,32,,,,,,,CellphoneS,
211600,https://cellphones.com.vn/laptop-asus-vivobook-15-oled-a1505va-ma492w.html,Laptop ASUS Vivobook 15 OLED A1505VA-MA492W,1999000000000.0,Giảm 9%,ASUS,5.0,1.0,"Chip Intel Core i7-13700H, RAM 16GB, SSD 512GB PCIe cho khả năng xử lý mượt mà mọi tác vụ, từ công việc, học tập đến giải trí, chơi game.
Màn hình OLED 15.6 inch, độ phân giải 2.8K cung cấp trải nghiệm hình ảnh tuyệt đẹp với màu sắc sống động, chi tiết sắc nét và độ tương phản hoàn hảo.
Vẫn giữ thiết kế mỏng nhẹ, hiện đại, phiên bản này toát lên vẻ sang trọng với lớp vỏ màu bạc tinh tế.
Cài đặt sẵn Windows 11 bản quyền, mang đến giao diện hiện đại, nhiều tính năng mới mẻ và khả năng bảo mật tối ưu.
Với cấu hình mạnh mẽ, màn hình đẹp và thiết kế sang trọng, là sự lựa chọn hoàn hảo cho người dùng cần một chiếc laptop đa năng, đáp ứng mọi nhu cầu từ công việc đến giải trí.","Nguyên hộp, đầy đủ phụ kiện từ nhà sản xuất
Bảo hành pin và bộ sạc 12 tháng",Intel Iris Xe Graphics,"Intel Core i7-13700H 2.4 GHz (24MB Cache, up to 5.0 GHz, 14 lõi, 20 luồng)",32,,,15.6,Windows 11 Home,2880x1620,"1x USB 2.0 Type-A
1x USB 3.2 Gen 1 Type-C
2x USB 3.2 Gen 1 Type-A
1x HDMI 1.4
1x 3.5mm Combo Audio Jack
1x DC-in",CellphoneS,
229940,https://cellphones.com.vn/laptop-asus-vivobook-s-16-s5606ca-ri115ws.html,Laptop ASUS Vivobook S 16 S5606CA-RI115WS,3229000000000.0,Giảm 10%,Laptop AI,,,"Laptop ASUS sở hữu thiết kế hiện đại, màu xanh nổi bật, phù hợp với phong cách trẻ trung và năng động.
Máy được trang bị màn hình 16.0 inch OLED 3K với tần số quét 120Hz, mang lại hình ảnh sắc nét và màu sắc sống động vượt trội.
Hiệu năng mạnh mẽ đến từ vi xử lý Intel Core Ultra 7-255H, RAM 32GB, và ổ cứng SSD 1TB, đáp ứng tốt cả công việc lẫn giải trí.
Laptop cài sẵn Windows 11 và Microsoft Office bản quyền, mang lại sự tiện lợi và sẵn sàng sử dụng ngay từ khi mở hộp.","Nguyên hộp, đầy đủ phụ kiện từ nhà sản xuất
Bảo hành pin và bộ sạc 12 tháng",Intel Arc Graphics,"Intel Core Ultra 7 255H 2.0 GHz (24MB Cache, up to 5.1 GHz, 16 lõi, 16 luồng)",32,,,16.0,Windows 11 Home + Microsoft Office Home 2024 + Microsoft 365 Basic,2880x1800,"2x USB 3.2 Gen 1 Type-A (tốc độ dữ liệu lên đến 5Gbps)
2x Thunderbolt 4 hỗ trợ hiển thị/cung cấp điện (tốc độ dữ liệu lên đến 40Gbps)
1x HDMI 2.1 TMDS
1x Giắc cắm âm thanh kết hợp 3.5mm
Đầu đọc thẻ Micro SD",CellphoneS,
207979,https://cellphones.com.vn/laptop-hp-15s-fq5231tu-8u241pa.html,Laptop HP 15S-FQ5231TU 8U241PA,969000000000.0,Giảm 19%,HP,5.0,1.0,"Sở hữu thiết kế hiện đại với lớp vỏ bạc đẹp mắt, tạo cảm giác hài hòa cho mọi không gian làm việc.
CPU Intel Core i3 1215U xử lý trơn tru mọi tác vụ thường ngày hay sử dụng Word, Excel, PowerPoint,...
RAM 8 GB cho khả năng đa nhiệm mượt mà, mở cùng lúc nhiều tab Chrome và các ứng dụng khác như Spotify, Photoshop,...
Ổ cứng SSD 256 GB dễ dàng truy xuất hay khởi động ứng dụng nhanh chóng.","Máy, sạc, sách hướng dẫn",,,32,,,,,,,CellphoneS,
228092,https://cellphones.com.vn/laptop-dell-inspiron-14-5440-n5440-c5u165w11ibd2.html,Laptop Dell Inspiron 14 5440 N5440-C5U165W11IBD2,2469000000000.0,Giảm 7%,Dell,,,"Trang bị vi xử lý Intel Core i5-120U, mang đến hiệu suất ổn định cho các tác vụ văn phòng và giải trí.
Với 16GB RAM và ổ cứng SSD 512GB, người dùng có không gian lưu trữ tốt và tốc độ truy xuất dữ liệu nhanh chóng.
Card đồ họa rời 2GB MX570A giúp xử lý mượt mà các ứng dụng đồ họa và game nhẹ.
Màn hình 14.0 inch với độ phân giải 2.2K cung cấp hình ảnh sắc nét và màu sắc sống động, nâng cao trải nghiệm xem.","Nguyên hộp, đầy đủ phụ kiện từ nhà sản xuất
Bảo hành pin và bộ sạc 12 tháng",,,16,,,,,,,CellphoneS,
206719,https://cellphones.com.vn/laptop-acer-aspire-lite-gen-2-al14-52m-32kv.html,Laptop Acer Aspire Lite Gen 2 AL14-52M-32KV,979000000000.0,Giảm 2%,Acer,5.0,6.0,"Trang bị bộ vi xử lý Intel Core i3-1305U, mang lại hiệu suất ổn định cho các tác vụ văn phòng và giải trí cơ bản.
Với RAM 8GB và ổ cứng SSD 256GB PCIe, máy cung cấp tốc độ truy xuất dữ liệu nhanh chóng, giúp xử lý đa nhiệm mượt mà.
Màn hình 14.0 inch WUXGA cho hình ảnh sắc nét và màu sắc sống động, phù hợp cho cả công việc lẫn giải trí.
Cài sẵn Windows 11, người dùng có thể tận hưởng những tính năng mới nhất và cải tiến trong trải nghiệm sử dụng.","Nguyên hộp, đầy đủ phụ kiện từ nhà sản xuất
Bảo hành pin và bộ sạc 12 tháng",Intel UHD Graphics,"Intel Core i3-1305U (5 lõi / 6 luồng, 3.3 GHz, 4.5 GHz, 10 MB Intel Smart Cache)",32,,,14.0,Windows 11 Home SL,1920x1200,"1x USB Type-C
3x Cổng USB-A
Đầu đọc thẻ MicroSD
Cổng HDMI 1.4 hỗ trợ HDCP
Giắc cắm tai nghe/loa 3.5 mm, hỗ trợ tai nghe có micrô tích hợp",CellphoneS,
211161,https://cellphones.com.vn/laptop-hp-victus-16-s0136ax-9q984pa.html,Laptop HP Victus 16-S0136AX 9Q984PA,2049000000000.0,Giảm 29%,HP,,,"Trang bị bộ vi xử lý AMD Ryzen 5 7640HS, kết hợp với RAM 32GB, mang đến khả năng xử lý nhanh chóng, mượt mà cho các tác vụ từ công việc đến giải trí và chơi game.
Card đồ họa RTX 3050 6GB, chiếc laptop này hỗ trợ chơi game cấu hình cao, xử lý đồ họa chuyên sâu và trải nghiệm hình ảnh sống động.
Màn hình 16.1 inch Full HD với tần số quét 144Hz đảm bảo hình ảnh hiển thị sắc nét, chuyển động mượt mà, lý tưởng cho cả chơi game và làm việc.
Ổ cứng SSD 512GB PCIe giúp khởi động máy, truy cập dữ liệu và cài đặt ứng dụng nhanh chóng, đồng thời cung cấp không gian lưu trữ đủ lớn.","Nguyên hộp, đầy đủ phụ kiện từ nhà sản xuất
Bảo hành pin và bộ sạc 12 tháng",NVIDIA GeForce RTX 3050 (GDDR6 6 GB chuyên dụng),"AMD Ryzen 5 7640HS (tốc độ xung nhịp tăng tối đa lên đến 5,0 GHz, bộ nhớ đệm L3 16 MB, 6 lõi,12 luồng)",32,,,16.1,Windows 11 Home Single Language,1920x1080,"1x USB Type-A (HP Sleep and Charge)
1x USB Type-C (USB Power Delivery, DisplayPort 1.4a, HP Sleep and Charge)
2x USB Type-A
1x cổng HDMI 2.1
1x RJ-45
1x bộ chuyển đổi điện xoay chiều thông minh
1x cổng kết hợp tai nghe/micrô",CellphoneS,
246302,https://cellphones.com.vn/laptop-hp-14s-dq5121tu-8w355pa.html,Laptop HP 14S-DQ5121TU 8W355PA,999000000000.0,Giảm 23%,HP,5.0,2.0,"Laptop trang bị bộ vi xử lý Intel Core i3-1215U, mang lại hiệu suất ổn định cho các tác vụ hàng ngày.
Với 8GB RAM, máy đủ khả năng xử lý đa nhiệm cơ bản mà không gặp vấn đề lag.
Ổ cứng 512GB PCIE cung cấp không gian lưu trữ rộng rãi và tốc độ truy xuất dữ liệu nhanh chóng.
Màn hình 14.0 inch với độ phân giải FHD mang đến hình ảnh sắc nét, giúp người dùng dễ dàng theo dõi nội dung trong công việc và giải trí.","Nguyên hộp, đầy đủ phụ kiện từ nhà sản xuất
Bảo hành pin và bộ sạc 12 tháng",Intel UHD Graphics,Intel Core i3-1215U (6 lõi) - Max Turbo Frequency: 4.40 GHz,32,,,14.0,Windows 11 Home Single Language 64-bit,1920x1080,"2 x USB 3.2 Gen 1 Type-A
1 x USB 3.2 Gen 1 Type-C
1 x HDMI
1 x Headphone/ Microphone combo audio jack",CellphoneS,
216599,https://cellphones.com.vn/laptop-lenovo-gaming-legion-pro-5-16irx9-83df0046vn.html,Laptop Lenovo Gaming Legion 5 Pro 16IRX9 83DF0046VN,5199000000000.0,Giảm 9%,Lenovo,,,"Trang bị chip Intel Core i9-14900HX thế hệ 14 mới nhất, RAM 32GB và ổ cứng SSD 1TB PCIe cho hiệu năng xử lý vượt trội.
Card đồ họa NVIDIA GeForce RTX 4070 8GB mạnh mẽ mang đến trải nghiệm đồ họa tuyệt đỉnh trên màn hình 16 inch WQXGA 240Hz.
Tận hưởng hình ảnh sắc nét, mượt mà với tần số quét cao.
Thiết kế hầm hố, đậm chất gaming cùng hệ thống tản nhiệt hiệu quả, mang đến trải nghiệm giải trí tuyệt vời.","Nguyên hộp, đầy đủ phụ kiện từ nhà sản xuất
Bảo hành pin và bộ sạc 12 tháng","NVIDIA GeForce RTX 4070 8GB GDDR6, Boost Clock 2175MHz, TGP 140W","Intel Core i9-14900HX, 24C (8P + 16E) / 32T, P-core 2.2 / 5.8GHz, E-core 1.6 / 4.1GHz, 36MB",32,,,16.0,Windows 11 Home,2560x1600,"1x USB-A luôn bật
3x USB-A
2x USB-C (PD 140W / DisplayPort 1.4) 1x HDMI 2.1, tối đa 8K/60Hz
1x Headphone / microphone combo jack (3.5mm)
1x Ethernet (RJ-45)
1x Đầu nối nguồn",CellphoneS,
214148,https://cellphones.com.vn/laptop-hp-pavilion-15-eg3095tu-8c5l6pa-16gb.html,Laptop HP Pavilion 15-EG3095TU 8C5L6PA V2,1759000000000.0,Giảm 12%,HP,,,"Mang phong cách tối giản nhưng đầy sang trọng đặc trưng của các dòng máy đến từ nhà HP
Màn hình 15.6 inch Full HD mang đến chất lượng hình ảnh sắc nét, tận hưởng màn hình lớn vô cùng đã mắt
CPU Intel Core i5-1335U đáp ứng tốt các tác vụ học tập và làm việc hay chỉnh sửa hình ảnh cơ bản
Ổ cứng dung lượng lớn 512GB SSD cung cấp không gian lưu trữ lớn, khởi động máy và mở ứng dụng nhanh chóng hơn","Nguyên hộp, đầy đủ phụ kiện từ nhà sản xuất
Bảo hành pin và bộ sạc 12 tháng",Intel Iris Xe Graphics,"Intel Core i5 - 1335U (1.30 GHz, Turbo Boost 4.6 GHz, 10 lõi / 12 luồng, 12 MB)",32,,,15.6,Windows 11 Home SL,1920x1080,"1x USB Type-C (hỗ trợ USB, Power Delivery và DisplayPort)
1x Jack tai nghe 3.5 mm
2x USB 3.2
1x HDMI",CellphoneS,
205472,https://cellphones.com.vn/laptop-asus-rog-zephyrus-g16-gu605cr-qr137w.html,Laptop ASUS ROG Zephyrus G16 GU605CR-QR137W,8299000000000.0,,ASUS,,,"Trang bị vi xử lý Intel Core U9-285H, RAM 32GB và ổ cứng SSD 1TB PCIe, mang lại hiệu năng tối ưu cho chơi game và công việc chuyên nghiệp.
Card đồ họa RTX 5070 Ti 12GB, máy đảm bảo khả năng xử lý đồ họa mượt mà, đáp ứng tốt các tựa game AAA và phần mềm sáng tạo yêu cầu cấu hình cao.
Màn hình 16 inch ROG Nebula OLED WQXGA với tần số quét 240Hz, hỗ trợ 100% DCI-P3, mang đến trải nghiệm hình ảnh sắc nét, màu sắc chính xác và mượt mà vượt trội.
Với vẻ ngoài màu xám sang trọng, trọng lượng nhẹ và đi kèm túi xách cùng chuột ROG, chiếc laptop này vừa dễ dàng mang theo vừa thể hiện phong cách của người dùng.","Nguyên hộp, đầy đủ phụ kiện từ nhà sản xuất
Bảo hành pin và bộ sạc 12 tháng","NVIDIA GeForce RTX 5070 Ti 12GB GDDR7 ROG Boost: 1497MHz* ở 115W (Xung nhịp tăng cường 1447MHz+OC 50MHz, Tăng cường động 95W+20W)
Intel Arc Graphics","Intel Core Ultra 9 285H 2.9 GHz (24MB Cache, up to 5.4 GHz, 16 lõi, 16 luồng)",16,,,16.0,Windows 11 Home,2560x1600,"1x Thunderbolt 4 hỗ trợ DisplayPort / Sạc (40Gbps)
1x USB 3.2 Gen 2 Type-C hỗ trợ DisplayPort / Sạc / G-SYNC (10Gbps)
2x USB 3.2 Gen 2 Type-A (10Gbps)
1x đầu đọc thẻ (UHS-II, 312MB/s)
1x HDMI 2.1 FRL
1x Giắc cắm âm thanh kết hợp 3.5mm",CellphoneS,
236370,https://cellphones.com.vn/laptop-gaming-acer-nitro-5-tiger-an515-58-773y.html,Laptop Gaming Acer Nitro 5 Tiger AN515 58 773Y,2199000000000.0,Giảm 15%,Acer,4.5,4.0,"Cấu hình chơi game và đồ họa đỉnh cao, cân mọi tựa game - Intel Core i7-12700H cùng card rời RTX™ 3050Ti.
Ram 16GB với 2 khe 8GB cho phép nâng cấp tối đa đến 32GB, ổ cứng SSD 512GB mang đến tốc độ xử lý nhanh cùng đa nhiệm mượt mà.
Màn hình Full HD kích thước chuẩn 15.6 inch, tần số quét 144Hz mang lại hình ảnh sắc nét.
Tích hợp Webcam 720p cho phép đàm thoại thông qua video thoải mái.
Thiết kế vỏ nhựa cứng cáp, nặng 2.2 kg cho cảm giác cầm chắc tay.","Nguyên hộp, đầy đủ phụ kiện từ nhà sản xuất
Bảo hành pin và bộ sạc 12 tháng",,,16,,,,,,,CellphoneS,
248263,https://cellphones.com.vn/laptop-asus-zenbook-14-ux3405ca-pz204ws.html,Laptop ASUS Zenbook 14 UX3405CA-PZ204WS,3699000000000.0,Giảm 5%,Laptop AI,,,"Trang bị bộ vi xử lý U9-285H, mang lại hiệu năng mạnh mẽ, lý tưởng cho các tác vụ đòi hỏi sức mạnh xử lý cao.
32GB RAM, ZenBook 14 cho phép thực hiện nhiều ứng dụng cùng lúc mà không gặp trở ngại, phù hợp cho công việc sáng tạo và đa nhiệm.
Ổ cứng SSD 1TB PCIe cung cấp không gian lưu trữ lớn và tốc độ truy cập nhanh, giúp quản lý dữ liệu hiệu quả.
Màn hình 14.0 inch 3K OLED với tần số quét 120Hz và tính năng cảm ứng tạo ra trải nghiệm hình ảnh sống động và mượt mà.","Nguyên hộp, đầy đủ phụ kiện từ nhà sản xuất
Bảo hành pin và bộ sạc 12 tháng",Intel Arc Graphics,"Intel Core Ultra 9 285H 2.9 GHz (24MB Cache, up to 5.4 GHz, 16 lõi, 16 luồng)",32,,,14.0,Windows 11 Home + Microsoft Office Home 2024 + Microsoft 365 Basic,2880x1800,"1x USB 3.2 Gen 1 Type-A (tốc độ dữ liệu lên đến 5Gbps)
2x Thunderbolt 4 hỗ trợ hiển thị/cung cấp điện (tốc độ dữ liệu lên đến 40Gbps)
1x HDMI 2.1 TMDS
1x Giắc cắm âm thanh kết hợp 3.5mm",CellphoneS,
225272,https://cellphones.com.vn/laptop-lenovo-thinkbook-16-g6-irl-21kh00q1vn.html,Laptop Lenovo ThinkBook 16 G6 IRL 21KH00Q1VN,1719000000000.0,Giảm 11%,Lenovo,,,"Với bộ vi xử lý Intel Core i5-13420H, mang lại hiệu suất xử lý ấn tượng cho các tác vụ đa nhiệm.
Màn hình 16 inch với độ phân giải WUXGA cung cấp hình ảnh rõ nét và màu sắc sống động, lý tưởng cho cả công việc và giải trí.
Máy được trang bị 16GB RAM và ổ cứng 512GB PCIe, đảm bảo không gian lưu trữ rộng rãi và tốc độ truy cập nhanh chóng.
Laptop có thiết kế tối giản, màu sắc thanh lịch, dễ dàng mang theo khi di chuyển, phù hợp với nhu cầu làm việc di động.","Nguyên hộp, đầy đủ phụ kiện từ nhà sản xuất
Bảo hành pin và bộ sạc 12 tháng",Intel UHD Graphics,"Intel Core i5-13420H, 8 lõi (4P + 4E) / 12 luồng, P-core 2.1 / 4.6GHz, E-core 1.5 / 3.4GHz, 12MB",32,,,16.0,"Máy nguyên bản Free OS, được tặng Windows 11 Pro",1920x1200,"2x USB 3.2 Gen 1
1x USB-C 3.2 Gen 2 (truyền dữ liệu, sạc, DisplayPort 1.4)
1x Thunderbolt 4 / USB4 (truyền dữ liệu, sạc, DisplayPort 1.4)
1x HDMI 2.1
1x giắc cắm kết hợp tai nghe/micrô (3.5mm)
1x Ethernet (RJ-45)
1x đầu đọc thẻ SD",CellphoneS,
222836,https://cellphones.com.vn/laptop-asus-tuf-gaming-a15-fa507nvr-lp091w.html,Laptop ASUS TUF Gaming A15 FA507NVR-LP091W,2599000000000.0,Giảm 16%,ASUS,,,"Bộ vi xử lý AMD Ryzen 7 7435HS kết hợp cùng card đồ họa rời RTX 4060 8GB, mang đến hiệu năng gaming đỉnh cao, chinh phục mọi tựa game AAA.
Màn hình 15.6 inch FHD (1920x1080) với tần số quét cao cho hình ảnh hiển thị sắc nét, sống động, giảm thiểu tối đa hiện tượng giật lag, xé hình.
16GB RAM DDR5, laptop đảm bảo khả năng chạy đa nhiệm hiệu quả, chuyển đổi giữa các ứng dụng nhanh chóng, mượt mà.
Ổ cứng SSD 512GB PCIe NVMe mang đến không gian lưu trữ rộng rãi và tốc độ truy xuất dữ liệu cực nhanh, giúp khởi động máy và truy cập ứng dụng nhanh chóng.","Nguyên hộp, đầy đủ phụ kiện từ nhà sản xuất
Bảo hành pin và bộ sạc 12 tháng",NVIDIA GeForce RTX 4060 8GB GDDR6,"AMD Ryzen 7 7435HS 3.1GHz (20MB Cache, up to 4.5 GHz, 8 lõi, 16 luồng)",32,,,15.6,Windows 11 Home,1920x1080,"1x RJ45 LAN
1x USB 3.2 Gen 2 Type-C
1x USB 3.2 Gen 2 Type-C support DisplayPort / power delivery / G-SYNC
2x USB 3.2 Gen 1 Type-A
1x HDMI 2.1 FRL
1x 3.5mm Combo Audio Jack Built-in array microphone",CellphoneS,
206366,https://cellphones.com.vn/laptop-lenovo-ideapad-slim-3-15abr8-82xm00mcvn.html,Laptop Lenovo IdeaPad Slim 3 15ABR8 82XM00MCVN,1399000000000.0,Giảm 15%,Lenovo,,,"Laptop Lenovo được trang bị vi xử lý AMD Ryzen 7 5825U mạnh mẽ, mang lại hiệu năng vượt trội cho công việc và giải trí.
Máy sở hữu 16GB RAM và ổ cứng SSD 512GB PCIe, đảm bảo khả năng xử lý đa nhiệm mượt mà và không gian lưu trữ thoải mái.
Màn hình 15.6 inch Full HD cho hình ảnh sắc nét, màu sắc trung thực, đáp ứng tốt nhu cầu học tập, làm việc và giải trí.
Thiết kế mỏng nhẹ với tông màu xám tinh tế, phù hợp cho người dùng năng động cần một chiếc laptop gọn gàng và hiệu năng cao.","Nguyên hộp, đầy đủ phụ kiện từ nhà sản xuất
Bảo hành pin và bộ sạc 12 tháng",AMD Radeon Graphics,"AMD Ryzen 7 5825U (8 lõi / 16 luồng, 2.0 / 4.5GHz, 4MB L2 / 16MB L3)",16,,,15.6,"Windows 11 Home Single Language, English",1920x1080,"2x USB 3.2 Gen 1
1x USB-C 3.2 Gen 1 (hỗ trợ truyền dữ liệu, Power Delivery và DisplayPort 1.2)
1x HDMI 1.4
1x giắc cắm kết hợp tai nghe/micrô (3.5mm)
1x đầu đọc thẻ
1x đầu nối nguồn",CellphoneS,
215888,https://cellphones.com.vn/apple-mac-studio-m3-ultra-28cpu-60gpu-2025.html,Apple Mac Studio M3 Ultra 2025 28CPU 60GPU 96GB 1TB | Chính hãng Apple Việt Nam,11599000000000.0,,Mac,,,"Mac Studio M3 Ultra 2025 với thiết kế nhỏ gọn từ nhôm nguyên khối, tích hợp hệ thống tản nhiệt tiên tiến gồm hai quạt kép hoạt động êm ái.
Sức mạnh đến từ chip M3 Ultra với 28 CPU và 60 GPU, mang lại hiệu năng vượt trội, có khả năng xử lý đồng thời nhiều dự án phức tạp như render 3D, biên tập video 8K và phát triển phần mềm chuyên nghiệp.
Hệ thống cổng kết nối đa dạng, hỗ trợ kết nối đến 8 màn hình cùng lúc.
Máy được trang bị Neural Engine 32 nhân thế hệ mới nhất, cho khả năng xử lý AI và Machine Learning mạnh mẽ, đáp ứng nhu cầu của các chuyên gia sáng tạo nội dung.","Máy mới 100%, đầy đủ phụ kiện từ nhà sản xuất. Sản phẩm có mã SA/A (được Apple Việt Nam phân phối chính thức).","GPU 60 lõi
Neural Engine 32 lõi
Công nghệ dò tia tốc độ cao bằng phần cứng
Băng thông bộ nhớ 819GB/s",CPU 28 lõi với 20 lõi hiệu năng và 8 lõi tiết kiệm điện,16,,,,macOS,,"4x Thunderbolt 5 (USB‑C) hỗ trợ: Thunderbolt 5 (120Gb/s) / USB 4 (120Gb/s) /USB 3 (10Gb/s) / DisplayPort 2.1
2x USB 3 (USB‑A) (5Gb/s)
Cổng HDMI 2.1
Ethernet 10Gb
Jack cắm tai nghe 3.5 mm
Mặt trước: 2x Thunderbolt 5 (120Gb/s), Khe thẻ n",CellphoneS,
201491,https://cellphones.com.vn/laptop-dell-vostro-3520-f0v0vi3.html,Laptop Dell Vostro 3520 F0V0VI3 - Nhập khẩu chính hãng,1049000000000.0,Giảm 13%,Dell,5.0,1.0,"Sở hữu thiết kế thanh lịch và đầy chuyên nghiệp, màu đen làm tăng vẻ sang trọng
Trang bị vi xử lý Intel Core i3-1215U đem lại hiệu năng ổn định cho công việc hàng ngày và xử lý đa nhiệm mượt mà
Bộ nhớ RAM 8GB và ổ cứng SSD PCIe 512GB giúp khởi động và truy cập dữ liệu nhanh chóng
Màn hình 15.6 inch FHD tạo ra hình ảnh sắc nét, giúp nâng cao trải nghiệm làm việc và giải trí","Nguyên hộp, đầy đủ phụ kiện từ nhà sản xuất
Bảo hành pin và bộ sạc 12 tháng",Intel UHD Graphics,"Intel Core i3-1215U (15 W, 6 lõi / 8 luồng, 1.20 GHz to 4.40 GHz, 10 MB)",16,,,15.6,"Máy nguyên bản Free OS, được tặng Windows 11 Pro",1920x1080,"1x Đầu đọc thẻ SD
1x USB 2.0
1x Ethernet (RJ45)
1x Headset (headphone and microphone combo)
1x Khe cắm cáp bảo mật (hình nêm)
1x Đầu nối nguồn
1x HDMI 1.4
2x USB 3.2 Gen 1",CellphoneS,
217150,https://cellphones.com.vn/laptop-lenovo-ideapad-slim-5-14irh10-83hr0001vn.html,Laptop Lenovo IdeaPad Slim 5 OLED 14IRH10 83HR0001VN,2119000000000.0,Giảm 10%,Lenovo,,,"Nổi bật với thiết kế mỏng nhẹ, màu xám thanh lịch, dễ dàng mang theo mọi lúc mọi nơi.
Sức mạnh xử lý vượt trội từ vi xử lý Intel Core i5-13420H, đáp ứng mượt mà các tác vụ đa nhiệm và công việc đòi hỏi hiệu năng cao.
Màn hình 14.0 inch WUXGA OLED siêu sắc nét, mang đến hình ảnh chân thực và sống động, lý tưởng cho giải trí và sáng tạo nội dung.
Dung lượng RAM 32GB và ổ cứng SSD 1TB PCIe đảm bảo tốc độ xử lý nhanh, không gian lưu trữ lớn cho mọi nhu cầu.","Nguyên hộp, đầy đủ phụ kiện từ nhà sản xuất
Bảo hành pin và bộ sạc 12 tháng",Intel UHD Graphics,"Intel Core i5-13420H, 8 lõi (4P + 4E) / 12 luồng, P-core 2.1 / 4.6GHz, E-core 1.5 / 3.4GHz, 12MB",32,,,14.0,"Windows 11 Home Single Language, English",1920x1200,"1x USB-A (USB 3.2 Gen 1)
1x USB-A (USB 3.2 Gen 1), Luôn bật
2x USB-C (USB 3.2 Gen 1), với USB PD 3.0 và DisplayPort 1.4
1x HDMI 1.4b
1x giắc cắm kết hợp tai nghe / micrô (3.5 mm)
1x đầu đọc thẻ microSD",CellphoneS,
200365,https://cellphones.com.vn/laptop-asus-zenbook-14-oled-ux3405ma-pp152w.html,Laptop ASUS Zenbook 14 OLED UX3405MA-PP152W,3099000000000.0,Giảm 11%,Laptop AI,4.8,6.0,"Màn hình OLED ASUS Lumina sống động, tạo ra hình ảnh sắc nét và màu sắc đẹp mắt
Bộ nhớ RAM 32GB LPDDR5X chạy nhiều tác vụ, ứng dụng cùng một lúc mà không lo bị giật lag
Bộ vi xử lý Intel® Core™ Ultra 7 giúp máy tính đạt hiệu suất cao và xử lý nhanh chóng
Bộ loa Siêu tuyến tính mới mang lại âm thanh mạnh mẽ, cung cấp trải nghiệm nghe nhạc và xem phim chất lượng cao
Màn hình với tốc độ làm mới 120 Hz, cung cấp khả năng hiển thị càng nhiều khung hình mỗi giây","Nguyên hộp, đầy đủ phụ kiện từ nhà sản xuất",Intel® Arc™ Graphics,Intel® Core™ Ultra 7 155H,16,,,14.0,Windows 11 Home,2880x1800,"1x USB 3.2 Gen 1 Type-A
2x Thunderbolt™ 4 hỗ trợ hiển thị / sạc
1x HDMI 2.1 TMDS
1x 3.5mm Combo Audio Jack",CellphoneS,
218755,https://cellphones.com.vn/laptop-gaming-acer-nitro-v-anv15-51-55ca.html,Laptop Gaming Acer Nitro V ANV15-51-55CA,2469000000000.0,Giảm 12%,Acer,,,"Trang bị CPU Intel Core i5-13420H xử lý nhanh chóng mọi tác vụ văn phòng hay tận hưởng các tựa game từ AAA đến game Esport.
Bộ nhớ RAM 16 GB DDR5 cho khả năng xử lý đa nhiệm và đa tác vụ của máy càng được tăng tốc tối đa.
Card đồ họa RTX 4050 tối ưu hiệu suất và năng lượng, chiến mượt các tựa game AAA với mức đồ họa từ Medium/High trở lên.
Tận hưởng các cuộc phiêu lưu, giải trí sống động trên màn hình 15.6 inch FHD, cùng tần số quét chuẩn chiến game 144 Hz.","Mới, đầy đủ phụ kiện từ nhà sản xuất",NVIDIA GeForce RTX 4050 6GB GDDR6 VRAM,"Intel Core i5-13420H (8 lõi / 12 luồng, upto 4.60 GHz, 12 MB)",16,,,15.6,Windows 11 Home,1920x1080,"1 x USB Type-C™
3 x USB-A
1 x HDMI® 2.1 port with HDCP support
1 x 3.5 mm headphone/speaker jack
1 x Ethernet (RJ-45) port
1 x DC-in jack for AC adapter",CellphoneS,
230245,https://cellphones.com.vn/macbook-air-m3-15-inch-2024-16gb-512gb.html,MacBook Air M3 15 inch 2024 16GB - 512GB | Chính hãng Apple Việt Nam,3149000000000.0,Giảm 17%,Mac,,,"Sức mạnh xử lý hàng đầu trên chip Apple M3 - Cân tốt mọi tác vụ từ đồ hoạ đến lập trình
Màn hình Liquid Retina 15,3 inch - Màu sắc hiển thị rực rỡ, sắc nét
Camera FaceTime HD 1080p - Đàm thoại, hội họp mọi lúc mọi nơi
Hỗ trợ sạc 35W - Nhanh chóng nạp đầy pin khi bạn cần","Mới, đầy đủ phụ kiện từ nhà sản xuất",,,32,,,,,,,CellphoneS,
204956,https://cellphones.com.vn/laptop-lenovo-v15-g4-iru-83a100fyvn.html,Laptop Lenovo V15 G4 IRU 83A100FYVN,1379000000000.0,Giảm 11%,Lenovo,5.0,2.0,"Trang bị bộ vi xử lý Intel Core i5-13420H, một con chip hiệu suất cao cân mọi tác vụ học tập, văn phòng.
Máy có 16GB RAM DDR4 để đáp ứng tốt các tác vụ văn phòng, lướt web và đa nhiệm cơ bản.
Ổ cứng SSD 512GB PCIe mang lại tốc độ khởi động và truy xuất dữ liệu nhanh chóng, cải thiện trải nghiệm sử dụng.
Màn hình 15.6 inch Full HD với độ phân giải 1920 x 1080 cho hình ảnh sắc nét và chất lượng hiển thị tốt.
Thiết kế với màu xám lịch lãm, phù hợp cho môi trường văn phòng và di chuyển.","Nguyên hộp, đầy đủ phụ kiện từ nhà sản xuất
Bảo hành pin và bộ sạc 12 tháng",Intel UHD Graphics,"Intel Core i5-13420H, 8C (4P + 4E) / 12T, P-core 2.1 / 4.6GHz, E-core 1.5 / 3.4GHz, 12MB",16,,,15.6,Windows 11 Home Single Language,1920x1080,"1x USB 2.0
1x USB 3.2 Gen 1
1x USB-C 3.2 Gen 1 (Truyền dữ liệu, Power Delivery 3.0, DisplayPort 1.2)
1x HDMI 1.4b
1x Headphone / microphone combo jack (3.5mm)
1x Ethernet (RJ-45)
1x Đầu nối nguồn",CellphoneS,
200414,https://cellphones.com.vn/laptop-asus-tuf-gaming-f15-fx507zc4-hn074w.html,Laptop ASUS TUF Gaming F15 FX507ZC4-HN074W,1899000000000.0,Giảm 27%,ASUS,4.9,9.0,"CPU Intel Core i5 12500H dễ dàng xử lý các tác vụ nặng và chơi game AAA cấu hình cao
Card NVIDIA GeForce RTX 3050 cải thiện hiệu suất xử lý đồ họa và đảm bảo trải nghiệm chơi game tuyệt vời
Màn hình 15.6 inch Full HD cùng tần số quét 144 Hz hỗ trợ chơi game sống động với tốc độ cực nhanh
RAM 8GB cùng ổ cứng 512 GB SSD rút ngắn thời gian mở máy, khởi động ứng dụng
Bàn phím 1-Zone RGB cùng TUF Aura Core để bạn có thể thể hiện phong cách độc đáo của riêng mình","Nguyên hộp, đầy đủ phụ kiện từ nhà sản xuất
Bảo hành pin và bộ sạc 12 tháng","NVIDIA GeForce RTX 3050 4GB GDDR6
Intel Iris Xe Graphics","Intel Core i5-12500H (2.5 GHz, 18M Cache, up to 4.5 GHz, 12 lõi: 4 P và 8 E)",16,,,15.6,Windows 11 Home,1920x1080,"1x RJ45 LAN
1x Thunderbolt 4 hỗ trợ DisplayPort
1x USB 3.2 Gen 2 Type-C hỗ trợ DisplayPort / G-SYNC
2x USB 3.2 Gen 1 Type-A
1x HDMI 2.1 TMDS
1x 3.5mm Combo Audio Jack",CellphoneS,
249708,https://cellphones.com.vn/laptop-asus-vivobook-16-x1605va-mb1795w.html,Laptop ASUS Vivobook 16 X1605VA-MB1795W,1729000000000.0,Giảm 14%,ASUS,,,"Có thiết kế hiện đại với màu bạc thanh lịch và màn hình lớn 16.0 inch, mang lại cảm giác cao cấp và không gian hiển thị rộng rãi.
Trang bị vi xử lý Intel Core i7-13620H thế hệ 13, kết hợp với RAM 16GB, mang lại hiệu suất mạnh mẽ, xử lý tốt các tác vụ nặng và đa nhiệm mượt mà.
Ổ cứng SSD 512GB PCIe cho tốc độ truy xuất dữ liệu nhanh chóng, khởi động ứng dụng nhanh và không gian lưu trữ thoải mái cho công việc lẫn giải trí.
Màn hình 16.0 inch WUXGA (1920x1200) với tỷ lệ 16:10, hiển thị sắc nét, màu sắc sống động và không gian làm việc mở rộng, lý tưởng cho thiết kế đồ họa và xử lý tài liệu.","Mới, đầy đủ phụ kiện từ nhà sản xuất",Intel Iris Xe Graphics,"Intel Core i7-13620H 2.4 GHz (24MB Cache, up to 4.9 GHz, 10 lõi, 16 luồng)",16,,,16.0,Windows 11 Home,1920x1200,"1x USB 2.0 Type-A (480Mbps)
1x USB 3.2 Gen 1 Type-C hỗ trợ cấp nguồn (5Gbps)
2x USB 3.2 Gen 1 Type-A (5Gbps)
1x HDMI 1.4
1x Giắc cắm âm thanh kết hợp 3.5mm
1x DC-in",CellphoneS,
210781,https://cellphones.com.vn/laptop-asus-vivobook-s-14-oled-m5406wa-pp071ws.html,Laptop ASUS Vivobook S 14 OLED M5406WA-PP071WS,3099000000000.0,Giảm 9%,Laptop AI,4.7,3.0,"Chiếc laptop mỏng nhẹ, hiệu năng mạnh mẽ với thiết kế sang trọng, phù hợp cho cả công việc và giải trí.
Bộ xử lý AMD Ryzen 9 AI HX-370 mạnh mẽ, cho hiệu suất xử lý đa nhiệm mượt mà, đáp ứng tốt nhu cầu làm việc, chơi game nhẹ và sáng tạo.
RAM 32GB và ổ cứng SSD 1TB PCIe mang đến tốc độ xử lý nhanh chóng, khởi động máy và mở ứng dụng nhanh chóng.
Màn hình 14.0 inch 3K OLED sắc nét, màu sắc rực rỡ, cho trải nghiệm hình ảnh sống động và chân thực.
Hệ điều hành Windows 11 được cài đặt sẵn, cùng với bộ Office đầy đủ, giúp bạn sử dụng máy ngay lập tức.","Nguyên hộp, đầy đủ phụ kiện từ nhà sản xuất
Bảo hành pin và bộ sạc 12 tháng",AMD Radeon 890M Graphics,"AMD Ryzen AI 9 HX 370 2.0GHz (36MB Cache, up to 5.1GHz, 12 lõi, 24 luồng)",16,,,14.0,Windows 11 Home + OFFICE,2880x1800,"1x USB 3.2 Gen 1 Type-C (Display / Sạc)
2x USB 3.2 Gen 1 Type-A
1x USB 4.0 Gen 3 Type-C (Display / Sạc)
1x HDMI 2.1 TMDS
1x 3.5mm Combo Audio Jack
Micro SD card reader",CellphoneS,
218775,https://cellphones.com.vn/laptop-gaming-acer-nitro-v-anv15-51-75gs.html,Laptop Gaming Acer Nitro V ANV15-51-75GS,2899000000000.0,Giảm 3%,Acer,5.0,3.0,"Trang bị CPU Intel Core i7-13620H xử lý nhanh chóng mọi tác vụ văn phòng hay tận hưởng các tựa game từ AAA đến game Esport.
Bộ nhớ RAM 16 GB DDR5 cho khả năng xử lý đa nhiệm và đa tác vụ của máy càng được tăng tốc tối đa.
Card đồ họa RTX 4050 tối ưu hiệu suất và năng lượng, chiến mượt các tựa game AAA với mức đồ họa từ Medium/High trở lên.
Tận hưởng các cuộc phiêu lưu, giải trí sống động trên màn hình 15.6 inch FHD, cùng tần số quét chuẩn chiến game 144 Hz.","Nguyên hộp, đầy đủ phụ kiện từ nhà sản xuất
Bảo hành pin và bộ sạc 12 tháng",NVIDIA GeForce RTX 4050 6GB GDDR6 VRAM,"Intel Core i7-13620H (10 lõi / 16 luồng, upto 4.90 GHz, 24 MB)",32,,,15.6,Windows 11 Home,1920x1080,"1x USB Type-C
3x USB-A
2x USB 3.2 Gen 1
1x HDMI 2.1
1x 3.5 mm headphone/speaker jack",CellphoneS,
247865,https://cellphones.com.vn/laptop-lenovo-thinkbook-16-g6-irl-21kh00q0vn.html,Laptop Lenovo ThinkBook 16 G6 IRL 21KH00Q0VN,1799000000000.0,Giảm 12%,Lenovo,5.0,2.0,"Sức mạnh của máy đến từ vi xử lý Intel Core i5-13420H thế hệ 13, kết hợp cùng 16GB RAM và ổ cứng SSD 512GB cho khả năng xử lý mượt mà mọi tác vụ.
Màn hình 16 inch độ phân giải WUXGA mang đến không gian hiển thị rộng rãi, sắc nét, đáp ứng tốt nhu cầu làm việc lẫn giải trí.
Thiết kế của ThinkBook 16 G6 toát lên vẻ sang trọng, hiện đại nhưng vẫn đảm bảo độ bền bỉ cần thiết.
Máy được cài sẵn hệ điều hành Windows 11 bản quyền.","Nguyên hộp, đầy đủ phụ kiện từ nhà sản xuất
Bảo hành pin và bộ sạc 12 tháng",Intel UHD Graphics,"Intel Core i5-13420H, 8C (4P + 4E) / 12T, P-core 2.1 / 4.6GHz, E-core 1.5 / 3.4GHz, 12MB",16,,,16.0,Windows 11 Home,1920x1200,"2x USB 3.2 Gen 1
1x USB-C 3.2 Gen 2 (Truyền dữ liệu, Power Delivery 3.0, DisplayPort 1.4)
1x Thunderbolt 4 / USB4 40Gbps
1x HDMI 2.1, up to 4K/60Hz
1x Headphone / microphone combo jack
1x Ethernet (RJ-45)
1x SD card reader",CellphoneS,
213114,https://cellphones.com.vn/laptop-msi-modern-14-c13m-607vn.html,Laptop MSI Modern 14 C13M-607VN,1569000000000.0,Giảm 27%,MSI,,,"Mang vẻ ngoài sang trọng cùng thiết kế gọn nhẹ, trọng lượng chỉ 1.4kg chắc hẳn là trợ thủ đắc lực luôn luôn đi theo bên bạn
CPU I7-1355U cùng card đồ họa Intel UHD chắc hẳn sẽ giúp bạn giải quyết ổn thỏa các tác vụ văn phòng
Ổ cứng SSD 512GB cùng RAM 16GB mang lại không gian lưu trữ rộng lớn cùng tốc độ truy cập nhanh chóng
Đa dạng cổng kết nối đem lại sự thuận tiện trong việc truyền và xuất dữ liệu: Cổng Type C, USB 2.0, USB 3.2, HDMI,...","Nguyên hộp, đầy đủ phụ kiện từ nhà sản xuất
Bảo hành pin và bộ sạc 12 tháng",Intel Iris Xe Graphics,"I7-1355U (12MB Cache, up to 5.0 GHz, 10 lõi / luồng)",16,,,14.0,Windows 11 Home,1920x1080,"1x Card reader
1x Giắc cắm DC
1x HDMI
1x Type C
1x USB 3.2
2x USB 2.0",CellphoneS,
243737,https://cellphones.com.vn/laptop-lenovo-loq-15iax9e-83lk0036vn.html,Laptop Lenovo LOQ 15IAX9E 83LK0036VN,1899000000000.0,Giảm 14%,Laptop AI,5.0,1.0,"Trang bị bộ vi xử lý Intel Core i5-12450HX, mang lại khả năng xử lý mạnh mẽ cho các tác vụ đa nhiệm và chơi game.
Card đồ họa 6GB RTX 3050, LOQ 15 cung cấp trải nghiệm đồ họa sắc nét và mượt mà, đáp ứng tốt cho các game hiện đại và ứng dụng đồ họa.
Màn hình 15.6 inch Full HD với tần số quét 144Hz mang đến hình ảnh rõ nét và mượt mà, lý tưởng cho việc chơi game và xem phim.
12GB RAM và 512GB PCIe SSD, đảm bảo không gian lưu trữ đủ lớn và khả năng truy xuất dữ liệu nhanh chóng cho các ứng dụng và trò chơi.","Nguyên hộp, đầy đủ phụ kiện từ nhà sản xuất
Bảo hành pin và bộ sạc 12 tháng","NVIDIA GeForce RTX 3050 6GB GDDR6, Boost Clock 1432MHz, TGP 65W, 142 AI TOPS","Intel Core i5-12450HX, 8 lõi (4P + 4E) / 12 luồng, P-core up to 4.4GHz, E-core up to 3.1GHz, 12MB",16,,,15.6,"Windows 11 Home Single Language, English",1920x1080,"2x USB-A (USB 5Gbps / USB 3.2 Gen 1)
1x USB-C (USB 5Gbps / USB 3.2 Gen 1), chỉ truyền dữ liệu
1x HDMI 2.1, lên đến 8K/60Hz
1x giắc cắm kết hợp tai nghe / micrô (3.5 mm)
1x Ethernet (RJ-45)
1x Đầu đọc thẻ
1x Đầu nối nguồn",CellphoneS,
246438,https://cellphones.com.vn/mac-mini-m2-24gb-2023.html,Mac mini M2 2023 (8 CPU - 10 GPU - 24GB - 256GB) | Chính hãng Apple Việt Nam,1599000000000.0,Giảm 43%,Mac,,,"Hiệu năng vượt trội với con chip M2 cùng 10 nhân GPU - Chạy tốt các tác vụ như render video, chỉnh sửa hình ảnh
Đa nhiệm tốt, mở cùng lúc nhiều ứng dụng với dung lượng ram lên đến 24GB
SSD 256GB giúp máy khởi động nhanh chóng, cho phép người dùng lưu trữ nhiều dữ liệu
Thiết kế nhỏ gọn cùng trọng lượng chỉ 1.18kg - dễ dàng di chuyển mọi lúc mọi nơi
Hệ điều hành MacOS Ventura mang đến khả năng bảo mật vượt trội, bảo vệ mọi dữ liẹu của người dùng","Mới, đầy đủ phụ kiện từ nhà sản xuất","10 nhận GPU
16 nhân Neural Engine",Apple M2 8 nhân,32,,,,,,"Jack 3.5mm, cổng HDMI, 2 cổng USB-A, Cổng Ethernet",CellphoneS,
230009,https://cellphones.com.vn/laptop-lenovo-loq-15iax9-83gs001svn.html,Laptop Lenovo LOQ 15IAX9 83GS001SVN,1929000000000.0,Giảm 8%,Lenovo,4.6,8.0,"Chip i5 12450HX phù hợp với các tác vụ nặng như PTS, chơi game,...
Ram 12GB và ổ cứng SSD 512 mang đến tốc độ xử lí nhanh và khả năng lưu trữ lớn.
Màn hình 15.6 inches với độ phân giải Full HD cho hình ảnh sống động, chân thực
Tần số quét 144Hz cho bạn những phút giây chuyển cảnh cực mượt mà","Mới, đầy đủ phụ kiện từ nhà sản xuất",NVIDIA GeForce RTX 2050 4GB GDDR6,"Intel Core i5-12450HX (8C/ 12T, up to 4.40GHz, 12MB)",32,,,15.6,Windows 11 Home,1920x1080,"3x USB-A
1x USB-C
1x HDMI
1x Giắc cắm kết hợp tai nghe
1x Ethernet
1x Đầu nối nguồn",CellphoneS,
248487,https://cellphones.com.vn/laptop-dell-inspiron-15-3530-p16wd.html,Laptop Dell Inspiron 15 3530 P16WD,2199000000000.0,Giảm 4%,Dell,,,"Trang bị bộ vi xử lý Intel Core i7-1355U, đảm bảo hiệu năng mạnh mẽ.
RAM 16GB cho khả năng đa nhiệm tốt, ổ cứng SSD PCIe 1TB cung cấp không gian lưu trữ rộng rãi và tốc độ truy xuất nhanh.
Màn hình 15.6 inch Full HD với tần số quét 120Hz, cho hình ảnh mượt mà.
Thiết kế màu bạc sang trọng, phù hợp với môi trường làm việc chuyên nghiệp.","Nguyên hộp, đầy đủ phụ kiện từ nhà sản xuất
Bảo hành pin và bộ sạc 12 tháng",Intel Iris Xe Graphics,Intel Core i7-1355U (10 lõi) - Max Turbo Freque,16,,,15.6,Windows 11 Home Single Language 64-bit + Office Home & Student 2021,1920x1080,"1 x USB 2.0 Type-A
1 x USB 3.2 Gen 1 Type-A
1 x USB 3.2 Gen 1 Type-C
SD-Card
1 x Headphone",CellphoneS,
226278,https://cellphones.com.vn/laptop-lenovo-thinkbook-14-g6-irl-21kg00bqvn.html,Laptop Lenovo ThinkBook 14 G6 IRL 21KG00BQVN,2049000000000.0,Giảm 11%,Lenovo,5.0,2.0,"Laptop có màu xám sang trọng, phù hợp với môi trường làm việc chuyên nghiệp.
Màn hình 14.0 inch WUXGA mang đến hình ảnh rõ ràng và chi tiết, lý tưởng cho việc xem phim và làm việc.
Trang bị bộ vi xử lý Intel Core i7-1355U và RAM 16GB, laptop xử lý mượt mà các tác vụ đa nhiệm.
Ổ cứng 512GB PCIe cho phép khởi động nhanh và lưu trữ dữ liệu hiệu quả.
Chạy trên Windows 11, mang lại trải nghiệm người dùng mượt mà và đầy đủ tính năng.","Nguyên hộp, đầy đủ phụ kiện từ nhà sản xuất
Bảo hành pin và bộ sạc 12 tháng",Intel Iris Xe Graphics,"Intel Core i7-1355U, 10C (2P + 8E) / 12T, P-core 1.7 / 5.0GHz, E-core 1.2 / 3.7GHz, 12MB",32,,,14.0,Windows 11 Home Single Language,1920x1200,"2x USB 3.2 Gen 1
1x USB-C (Truyền dữ liệu, Sạc, DisplayPort 1.4)
1x Thunderbolt 4 / USB4 (Truyền dữ liệu, Sạc, DisplayPort 1.4)
1x HDMI 2.1, up to 4K/60Hz
1x Headphone / microphone combo jack (3.5mm)
1x RJ-45
1x Đầu đọc thẻ SD",CellphoneS,
219468,https://cellphones.com.vn/laptop-asus-vivobook-15-x1504za-nj1039w.html,Laptop ASUS Vivobook 15 X1504ZA-NJ1039W,1549000000000.0,Giảm 14%,ASUS,5.0,3.0,"Trang bị bộ vi xử lý Intel Core i7-1255U, mang lại hiệu năng mạnh mẽ cho các tác vụ đa nhiệm và xử lý công việc phức tạp.
Máy có bộ nhớ RAM 16GB, đảm bảo khả năng chạy mượt mà nhiều ứng dụng cùng lúc và xử lý dữ liệu lớn một cách nhanh chóng.
Ổ cứng SSD PCIe 512GB cung cấp không gian lưu trữ rộng rãi và tốc độ truy xuất dữ liệu nhanh, giúp khởi động máy và mở ứng dụng trong tích tắc.
Màn hình 15.6 inch độ phân giải Full HD cho trải nghiệm hình ảnh sắc nét và sống động, phù hợp cho cả công việc và giải trí.
Thiết kế màu bạc sang trọng và tinh tế, phù hợp với môi trường làm việc chuyên nghiệp cũng như sử dụng cá nhân hàng ngày.","Nguyên hộp, đầy đủ phụ kiện từ nhà sản xuất
Bảo hành pin và bộ sạc 12 tháng",Intel Iris Xe Graphics,"Intel Core i7-1255U 1.7 GHz (12M Cache, up to 4.7 GHz, 10 lõi)",32,,,15.6,Windows 11 Home,1920x1080,"1x USB 2.0 Type-A
1x USB 3.2 Gen 1 Type-C
2x USB 3.2 Gen 1 Type-A
1x HDMI 1.4
1x 3.5mm Combo Audio Jack
1x DC-in",CellphoneS,
211068,https://cellphones.com.vn/laptop-acer-aspire-3-a314-42p-r3b3.html,Laptop Acer Aspire 3 A314-42P-R3B3 NX.KSFSV.001,1199000000000.0,Giảm 14%,Acer,5.0,6.0,"Được trang bị bộ vi xử lý AMD Ryzen 7 5700U, Acer Aspire 3 mang đến hiệu suất mượt mà cho công việc và giải trí.
RAM 16GB DDR4 đảm bảo khả năng chạy đa nhiệm mượt mà, chuyển đổi giữa các ứng dụng nhanh chóng.
Ổ cứng SSD 512GB PCIe NVMe mang đến không gian lưu trữ rộng rãi và tốc độ truy xuất dữ liệu cực nhanh.
Thiết kế với lớp vỏ màu bạc sang trọng, Acer Aspire 3 là sự lựa chọn hoàn hảo cho phong cách hiện đại.","Nguyên hộp, đầy đủ phụ kiện từ nhà sản xuất
Bảo hành pin và bộ sạc 12 tháng",AMD Radeon™ Graphics,"AMD Ryzen 7 5700U (8 nhân/16 luồng, xung nhịp tối đa 4.30 GHz, 8MB)",16,,,14.0,Windows 11,1920x1200,"1 x USB Type-C
2 x USB-A 1
1 x HDMI® hỗ trợ HDCP
1 x Jack tai nghe 3.5 mm",CellphoneS,
233999,https://cellphones.com.vn/laptop-dell-vostro-3530-2h1tpi7.html,Laptop Dell Vostro 3530 2H1TPI7,1899000000000.0,Giảm 10%,Dell,5.0,1.0,"Máy được trang bị vi xử lý Intel Core i7-1355U, mang đến hiệu suất mạnh mẽ cho các tác vụ nặng và đa nhiệm.
Với 16GB RAM và ổ cứng SSD 512GB PCIe, người dùng có không gian lưu trữ rộng rãi và tốc độ truy xuất dữ liệu nhanh chóng.
Màn hình 15.6 inch Full HD cung cấp hình ảnh sắc nét và màu sắc sống động, lý tưởng cho công việc và giải trí.
Máy có thiết kế đẹp mắt, màu sắc sang trọng phù hợp với mọi phong cách người dùng.","Nguyên hộp, đầy đủ phụ kiện từ nhà sản xuất
Bảo hành pin và bộ sạc 12 tháng",Intel Iris Xe Graphics,"Intel Core i7-1355U thế hệ thứ 13 / 10 nhân 12 luồng / 1.20 GHz to 5.0GHz, 12MB",32,,,15.6,"Máy nguyên bản Free OS, được tặng Win11 Pro",1920x1080,"1x Đầu nối nguồn
1x HDMI 1.4
1x USB 3.2 Gen 1
1x Khe cắm thẻ SD
1x USB 2.0
1x Cổng tai nghe 3.5mm
1x Cổng Lan
1x Type C",CellphoneS,
211071,https://cellphones.com.vn/laptop-asus-rog-zephyrus-g14-ga403wr-qs103ws-ryzen-ai-9.html,Laptop ASUS ROG Zephyrus G14 GA403WR-QS103WS,7799000000000.0,,ASUS,,,"Trang bị vi xử lý AMD Ryzen 9 HX 370 cùng RAM 32GB và ổ cứng SSD 1TB PCIe, mang lại hiệu suất mạnh mẽ vượt trội, sẵn sàng đáp ứng mọi nhu cầu từ gaming đến công việc chuyên nghiệp.
Card đồ họa NVIDIA GeForce RTX 5070 Ti 12GB, máy hỗ trợ chơi game AAA, xử lý đồ họa chuyên sâu và công việc sáng tạo đòi hỏi độ chính xác cao.
Màn hình 14 inch ROG Nebula OLED 3K với tần số quét 120Hz, độ chuẩn màu 100% DCI-P3, mang lại trải nghiệm hình ảnh sống động và sắc nét vượt trội.
Với thiết kế màu xám thanh lịch, laptop này vừa dễ dàng mang theo, vừa toát lên vẻ cao cấp, phù hợp với phong cách của game thủ chuyên nghiệp.","Nguyên hộp, đầy đủ phụ kiện từ nhà sản xuất
Bảo hành pin và bộ sạc 12 tháng","NVIDIA GeForce RTX 5070 Ti 12GB GDDR7
AMD Radeon Graphics","AMD Ryzen AI 9 HX 370 2.0GHz (36MB Cache, up to 5.1GHz, 12 lõi, 24 luồng)",16,,,14.0,Windows 11 Home + Microsoft Office Home 2024 + Microsoft 365 Basic,2880x1800,"1x Type-C USB 4 hỗ trợ DisplayPort / Sạc (40Gbps)
1x USB 3.2 Gen 2 Type-C hỗ trợ DisplayPort / Sạc / G-SYNC (10Gbps)
2x USB 3.2 Gen 2 Type-A (10Gbps)
1x đầu đọc thẻ (microSD) (UHS-II)
1x HDMI 2.1 FRL
1x 3.5mm Combo Audio Jack",CellphoneS,
229976,https://cellphones.com.vn/laptop-msi-cyborg-15-a12ucx-618vn.html,Laptop MSI Cyborg 15 A12UCX-618VN,1599000000000.0,Giảm 20%,MSI,,,"CPU Intel Core i5 thế hệ 12 mới nhất với 8 nhân 12 luồng, cho hiệu năng xử lý đa nhiệm ấn tượng.
Card đồ họa NVIDIA GeForce RTX 2050 4GB GDDR6, chiến mượt mọi tựa game eSports và ứng dụng đồ họa.
RAM 16GB DDR5, đa nhiệm mượt mà, SSD 512GB NVMe PCIe tốc độ cao, khởi động máy và truy cập dữ liệu nhanh chóng.
Màn hình 15.6 inch Full HD (1920x1080) sắc nét, tấm nền IPS cho góc nhìn rộng.
Tần số quét 144Hz, trải nghiệm game mượt mà, giảm thiểu hiện tượng lag, xé hình.","Cáp, Sạc, Sách HDSD",NVIDIA GeForce RTX 2050 4 GB GDDR6,"Intel Core i5 12450H (2 GHz - 4.4 GHz, 8 nhân - 12 luồng, 12MB Cache)",32,,,15.6,Windows 11 Home,1920x1080,"1 x HDMI 2.1 (4K@60Hz)
1x Type-C USB3.2 Gen1/ DP1.4
2 X USB 3.2 Gen1 Type-A
1x Audio combo jack
1x RJ45
1x DC-in",CellphoneS,
235930,https://cellphones.com.vn/laptop-lenovo-thinkpad-e16-gen-1-21jn00n4va.html,Laptop Lenovo ThinkPad E16 Gen 1 21JN00N4VA,1999000000000.0,Giảm 2%,Lenovo,,,"Laptop được trang bị vi xử lý Intel Core i5-13420H, mang lại hiệu suất ổn định cho công việc và học tập.
Với 16GB RAM và ổ cứng 512GB PCIe, thiết bị cung cấp khả năng đa nhiệm mượt mà và không gian lưu trữ rộng rãi.
Màn hình 16.0 inch WUXGA mang đến chất lượng hình ảnh sắc nét, phù hợp cho việc xem phim và làm việc.
Thiết kế màu đen sang trọng và bền bỉ, rất phù hợp cho môi trường làm việc chuyên nghiệp.","Nguyên hộp, đầy đủ phụ kiện từ nhà sản xuất
Bảo hành pin và bộ sạc 12 tháng",Intel UHD Graphics,"Intel Core i5-13420H, 8 lõi (4P + 4E) / 12 luồng, P-core 2.1 / 4.6GHz, E-core 1.5 / 3.4GHz, 12MB",32,,,16.0,Free OS,1920x1200,"1x USB 2.0
1x USB 3.2 (Luôn bật)
1x USB-C 3.2 (Truyền dữ liệu, PD 3.0, DP 1.4)
1x Thunderbolt 4 / USB4 40Gbps (Truyền dữ liệu, PD 3.0, DP 1.4)
1x HDMI 2.1, 4K/60Hz
1x giắc cắm kết hợp tai nghe/micrô (3.5 mm)
1x Ethernet (RJ-45)",CellphoneS,
231482,https://cellphones.com.vn/laptop-asus-tuf-gaming-f15-fx507vv-lp304w.html,Laptop ASUS TUF Gaming F15 FX507VV-LP304W,3199000000000.0,Giảm 3%,ASUS,,,"CPU Intel Core i7-13620H và RTX 4060 8GB, đảm bảo hiệu năng mượt mà cho các tựa game phổ biến hiện nay.
Màn hình 15.6 inch FHD với tần số quét 144Hz mang đến hình ảnh sắc nét, mượt mà và sống động, lý tưởng cho game thủ.
Ổ cứng SSD 1TB PCIe cung cấp không gian lưu trữ rộng rãi và tốc độ truy xuất dữ liệu cực nhanh, giúp khởi động máy và tải game nhanh chóng.
Trang bị công nghệ tản nhiệt tiên tiến, giúp máy luôn mát mẻ, ổn định ngay cả khi hoạt động ở cường độ cao.
Sở hữu thiết kế hầm hố, mạnh mẽ với tông màu xám chủ đạo, phù hợp với game thủ.","Nguyên hộp, đầy đủ phụ kiện từ nhà sản xuất
Bảo hành pin và bộ sạc 12 tháng","NVIDIA GeForce RTX 4060 8GB GDDR6
Intel Iris Xe Graphics","Intel Core i7-13620H 2.4 GHz (24M Cache, up to 4.9 GHz, 10 cores: 6 P-cores and 4 E-cores)",32,,,15.6,Windows 11 Home,1920x1080,"1x RJ45 LAN
1x Thunderbolt 4 (DisplayPort)
1x USB 3.2 Gen 2 Type-C (DisplayPort / Sạc / G-SYNC)
2x USB 3.2 Gen 1 Type-A
1x HDMI 2.1 FRL
1x 3.5mm Combo Audio Jack",CellphoneS,
220291,https://cellphones.com.vn/apple-macbook-air-15-m4-10cpu-10gpu-16gb-256gb-2025-sac-70w.html,MacBook Air M4 15 inch 2025 10CPU 10GPU 16GB 256GB Sạc 70W | Chính hãng Apple Việt Nam,3249000000000.0,Giảm 2%,Mac,,,"MacBook Air 15 inch M4 mang thiết kế thanh lịch, độ mỏng ấn tượng 1.15 cm và trọng lượng chỉ 1.51 kg, phù hợp cho việc di chuyển.
Trang bị chip Apple M4 mạnh mẽ với 10 CPU và 10 GPU, cho khả năng xử lý đa tác vụ và đồ họa vượt trội so với thế hệ trước.
Bộ nhớ RAM 16GB cùng ổ cứng SSD 256GB đem lại trải nghiệm đa nhiệm mượt mà, tốc độ khởi động và truy xuất dữ liệu nhanh chóng.
Màn hình Liquid Retina 15.3 inch với độ phân giải 2880x1864 pixels, độ sáng 500 nits và dải màu P3 rộng, mang lại hình ảnh sống động và chân thực.","Máy mới 100%, đầy đủ phụ kiện từ nhà sản xuất. Sản phẩm có mã SA/A (được Apple Việt Nam phân phối chính thức).","GPU 10 lõi
Neural Engine 16 lõi
Công nghệ dò tia tốc độ cao bằng phần cứng
Băng thông bộ nhớ 120GB/s",CPU 10 lõi với 4 lõi hiệu năng và 6 lõi tiết kiệm điện,16,,,15.3,macOS,2880x1864,"Cổng sạc MagSafe 3
Jack cắm tai nghe 3.5 mm
Hai cổng Thunderbolt 4 (USB-C) hỗ trợ: Sạc / DisplayPort / Thunderbolt 4 (lên đến 40Gb/s) / USB 4 (lên đến 40Gb/s)",CellphoneS,
217764,https://cellphones.com.vn/laptop-dell-inspiron-15-3520-n3520-i5u165w11slu.html,Laptop Dell Inspiron 15 3520 N3520-I5U165W11SLU,1649000000000.0,Giảm 3%,Dell,5.0,1.0,"Một chiếc laptop mạnh mẽ với bộ vi xử lý Intel Core i5-1235U, phù hợp cho cả công việc và giải trí.
Máy có 16GB RAM và ổ cứng 512GB PCIe, đảm bảo khả năng đa nhiệm mượt mà và không gian lưu trữ rộng rãi.
Màn hình 15.6 inch FHD với tần số quét 120Hz mang đến trải nghiệm hình ảnh sắc nét và sống động.
Laptop được cài đặt sẵn hệ điều hành Windows 11 và bộ ứng dụng văn phòng Office, giúp bạn làm việc hiệu quả ngay khi mở máy.","Nguyên hộp, đầy đủ phụ kiện từ nhà sản xuất
Bảo hành pin và bộ sạc 12 tháng",Intel UHD Graphics,"Intel Core i5-1235U (12MB Cache, up to 4.4 GHz)",32,,,15.6,Windows 11 Home + Office Home & Student 2021,1920x1080,"2x USB 3.2 Gen 1
1x USB 2.0
1x HDMI 1.4
1x SD-card slot",CellphoneS,
248041,https://cellphones.com.vn/laptop-asus-rog-strix-g16-g614ju-n3135w.html,Laptop ASUS ROG Strix G16 G614JU-N3135W,2949000000000.0,Giảm 13%,ASUS,4.7,3.0,"Máy được trang bị bộ vi xử lý Intel Core i5-13450HX, cung cấp hiệu năng ấn tượng cho cả gaming và các tác vụ đa phương tiện.
Màn hình 16 inch Full HD với tần số quét 165Hz mang lại trải nghiệm hình ảnh mượt mà và sắc nét, đặc biệt phù hợp cho game thủ.
Card đồ họa NVIDIA GeForce RTX 4050 với 6GB VRAM đảm bảo khả năng xử lý đồ họa mạnh mẽ, cho phép chơi các tựa game đòi hỏi cao ở mức cài đặt tốt.
Bộ nhớ RAM 16GB kết hợp với ổ cứng SSD 512GB PCIe cho phép đa nhiệm mượt mà và khởi động nhanh chóng các ứng dụng và trò chơi.","Nguyên hộp, đầy đủ phụ kiện từ nhà sản xuất
Bảo hành pin và bộ sạc 12 tháng",NVIDIA GeForce RTX 4050 6GB GDDR6,"Intel Core i5-13450HX Gen 13 (2.4 GHz, 20M Cache, up to 4.6 GHz, 10 lõi: 6 P / 4 E)",16,,,16.0,Windows 11 Home,1920x1200,"1x RJ45 LAN
1x Thunderbolt 4 (DisplayPort)
1x USB 3.2 Gen 2 Type-C (DisplayPort / Sạc / G-SYNC)
2x USB 3.2 Gen 2 Type-A
1x HDMI 2.1 FRL
1x 3.5mm Combo Audio Jack",CellphoneS,
208374,https://cellphones.com.vn/laptop-lenovo-ideapad-1-14alc7-82r30099vn.html,Laptop Lenovo IdeaPad 1 14ALC7 82R30099VN,1149000000000.0,Giảm 10%,Lenovo,,,"Bộ vi xử lý AMD Ryzen 5 5625U, mang lại hiệu suất tốt cho các tác vụ văn phòng và giải trí hàng ngày.
16GB RAM và 512GB PCIe SSD, IdeaPad 1 cung cấp không gian lưu trữ rộng rãi và khả năng truy xuất dữ liệu nhanh chóng, đáp ứng nhu cầu sử dụng đa dạng.
Màn hình 14.0 inch Full HD mang đến hình ảnh rõ nét và màu sắc sống động, lý tưởng cho việc xem phim và làm việc.
Với kiểu dáng gọn gàng và màu xám sang trọng, laptop dễ dàng mang theo trong balo, phù hợp cho người dùng di chuyển nhiều.","Nguyên hộp, đầy đủ phụ kiện từ nhà sản xuất
Bảo hành pin và bộ sạc 12 tháng",AMD Radeon Graphics,"AMD Ryzen 5 5625U (6 lõi / 12 luồng, 2.3 / 4.3GHz, 3MB L2 / 16MB L3)",32,,,14.0,"Windows 11 Home Single Language, English",1920x1080,"1x USB 2.0
1x USB 3.2 Gen 1
1x USB-C 3.2 Gen 1 (chỉ hỗ trợ truyền dữ liệu)
1x HDMI 1.4b
1x Giắc cắm kết hợp tai nghe/micrô (3.5 mm)
1x Đầu đọc thẻ
1x Đầu nối nguồn",CellphoneS,
228770,https://cellphones.com.vn/laptop-msi-gaming-katana-a15-ai-b8ve-402vn.html,Laptop MSI Gaming Katana AI B8VE-402VN,2399000000000.0,Giảm 17%,MSI,,,"Cấu hình mạnh mẽ với bộ vi xử lý AMD Ryzen 7-8845HS.
RAM 16GB và ổ cứng SSD 512GB PCIe, đáp ứng nhu cầu hiệu suất và lưu trữ.
Card đồ họa NVIDIA GeForce RTX 4050 6GB, đáp ứng tốt nhu cầu chơi game.
Màn hình 15.6 inch Full HD 144Hz, mang lại trải nghiệm gaming mượt mà.
Thiết kế đẹp mắt với màu đen mạnh mẽ, phù hợp cho cả nhu cầu chơi game và sử dụng văn phòng.","Nguyên hộp, đầy đủ phụ kiện từ nhà sản xuất
Bảo hành pin và bộ sạc 12 tháng",NVIDIA GeForce RTX 4050 Laptop GPU 6GB GDDR6,AMD Ryzen R7-8845HS có kiến trúc AMD XDNA,16,,,15.6,Windows 11 Home,1920x1080,"1x Mic-in/Headphone-out Combo Jack
1x Type-C (USB3.2 Gen1 / DP)
2x Type-A USB3.2 Gen1
1x Type-A USB2.0
1x HDMI 2.1 (8K @ 60Hz / 4K @ 120Hz)
1x RJ45",CellphoneS,
213968,https://cellphones.com.vn/laptop-lenovo-v14-g4-iru-83a000fnvn.html,Laptop Lenovo V14 G4 IRU 83A000FNVN,1379000000000.0,Giảm 5%,Lenovo,,,"Laptop được trang bị bộ vi xử lý Intel Core i5-13420H, mang lại hiệu suất cao cho các tác vụ đa nhiệm và xử lý đồ họa.
Với 16GB RAM và ổ cứng 512GB PCIe SSD, máy cung cấp không gian lưu trữ rộng rãi và tốc độ truy cập dữ liệu nhanh chóng, giúp tăng cường hiệu suất làm việc.
Màn hình 14.0 inch Full HD (1920 x 1080) cho chất lượng hình ảnh rõ nét, màu sắc sống động, phù hợp cho cả công việc và giải trí.
Laptop có thiết kế tối giản, màu xám thanh lịch, dễ dàng mang theo khi di chuyển, phù hợp với nhu cầu làm việc di động.","Nguyên hộp, đầy đủ phụ kiện từ nhà sản xuất
Bảo hành pin và bộ sạc 12 tháng",Intel UHD Graphics,"Intel Core i5-13420H, 8 lõi (4P + 4E) / 12 luồng, P-core 2.1 / 4.6GHz, E-core 1.5 / 3.4GHz, 12MB",32,,,14.0,"Máy nguyên bản Free OS, được tặng Windows 11 Pro",1920x1080,"1x USB 2.0
1x USB 3.2 Gen 1
1x USB-C 3.2 Gen 1 (hỗ trợ truyền dữ liệu, Power Delivery 3.0 và DisplayPort 1.2)
1x HDMI 1.4b
1x giắc cắm kết hợp tai nghe/micrô (3.5 mm)
1x Ethernet (RJ-45)
1x đầu nối nguồn",CellphoneS,
216172,https://cellphones.com.vn/laptop-msi-gaming-thin-15-b13ve-2824vn.html,Laptop MSI Gaming Thin 15 B13VE-2824VN,2099000000000.0,Giảm 9%,MSI,,,"Máy được trang bị màn hình 15.6 inch FHD với tần số quét 144Hz, mang lại hình ảnh mượt mà và trải nghiệm chơi game sống động.
Hiệu năng mạnh mẽ nhờ vi xử lý Intel Core i5-13420H, RAM 16GB, và ổ cứng SSD 512GB PCIe, đáp ứng mượt mà cả công việc và giải trí.
Card đồ họa NVIDIA GeForce RTX 4050 6GB đảm bảo xử lý tốt các tựa game hiện đại và các tác vụ đồ họa chuyên sâu.
Laptop được cài sẵn Windows 11 bản quyền, giúp tối ưu hiệu suất và mang lại trải nghiệm sử dụng tiện lợi ngay từ khi mở hộp.","Nguyên hộp, đầy đủ phụ kiện từ nhà sản xuất
Bảo hành pin và bộ sạc 12 tháng","NVIDIA GeForce RTX 4050 6GB GDDR6
Intel UHD Graphics",Intel Core i5-13420H,16,,,15.6,Windows 11 Home,1920x1080,"1x Type-C (USB3.2 Gen1 / DisplayPort)
3x Type-A USB3.2 Gen1
1x HDMI (4K @ 30Hz)
1x RJ45",CellphoneS,
237967,https://cellphones.com.vn/laptop-acer-aspire-lite-16-al16-51p-72s2.html,Laptop Acer Aspire Lite 16 AL16-51P-72S2,1579000000000.0,Giảm 7%,Acer,4.6,7.0,"Thiết kế thời trang với vỏ máy màu xám thanh lịch.
Trang bị bộ vi xử lý Intel Core i7-1255U mang lại hiệu suất tuyệt vời.
Ram 16GB+8GB và ổ cứng SSD 512GB PCIe cho tốc độ truy xuất nhanh chóng.
Màn hình 16 inch Full HD+ hiển thị rộng rãi và sắc nét.
Hệ điều hành Windows 11 mang đến trải nghiệm người dùng hiện đại.","Nguyên hộp, đầy đủ phụ kiện từ nhà sản xuất
Bảo hành pin và bộ sạc 12 tháng",Intel Iris Xe Graphics,"Intel Core i7-1255U (10 lõi / 12 luồng, 3.5 GHz, turbo boost 4.7 GHz, 12 MB Intel Smart Cache)",32,,,16.0,Windows 11 Home SL,1920x1200,"1x USB Type-C (DisplayPort / Sạc)
3x USB-A Gen 1
1x HDMI 1.4 port với HDCP
1x Giắc cắm tai nghe/loa 3,5 mm, hỗ trợ tai nghe có micrô tích hợp
Thẻ nhớ microSD lên tới 512 GB (tương thích SDXC, tương thích exFAT)",CellphoneS,
212927,https://cellphones.com.vn/laptop-hp-gaming-victus-15-fb1023ax-94f20pa.html,Laptop HP Gaming Victus 15-FB1023AX 94F20PA,1669000000000.0,Giảm 32%,HP,5.0,1.0,"Sở hữu vi xử lý R5-7535HS mạnh mẽ, mang lại hiệu suất ấn tượng cho các game thủ.
Với 8GB + 8GB RAM và ổ cứng 512GB PCIE, máy cung cấp không gian lưu trữ rộng rãi cho game và ứng dụng.
Card đồ họa RTX 2050 4GB giúp trải nghiệm hình ảnh mượt mà và sắc nét trong các trò chơi đồ họa cao.
Màn hình 15.6 inch FHD cho hình ảnh rõ ràng và sống động, phù hợp cho cả chơi game lẫn làm việc.","Nguyên hộp, đầy đủ phụ kiện từ nhà sản xuất
Bảo hành pin và bộ sạc 12 tháng",NVIDIA GeForce RTX 2050 4GB GDD6,"AMD Ryzen 5 7535HS (16MB Cache, up to 4.5 GHz, 6 lõi / 12 luồng)",32,,,15.6,Windows 11 Home,1920x1080,"1 X USB Type-C
2 X USB Type-A
1 X Pin thông minh AC
1 X HDMI 2.1
1 X Jack cắm tai nghe",CellphoneS,
218760,https://cellphones.com.vn/laptop-lenovo-yoga-slim-9-14ill10-83cx001avn.html,Laptop Lenovo Yoga Slim 9 14ILL10 83CX001AVN,5699000000000.0,Giảm 5%,Laptop AI,,,"Trang bị Intel Core U7-258V, RAM 32GB, SSD 1TB PCIe, đáp ứng mượt mà mọi tác vụ từ công việc văn phòng, sáng tạo nội dung đến giải trí cao cấp.
Kích thước 14 inch, độ phân giải 4K, hỗ trợ cảm ứng, hiển thị sắc nét với màu sắc sống động và chân thực, lý tưởng cho chỉnh sửa ảnh/video và tương tác hiện đại.
Vỏ máy màu xanh thanh lịch, mỏng nhẹ, tinh tế và cao cấp, phù hợp với người dùng chuyên nghiệp.
Hệ điều hành Windows 11 & Office bản quyền, được cài đặt sẵn, sẵn sàng sử dụng ngay, tối ưu trải nghiệm làm việc và giải trí.","Nguyên hộp, đầy đủ phụ kiện từ nhà sản xuất
Bảo hành pin và bộ sạc 12 tháng",Intel Arc Graphics 140V,"Intel Core Ultra 7 258V, 8 lõi (4P + 4LPE) / 8 luồng, Max Turbo up to 4.8GHz, 12MB",32,,,14.0,"Windows 11 Home Single Language, English + Microsoft 365 Basic + Office Home 2024 + Lenovo AI Now",3840x2400,"2x USB-C (Thunderbolt 4 / USB4 40Gbps), với USB PD 3.0 và DisplayPort 2.1",CellphoneS,
204563,https://cellphones.com.vn/laptop-dell-inspiron-15-3520-9ngk8.html,Laptop Dell Inspiron 15 3520 9NGK8 - Nhập khẩu chính hãng,1829000000000.0,Giảm 11%,Dell,,,"Laptop được trang bị Intel Core i7-1255U, mang lại hiệu năng mạnh mẽ cho công việc và giải trí.
Máy sở hữu RAM 16GB và ổ cứng SSD 1TB PCIe, đảm bảo khả năng đa nhiệm mượt mà và lưu trữ rộng rãi.
Màn hình 15.6 inch FHD (1920 x 1080), hiển thị sắc nét, phù hợp cho học tập và làm việc.
Thiết kế màu đen sang trọng, chắc chắn, phù hợp với mọi đối tượng người dùng.","Nguyên hộp, đầy đủ phụ kiện từ nhà sản xuất
Bảo hành pin và bộ sạc 12 tháng",Intel Graphics,"Intel Core i7-1255U thế hệ thứ 12 / 10 nhân 12 luồng / 4.40 GHz, 12MB",32,,,15.6,Windows 11,1920x1080,"1x Đầu nối nguồn
1x HDMI 1.4
2x USB 3.2 Gen 1
1x Khe cắm thẻ SD
1x USB 2.0
1x Cổng tai nghe",CellphoneS,
218098,https://cellphones.com.vn/laptop-lenovo-ideapad-slim-5-14akp10-83hx001kvn-ryzen-ai-5.html,Laptop Lenovo IdeaPad Slim 5 OLED 14AKP10 83HX001KVN,2199000000000.0,Giảm 4%,Laptop AI,,,"Được trang bị bộ vi xử lý Ryzen AI 5 340, kết hợp với RAM 24GB, giúp xử lý mượt mà các tác vụ đa nhiệm và công việc nặng.
Ổ cứng SSD 512GB PCIe mang đến tốc độ đọc/ghi nhanh chóng và không gian lưu trữ rộng rãi cho tài liệu và ứng dụng.
Màn hình 14 inch với độ phân giải WUXGA sử dụng công nghệ OLED, cho hình ảnh siêu sắc nét, màu sắc rực rỡ và góc nhìn rộng.
Kiểu dáng gọn gàng, màu xám hiện đại, máy dễ dàng mang theo, phù hợp với người dùng di động.","Nguyên hộp, đầy đủ phụ kiện từ nhà sản xuất
Bảo hành pin và bộ sạc 12 tháng",AMD Radeon 840M Graphics,"AMD Ryzen AI 5 340 (6 lõi / 12 luồng, 2.0 / 4.8GHz, 6MB L2 / 16MB L3)",32,,,14.0,"Windows 11 Home Single Language, English",1920x1200,"1x USB-A (5Gbps / 3.2 Gen 1)
1x USB-A (5Gbps / 3.2 Gen 1), Luôn bật
2x USB-C (10Gbps / 3.2 Gen 2), với USB PD 3.0 và DisplayPort 1.4
1x HDMI 2.1, lên đến 4K/60Hz
1x giắc cắm kết hợp tai nghe / micrô (3.5 mm)
1x đầu đọc thẻ nhớ microSD",CellphoneS,
237246,https://cellphones.com.vn/laptop-lenovo-ideapad-slim-5-14akp10-83hx001kvn-ryzen-ai-5.html,Laptop Lenovo IdeaPad Slim 5 OLED 14AKP10 83HX001KVN,2199000000000.0,Giảm 4%,Laptop AI,,,"Được trang bị bộ vi xử lý Ryzen AI 5 340, kết hợp với RAM 24GB, giúp xử lý mượt mà các tác vụ đa nhiệm và công việc nặng.
Ổ cứng SSD 512GB PCIe mang đến tốc độ đọc/ghi nhanh chóng và không gian lưu trữ rộng rãi cho tài liệu và ứng dụng.
Màn hình 14 inch với độ phân giải WUXGA sử dụng công nghệ OLED, cho hình ảnh siêu sắc nét, màu sắc rực rỡ và góc nhìn rộng.
Kiểu dáng gọn gàng, màu xám hiện đại, máy dễ dàng mang theo, phù hợp với người dùng di động.","Nguyên hộp, đầy đủ phụ kiện từ nhà sản xuất
Bảo hành pin và bộ sạc 12 tháng",AMD Radeon 840M Graphics,"AMD Ryzen AI 5 340 (6 lõi / 12 luồng, 2.0 / 4.8GHz, 6MB L2 / 16MB L3)",32,,,14.0,"Windows 11 Home Single Language, English",1920x1200,"1x USB-A (5Gbps / 3.2 Gen 1)
1x USB-A (5Gbps / 3.2 Gen 1), Luôn bật
2x USB-C (10Gbps / 3.2 Gen 2), với USB PD 3.0 và DisplayPort 1.4
1x HDMI 2.1, lên đến 4K/60Hz
1x giắc cắm kết hợp tai nghe / micrô (3.5 mm)
1x đầu đọc thẻ nhớ microSD",CellphoneS,
218489,https://cellphones.com.vn/laptop-asus-vivobook-s14-oled-s5406sa-pp060ws.html,Laptop ASUS Vivobook S14 OLED S5406SA-PP060WS,2549000000000.0,Giảm 12%,Laptop AI,,,"Với bộ vi xử lý U5-226V và RAM 16GB, máy có khả năng xử lý đa nhiệm mượt mà, phù hợp cho cả công việc và giải trí.
Ổ cứng 512GB PCIe cung cấp không gian lưu trữ rộng rãi và tốc độ truy xuất nhanh, giúp người dùng dễ dàng lưu trữ tài liệu, hình ảnh và video.
Màn hình 14.0 inch 3K OLED với tần số quét 120Hz mang lại màu sắc sống động và hình ảnh sắc nét, lý tưởng cho việc xem phim và chỉnh sửa ảnh.
Máy đi kèm với hệ điều hành Windows 11 và bộ ứng dụng Office, mang lại sự tiện lợi cho người dùng trong công việc hàng ngày.","Nguyên hộp, đầy đủ phụ kiện từ nhà sản xuất
Bảo hành pin và bộ sạc 12 tháng",Intel Arc Graphics,"Intel Core Ultra 5 226V 16GB 2.1 GHz (8MB Cache, up to 4.5 GHz, 8 lõi, 8 luồng)",16,,,14.0,"Windows 11 Home
Microsoft Office Home 2024 + Microsoft 365 Basic",2880x1800,"2x USB 3.2 Gen 1 Type-A (tốc độ dữ liệu lên đến 5Gbps)
2x Thunderbolt 4 hỗ trợ hiển thị/cung cấp điện (tốc độ dữ liệu lên đến 40Gbps)
1x HDMI 2.1 TMDS
1x Giắc cắm âm thanh kết hợp 3.5mm
Đầu đọc thẻ Micro SD",CellphoneS,
224242,https://cellphones.com.vn/laptop-asus-zenbook-duo-ux8406ca-pz109ws.html,Laptop ASUS Zenbook DUO UX8406CA-PZ109WS,5499000000000.0,Giảm 11%,Laptop AI,5.0,1.0,"Laptop được trang bị bộ vi xử lý U9-285H, mang lại khả năng xử lý mạnh mẽ cho các tác vụ nặng và đa nhiệm.
Với 32GB RAM, ZenBook Duo cho phép thực hiện nhiều ứng dụng cùng lúc mà không bị lag.
Ổ cứng SSD 1TB PCIe cung cấp không gian lưu trữ lớn và tốc độ truy cập nhanh, lý tưởng cho công việc sáng tạo.
Màn hình 14.0 inch 3K OLED với tần số quét 120Hz mang đến hình ảnh sống động và mượt mà.
ZenBook Duo có thiết kế màn hình kép, giúp tăng cường năng suất làm việc với nhiều không gian hiển thị.","Nguyên hộp, đầy đủ phụ kiện từ nhà sản xuất
Bảo hành pin và bộ sạc 12 tháng",Intel Arc Graphics,"Intel Core Ultra 9 285H 2.9 GHz (24MB Cache, up to 5.4 GHz, 16 lõi, 16 luồng)",32,,,14.0,Windows 11 Home + Microsoft Office Home 2024 + Microsoft 365 Basic,2880x1800,"1x USB 3.2 Gen 1 Type-A (tốc độ dữ liệu lên đến 5Gbps)
2x Thunderbolt 4 hỗ trợ hiển thị/cung cấp điện (tốc độ dữ liệu lên đến 40Gbps)
1x HDMI 2.1 TMDS
1x Giắc cắm âm thanh kết hợp 3.5mm",CellphoneS,
238991,https://cellphones.com.vn/laptop-hp-15-fd0305tu-a2nl6pa.html,Laptop HP 15-FD0305TU A2NL6PA,1049000000000.0,Giảm 16%,HP,,,"Sở hữu thiết kế thanh lịch với màu vàng sang trọng, phù hợp cho học sinh, sinh viên và dân văn phòng.
Máy được trang bị màn hình 15.6 inch FHD, mang lại hình ảnh sắc nét và không gian làm việc rộng rãi.
Hiệu năng ổn định với vi xử lý Intel Core i3-1315U, RAM
8GB+8GB
, và ổ cứng SSD 256GB PCIe, đáp ứng tốt các tác vụ văn phòng và học tập.
Laptop được cài sẵn hệ điều hành Windows 11, mang đến giao diện hiện đại và trải nghiệm sử dụng mượt mà.","Nguyên hộp, đầy đủ phụ kiện từ nhà sản xuất
Bảo hành pin và bộ sạc 12 tháng",Intel UHD,"Intel Core i3-1315U (lên đến 4,5 GHz với Công nghệ Intel Turbo Boost , bộ nhớ đệm L3 10 MB, 6 lõi, 8 luồng)",32,,,15.6,Windows 11 Home Single Language,1920x1080,"1x USB Type-C 5 Gbps (chỉ hỗ trợ truyền dữ liệu, không hỗ trợ sạc hay màn hình ngoài)
2x USB Type-A 5 Gbps
1x chấu thông minh AC
1x HDMI 1.4b
1x cổng kết hợp tai nghe/micrô",CellphoneS,
229987,https://cellphones.com.vn/macbook-air-m3-13-inch-2024-16gb-512gb-sac-70w.html,MacBook Air M3 13 inch 2024 8CPU 10GPU 16GB 512GB | Chính hãng Apple Việt Nam,2849000000000.0,Giảm 14%,Mac,,,"Thiết kế mỏng nhẹ, cùng Chip Apple M3 mới nhất
Tác vụ nhanh, đa nhiệm mượt mà với RAM 16GB
Kiểu dáng sang trọng, mỏng nhẹ với chất liệu nhôm tái chế
Trải nghiệm đồ họa vượt trội với chip M3 mạnh mẽ
Bàn phím, Touch ID tiêu chuẩn cao hỗ trợ thao tác nhanh nhạy, mượt mà","Máy mới 100%, đầy đủ phụ kiện từ nhà sản xuất. Sản phẩm có mã SA/A (được Apple Việt Nam phân phối chính thức).",GPU 10 Lõi,"CPU Apple M3 8 Lõi
Neural Engine 16 lõi",16,,,13.6,MacOS,,"Cổng sạc MagSafe 3
Hai cổng Thunderbolt / USB 4",CellphoneS,
240595,https://cellphones.com.vn/laptop-lg-gram-2024-14z90s-g-ah55a5.html,Laptop LG Gram 2024 14Z90S-G.AH55A5,2399000000000.0,Giảm 34%,Laptop AI,,,"Laptop có thiết kế mỏng nhẹ, lý tưởng cho những người thường xuyên di chuyển.
Trang bị bộ vi xử lý Intel U5-125H, 16GB RAM và ổ cứng SSD 512GB PCIe có thể xử lý mượt mà các tác vụ văn phòng, học tập và giải trí nhẹ nhàng.
Màn hình 14 inch độ phân giải 1920x1200 với tấm nền IPS và độ phủ màu DCI-P3 99% mang đến hình ảnh sắc nét, sống động và màu sắc chính xác.
Cài đặt sẵn hệ điều hành Windows 11 mới nhất, mang đến trải nghiệm sử dụng hiện đại và hiệu quả.","Nguyên hộp, đầy đủ phụ kiện từ nhà sản xuất
Bảo hành pin và bộ sạc 12 tháng",Intel Arc Graphics,Intel Core Ultra 5 - 125H,32,,,14.0,Windows 11 Home,1920x1200,"HDMI (4K@60Hz)
2x USB 3.2 GEN1x1: 5G
1x USB4 Gen 3x2 Type C (USB PD & Intel Thunderbolt 4)
1x USB3.2 Gen 2x1 Type C (USB PD)
4Pole Headset, US type
10/100 with RJ45 adapter (Option)",CellphoneS,
206167,https://cellphones.com.vn/laptop-asus-vivobook-14-oled-a1405za-km263w.html,Laptop ASUS Vivobook 14 OLED A1405ZA-KM263W,1899000000000.0,Giảm 7%,ASUS,4.2,4.0,"Trải nghiệm hình ảnh tuyệt đẹp với màn hình OLED 2.8K, mang đến màu sắc rực rỡ, độ tương phản cao và góc nhìn rộng.
Vi xử lý Intel Core i7-12700H, RAM 16GB và ổ cứng SSD 512GB PCIe đảm bảo hiệu suất mượt mà cho mọi tác vụ, từ làm việc đến giải trí.
Vỏ máy màu bạc sang trọng, mỏng nhẹ, tạo nên vẻ ngoài tinh tế và hiện đại, phù hợp với mọi phong cách.
Cổng kết nối đầy đủ, bao gồm USB-C, USB-A, HDMI, giúp bạn dễ dàng kết nối với các thiết bị ngoại vi.","Nguyên hộp, đầy đủ phụ kiện từ nhà sản xuất
Bảo hành pin và bộ sạc 12 tháng",Intel Iris Xe Graphics,"Intel Core i7-12700H 2.3 GHz (24M Cache, up to 4.7 GHz, 6P+8E cores)",32,,,14.0,Windows 11 Home,2880x1800,"1x USB 2.0 Type-A
1x USB 3.2 Gen 1 Type-C
2x USB 3.2 Gen 1 Type-A
1x HDMI 1.4
1x Headphone out
1x DC-in",CellphoneS,
237996,https://cellphones.com.vn/apple-macmini-m4-10cpu-10gpu-24gb-256gb-2024-z1cf.html,Mac mini M4 2024 10CPU 10GPU 24GB 256GB | Chính hãng Apple Việt Nam,1999000000000.0,,Mac,,,"Hiệu năng đỉnh cao với chip M4 mang lại hiệu năng mạnh mẽ, xử lý mượt mà nhiều ứng dụng chuyên nghiệp cùng lúc.
Đồ họa xuất sắc, tốc độ xử lý vượt trội, cho phép render hình ảnh và video nhanh chóng, chất lượng cao.
RAM 24GB cho phép xử lý mượt mà các tác vụ nặng, giảm thiểu tình trạng giật lag, đáp ứng nhu cầu của người dùng chuyên nghiệp đòi hỏi hiệu năng cao.
Ổ cứng SSD 256GB cung cấp không gian lưu trữ rộng rãi và tốc độ truy xuất dữ liệu cực nhanh, rút ngắn thời gian chờ đợi khi mở ứng dụng và tập tin.","Máy mới 100%, đầy đủ phụ kiện từ nhà sản xuất. Sản phẩm có mã SA/A (được Apple Việt Nam phân phối chính thức).",GPU 10 lõi,"Apple M4 10 lõi với 4 lõi hiệu năng và 6 lõi tiết kiệm điện
Neural Engine 16 lõi",16,,,,macOS,,"Mặt trước:
Hai cổng USB‑C hỗ trợ cho USB 3
Jack cắm tai nghe 3,5 mm
Mặt sau:
Cổng Gigabit Ethernet
Cổng HDMI
Thunderbolt 4
USB 4
DisplayPort",CellphoneS,
243533,https://cellphones.com.vn/laptop-asus-tuf-gaming-a17-fa706nfr-hx025w.html,Laptop ASUS TUF Gaming A17 FA706NFR-HX025W,1799000000000.0,Giảm 14%,ASUS,5.0,3.0,"Trang bị bộ vi xử lý AMD Ryzen 7 7435HS, máy mang lại hiệu suất cao cho cả chơi game và tác vụ đa nhiệm.
Màn hình 17.3 inch Full HD với tần số quét 144Hz cung cấp trải nghiệm hình ảnh mượt mà và sắc nét, lý tưởng cho các trò chơi hành động.
Card đồ họa NVIDIA RTX 2050 4GB hỗ trợ ray tracing và nâng cao hiệu suất đồ họa, giúp các trò chơi trở nên sống động hơn.
Với 16GB RAM và 512GB ổ cứng SSD PCIe, máy đảm bảo tốc độ khởi động nhanh và không gian lưu trữ thoải mái.","Nguyên hộp, đầy đủ phụ kiện từ nhà sản xuất
Bảo hành pin và bộ sạc 12 tháng","NVIDIA GeForce RTX 2050 4GB GDDR6
AMD Radeon Graphics","AMD Ryzen 7 7435HS 3.1GHz (20MB Cache, up to 4.5 GHz, 8 lõi, 16 luồng)",32,,,17.3,Windows 11 Home,1920x1080,"1x RJ45 LAN
1x USB 3.2 Gen 2 Type-C hỗ trợ DisplayPort (10Gbps)
3x USB 3.2 Gen 1 Type-A (5Gbps)
1x USB 3.2 Gen 2 Type-C hỗ trợ DisplayPort
1x HDMI 2.1 TMDS
1x Giắc cắm âm thanh kết hợp 3.5mm",CellphoneS,
208141,https://cellphones.com.vn/macbook-pro-14-inch-m4-24gb-1tb.html,MacBook Pro 14 M4 10CPU 10GPU 24GB 1TB | Chính hãng Apple Việt Nam,4999000000000.0,,Mac,,,"Trang bị chip M4 mạnh mẽ với 10 nhân CPU và 10 nhân GPU, xử lý đa nhiệm mượt mà và hiệu quả.
RAM 24GB dung lượng lớn, giúp đa nhiệm trơn tru, xử lý nhiều ứng dụng chuyên nghiệp cùng lúc mà không bị giật lag.
Ổ cứng SSD 1TB dung lượng lớn, cho phép lưu trữ thoải mái dữ liệu, ứng dụng và các dự án cá nhân.
Màn hình Liquid Retina XDR 14.2 inch sắc nét, với công nghệ ProMotion 120Hz, mang lại trải nghiệm hình ảnh mượt mà và sống động.","Máy mới 100%, đầy đủ phụ kiện từ nhà sản xuất. Sản phẩm có mã SA/A (được Apple Việt Nam phân phối chính thức).","10 lõi
Neural Engine 16 lõi",Apple M4 10 lõi với 4 lõi hiệu năng và 6 lõi tiết kiệm điện,32,,,14.2,macOS,3024x1964,"Khe thẻ nhớ SDXC
Cổng HDMI
Jack cắm tai nghe 3.5 mm
Cổng MagSafe 3
Ba cổng Thunderbolt 4 (USB‑C) hỗ trợ: Sạc, DisplayPort, Thunderbolt 4 (lên đến 40Gb/s), USB 4 (lên đến 40Gb/s)",CellphoneS,
240069,https://cellphones.com.vn/laptop-lenovo-ideapad-slim-3-15irh10-83k1000gvn.html,Laptop Lenovo IdeaPad Slim 3 15IRH10 83K1000GVN,1649000000000.0,Giảm 6%,Lenovo,,,"Trang bị vi xử lý Intel Core i5-13420H, mang đến hiệu suất mạnh mẽ cho các tác vụ đa nhiệm.
Với 24GB RAM, máy hỗ trợ xử lý mượt mà các ứng dụng nặng và chạy đồng thời nhiều chương trình.
Ổ cứng SSD 512GB PCIe cung cấp tốc độ truy xuất dữ liệu nhanh, giúp khởi động máy và mở ứng dụng tức thì.
Màn hình 15.3 inch WUXGA mang đến hình ảnh sắc nét và chi tiết, phù hợp cho cả công việc và giải trí.","Nguyên hộp, đầy đủ phụ kiện từ nhà sản xuất
Bảo hành pin và bộ sạc 12 tháng",Intel UHD Graphics,"Intel Core i5-13420H, 8 lõi (4P + 4E) / 12 luồng, P-core 2.1 / 4.6GHz, E-core 1.5 / 3.4GHz, 12MB",32,,,15.3,"Windows 11 Home Single Language, English",1920x1200,"2x USB-A (5Gbps / USB 3.2 Gen 1)
1x USB-C (5Gbps / USB 3.2 Gen 1), với USB PD 3.0 và DisplayPort 1.2
1x HDMI 1.4
1x giắc cắm kết hợp tai nghe / micrô (3.5 mm)
1x đầu đọc thẻ SD
1x đầu nối nguồn",CellphoneS,
239857,https://cellphones.com.vn/laptop-lenovo-loq-15irx9-83dv00ugvn.html,Laptop Lenovo LOQ 15IRX9 83DV00UGVN,2999000000000.0,Giảm 9%,Laptop AI,,,"Trang bị bộ vi xử lý Intel Core i7-13650HX mạnh mẽ, cho hiệu năng xử lý tuyệt vời trong các tác vụ đa nhiệm và chơi game.
RAM 24GB đảm bảo khả năng đa nhiệm mượt mà và xử lý nhanh chóng các ứng dụng nặng.
Ổ cứng SSD PCIe 512GB cung cấp không gian lưu trữ đủ lớn và tốc độ truy xuất dữ liệu nhanh chóng.
Card đồ họa RTX 4050 6GB mang lại khả năng xử lý đồ họa mạnh mẽ, phù hợp cho việc chơi game và các tác vụ đồ họa chuyên nghiệp.
Màn hình 15.6 inch Full HD với tần số quét 144Hz cho trải nghiệm hình ảnh sắc nét và mượt mà.","Nguyên hộp, đầy đủ phụ kiện từ nhà sản xuất
Bảo hành pin và bộ sạc 12 tháng","NVIDIA GeForce RTX 4050 6GB GDDR6, Boost Clock 2370MHz, TGP 105W, 194 AI TOPS","Intel Core i7-13650HX, 14C (6P + 8E) / 20T, P-core 2.6 / 4.9GHz, E-core 1.9 / 3.6GHz, 24MB",32,,,15.6,"Windows 11 Home Single Language, English",1920x1080,"3x USB-A (USB 5Gbps / USB 3.2 Gen 1)
1x USB-C (USB 10Gbps / USB 3.2 Gen 2), với Lenovo PD 140W và DisplayPort 1.4
1x HDMI 2.1, up to 8K/60Hz
1x Headphone / microphone combo jack (3.5mm)
1x Ethernet (RJ-45)
1x Đầu nối nguồn",CellphoneS,
216164,https://cellphones.com.vn/laptop-msi-gaming-thin-15-b12uc-1416vn-16gb.html,Laptop MSI Gaming Thin 15 B12UC-1416VN V2,1729000000000.0,Giảm 14%,MSI,,,"Bộ vi xử lý Intel Core i5-12450H, máy mang lại hiệu suất ổn định cho các tác vụ đa nhiệm và chơi game.
RAM 16GB cho phép chạy mượt mà nhiều ứng dụng cùng lúc, trong khi ổ cứng 512GB PCIe cung cấp không gian lưu trữ nhanh chóng và hiệu quả.
Card đồ họa NVIDIA RTX 3050 4GB giúp nâng cao trải nghiệm hình ảnh, cho phép chơi các trò chơi đồ họa cao mà không gặp phải vấn đề lag.
Màn hình 15.6 inch Full HD với tần số quét 144Hz mang đến hình ảnh sắc nét và mượt mà, lý tưởng cho cả game và giải trí.","Nguyên hộp, đầy đủ phụ kiện từ nhà sản xuất
Bảo hành pin và bộ sạc 12 tháng",Intel UHD Graphics + NVIDIA GeForce RTX 3050,Intel Core i5-12450H,16,,,15.6,Windows 11 Home,1920x1080,"1x Type-C (USB3.2 Gen1 / DisplayPort)
3x Type-A USB3.2 Gen1
1x HDMI (4K @ 30Hz)
1x RJ45
1x Mic-in
1x Headphone-out",CellphoneS,
215350,https://cellphones.com.vn/laptop-acer-swift-lite-14-ai-sfl14-51m-56hs.html,Laptop Acer Swift Lite 14 AI SFL14-51M-56HS,1899000000000.0,Giảm 5%,Laptop AI,5.0,11.0,"Laptop có màu bạc sang trọng và kiểu dáng mỏng nhẹ, dễ dàng mang theo khi di chuyển.
Màn hình 14.0 inch FHD+ cung cấp hình ảnh sắc nét và sống động, lý tưởng cho công việc và giải trí.
Được trang bị bộ vi xử lý Intel U5-125U và RAM 16GB, máy xử lý mượt mà các tác vụ đa nhiệm.
Ổ cứng 512GB PCIe mang lại tốc độ truy xuất dữ liệu nhanh, phục vụ tốt cho nhu cầu lưu trữ.
Chạy trên Windows 11, mang đến trải nghiệm người dùng mượt mà và các tính năng hiện đại.","Nguyên hộp, đầy đủ phụ kiện từ nhà sản xuất
Bảo hành pin và bộ sạc 12 tháng",Intel Graphics,"Intel Core Ultra 5 125U (12 lõi / 14 luồng, 3.6 GHz, 4.3 GHz, 12 MB Intel Smart Cache)",16,,,14.0,Windows 11 Home SL,1920x1200,"1x USB Type-C
3x USB-A
1x Khe cắm microSD lên đến 512 GB (tương thích SDXC, tương thích exFAT)
1x HDMI 1.4 port hỗ trợ HDCP
1 x Headphone/speaker jack",CellphoneS,
222452,https://cellphones.com.vn/laptop-msi-gaming-thin-a15-b7ucx-020vn.html,Laptop gaming MSI Thin A15 B7UCX 020VN,1549000000000.0,Giảm 18%,MSI,5.0,1.0,"Vi xử lý AMD Ryzen 5 7535HS mạnh mẽ với 8 nhân 16 luồng, xung nhịp tối đa lên đến 4.55GHz, đáp ứng mọi nhu cầu từ học tập, làm việc đến giải trí và chơi game.
Card đồ họa NVIDIA GeForce RTX 2050 4GB GDDR6 giúp chiến mượt các tựa game yêu thích ở cài đặt đồ họa cao.
RAM 16GB DDR5 4800MHz cho khả năng đa nhiệm mượt mà, xử lý dữ liệu nhanh chóng.
Ổ cứng SSD 512GB NVMe PCIe Gen4x4 tốc độ cao cho thời gian khởi động và tải ứng dụng nhanh chóng.
Màn hình 15.6 inch Full HD (1920 x 1080) sắc nét với viền bezel mỏng, mang đến trải nghiệm hình ảnh sống động và góc nhìn rộng rãi.","Nguyên hộp, đầy đủ phụ kiện từ nhà sản xuất
Bảo hành pin và bộ sạc 12 tháng",NVIDIA GeForce RTX 2050 Laptop GPU 4GB GDDR6,"Ryzen 5 7535HS (3.3GHz up to 4.55GHz, 6 cores 12 threads, 16MB cache)",16,,,15.6,Windows 11 Home,1920x1080,"1x Type-C (USB3.2 Gen2 / DP) with PD charging
3x Type-A USB3.2 Gen1
1x HDMI™ 2.1 (8K @ 60Hz / 4K @ 120Hz)
1x RJ45",CellphoneS,
201038,https://cellphones.com.vn/laptop-asus-vivobook-s-15-s5507qa-ma092ws-copilot-x-plus.html,Laptop ASUS Vivobook S 15 S5507QA-MA092WS Copilot+ X Plus,2299000000000.0,Giảm 15%,Laptop AI,5.0,1.0,"Màn hình 15.6 inch 3K OLED, cho hình ảnh sống động và chi tiết.
Trang bị vi xử lý Copilot+ X PLUS X1P mạnh mẽ, giúp xử lý mượt mà các tác vụ nặng.
RAM 16GB đảm bảo khả năng đa nhiệm hiệu quả, phù hợp cho cả công việc và giải trí.
Ổ cứng SSD 512GB PCIe cung cấp không gian lưu trữ rộng rãi và tốc độ truy xuất nhanh chóng.
Thiết kế màu bạc tinh tế, thanh lịch, dễ dàng mang theo trong mọi tình huống.","Nguyên hộp, đầy đủ phụ kiện từ nhà sản xuất
Bảo hành pin và bộ sạc 12 tháng","Qualcomm Adreno GPU
Tiến trình chip mới nên có thể không kết nối được với các thiết bị có driver cũ",Snapdragon X Plus X1P 42 100 up to 3.4GHz,16,,,15.6,Windows 11 Home,2880x1620,"2x USB 3.2 Gen 1 Type-A
2x USB 4.0 Gen 3 Type-C (display / Sạc)
1x HDMI 2.1 TMDS
1x 3.5mm Combo Audio Jack
Đầu đọc thẻ Micro SD",CellphoneS,
243348,https://cellphones.com.vn/laptop-msi-katana-15-b13udxk-2270vn-16gb.html,Laptop MSI Katana 15 B13UDXK-2270VN V2,2199000000000.0,Giảm 8%,MSI,,,"Trang bị bộ vi xử lý Intel Core i5-13500H, máy đảm bảo hiệu suất mạnh mẽ cho mọi tác vụ.
RAM 16GB, laptop có khả năng xử lý đa nhiệm mượt mà, đáp ứng nhu cầu làm việc và giải trí.
Ổ cứng 1TB PCIe cung cấp không gian lưu trữ lớn cho trò chơi và dữ liệu cá nhân.
Card đồ họa NVIDIA RTX 3050 6GB hỗ trợ đồ họa chất lượng cao, mang đến trải nghiệm gaming chân thực.
Màn hình 15.6 inch Full HD với tần số quét 144Hz cho hình ảnh sắc nét, sống động, hoàn hảo cho cả chơi game lẫn xem phim.","Nguyên hộp, đầy đủ phụ kiện từ nhà sản xuất
Bảo hành pin và bộ sạc 12 tháng","NVIDIA GeForce RTX 3050 6GB
Intel Iris Xe Graphics","Intel Core i5-13500H (2.6GHz,12 lõi (4 P-cores + 8 E-cores), Max Turbo Frequency 4.7 GHz)",32,,,15.6,Windows 11 Home,1920x1080,"2 x Type-A USB3.2 Gen1
1 x Type-A USB2.0
1x HDMI 2.1 (8K @ 60Hz / 4K @ 120Hz)",CellphoneS,
248857,https://cellphones.com.vn/laptop-asus-vivobook-15-x1504va-bq2076w.html,Laptop ASUS Vivobook 15 X1504VA-BQ2076W,1479000000000.0,Giảm 8%,ASUS,,,"Laptop ASUS Vivobook 15 sở hữu chip Intel Core i5-1334U, mang lại hiệu năng ổn định.
Máy đi kèm RAM 16GB và SSD 512GB PCIe, đảm bảo tốc độ xử lý nhanh và không gian lưu trữ rộng.
Màn hình 15.6 inch FHD hiển thị hình ảnh sắc nét, phù hợp cho làm việc và giải trí.
Thiết kế mỏng nhẹ, màu bạc tinh tế, phù hợp với phong cách hiện đại.","Nguyên hộp, đầy đủ phụ kiện từ nhà sản xuất
Bảo hành pin và bộ sạc 12 tháng",Intel Iris Xe Graphics,"Intel Core i5-1334U 1.3 GHz (12MB Cache, up to 4.6 GHz, 10 lõi, 12 luồng)",32,,,15.6,Windows 11 Home,1920x1080,"1x USB 2.0 Type-A (tốc độ dữ liệu lên đến 480Mbps)
1x USB 3.2 Gen 1 Type-C (5Gbps)
2x USB 3.2 Gen 1 Type-A (5Gbps)
1x HDMI 1.4
1x Giắc cắm âm thanh kết hợp 3.5mm
1x DC-in",CellphoneS,
207084,https://cellphones.com.vn/laptop-hp-15-fd1063tu-9z2y1pa.html,Laptop HP 15-FD1063TU 9Z2Y1PA,1799000000000.0,Giảm 14%,HP,,,"Trang bị bộ vi xử lý AMD U5-125H, mang lại hiệu suất mạnh mẽ cho các tác vụ hàng ngày.
Với 16GB RAM, máy cho phép xử lý đa nhiệm mượt mà, lý tưởng cho công việc và học tập.
Ổ cứng 512GB PCIE cung cấp không gian lưu trữ rộng rãi và tốc độ truy xuất dữ liệu nhanh chóng.
Màn hình 15.6 inch với độ phân giải FHD mang đến hình ảnh sắc nét và sống động, phù hợp cho việc xem phim và làm việc.","Nguyên hộp, đầy đủ phụ kiện từ nhà sản xuất
Bảo hành pin và bộ sạc 12 tháng",Intel Graphics,"Intel Core Ultra 5 125H (lên đến 4,5 GHz với Công nghệ Intel Turbo Boost, bộ nhớ đệm L3 18 MB, 14 lõi, 18 luồng)",16,,,15.6,Windows 11 Home Single Language,1920x1080,"2x USB Type-A 5 Gbps
1x chấu thông minh AC
1x HDMI 1.4b
1x cổng tích hợp tai nghe/micrô
1x USB Type-C 10 Gbps (USB Sạc nhanh, DisplayPortTM 1.2, Chức năng sạc ở chế độ ngủ HP Sleep and Charge)",CellphoneS,
237305,https://cellphones.com.vn/laptop-lenovo-ideapad-flex-5-14abr8-82xx00dlvn.html,Laptop Lenovo IdeaPad Flex 5 14ABR8 82XX00DLVN,1799000000000.0,Giảm 5%,Lenovo,,,"Sở hữu bộ vi xử lý AMD Ryzen 7-7730U mạnh mẽ, mang lại hiệu suất ấn tượng cho các tác vụ đa dạng.
Với RAM 16GB và ổ cứng SSD 512GB PCIe, máy giúp xử lý dữ liệu nhanh chóng và lưu trữ hiệu quả.
Màn hình 14.0 inch WUXGA cảm ứng cung cấp trải nghiệm tương tác mượt mà, phù hợp cho cả công việc và giải trí.
Đi kèm với bút cảm ứng, người dùng có thể dễ dàng ghi chú và thiết kế sáng tạo.","Nguyên hộp, đầy đủ phụ kiện từ nhà sản xuất
Bảo hành pin và bộ sạc 12 tháng",AMD Radeon Graphics,"AMD Ryzen 7 7730U (8 lõi / 16 luồng, 2.0 / 4.5GHz, 4MB L2 / 16MB L3)",16,,,14.0,"Windows 11 Home Single Language, English",1920x1200,"2x USB-A (USB 5Gbps)
1x USB-C (USB 10Gbps), với USB PD 3.0 và DisplayPort 1.4
1x HDMI 1.4b
1x giắc cắm kết hợp tai nghe / micrô (3.5 mm)
1x đầu đọc thẻ SD
1x đầu nối nguồn",CellphoneS,
248302,https://cellphones.com.vn/laptop-lg-gram-2024-14z90s-g-ah75a5.html,Laptop LG Gram 2024 14Z90S-G.AH75A5,2599000000000.0,Giảm 37%,Laptop AI,,,"Laptop có thiết kế mỏng nhẹ, lý tưởng cho những người thường xuyên di chuyển.
Trang bị bộ vi xử lý Intel U7-155H, 16GB RAM và ổ cứng SSD 512GB PCIe có thể xử lý mượt mà các tác vụ văn phòng, học tập và giải trí nhẹ nhàng.
Màn hình 14 inch độ phân giải 1920x1200 với tấm nền IPS và độ phủ màu DCI-P3 99% mang đến hình ảnh sắc nét, sống động và màu sắc chính xác.
Cài đặt sẵn hệ điều hành Windows 11 mới nhất, mang đến trải nghiệm sử dụng hiện đại và hiệu quả.","Nguyên hộp, đầy đủ phụ kiện từ nhà sản xuất
Bảo hành pin và bộ sạc 12 tháng",Intel Arc Graphics,Intel Core Ultra U7-155H,32,,,14.0,Windows 11 Home,1920x1200,"HDMI (4K@60Hz)
2x USB 3.2 GEN1x1: 5G
1x USB4 Gen 3x2 Type C (USB PD & Intel Thunderbolt 4)
1x USB3.2 Gen 2x1 Type C (USB PD)
4Pole Headset, US type
10/100 with RJ45 adapter (Option)",CellphoneS,
248986,https://cellphones.com.vn/laptop-asus-vivobook-s-16-oled-m5606ka-ri016ws-ryzen-ai-7.html,Laptop ASUS Vivobook S 16 OLED M5606KA-RI016WS,2799000000000.0,Giảm 10%,Laptop AI,,,"Sở hữu thiết kế hiện đại, màu đen tinh tế, mang lại vẻ ngoài sang trọng và đẳng cấp.
Máy được trang bị màn hình 16.0 inch OLED độ phân giải 3K, tần số quét 120Hz, cho hình ảnh sắc nét, màu sắc sống động và trải nghiệm thị giác vượt trội.
Hiệu năng mạnh mẽ với vi xử lý AMD Ryzen AI 7 350, RAM 24GB, và ổ cứng SSD 512GB PCIe, đáp ứng xuất sắc cả công việc nặng lẫn giải trí.
Sản phẩm được cài sẵn Windows 11 và Microsoft Office bản quyền, mang lại sự thuận tiện và sẵn sàng sử dụng ngay khi mở hộp.","Nguyên hộp, đầy đủ phụ kiện từ nhà sản xuất
Bảo hành pin và bộ sạc 12 tháng",AMD Radeon Graphics,"AMD Ryzen AI 7 350 2.0GHz (24MB Cache, up to 5.0GHz, 8 lõi, 16 luồng)",16,,,16.0,Windows 11 Home + Microsoft Office Home 2024 + Microsoft 365 Basic,2880x1800,"1x USB 3.2 Gen 1 Type-C hỗ trợ hiển thị/sạc (5Gbps)
1x USB 4.0 Gen 3 Type-C hỗ trợ hiển thị/sạc (40Gbps)
2x USB 3.2 Gen 1 Type-A (5Gbps)
1x HDMI 2.1 TMDS
1x Giắc cắm âm thanh kết hợp 3.5mm
Đầu đọc thẻ Micro SD",CellphoneS,
207763,https://cellphones.com.vn/laptop-hp-envy-x360-2in1-14-fc0086tu-a19bwpa.html,Laptop HP Envy X360 2IN1 14-FC0086TU A19BWPA,3199000000000.0,Giảm 9%,HP,,,"Trang bị bộ vi xử lý Intel U7-155U, mang lại hiệu suất mạnh mẽ cho các tác vụ đa nhiệm và sáng tạo.
Với 32GB RAM và ổ cứng 512GB PCIe, máy cung cấp không gian lưu trữ rộng rãi và khả năng xử lý mượt mà.
Màn hình 14.0 inch 2.8K OLED cảm ứng mang đến hình ảnh sống động với độ tương phản cao, lý tưởng cho việc xem phim và chỉnh sửa ảnh.
Thiết kế 2-in-1 cho phép người dùng dễ dàng chuyển đổi giữa chế độ laptop và tablet, tiện lợi cho nhiều tình huống sử dụng.","Nguyên hộp, đầy đủ phụ kiện từ nhà sản xuất
Bảo hành pin và bộ sạc 12 tháng",Intel Graphics,Intel Core Ultra 7 155U (12 lõi) - Max Turbo Frequency: 4. 80 GHz,32,,,14.0,Windows 11 Home Single Language 64-bit,2880x1800,"2 x USB 3.2 Gen 2 Type-A (một cổng có HP Sleep & Charge)
1 x USB 3.2 Gen 2 Type-C (Sạc/DisplayPort/HP Sleep & Charge)
1 x Thunderbolt 4 (Sạc/DisplayPort/HP Sleep & Charge)
1 x HDMI
1 x giắc cắm âm thanh kết hợp tai nghe/micrô",CellphoneS,
243253,https://cellphones.com.vn/laptop-hp-pavilion-15-eg2083tu-7c0w9pa.html,Laptop HP Pavilion 15-EG2083TU 7C0W9PA,1499000000000.0,Giảm 24%,HP,,,"Phù hợp với các đối tượng văn phòng, doanh nghiệp, học sinh - sinh viên bởi hiệu suất ổn định với chip Intel Core i5-1240P
Mượt mà hơn với RAM 8GB đa nhiệm và ổ cứng SSD 512GB lưu trữ thoải mái
Kết nối Wi-Fi 6 nhanh gấp x 3 Wi-Fi 5 cho phép làm việc không bị gián đoạn trong môi trường đông đúc như văn phòng công ty, quán cafe
Tấm nền IPS trên màn hình rộng 15.6 inches cho trải nghiệm màu sắc chân thực, thoải mái
Cho phép kết nối nhanh chóng với những thiết bị khác nhờ bluetooth 5.2","Mới, đầy đủ phụ kiện từ nhà sản xuất",Intel Iris Xe Graphics,Intel Core i5-1240P thế hệ thứ 12,16,,,15.6,Windows 11 Home SL,1920x1080,"1 x HDMI
1 x USB Type C / DisplayPort / Power Delivery
2 x USB 3.2, Audio combo",CellphoneS,
233700,https://cellphones.com.vn/macbook-pro-14-inch-m4-16gb-1tb.html,MacBook Pro 14 M4 10CPU 10GPU 16GB 1TB | Chính hãng Apple Việt Nam,4499000000000.0,,Mac,,,"Hiệu năng mạnh mẽ nhờ bộ xử lý 10 nhân CPU và 10 nhân GPU, đáp ứng tốt nhu cầu đa nhiệm và các tác vụ sáng tạo.
RAM 16GB đủ dùng cho đa số người dùng, đảm bảo hoạt động mượt mà khi chạy nhiều ứng dụng cùng lúc.
Ổ cứng SSD 1TB dung lượng lớn, cung cấp không gian lưu trữ thoải mái cho dữ liệu, ứng dụng và các dự án cá nhân.
Màn hình Liquid Retina XDR 14.2 inch sắc nét với ProMotion, mang lại trải nghiệm hình ảnh mượt mà, sống động và chính xác.","Máy mới 100%, đầy đủ phụ kiện từ nhà sản xuất. Sản phẩm có mã SA/A (được Apple Việt Nam phân phối chính thức).","10 lõi
Neural Engine 16 lõi",Apple M4 10 lõi với 4 lõi hiệu năng và 6 lõi tiết kiệm điện,32,,,14.2,macOS,3024x1964,"Khe thẻ nhớ SDXC
Cổng HDMI
Jack cắm tai nghe 3.5 mm
Cổng MagSafe 3
Ba cổng Thunderbolt 4 (USB‑C) hỗ trợ: Sạc, DisplayPort, Thunderbolt 4 (lên đến 40Gb/s), USB 4 (lên đến 40Gb/s)",CellphoneS,
209527,https://cellphones.com.vn/laptop-asus-zenbook-s-16-um5606ka-rk113ws-ryzen-ai-7.html,Laptop ASUS Zenbook S 16 UM5606KA-RK113WS,3949000000000.0,Giảm 8%,Laptop AI,,,"Trang bị CPU Ryzen AI 7 350 mạnh mẽ cùng RAM 24GB, đảm bảo xử lý mượt mà các tác vụ nặng.
Màn hình 16.0 inch OLED 3K với tần số quét 120Hz cho hình ảnh sắc nét, màu sắc sống động và trải nghiệm thị giác tuyệt vời.
Ổ cứng SSD 1TB PCIe cung cấp không gian lưu trữ rộng rãi và tốc độ truy xuất dữ liệu cực nhanh.
Máy đi kèm Windows 11 và Microsoft Office bản quyền, mang đến tiện ích và sẵn sàng sử dụng.
Laptop sở hữu thiết kế đẹp mắt với màu xám thanh lịch, phù hợp với phong cách chuyên nghiệp.","Nguyên hộp, đầy đủ phụ kiện từ nhà sản xuất
Bảo hành pin và bộ sạc 12 tháng",AMD Radeon Graphics,"AMD Ryzen AI 7 350 2.0GHz (24MB Cache, up to 5.0GHz, 8 lõi, 16 luồng)",16,,,16.0,Windows 11 Home + Microsoft Office Home 2024 + Microsoft 365 Basic,2880x1800,"1x USB 3.2 Gen 2 Type-A (10Gbps)
2x USB 4.0 Gen 3 Type-C hỗ trợ hiển thị/cung cấp điện (40Gbps)
1x HDMI 2.1 TMDS
1x Giắc cắm âm thanh kết hợp 3.5mm
Đầu đọc thẻ SD 4.0",CellphoneS,
235273,https://cellphones.com.vn/macbook-air-15-m3-16-256gb-2024-sac-35w.html,MacBook Air M3 15 inch 2024 8CPU 10GPU 16GB 256GB Sạc 35W | Chính hãng Apple Việt Nam,2799000000000.0,Giảm 15%,Mac,,,"Sức mạnh xử lý hàng đầu trên chip Apple M3 - Cân tốt mọi tác vụ từ đồ hoạ đến lập trình
Màn hình Liquid Retina 15.3 inch - Màu sắc hiển thị rực rỡ, sắc nét
Camera FaceTime HD 1080p - Đàm thoại, hội họp mọi lúc mọi nơi
Hỗ trợ sạc nhanh chóng nạp đầy pin khi bạn cần","Máy mới 100%, đầy đủ phụ kiện từ nhà sản xuất. Sản phẩm có mã SA/A (được Apple Việt Nam phân phối chính thức).",GPU 10 Lõi,"CPU Apple M3 8 Lõi
Neural Engine 16 lõi",16,,,15.3,MacOS,,"Cổng sạc MagSafe 3
Hai cổng Thunderbolt / USB 4",CellphoneS,
247182,https://cellphones.com.vn/laptop-asus-vivobook-s14-oled-s5406sa-pp059ws.html,Laptop ASUS Vivobook S14 OLED S5406SA-PP059WS,3149000000000.0,Giảm 13%,Laptop AI,,,"Với bộ vi xử lý U7-258V và RAM 32GB, máy có khả năng xử lý đa nhiệm mượt mà, phù hợp cho cả công việc và giải trí.
Ổ cứng 1TB PCIe cung cấp không gian lưu trữ rộng rãi và tốc độ truy xuất nhanh, giúp người dùng dễ dàng lưu trữ tài liệu, hình ảnh và video.
Màn hình 14.0 inch 3K OLED với tần số quét 120Hz mang lại màu sắc sống động và hình ảnh sắc nét, lý tưởng cho việc xem phim và chỉnh sửa ảnh.
Máy đi kèm với hệ điều hành Windows 11 và bộ ứng dụng Office, mang lại sự tiện lợi cho người dùng trong công việc hàng ngày.","Nguyên hộp, đầy đủ phụ kiện từ nhà sản xuất
Bảo hành pin và bộ sạc 12 tháng",Intel Arc Graphics,"Intel Core Ultra 7 258V 32GB 2.2 GHz (12MB Cache, up to 4.8 GHz, 8 lõi, 8 luồng",32,,,14.0,"Windows 11 Home
Microsoft Office Home 2024 + Microsoft 365 Basic",2880x1800,"2x USB 3.2 Gen 1 Type-A (tốc độ dữ liệu lên đến 5Gbps)
2x Thunderbolt 4 hỗ trợ hiển thị/cung cấp điện (tốc độ dữ liệu lên đến 40Gbps)
1x HDMI 2.1 TMDS
1x Giắc cắm âm thanh kết hợp 3.5mm
Đầu đọc thẻ Micro SD",CellphoneS,
236782,https://cellphones.com.vn/laptop-asus-vivobook-14-a1407ca-ly008ws.html,Laptop ASUS Vivobook 14 A1407CA-LY008WS,2049000000000.0,Giảm 9%,Laptop AI,,,"Laptop được trang bị vi xử lý U5-225H, mang lại hiệu năng mạnh mẽ cho các công việc văn phòng và đa nhiệm.
Với 16GB RAM, VivoBook 14 cho phép xử lý nhiều tác vụ cùng lúc mà không gặp trở ngại.
Ổ cứng SSD 512GB PCIe cung cấp không gian lưu trữ rộng rãi và tốc độ truy cập nhanh, giúp khởi động hệ điều hành và ứng dụng nhanh chóng.
Màn hình 14.0 inch WUXGA mang đến hình ảnh rõ ràng và sống động, phù hợp cho việc học tập và giải trí.","Nguyên hộp, đầy đủ phụ kiện từ nhà sản xuất
Bảo hành pin và bộ sạc 12 tháng",Intel Arc Graphics,"Intel Core Ultra 5 225H 1.7 GHz (18MB Cache, up to 4.9 GHz, 14 lõi, 16 luồng)",32,,,14.0,Windows 11 Home + Microsoft Office Home 2024 + Microsoft 365 Basic,1920x1200,"2x USB 3.2 Gen 1 Type-A (tốc độ dữ liệu lên đến 5Gbps)
2x USB 3.2 Gen 1 Type-C hỗ trợ hiển thị / Sạc (tốc độ dữ liệu lên đến 5Gbps)
1x HDMI 1.4
1x Giắc cắm âm thanh kết hợp 3.5mm",CellphoneS,
217093,https://cellphones.com.vn/laptop-asus-vivobook-16-a1607qa-mb067ws-snapdragon.html,Laptop ASUS Vivobook 16 A1607QA-MB067WS,1799000000000.0,Giảm 14%,Laptop AI,,,"Laptop sở hữu thiết kế thanh lịch với màu bạc sang trọng, phù hợp với học sinh, sinh viên và dân văn phòng.
Máy được trang bị màn hình lớn 16.0 inch WUXGA, mang lại không gian hiển thị rộng rãi và hình ảnh sắc nét.
Hiệu năng ổn định với vi xử lý Snapdragon X1-26-100, RAM 16GB, và ổ cứng SSD 512GB PCIe, đáp ứng tốt nhu cầu công việc và giải trí.
Laptop được cài sẵn Windows 11 và Microsoft Office bản quyền, hỗ trợ đầy đủ các tác vụ văn phòng ngay khi sử dụng.","Nguyên hộp, đầy đủ phụ kiện từ nhà sản xuất
Bảo hành pin và bộ sạc 12 tháng","Qualcomm Adreno GPU
Tiến trình chip mới nên có thể không kết nối được với các thiết bị có driver cũ","Snapdragon X X1 26 100 (30MB Cache, up to 2.97GHz, 8 lõi, 8 luồng)",32,,,16.0,Windows 11 Home + Microsoft Office Home 2024 + Microsoft 365 Basic,1920x1200,"2x USB 3.2 Gen 1 Type-A (tốc độ dữ liệu lên đến 5Gbps)
2x USB 4.0 Gen 3 Type-C hỗ trợ hiển thị/cung cấp điện (tốc độ dữ liệu lên đến 40Gbps)
1x HDMI 2.1 TMDS
1x Giắc cắm âm thanh kết hợp 3.5mm",CellphoneS,
235357,https://cellphones.com.vn/laptop-msi-katana-15-b13vek-2256vn.html,Laptop MSI Katana 15 B13VEK-2256VN,2599000000000.0,Giảm 10%,MSI,5.0,1.0,"Bộ vi xử lý Intel Core i7-13620H, máy mang đến hiệu suất vượt trội trong việc xử lý đa nhiệm và các ứng dụng nặng.
RAM 16GB giúp chạy mượt mà các tác vụ và trò chơi hiện đại, trong khi ổ cứng SSD 512GB PCIe cung cấp tốc độ truy xuất dữ liệu nhanh chóng.
Card đồ họa NVIDIA GeForce RTX 4050 với dung lượng 6GB cho phép trải nghiệm đồ họa sắc nét và mượt mà, lý tưởng cho game 3D và thiết kế đồ họa.
Màn hình 15.6 inch FHD với tần số quét 144Hz mang lại hình ảnh sống động và phản hồi nhanh chóng trong các trò chơi hành động.","Nguyên hộp, đầy đủ phụ kiện từ nhà sản xuất
Bảo hành pin và bộ sạc 12 tháng",Intel UHD Graphics + NVIDIA GeForce RTX 4050 6GB GDDR6,Intel Core i7-13620H,32,,,15.6,Windows 11 Home,1920x1080,"1x Type-C (USB3.2 Gen1 / DisplayPort)
2x Type-A USB3.2 Gen1
1x Type-A USB2.0
1x HDMI (4K @ 30Hz)
1x RJ45
1x Mic-in/Headphone-out Combo Jack",CellphoneS,
238087,https://cellphones.com.vn/laptop-dell-vostro-3520-f0v0v.html,Laptop Dell Vostro 3520 F0V0V,1259000000000.0,Giảm 10%,Dell,,,"Trang bị bộ vi xử lý Intel Core i5 1235U xử lý mượt mà và hiệu quả các tác vụ thường ngày như lướt web, soạn thảo săn bản, xem phim, giải trí,..
RAM 8 GB đa nhiệm, đủ để sử dụng cho các tác vụ học tập, làm việc văn phòng.
Ổ cứng SSD 512 GB có tốc độ đọc, ghi cao, rút ngắn đáng kể thời gian phản hồi, khởi động máy hay các phần mềm nhanh chóng.
Màn hình lớn 15.6 inch Full HD mang đến góc nhìn được tối ưu, rộng lớn và đã mắt với chất lượng hình ảnh hiển thị rõ nét.","Sạc, sách hướng dẫn sử dụng
Tìm hiểu thêm về laptop nhập khẩu",Intel Iris Xe,Intel Core i5-1235U,32,,,15.6,Free OS,1080x1920,"2 USB 3.2 Gen 1
1 USB 2.0 port 1 headset (headphone and microphone combo)
port 1 HDMI 1.4 port HDMI 1.4 (Maximum resolution supported over HDMI is 1920x1080 @60Hz. No 4K/2K output) 1 RJ45 Ethernet port (flip-down",CellphoneS,
204297,https://cellphones.com.vn/laptop-hp-240-g9-9e5w3pt.html,Laptop HP 240 G9 9E5W3PT,1399000000000.0,Giảm 18%,HP,,,"Trang bị chip Intel Core i5, RAM 8GB + 8GB và ổ cứng SSD 512GB PCIe cho khả năng xử lý mượt mà các tác vụ văn phòng, học tập và giải trí cơ bản.
Màn hình 14 inch FHD (1920x1080) mang đến trải nghiệm hình ảnh rõ nét, sống động cho công việc và giải trí.
Với trọng lượng chỉ từ 1.47kg, HP 240 G9 dễ dàng mang theo bên mình mọi lúc mọi nơi.
Máy được cài đặt sẵn Windows 11 bản quyền, mang đến giao diện hiện đại và nhiều tính năng mới mẻ.","Nguyên hộp, đầy đủ phụ kiện từ nhà sản xuất
Bảo hành pin và bộ sạc 12 tháng",Intel Iris Xe Graphics,"Intel Core i5-1235U (up to 4.4 GHz with Intel Turbo Boost Technology,12 MB L3 cache,10 lõi /12 luồng)",16,,,14.0,Windows 11,1920x1080,"1x USB Type-C
2x USB Type-A
1x AC power
1x HDMI 1.4b
1x Stereo headphone/microphone combo jack
1x RJ-45",CellphoneS,
224524,https://cellphones.com.vn/laptop-dell-inspiron-14-5440-71034770.html,Laptop Dell Inspiron 14 5440 71034770,2699000000000.0,Giảm 10%,Dell,,,"Máy được trang bị vi xử lý Intel Core 7-150U, mang đến hiệu suất mạnh mẽ cho các tác vụ đa nhiệm và đồ họa.
Với 16GB RAM và ổ cứng SSD 1TB, người dùng có không gian lưu trữ rộng rãi và tốc độ truy xuất dữ liệu nhanh chóng.
Card đồ họa rời 2GB MX570A giúp nâng cao khả năng xử lý hình ảnh, lý tưởng cho các ứng dụng đồ họa và game nhẹ.
Màn hình 14.0 inch với độ phân giải 2.2K cung cấp hình ảnh sắc nét và màu sắc sống động cho trải nghiệm giải trí tuyệt vời.","Nguyên hộp, đầy đủ phụ kiện từ nhà sản xuất
Bảo hành pin và bộ sạc 12 tháng",MX570A 2GB GDDR6,Core 7-150U,16,,,14.0,Windows 11 Home + OFFICE,2240x1400,2x USB 3.2 Gen 1 (5 Gbps) ports 1x USB 3.2 Gen 2 (10 Gbps) Type-C (Sạc / DisplayPort 1.4),CellphoneS,
231869,https://cellphones.com.vn/laptop-lenovo-yoga-pro-7-14asp9-83hn0022vn.html,Laptop Lenovo Yoga Pro 7 14ASP9 83HN0022VN,3869000000000.0,Giảm 8%,Laptop AI,,,"Trang bị bộ vi xử lý Ryzen 9 với công nghệ AI, mang lại hiệu năng xuất sắc.
RAM 32GB đảm bảo đa nhiệm mượt mà và xử lý nhanh chóng mọi tác vụ.
Ổ cứng SSD PCIe 1TB cung cấp không gian lưu trữ rộng rãi.
Màn hình OLED 14.5 inch độ phân giải 2.8K cho hình ảnh sắc nét, màu sắc sống động.
Thiết kế màu xám thanh lịch, phù hợp cho cả môi trường chuyên nghiệp và cá nhân.","Nguyên hộp, đầy đủ phụ kiện từ nhà sản xuất
Bảo hành pin và bộ sạc 12 tháng",AMD Radeon 880M Graphics,"AMD Ryzen AI 9 365 (10 lõi / 20 luồng, 2.0 / 5.0GHz, 10MB L2 / 24MB L3)",16,,,14.5,"Windows 11 Home Single Language, English
Office Home & Student 2021",2880x1800,"1x USB-A (5Gbps / USB 3.2 Gen 1), Always On
1x USB-C (10Gbps / USB 3.2 Gen 2), với USB PD 3.0 và DP 1.4
1x USB-C (USB4 40Gbps), với USB PD 3.0 và DP 1.4
1x HDMI 2.1, up to 4K/60Hz
1x Headphone / microphone combo jack (3.5mm)",CellphoneS,
200570,https://cellphones.com.vn/laptop-lenovo-yoga-slim-6-14irh8-83e00008vn.html,Laptop Lenovo Yoga Slim 6 14IRH8 83E00008VN,2299000000000.0,Giảm 15%,Lenovo,,,"Trọng lượng mỏng nhẹ chỉ 1.35 kg dễ dàng mang theo bất kỳ đâu mà không gây mệt mỏi cho người dùng.
CPU Intel Core i7-13700H, cho khả năng xử lý mạnh mẽ,  xử lý mọi tác vụ làm việc, học tập và giải trí mượt mà.
Ổ cứng 512GB cho tốc độ đọc, ghi dữ liệu nhanh chóng và khả năng lưu trữ đa dạng ứng dụng và tệp tin.
RAM 16 GB giúp máy hoạt động mượt mà và nhanh chóng, đáp ứng mọi nhu cầu của bạn.
Màn hình 14 inch WUXGA cung cấp hình ảnh sắc nét, màu sắc chính xác và độ tương phản ấn tượng.","Nguyên hộp, đầy đủ phụ kiện từ nhà sản xuất
Bảo hành pin và bộ sạc 12 tháng",Intel Iris Xe Graphics,"Intel Core i7-13700H (14 lõi (6P + 8E) / 20 luồng , P-core 2.4 / 5.0GHz, E-core 1.8 / 3.7GHz, 24MB)",16,,,14.0,Windows 11 Home + Office Home & Student 2021,1920x1200,"1x HDMI 2.1, up to 4K/60Hz
1x Headphone / microphone combo jack (3.5mm)
1x USB 3.2 Gen 1 (Always On)
2x Thunderbolt 4 / USB4 40Gbps (Truyền dữ liệu, Power Delivery 3.0 và DisplayPort 1.4)",CellphoneS,
231292,https://cellphones.com.vn/laptop-msi-prestige-14-ai-studio-c1udxg-058vn.html,Laptop MSI Prestige 14 AI Studio C1UDXG-058VN,2649000000000.0,Giảm 15%,MSI,,,"Trang bị bộ vi xử lý Intel Core Ultra 7-155H, cung cấp sức mạnh xử lý đáng kể cho các tác vụ đòi hỏi cao và ứng dụng AI.
Với card đồ họa NVIDIA GeForce RTX 3050 6GB, laptop này có khả năng xử lý đồ họa tốt, phù hợp cho công việc sáng tạo và chơi game ở mức độ vừa phải.
Màn hình 14 inch độ phân giải Full HD+ với tần số quét 144Hz mang lại trải nghiệm hiển thị mượt mà và sắc nét.
Bộ nhớ RAM 16GB và ổ cứng SSD PCIe 1TB cung cấp không gian lưu trữ rộng rãi và khả năng đa nhiệm tốt cho người dùng.","Nguyên hộp, đầy đủ phụ kiện từ nhà sản xuất
Bảo hành pin và bộ sạc 12 tháng",NVIDIA GeForce RTX 3050 6GB,"Intel Core Ultra 7 155H 16 lõi (6 P-cores + 8 E-cores + 2 Low Power E-cores), Max Turbo Frequency 4.8 GHz",16,,,14.0,Windows 11 Home,1920x1200,"1x RJ45
1x Type-C (USB3.2 Gen 2 / DisplayPort/ Power Delivery 3.1)
1x Type-A USB3.2 Gen 2
1x HDMI 2.1 (8K @ 60Hz / 4K @ 120Hz)
1x Mic-in/Headphone-out Combo Jack",CellphoneS,
223877,https://cellphones.com.vn/laptop-lenovo-ideapad-slim-3-14iah8-83eq0005vn.html,Laptop Lenovo IdeaPad Slim 3 14IAH8 83EQ0005VN,1429000000000.0,Giảm 8%,Lenovo,5.0,8.0,"Mang thiết kế tối ưu và di động với trọng lượng nhẹ nhàng chỉ 1.37 kg
CPU Intel Core i5-12450H mạnh mẽ, xử lý từ những tác vụ văn phòng đơn giản tới những công việc thiết kế hình ảnh
16GB RAM đa nhiệm giúp làm việc với nhiều ứng dụng mà không lo lắng giật Lag
Ổ cứng SSD 512GB cho không gian lưu trữ lớn giúp khởi động máy hay mở tệp thư mục nhanh chóng
Màn hình 14 inch Full HD đảm bảo hiển thị hình ảnh có độ sắc nét cao tới từng chi tiết","Nguyên hộp, đầy đủ phụ kiện từ nhà sản xuất
Bảo hành pin và bộ sạc 12 tháng",Intel UHD Graphics,"Intel Core i5-12450H (8 lõi (4P + 4E) / 12 luồng, P-core 2.0 / 4.4GHz, E-core 1.5 / 3.3GHz, 12MB)",32,,,14.0,Windows 11 Home,1920x1080,"2x USB 3.2 Gen 1
1x USB-C 3.2 Gen 1 (Truyền dữ liệu , sạc, DisplayPort 1.2)
1x HDMI 1.4
1x Đầu đọc thẻ
1x Headphone / microphone combo jack (3.5mm)
1x Đầu nối nguồn",CellphoneS,
221236,https://cellphones.com.vn/laptop-msi-gaming-thin-15-b13uc-2081vn.html,Laptop MSI Gaming Thin 15 B13UC-2081VN,1779000000000.0,Giảm 19%,MSI,5.0,2.0,"Bộ xử lý Intel Core i5-13420H mạnh mẽ, cho hiệu suất xử lý mượt mà, đáp ứng tốt nhu cầu chơi game ở mức cấu hình cao.
RAM 16GB và ổ cứng SSD 512GB PCIe mang đến tốc độ xử lý nhanh chóng, khởi động máy và mở ứng dụng nhanh chóng.
Card đồ họa NVIDIA GeForce RTX 3050 4GB cho khả năng xử lý đồ họa mạnh mẽ, mang đến trải nghiệm game mượt mà, hình ảnh đẹp mắt.
Màn hình 15.6 inch FHD 144Hz sắc nét, tốc độ làm tươi cao, cho hình ảnh chuyển động mượt mà, không bị giật lag.","Nguyên hộp, đầy đủ phụ kiện từ nhà sản xuất
Bảo hành pin và bộ sạc 12 tháng",NVIDIA GeForce RTX 3050 4GB GDDR6 128-bit,Intel Core i5-13420H,32,,,15.6,Windows 11 Home,1920x1080,"1x Mic-in, 1x Headphone-out
1x Type-C (USB3.2 Gen1 / DP)
3x Type-A USB3.2 Gen1
1x HDMI (4K @ 30Hz)
1x RJ45",CellphoneS,
216182,https://cellphones.com.vn/laptop-asus-rog-strix-g16-g614ju-n3480w.html,Laptop ASUS ROG Strix G16 G614JU-N3480W,2999000000000.0,Giảm 21%,ASUS,,,"Sở hữu vi xử lý Intel Core i5-13450HX mạnh mẽ, đảm bảo hiệu năng vượt trội cho các tác vụ gaming và công việc nặng.
Máy được trang bị 16GB + 16GB RAM và ổ cứng SSD 512GB PCIe, mang lại tốc độ xử lý nhanh chóng và không gian lưu trữ rộng rãi.
Card đồ họa NVIDIA GeForce RTX 4050 6GB cho khả năng xử lý hình ảnh mượt mà, đáp ứng tốt nhu cầu chơi game đồ họa cao và thiết kế chuyên nghiệp.
Màn hình 16 inch WUXGA với tần số quét 165Hz cho chất lượng hình ảnh sắc nét, chuyển động mượt mà, lý tưởng cho game thủ và người sáng tạo nội dung.","Nguyên hộp, đầy đủ phụ kiện từ nhà sản xuất
Bảo hành pin và bộ sạc 12 tháng","NVIDIA GeForce RTX 4050 6GB GDDR6 (194 AI TOPs)
Intel UHD Graphics","Intel Core i5-13450HX 2.4 GHz (20M Cache, up to 4.6 GHz, 10 cores: 6 P-cores and 4 E-cores)",32,,,16.0,Windows 11 Home,1920x1200,"1x Cổng LAN RJ45
1x Thunderbolt 4 hỗ trợ DisplayPort (40Gbps)
1x USB 3.2 Gen 2 Type-C hỗ trợ DisplayPort / cung cấp điện / G-SYNC (10Gbps)
2x USB 3.2 Gen 2 Type-A (10Gbps)
1x HDMI 2.1 FRL
1x 3.5mm Combo Audio",CellphoneS,
211015,https://cellphones.com.vn/laptop-hp-240-g9-ag2j7at.html,Laptop HP 240 G9 AG2J7AT,1499000000000.0,Giảm 24%,HP,,,"Trang bị bộ vi xử lý Intel Core i5-1235U, mang lại hiệu suất mạnh mẽ cho các tác vụ văn phòng và giải trí.
Với 16GB RAM, máy cho phép người dùng thực hiện đa nhiệm một cách mượt mà, lý tưởng cho công việc và học tập.
Ổ cứng 512GB PCIE cung cấp không gian lưu trữ rộng rãi và tốc độ truy xuất dữ liệu nhanh chóng.
Màn hình 14.0 inch với độ phân giải FHD mang đến hình ảnh sắc nét và chi tiết, giúp người dùng dễ dàng theo dõi nội dung. ","Nguyên hộp, đầy đủ phụ kiện từ nhà sản xuất
Bảo hành pin và bộ sạc 12 tháng",Intel UHD Graphics,Intel Core i5-1235U (10 lõi) - Max Turbo Frequency: 4.40 GHz,32,,,14.0,Windows 11 Home Single Language 64-bit,1920x1080,"2 x USB 3.2 Gen 1 Type-A
1 x USB 3.2 Gen 1 Type-C
1 x HDMI
1 x RJ45 (LAN)
1 x Headphone/Microphone combo audio jack",CellphoneS,
215694,https://cellphones.com.vn/laptop-dell-vostro-3520-f0v0v256.html,Laptop Dell Vostro 3520 F0V0V256 - Nhập khẩu chính hãng,1239000000000.0,Giảm 11%,Dell,,,"Trang bị bộ vi xử lý Intel Core i5-1235U xử lý một loạt các nhiệm vụ từ lướt web, soạn thảo văn bản, chỉnh sửa hình ảnh đơn giản
RAM 8GB, một dung lượng đủ lớn để chạy nhiều ứng dụng cùng một lúc mà không gây ra hiện tượng máy bị giật lag hay đứng máy
Ổ cứng SSD PCIe 256GB, giúp tăng tốc độ truy cập dữ liệu và khởi động máy nhanh chóng
Màn hình Full HD 15.6 inch mang đến hình ảnh rõ nét và màu sắc trung thực","Nguyên hộp, đầy đủ phụ kiện từ nhà sản xuất
Bảo hành pin và bộ sạc 12 tháng",Intel Iris Xe Graphics,"Intel Core i5-1235U (10 lõi / 12 luồng, 1.30 GHz to 4.40 GHz, 12 MB)",16,,,15.6,"Máy nguyên bản Free OS, được tặng Windows 11 Pro",1920x1080,"1x RJ45 Ethernet
2x USB 3.2 Gen 1
1x USB 3.2 Gen 1
1x USB 3.2 Gen 1 Type-C (DisplayPort 1.4)
1x USB 2.0
1x HDMI 1.4
1x USB 3.2 Gen 1 Type-C với DisplayPort 1.4
1x Khe cắm thẻ SD
1x Bộ đổi nguồn AC 65 W, 4,5 mm",CellphoneS,
206904,https://cellphones.com.vn/laptop-msi-modern-15-b13m-438vn.html,Laptop MSI Modern 15 B13M-438VN,1199000000000.0,Giảm 35%,MSI,,,"Mang vẻ ngoài sang trọng cùng thiết kế gọn nhẹ, không gây áp lực lớn lên vai của bạn
CPU i5 1335U cùng card đồ họa Intel UHD giúp bạn xử lý ổn thỏa các tác vụ văn phòng
Ổ cứng SSD 512GB cùng RAM 8GB giúp lưu trữ dữ liệu tốt và máy tính chạy mượt hơn
Laptop trang bị nhiều cổng kết nối giúp quá trình sử dụng trở nên thuận tiện hơn: Cổng Type C, USB 2.0, USB 3.2, HDMI,...","Nguyên hộp, đầy đủ phụ kiện từ nhà sản xuất
Bảo hành pin và bộ sạc 12 tháng",Intel Iris Xe Graphics,"Core i5-1335U (12MB Cache, up to 4.6.0 GHz, 10 lõi, 12 luồng)",16,,,15.6,Windows 11 Home,1920x1080,"1x Đầu đọc thẻ
1x Giắc cắm DC
1x HDMI
1x Type C
1x USB 3.2 Gen 2
2x USB 2.0",CellphoneS,
238049,https://cellphones.com.vn/laptop-asus-zenbook-14-ux3405ca-pz187ws.html,Laptop ASUS Zenbook 14 UX3405CA-PZ187WS,2949000000000.0,Giảm 8%,Laptop AI,,,"Trang bị bộ vi xử lý U5-225H, laptop mang lại hiệu năng mạnh mẽ cho các tác vụ văn phòng và sáng tạo nội dung.
16GB RAM, ZenBook 14 cho phép người dùng thực hiện nhiều tác vụ cùng lúc mà không bị gián đoạn.
Ổ cứng SSD 512GB PCIe cung cấp không gian lưu trữ rộng rãi và tốc độ truy cập nhanh, lý tưởng cho lưu trữ dữ liệu.
Màn hình 14.0 inch 3K OLED với tần số quét 120Hz và tính năng cảm ứng mang đến trải nghiệm tương tác mượt mà và hình ảnh sống động.","Nguyên hộp, đầy đủ phụ kiện từ nhà sản xuất
Bảo hành pin và bộ sạc 12 tháng",Intel Arc Graphics,"Intel Core Ultra 5 225H 1.7 GHz (18MB Cache, up to 4.9 GHz, 14 lõi, 16 luồng)",32,,,14.0,Windows 11 Home + Microsoft Office Home 2024 + Microsoft 365 Basic,2880x1800,"1x USB 3.2 Gen 1 Type-A (tốc độ dữ liệu lên đến 5Gbps)
2x Thunderbolt 4 hỗ trợ hiển thị/cung cấp điện (tốc độ dữ liệu lên đến 40Gbps)
1x HDMI 2.1 TMDS
1x Giắc cắm âm thanh kết hợp 3.5mm",CellphoneS,
245342,https://cellphones.com.vn/laptop-hp-pavilion-15-eg3111tu-8u6l8pa.html,Laptop HP Pavilion 15-EG3111TU 8U6L8PA,1749000000000.0,Giảm 18%,HP,4.3,9.0,"CPU Intel Core i5, RAM 16GB và ổ cứng SSD 512GB cho khả năng xử lý nhanh chóng mọi tác vụ từ văn phòng, học tập đến giải trí.
Màn hình 15.6 inch FHD mang đến không gian hiển thị rộng rãi và hình ảnh sắc nét, sống động.
Sở hữu thiết kế thanh lịch với lớp vỏ màu bạc sang trọng, phù hợp với nhiều đối tượng người dùng.
Máy được cài đặt sẵn Windows 11 bản quyền, mang đến giao diện hiện đại và nhiều tính năng mới mẻ cho người dùng.","Nguyên hộp, đầy đủ phụ kiện từ nhà sản xuất
Bảo hành pin và bộ sạc 12 tháng",Intel Iris Xe Graphics,"Intel Core i5-1335U (up to 4.6 GHz with Intel Turbo Boost Technology,12 MB L3 cache,10 lõi,12 luồng)",16,,,15.6,Windows 11 Home Single Language,1920x1080,"1x USB Type-C
2x USB Type-A
1x HDMI 2.1
1x AC smart pin
1x headphone/microphone combo",CellphoneS,
219763,https://cellphones.com.vn/apple-macbook-pro-14-m4-10-cpu-10-gpu-16gb-512gb-2024-nano.html,MacBook Pro 14 M4 10CPU 10GPU 16GB 512GB Nano Sạc 70W | Chính hãng Apple Việt Nam,4199000000000.0,Giảm 4%,Mac,,,"Trang bị chip M4 mạnh mẽ với 10 nhân CPU và 10 nhân GPU, xử lý đa nhiệm mượt mà và hiệu quả.
RAM 16GB dung lượng lớn, giúp đa nhiệm trơn tru, xử lý nhiều ứng dụng chuyên nghiệp cùng lúc mà không bị giật lag.
Ổ cứng SSD 512GB dung lượng lớn, cho phép lưu trữ thoải mái dữ liệu, ứng dụng và các dự án cá nhân.
Màn hình Liquid Retina XDR 14.2 inch sắc nét, với công nghệ ProMotion 120Hz, mang lại trải nghiệm hình ảnh mượt mà và sống động.","Máy mới 100%, đầy đủ phụ kiện từ nhà sản xuất. Sản phẩm có mã SA/A (được Apple Việt Nam phân phối chính thức).","10 lõi
Neural Engine 16 lõi",Apple M4 10 lõi với 4 lõi hiệu năng và 6 lõi tiết kiệm điện,16,,,14.2,macOS,3024x1964,"Khe thẻ nhớ SDXC
Cổng HDMI
Jack cắm tai nghe 3.5 mm
Cổng MagSafe 3
Ba cổng Thunderbolt 4 (USB‑C) hỗ trợ: Sạc, DisplayPort, Thunderbolt 4 (lên đến 40Gb/s), USB 4 (lên đến 40Gb/s)",CellphoneS,
208199,https://cellphones.com.vn/laptop-dell-inspiron-15-3530-n3530.html,Laptop Dell Inspiron 15 3530 N3530,1799000000000.0,Giảm 7%,Dell,,,"Nổi bật với thiết kế vỏ màu bạc tinh tế, màn hình 15.6 inch Full HD cho hình ảnh sắc nét và màu sắc sống động.
Sức mạnh xử lý đến từ chip Intel Core i5-1334U, kết hợp RAM 16GB và SSD PCIe 512GB, đảm bảo vận hành mượt mà các tác vụ văn phòng và đa nhiệm.
Máy được cài đặt sẵn Windows 11 và bộ Office bản quyền, mang đến trải nghiệm làm việc chuyên nghiệp ngay khi mở hộp.
Thiết kế bền bỉ theo tiêu chuẩn Dell, hệ thống tản nhiệt ổn định và thời lượng pin tốt, phù hợp cho người dùng văn phòng và sinh viên.","Nguyên hộp, đầy đủ phụ kiện từ nhà sản xuất
Bảo hành pin và bộ sạc 12 tháng",Intel Iris Xe Graphics,"Intel Core i5-1334U (12MB Cache, up to 4.6 GHz)",16,,,15.6,Windows 11 Home + Office Home 2024 vĩnh viễn + Microsoft 365 Basic,1920x1080,"1x cổng HDMI 1.4
1x cổng USB 3.2 Gen 1
1x cổng USB 2.0
1x cổng USB 3.2 Gen 1 Type-C
1x cổng âm thanh phổ thông",CellphoneS,
226541,https://cellphones.com.vn/macbook-air-15-inch-m3-16gb-512gb-2024-sac-70w.html,MacBook Air M3 15 inch 2024 8CPU 10GPU 16GB - 512GB Sạc 70W | Chính hãng Apple Việt Nam,3149000000000.0,Giảm 17%,Mac,,,"Sức mạnh xử lý hàng đầu trên chip Apple M3 - Cân tốt mọi tác vụ từ đồ hoạ đến lập trình
Màn hình Liquid Retina 15,3 inch - Màu sắc hiển thị rực rỡ, sắc nét
Camera FaceTime HD 1080p - Đàm thoại, hội họp mọi lúc mọi nơi
Hỗ trợ sạc 70W - Nhanh chóng nạp đầy pin khi bạn cần","Máy mới 100%, đầy đủ phụ kiện từ nhà sản xuất. Sản phẩm có mã SA/A (được Apple Việt Nam phân phối chính thức).",GPU 10 lõi,"CPU Apple M3 8 Lõi
Neural Engine 16 lõi",16,,,15.3,MacOS,,"Cổng sạc MagSafe 3
Hai cổng Thunderbolt / USB 4",CellphoneS,
248884,https://cellphones.com.vn/laptop-msi-gaming-thin-15-b12ucx-1419vn.html,Laptop MSI Gaming Thin 15 B12UCX-1419VN,1499000000000.0,Giảm 17%,MSI,,,"Vi xử lý Intel Core i5-12450H, RAM 8GB và ổ cứng SSD 512GB PCIe mang đến hiệu suất mượt mà cho các tác vụ hàng ngày, chơi game và chỉnh sửa video cơ bản.
Card đồ họa NVIDIA GeForce RTX 2050 giúp bạn chơi game ở độ phân giải Full HD với mức thiết lập đồ họa trung bình đến cao.
Màn hình 15.6 inch độ phân giải Full HD (1920 x 1080) cho hình ảnh rõ nét, sống động, mang đến trải nghiệm thị giác tuyệt vời.
Hệ thống tản nhiệt tiên tiến giúp duy trì nhiệt độ ổn định, đảm bảo hiệu suất hoạt động tối ưu trong thời gian dài.","Nguyên hộp, đầy đủ phụ kiện từ nhà sản xuất
Bảo hành pin và bộ sạc 12 tháng","Nvidia Geforce RTX 2050, GDDR6 4GB",Alder Lake i5-12450H,32,,,15.6,Windows 11 Home SEA,1920x1080,"1x Type-C (USB3.2 Gen1 / DP)
3x Type-A USB3.2 Gen1
1x HDMI (4K @ 30Hz)
1x RJ45",CellphoneS,
222592,https://cellphones.com.vn/laptop-lenovo-thinkpad-x9-14-gen-1-21qa006lvn.html,Laptop Lenovo ThinkPad X9-14 Gen 1 21QA006LVN,5299000000000.0,Giảm 5%,Laptop AI,,,"Laptop được trang bị vi xử lý Intel U7-258V, mang lại hiệu suất mạnh mẽ cho các tác vụ văn phòng và làm việc chuyên nghiệp.
Màn hình 14.0 inch 2.8K OLED cung cấp hình ảnh sống động, sắc nét và độ tương phản cao, lý tưởng cho việc xem nội dung chất lượng.
Với 32GB RAM và ổ cứng 1TB PCIe, máy hỗ trợ đa nhiệm hiệu quả và lưu trữ lượng lớn dữ liệu.
Thiết kế màu xám sang trọng, phù hợp với môi trường làm việc chuyên nghiệp và phong cách hiện đại.","Nguyên hộp, đầy đủ phụ kiện từ nhà sản xuất
Bảo hành pin và bộ sạc 12 tháng",Intel Arc Graphics 140V,"Intel Core Ultra 7 258V, 8 lõi (4P + 4LPE) / 8 luồng, Max Turbo up to 4.8GHz, 12MB",32,,,14.0,Windows 11 Pro,2880x1800,"2x USB-C (Thunderbolt 4 / USB4 40Gbps), với USB PD 3.0 và DisplayPort 2.1
1x HDMI 2.1, lên đến 4K/60Hz
1x giắc cắm kết hợp tai nghe / micrô (3.5 mm)",CellphoneS,
202049,https://cellphones.com.vn/laptop-lenovo-yoga-slim-7-14ill10-83jx0037vn.html,Laptop Lenovo Yoga Slim 7 14ILL10 83JX0037VN,3699000000000.0,Giảm 3%,Laptop AI,,,"Trang bị Intel Core U7-258V, RAM 32GB, SSD 1TB, đáp ứng tốt mọi nhu cầu từ làm việc, học tập đến giải trí cao cấp.
Kích thước 14 inch với độ phân giải 2.8K, màu sắc rực rỡ, chi tiết vượt trội, lý tưởng cho sáng tạo nội dung và trải nghiệm hình ảnh cao cấp.
Kiểu dáng thanh lịch, màu xám hiện đại, dễ dàng mang theo.
Cài đặt sẵn Windows 11 và Microsoft Office bản quyền, sẵn sàng sử dụng ngay khi mở máy.","Nguyên hộp, đầy đủ phụ kiện từ nhà sản xuất
Bảo hành pin và bộ sạc 12 tháng",Intel Arc Graphics 140V,"Intel Core Ultra 7 258V, 8 lõi (4P + 4LPE) / 8 luồng, Max Turbo up to 4.8GHz, 12MB",16,,,14.0,"Windows 11 Home Single Language, English + Microsoft 365 Basic + Office Home 2024 + Lenovo AI Now",2880x1800,"1x USB-A (USB 5Gbps / USB 3.2 Gen 1), Luôn bật
2x USB-C (Thunderbolt 4 / USB4 40Gbps), với USB PD 3.0 và DisplayPort 2.1
1x HDMI 2.1, lên đến 4K/60Hz
1x giắc cắm kết hợp tai nghe / micrô (3.5 mm)
1x đầu đọc thẻ nhớ microSD",CellphoneS,
202785,https://cellphones.com.vn/laptop-asus-expertbook-b1402cva-nk0157w.html,Laptop ASUS ExpertBook B1402CVA-NK0157W,1549000000000.0,Giảm 16%,ASUS,,,"Sức mạnh của bộ vi xử lý Intel Core i7 giúp máy tính xử lý mọi nhiệm vụ từ cơ bản đến phức tạp một cách hiệu quả.
RAM 8GB và ổ cứng SSD 512GB tăng cường tốc độ và sự mượt mà khi sử dụng.
Màn hình 14 inch độ phân giải Full HD mang đến trải nghiệm xem phim, lướt web và chỉnh sửa ảnh cơ bản rõ nét và sống động.
Phần vỏ máy được chế tác tỉ mỉ, tạo nên một thiết kế chắc chắn, sang trọng và bền bỉ.","Nguyên hộp, đầy đủ phụ kiện từ nhà sản xuất
Bảo hành pin và bộ sạc 12 tháng",Intel UHD Graphics,"Intel Core i7-1355U (1.7 GHz, 12M Cache, up to 5.0 GHz, 10 lõi)",16,,,14.0,Windows 11 Home,1920x1080,"1x USB 2.0 Type-A
1x USB 3.2 Gen 1 Type-A
1x USB 3.2 Gen 1 Type-C
1x USB 3.2 Gen 2 Type-C
1x HDMI
1x Jack cắm âm thanh
1x RJ45 Gigabit Ethernet",CellphoneS,
213741,https://cellphones.com.vn/laptop-lenovo-ideapad-slim-3-14irh10-83k0000avn.html,Laptop Lenovo IdeaPad Slim 3 14IRH10 83K0000AVN,1649000000000.0,Giảm 6%,Lenovo,,,"Trang bị vi xử lý Intel Core i5-13420H, mang đến hiệu suất mạnh mẽ cho công việc và giải trí.
Với 24GB RAM, máy cho phép đa nhiệm mượt mà và xử lý các ứng dụng nặng một cách dễ dàng.
Ổ cứng SSD 512GB PCIe cung cấp không gian lưu trữ rộng rãi và tốc độ truy xuất nhanh chóng.
Màn hình 14.0 inch WUXGA cho hình ảnh sắc nét, giúp người dùng tận hưởng trải nghiệm xem phim và làm việc hiệu quả.","Nguyên hộp, đầy đủ phụ kiện từ nhà sản xuất
Bảo hành pin và bộ sạc 12 tháng",Intel UHD Graphics,"Intel Core i5-13420H, 8 lõi (4P + 4E) / 12 luồng, P-core 2.1 / 4.6GHz, E-core 1.5 / 3.4GHz, 12MB",32,,,14.0,"Windows 11 Home Single Language, English",1920x1200,"2x USB-A (5Gbps / USB 3.2 Gen 1)
1x USB-C (5Gbps / USB 3.2 Gen 1), với USB PD 3.0 và DisplayPort 1.2
1x HDMI 1.4
1x giắc cắm kết hợp tai nghe / micrô (3.5 mm)
1x đầu đọc thẻ SD
1x đầu nối nguồn",CellphoneS,
231749,https://cellphones.com.vn/laptop-asus-zenbook-14-ux3405ca-pz368ws.html,Laptop ASUS Zenbook 14 UX3405CA-PZ368WS,3199000000000.0,Giảm 9%,Laptop AI,,,"Laptop được trang bị bộ vi xử lý U7-255H, cung cấp hiệu năng vượt trội cho các tác vụ đa nhiệm và ứng dụng nặng.
Với 16GB RAM, ZenBook 14 cho phép người dùng làm việc mượt mà và xử lý nhiều ứng dụng cùng lúc.
Ổ cứng SSD 512GB PCIe mang lại không gian lưu trữ rộng rãi và tốc độ truy cập nhanh, giúp khởi động nhanh chóng.
Màn hình cảm ứng 14.0 inch 3K OLED với tần số quét 120Hz cung cấp hình ảnh sống động và sắc nét, lý tưởng cho việc xem phim và thiết kế.","Nguyên hộp, đầy đủ phụ kiện từ nhà sản xuất
Bảo hành pin và bộ sạc 12 tháng",Intel Arc Graphics,"Intel Core Ultra 7 255H 2.0 GHz (24MB Cache, up to 5.1 GHz, 16 lõi, 16 luồng)",16,,,14.0,Windows 11 Home + Microsoft Office Home 2024 + Microsoft 365 Basic,2880x1800,"1x USB 3.2 Gen 1 Type-A (tốc độ dữ liệu lên đến 5Gbps)
2x Thunderbolt 4 hỗ trợ hiển thị/cung cấp điện (tốc độ dữ liệu lên đến 40Gbps)
1x HDMI 2.1 TMDS
1x Giắc cắm âm thanh kết hợp 3.5mm",CellphoneS,
223081,https://cellphones.com.vn/laptop-lenovo-ideapad-slim-3-14irh10-83k00009vn.html,Laptop Lenovo IdeaPad Slim 3 14IRH10 83K00009VN,1949000000000.0,Giảm 5%,Lenovo,,,"Được trang bị chip Intel Core i7-13620H, laptop cung cấp hiệu suất vượt trội, đáp ứng tốt các tác vụ đa nhiệm và xử lý đồ họa cơ bản.
Máy có RAM 24GB giúp người dùng thực hiện nhiều ứng dụng một lúc mà không bị lag, cùng ổ SSD 512GB PCIE cho tốc độ truy xuất dữ liệu nhanh chóng.
Với màn hình 14.0 inch WUXGA, laptop mang lại hình ảnh sắc nét và màu sắc sống động, phù hợp cho việc xem phim và thiết kế đồ họa.
Laptop chạy trên Windows 11, cung cấp các tính năng mới và trải nghiệm người dùng mượt mà.","Nguyên hộp, đầy đủ phụ kiện từ nhà sản xuất
Bảo hành pin và bộ sạc 12 tháng",Intel UHD Graphics,"Intel Core i7-13620H, 10 lõi (6P + 4E) / 16 luồng, P-core 2.4 / 4.9GHz, E-core 1.8 / 3.6GHz, 24MB",16,,,14.0,"Windows 11 Home Single Language, English",1920x1200,"2x USB-A (USB 5Gbps / USB 3.2 Gen 1)
1x USB-C (USB 5Gbps / USB 3.2 Gen 1), với USB PD 3.0 và DisplayPort 1.2
1x HDMI 1.4
1x giắc cắm kết hợp tai nghe / micrô (3,5 mm)
1x đầu đọc thẻ SD
1x đầu nối nguồn",CellphoneS,
212694,https://cellphones.com.vn/laptop-dell-xps-13-9350-71058714.html,Laptop Dell XPS 13 9350 71058714,5499000000000.0,Giảm 10%,Dell,,,"Laptop Dell XPS là một chiếc laptop siêu di động với thiết kế sang trọng, mỏng nhẹ, màu đen hiện đại, lý tưởng cho công việc và giải trí.
Trang bị màn hình 13.4"" QHD+ cảm ứng, mang đến chất lượng hình ảnh sắc nét, màu sắc sống động và khả năng thao tác trực tiếp trên màn hình cảm ứng tiện lợi.
Hiệu năng mạnh mẽ được cung cấp bởi vi xử lý Intel Core U5-226V, RAM 16GB, và ổ cứng 1TB, đáp ứng mượt mà các tác vụ đa nhiệm và lưu trữ dữ liệu lớn.
Cài đặt sẵn Windows 11 và Microsoft Office, máy hỗ trợ đầy đủ các nhu cầu làm việc văn phòng, học tập và giải trí với giao diện hiện đại, dễ sử dụng.","Nguyên hộp, đầy đủ phụ kiện từ nhà sản xuất
Bảo hành pin và bộ sạc 12 tháng",Intel Arc graphics,"Intel Core Ultra 5 226V (2.1 GHz - 4.5 GHz, 8 lõi / 8 luồng, 8 MB Intel Smart Cache)",16,,,13.4,Windows 11 Home + OfficeHome24 + O365,2560x1600,2 x Thunderbolt 4 có Power Delivery (Type-C),CellphoneS,
224223,https://cellphones.com.vn/laptop-hp-pavilion-15-eg3094tu-8c5l5pa-16gb.html,Laptop HP Pavilion 15-EG3094TU 8C5L5PA V2,1759000000000.0,Giảm 12%,HP,,,"Mang phong cách tối giản nhưng đầy sang trọng đặc trưng của các dòng máy đến từ nhà HP
Màn hình 15.6 inch Full HD mang đến chất lượng hình ảnh sắc nét, tận hưởng màn hình lớn vô cùng đã mắt
CPU Intel Core i5-1335U đáp ứng tốt các tác vụ học tập và làm việc hay chỉnh sửa hình ảnh cơ bản
Ổ cứng dung lượng lớn 512GB SSD cung cấp không gian lưu trữ lớn, khởi động máy và mở ứng dụng nhanh chóng hơn","Nguyên hộp, đầy đủ phụ kiện từ nhà sản xuất
Bảo hành pin và bộ sạc 12 tháng",Intel Iris Xe Graphics,"Intel Core i5 - 1335U (1.30 GHz, Turbo Boost 4.6 GHz, 10 lõi / 12 luồng, 12 MB)",16,,,15.6,Windows 11 Home SL,1920x1080,"1x USB Type-C (hỗ trợ USB, Power Delivery và DisplayPort)
1x Jack tai nghe 3.5 mm
2x USB 3.2
1x HDMI",CellphoneS,
224640,https://cellphones.com.vn/laptop-gaming-acer-nitro-5-an515-58-5193.html,Laptop Gaming Acer Nitro 5 AN515-58-5193,2099000000000.0,Giảm 13%,Acer,5.0,3.0,"Màn hình 15.6 inch Full HD cùng tần số quét 144Hz mang lại hình ảnh sắc nét, chi tiết, chơi game và xem video mượt mà, góc nhìn rộng, màu sắc chính xác.
Bộ vi xử lý Intel Core i5 12450H mang lại hiệu suất ổn định xử lý mọi tác vụ.
Card đồ họa RTX 4050 6GB GDDR6 cho hiệu suất đồ họa vượt trội, đáp ứng mọi nhu cầu giải trí, thiết kế đồ họa dễ dàng, nhanh chóng.
RAM 16GB giúp tăng cường khả năng xử lý, mang lại tốc độ truyền dữ liệu nhanh chóng, cải thiện thời gian phản hồi.
Ổ cứng 512GB cho tốc độ đọc-ghi dữ liệu nhanh chóng, giảm thời gian khởi động hay tải ứng dụng.","Nguyên hộp, đầy đủ phụ kiện từ nhà sản xuất
Bảo hành pin và bộ sạc 12 tháng","NVIDIA Geforce RTX 4050 6GB GDDR6
Intel UHD Graphics","Intel Core i5-12450H (2.0 GHz - 4.4 GHz, 18MB, 8 lõi / 12 luồng )",16,,,15.6,Windows 11 Home,1920x1080,"1x HDMI
3x USB 3.2
1x Thunderbolt 4
Audio combo
LAN 1 Gb/s",CellphoneS,
223374,https://cellphones.com.vn/laptop-lenovo-ideapad-slim-3-14irh10-83k0000bvn.html,Laptop Lenovo IdeaPad Slim 3 OLED 14IRH10 83K0000BVN,1799000000000.0,Giảm 5%,Lenovo,,,"Trang bị vi xử lý Intel Core i5-13420H, mang lại hiệu năng mạnh mẽ, đáp ứng tốt nhu cầu làm việc và giải trí đa nhiệm.
Máy sở hữu 16GB RAM và ổ cứng SSD 512GB PCIe, đảm bảo tốc độ xử lý nhanh chóng và không gian lưu trữ rộng rãi cho dữ liệu và ứng dụng.
Màn hình 14.0 inch WUXGA OLED cho chất lượng hình ảnh vượt trội, màu sắc rực rỡ, độ tương phản cao và trải nghiệm thị giác sống động.
Thiết bị được cài sẵn hệ điều hành Windows 11 bản quyền, tối ưu hóa hiệu suất và cung cấp giao diện hiện đại, thân thiện với người dùng.","Nguyên hộp, đầy đủ phụ kiện từ nhà sản xuất
Bảo hành pin và bộ sạc 12 tháng",Intel UHD Graphics,"Intel Core i5-13420H (8 lõi (4P + 4E) / 12 luồng, P-core 2.1/4.6GHz, E-core 1.5/3.4GHz, 12MB)",16,,,14.0,"Windows 11 Home Single Language, English Office Trial",1920x1200,"2x USB-A (5Gbps / USB 3.2 Gen 1)
1x USB-C (5Gbps / USB 3.2 Gen 1), với USB PD 3.0 và DisplayPort 1.2
1x HDMI 1.4
1x giắc cắm kết hợp tai nghe / micrô (3,5 mm)
1x đầu nối nguồn",CellphoneS,
229067,https://cellphones.com.vn/laptop-asus-tuf-gaming-a16-advantage-edition-fa617nsr-rl100w.html,Laptop ASUS TUF Gaming A16 Advantage Edition FA617NSR-RL100W,2349000000000.0,Giảm 18%,Laptop AI,5.0,1.0,"Trang bị bộ vi xử lý AMD Ryzen 7 7435HS mang lại hiệu năng vượt trội.
Ram 16GB và ổ cứng SSD 512GB PCIe giúp máy chạy nhanh và mượt mà.
Card đồ họa rời AMD Radeon RX 7600S 8GB cho khả năng xử lý đồ họa mạnh mẽ.
Màn hình 16 inch WUXGA 144Hz hiển thị sắc nét và mượt mà.
Thiết kế đậm chất gaming với nhiều cổng kết nối tiện ích.","Nguyên hộp, đầy đủ phụ kiện từ nhà sản xuất
Bảo hành pin và bộ sạc 12 tháng","AMD Radeon RX 7600S 8GB GDDR6, up to 95W(SmartShift)","AMD Ryzen 7 7435HS 3.1GHz (20MB Cache, up to 4.5 GHz, 8 lõi, 16 luồng)",32,,,16.0,Windows 11 Home,1920x1200,"1x RJ45 LAN
1x USB 3.2 Gen 2 Type-C
1x USB 3.2 Gen 2 Type-C (DisplayPort / Sạc)
2x USB 3.2 Gen 1 Type-A
1x HDMI 2.1 FRL
1x 3.5mm Combo Audio Jack Built-in array microphone",CellphoneS,
225652,https://cellphones.com.vn/apple-mac-mini-m4-10cpu-10gpu-24gb-1tb-2024.html,Mac mini M4 2024 10CPU 10GPU 24GB 1TB | Chính hãng Apple Việt Nam,2959000000000.0,Giảm 1%,Mac,,,"Hiệu năng đỉnh cao với chip M4 mang lại hiệu năng mạnh mẽ, xử lý mượt mà nhiều ứng dụng chuyên nghiệp cùng lúc.
Đồ họa xuất sắc, tốc độ xử lý vượt trội, cho phép render hình ảnh và video nhanh chóng, chất lượng cao.
RAM 24GB cho phép xử lý mượt mà các tác vụ nặng, giảm thiểu tình trạng giật lag, đáp ứng nhu cầu của người dùng chuyên nghiệp đòi hỏi hiệu năng cao.
Ổ cứng SSD 1TB cung cấp không gian lưu trữ rộng rãi và tốc độ truy xuất dữ liệu cực nhanh, rút ngắn thời gian chờ đợi khi mở ứng dụng và tập tin.","Máy mới 100%, đầy đủ phụ kiện từ nhà sản xuất. Sản phẩm có mã SA/A (được Apple Việt Nam phân phối chính thức).",GPU 10 lõi,"Apple M4 10 lõi với 4 lõi hiệu năng và 6 lõi tiết kiệm điện
Neural Engine 16 lõi",32,,,,macOS,,"Mặt trước:
Hai cổng USB‑C hỗ trợ cho USB 3
Jack cắm tai nghe 3,5 mm
Mặt sau:
Cổng Gigabit Ethernet
Cổng HDMI
Thunderbolt 4
USB 4
DisplayPort",CellphoneS,
209392,https://cellphones.com.vn/laptop-lenovo-v14-g4-iru-83a000bgvn.html,Laptop Lenovo V14 G4 IRU 83A000BGVN,1359000000000.0,Giảm 7%,Lenovo,,,"Trang bị chip Intel Core i5-13420H thế hệ 13 mới nhất, xử lý mượt mà mọi tác vụ văn phòng, học tập và giải trí.
RAM 16GB và ổ cứng SSD 512GB PCIe cho khả năng đa nhiệm mượt mà, khởi động máy và truy xuất dữ liệu nhanh chóng.
Vỏ máy màu xám lịch lãm, phù hợp với môi trường công sở chuyên nghiệp.
Thiết kế mỏng nhẹ, dễ dàng mang theo bên mình để làm việc và học tập mọi lúc mọi nơi.
Cấu hình mạnh mẽ, thiết kế hiện đại với mức giá hợp lý, là lựa chọn lý tưởng cho người dùng phổ thông.","Nguyên hộp, đầy đủ phụ kiện từ nhà sản xuất
Bảo hành pin và bộ sạc 12 tháng",Intel UHD Graphics,"Intel Core i5-13420H, 8C (4P + 4E) / 12T, P-core 2.1 / 4.6GHz, E-core 1.5 / 3.4GHz, 12MB",32,,,14.0,Free OS,1920x1080,"1x USB 2.0
1x USB 3.2 Gen 1
1x USB-C 3.2 Gen 1 (hỗ trợ truyền dữ liệu, Power Delivery 3.0 and DisplayPort 1.2)
1x HDMI 1.4b
1x Headphone / microphone combo jack (3.5mm)
1x Ethernet (RJ-45)
1x Đầu nối nguồn",CellphoneS,
213201,https://cellphones.com.vn/laptop-lenovo-ideapad-slim-5-14imh9-83da006uvn.html,Laptop Lenovo Ideapad Slim 5 14IMH9 83DA006UVN,2399000000000.0,Giảm 10%,Laptop AI,,,"Thiết kế mỏng nhẹ và thanh lịch với màu xám tinh tế.
Trang bị bộ vi xử lý Intel Core U7-155H mang lại hiệu suất mạnh mẽ.
Ram 16GB và ổ cứng SSD 512GB PCIe đảm bảo tốc độ khởi động và truy xuất dữ liệu nhanh chóng.
Màn hình 14 inch WUXGA OLED với độ phân giải cao, hiển thị sống động và chi tiết.","Nguyên hộp, đầy đủ phụ kiện từ nhà sản xuất
Bảo hành pin và bộ sạc 12 tháng",Intel Arc Graphics,"Intel Core Ultra 7 155H, 16C (6P + 8E + 2LPE) / 22T, Max Turbo up to 4.8GHz, 24MB",16,,,14.0,Windows 11 Home Single Language,1920x1200,"1x USB-A (USB 5Gbps / USB 3.2 Gen 1)
1x USB-A (USB 5Gbps / USB 3.2 Gen 1)
2x USB-C (USB 5Gbps / USB 3.2 Gen 1), with USB PD 3.0 and DisplayPort 1.4
1x HDMI 1.4b
1x Headphone / microphone combo jack (3.5mm)
1x Đầu đọc thẻ microSD",CellphoneS,
222732,https://cellphones.com.vn/laptop-lenovo-ideapad-slim-3-15irh10-83k1002nvn.html,Laptop Lenovo IdeaPad Slim 3 OLED 15IRH10 83K1002NVN,1979000000000.0,Giảm 6%,Lenovo,,,"Laptop Lenovo IdeaPad Slim 3 có thiết kế mỏng nhẹ, màu xám hiện đại, mang lại vẻ đẹp thanh lịch và cao cấp.
Màn hình 15.1"" WQXGA OLED với tần số quét 165Hz, cho hình ảnh siêu sắc nét, màu sắc sống động và chuyển động mượt mà, lý tưởng cho giải trí và công việc sáng tạo.
Sử dụng vi xử lý Intel Core i5-13420H thế hệ mới, RAM 24GB và SSD 512GB PCIe, mang lại hiệu năng vượt trội, hỗ trợ đa nhiệm mượt mà và tốc độ xử lý nhanh chóng.
Cài sẵn Windows 11, giao diện hiện đại và tối ưu hóa trải nghiệm người dùng.","Nguyên hộp, đầy đủ phụ kiện từ nhà sản xuất
Bảo hành pin và bộ sạc 12 tháng",Intel UHD Graphics,"Intel Core i5-13420H, 8 lõi (4P + 4E) / 12 luồng, P-core 2.1 / 4.6GHz, E-core 1.5 / 3.4GHz, 12MB",32,,,15.1,"Windows 11 Home Single Language, English",2560x1600,"2x USB-A (USB 5Gbps / USB 3.2 Gen 1)
1x USB-C (USB 5Gbps / USB 3.2 Gen 1), với USB PD 3.0 và DisplayPort 1.2
1x HDMI 1.4
1x giắc cắm kết hợp tai nghe / micrô (3.5 mm)
1x đầu đọc thẻ SD
1x đầu nối nguồn",CellphoneS,
201009,https://cellphones.com.vn/laptop-lenovo-ideapad-slim-3-15irh10-83k1002nvn.html,Laptop Lenovo IdeaPad Slim 3 OLED 15IRH10 83K1002NVN,1979000000000.0,Giảm 6%,Lenovo,,,"Laptop Lenovo IdeaPad Slim 3 có thiết kế mỏng nhẹ, màu xám hiện đại, mang lại vẻ đẹp thanh lịch và cao cấp.
Màn hình 15.1"" WQXGA OLED với tần số quét 165Hz, cho hình ảnh siêu sắc nét, màu sắc sống động và chuyển động mượt mà, lý tưởng cho giải trí và công việc sáng tạo.
Sử dụng vi xử lý Intel Core i5-13420H thế hệ mới, RAM 24GB và SSD 512GB PCIe, mang lại hiệu năng vượt trội, hỗ trợ đa nhiệm mượt mà và tốc độ xử lý nhanh chóng.
Cài sẵn Windows 11, giao diện hiện đại và tối ưu hóa trải nghiệm người dùng.","Nguyên hộp, đầy đủ phụ kiện từ nhà sản xuất
Bảo hành pin và bộ sạc 12 tháng",Intel UHD Graphics,"Intel Core i5-13420H, 8 lõi (4P + 4E) / 12 luồng, P-core 2.1 / 4.6GHz, E-core 1.5 / 3.4GHz, 12MB",32,,,15.1,"Windows 11 Home Single Language, English",2560x1600,"2x USB-A (USB 5Gbps / USB 3.2 Gen 1)
1x USB-C (USB 5Gbps / USB 3.2 Gen 1), với USB PD 3.0 và DisplayPort 1.2
1x HDMI 1.4
1x giắc cắm kết hợp tai nghe / micrô (3.5 mm)
1x đầu đọc thẻ SD
1x đầu nối nguồn",CellphoneS,
218161,https://cellphones.com.vn/laptop-asus-zenbook-s-16-um5606ka-rk127ws-ryzen-ai-7.html,Laptop ASUS Zenbook S 16 UM5606KA-RK127WS,3949000000000.0,Giảm 8%,Laptop AI,,,"Trang bị CPU Ryzen AI 7 350 mạnh mẽ cùng RAM 24GB, đảm bảo xử lý mượt mà các tác vụ nặng.
Màn hình 16.0 inch OLED 3K với tần số quét 120Hz cho hình ảnh sắc nét, màu sắc sống động và trải nghiệm thị giác tuyệt vời.
Ổ cứng SSD 1TB PCIe cung cấp không gian lưu trữ rộng rãi và tốc độ truy xuất dữ liệu cực nhanh.
Máy đi kèm Windows 11 và Microsoft Office bản quyền, mang đến tiện ích và sẵn sàng sử dụng.
Laptop sở hữu thiết kế đẹp mắt với màu trắng thanh lịch, phù hợp với phong cách chuyên nghiệp.","Nguyên hộp, đầy đủ phụ kiện từ nhà sản xuất
Bảo hành pin và bộ sạc 12 tháng",AMD Radeon Graphics,"AMD Ryzen AI 7 350 2.0GHz (24MB Cache, up to 5.0GHz, 8 lõi, 16 luồng)",16,,,16.0,Windows 11 Home + Microsoft Office Home 2024 + Microsoft 365 Basic,2880x1800,"1x USB 3.2 Gen 2 Type-A (10Gbps)
2x USB 4.0 Gen 3 Type-C hỗ trợ hiển thị/cung cấp điện (40Gbps)
1x HDMI 2.1 TMDS
1x Giắc cắm âm thanh kết hợp 3.5mm
Đầu đọc thẻ SD 4.0",CellphoneS,
210476,https://cellphones.com.vn/laptop-acer-aspire-lite-15-al15-41p-r3u5.html,Laptop Acer Aspire Lite 15 AL15-41P-R3U5 NX.J53SV.001,1289000000000.0,Giảm 1%,Acer,,,"Sử dụng vi xử lý AMD Ryzen 7 5700U, máy cung cấp hiệu suất mạnh mẽ cho các tác vụ đa nhiệm và ứng dụng nặng.
Màn hình 15.6 inch FHD cho hình ảnh sắc nét và màu sắc sống động, lý tưởng cho giải trí và làm việc.
Với 16GB RAM và ổ cứng 512GB PCIe, người dùng có không gian lưu trữ thoải mái và khả năng xử lý mượt mà.
Chạy trên hệ điều hành Windows 11, laptop này mang lại trải nghiệm người dùng hiện đại và nhiều tính năng hữu ích.","Nguyên hộp, đầy đủ phụ kiện từ nhà sản xuất
Bảo hành pin và bộ sạc 12 tháng",AMD Radeon Graphics,"AMD Ryzen 7 5700U (8 lõi / 16 luồng, 1.8 GHz - 4.3 GHz, Total Cache L2 : 4MB - Total Cache L3 : 8MB)",16,,,15.6,Windows 11 Home Single Language,1920x1080,"1x USB Type-C
3x cổng USB-A
Cổng HDMI 1.4 hỗ trợ HDCP
thẻ nhớ microSD lên đến 512 GB (tương thích SDXC, tương thích exFAT)
Giắc cắm tai nghe/loa 3.5 mm, hỗ trợ tai nghe có micrô tích hợp",CellphoneS,
213983,https://cellphones.com.vn/macbook-pro-14-inch-m4-max-36gb-1tb.html,MacBook Pro 14 M4 Max 14CPU 32GPU 36GB 1TB | Chính hãng Apple Việt Nam,7749000000000.0,Giảm 3%,Mac,,,"Chip M4 Max mạnh mẽ, sở hữu 14 nhân CPU và 32 nhân GPU, đem lại hiệu năng đồ họa vượt trội.
RAM 36GB dung lượng lớn, xử lý mượt mà các ứng dụng đòi hỏi nhiều tài nguyên, hỗ trợ đa nhiệm mạnh mẽ.
Ổ cứng SSD 1TB dung lượng lớn, cung cấp không gian lưu trữ thoải mái cho các dự án lớn và tập tin dung lượng cao.
Màn hình Liquid Retina XDR 14.2 inch sắc nét với công nghệ ProMotion, mang lại trải nghiệm hình ảnh sống động và mượt mà.","Máy mới 100%, đầy đủ phụ kiện từ nhà sản xuất. Sản phẩm có mã SA/A (được Apple Việt Nam phân phối chính thức).","32 lõi
Neural Engine 16 lõi",Chip Apple M4 Max 14 lõi với 10 lõi hiệu năng và 4 lõi tiết kiệm điện,32,,,14.2,macOS,3024x1964,"Khe thẻ nhớ SDXC
Cổng HDMI
Jack cắm tai nghe 3.5 mm
Cổng MagSafe 3
Ba cổng Thunderbolt 5 (USB‑C) hỗ trợ: Sạc, DisplayPort, Thunderbolt 5 (lên đến 120Gb/s), Thunderbolt 4 (lên đến 40Gb/s), USB 4 (lên đến 40Gb/s)",CellphoneS,
207953,https://cellphones.com.vn/laptop-hp-245-g10-bg5u8pt.html,Laptop HP 245 G10 BG5U8PT,1549000000000.0,Giảm 23%,HP,,,"Laptop được trang bị vi xử lý AMD Ryzen 7 7730U, mang lại hiệu suất mạnh mẽ cho các tác vụ văn phòng và đa nhiệm.
Màn hình 14.0 inch FHD cung cấp hình ảnh sắc nét, lý tưởng cho công việc và giải trí.
Với 16GB RAM và ổ cứng 512GB PCIe, máy hỗ trợ đa nhiệm hiệu quả và có đủ không gian lưu trữ cho dữ liệu quan trọng.
Cài sẵn Windows 11, mang lại trải nghiệm người dùng thân thiện với nhiều tính năng mới và cải tiến về hiệu suất và bảo mật.","Nguyên hộp, đầy đủ phụ kiện từ nhà sản xuất
Bảo hành pin và bộ sạc 12 tháng",AMD Radeon Graphics,"AMD Ryzen 7 7730U (xung nhịp tăng tối đa lên đến 4,5 GHz, bộ nhớ đệm L3 16 MB, 8 lõi, 16 luồng)",32,,,14.0,Windows 11 Home Single Language,1920x1080,"1x cổng USB Type-C có tốc độ truyền tín hiệu 5 Gbps
2x cổng USB Type-A có tốc độ truyền tín hiệu 5 Gbps
1x bộ nguồn AC
1x cổng HDMI 1.4b
1x giắc cắm kết hợp tai nghe/micrô âm thanh nổi",CellphoneS,
204006,https://cellphones.com.vn/macbook-pro-16-inch-m4-pro-24gb-512gb.html,MacBook Pro 16 M4 Pro 14CPU 20GPU 24GB 512GB | Chính hãng Apple Việt Nam,6449000000000.0,Giảm 1%,Mac,,,"Mạnh mẽ với chip 14 nhân CPU và 20 nhân GPU, xử lý đa nhiệm mượt mà và đồ họa xuất sắc.
RAM 24GB cho phép chạy nhiều ứng dụng cùng lúc mà không bị giật lag, đáp ứng nhu cầu làm việc chuyên nghiệp.
Ổ cứng SSD 512GB tốc độ cao, giúp khởi động máy và truy xuất dữ liệu nhanh chóng.
Màn hình Liquid Retina XDR 16 inch sắc nét với độ phân giải cao, mang lại trải nghiệm hình ảnh sống động.","Máy mới 100%, đầy đủ phụ kiện từ nhà sản xuất. Sản phẩm có mã SA/A (được Apple Việt Nam phân phối chính thức).","20 lõi
Neural Engine 16 lõi",Apple M4 Pro 14 lõi với 10 lõi hiệu năng và 4 lõi tiết kiệm điện,16,,,16.2,macOS,3456x2234,"Khe thẻ nhớ SDXC
Cổng HDMI
Jack cắm tai nghe 3.5 mm
Cổng MagSafe 3
Ba cổng Thunderbolt 5 (USB‑C) hỗ trợ: Sạc, DisplayPort, Thunderbolt 5 (lên đến 120Gb/s), Thunderbolt 4 (lên đến 40Gb/s), USB 4 (lên đến 40Gb/s)",CellphoneS,
230340,https://cellphones.com.vn/laptop-asus-vivobook-s-15-s5507qa-ma089ws-copilot-x-elite.html,Laptop ASUS Vivobook S 15 S5507QA-MA089WS Copilot+ X Elite,2999000000000.0,Giảm 14%,Laptop AI,5.0,1.0,"CPU Snapdragon X Elite X1E 78 100 mạnh mẽ cùng 32GB RAM LPDDR5X siêu tốc, xử lý mượt mà mọi tác vụ, từ công việc văn phòng đến thiết kế và chơi game nhẹ.
Màn hình OLED 15.6 inch 3K cho trải nghiệm hình ảnh tuyệt đẹp với màu sắc sống động, dải màu 100% DCI-P3 đáp ứng mọi nhu cầu giải trí và thiết kế chuyên nghiệp.
Ổ cứng 1TB PCIe NVMe SSD mang đến tốc độ truy xuất dữ liệu cực nhanh, rút ngắn thời gian khởi động máy và ứng dụng, cho trải nghiệm mượt mà chưa từng có.
Vỏ máy màu bạc sang trọng cùng thiết kế mỏng nhẹ, Vivobook S 15 dễ dàng đồng hành cùng bạn mọi lúc mọi nơi.","Nguyên hộp, đầy đủ phụ kiện từ nhà sản xuất
Bảo hành pin và bộ sạc 12 tháng","Qualcomm Adreno GPU
Tiến trình chip mới nên có thể không kết nối được với các thiết bị có driver cũ","Snapdragon X1E 78 100 3.4GHz (42MB Cache, up to 3.4GHz, 12 lõi, 12 luồng)
Qualcomm AI Engine lên đến tổng cộng 75 TOP",16,,,15.6,Windows 11 Home,,"2x USB 3.2 Thế hệ 1 Loại A
2x USB 4.0 Gen 3 Type-C hỗ trợ hiển thị / Sạc
1x HDMI 2.1 TMDS
1x 3.5mm Giắc cắm âm thanh kết hợp
Đầu đọc thẻ Micro SD",CellphoneS,
249628,https://cellphones.com.vn/macbook-pro-14-inch-m4-pro-24gb-1tb.html,MacBook Pro 14 M4 Pro 14CPU 20GPU 24GB 1TB | Chính hãng Apple Việt Nam,5999000000000.0,,Mac,,,"Trang bị chip M4 Pro mạnh mẽ với 14 nhân CPU và 20 nhân GPU, xử lý đa nhiệm và các tác vụ chuyên nghiệp một cách hiệu quả.
RAM 24GB dung lượng lớn, đảm bảo hoạt động mượt mà khi chạy nhiều ứng dụng cùng lúc, đặc biệt là các ứng dụng đòi hỏi nhiều tài nguyên.
Ổ cứng SSD 1TB dung lượng lớn, cung cấp không gian lưu trữ thoải mái cho dữ liệu, ứng dụng và các dự án.
Màn hình Liquid Retina XDR 14.2 inch sắc nét, với công nghệ ProMotion 120Hz, mang lại trải nghiệm hình ảnh mượt mà và sống động.","Máy mới 100%, đầy đủ phụ kiện từ nhà sản xuất. Sản phẩm có mã SA/A (được Apple Việt Nam phân phối chính thức).","GPU 20 lõi
Neural Engine 16 lõi",Apple M4 Pro 14 lõi,32,,,14.2,macOS,3024x1964,"Khe thẻ nhớ SDXC
Cổng HDMI
Jack cắm tai nghe 3.5 mm
Cổng MagSafe 3
Ba cổng Thunderbolt 5 (USB‑C) hỗ trợ: Sạc, DisplayPort, Thunderbolt 5 (lên đến 120Gb/s), Thunderbolt 4 (lên đến 40Gb/s), USB 4 (lên đến 40Gb/s)",CellphoneS,
235431,https://cellphones.com.vn/laptop-asus-vivobook-16-m1607ka-mb091ws-ryzen-ai-7.html,Laptop ASUS Vivobook 16 M1607KA-MB091WS,1949000000000.0,Giảm 15%,Laptop AI,5.0,1.0,"Laptop trang bị bộ vi xử lý Ryzen AI 7 350, mang lại hiệu suất cao cho các tác vụ đa nhiệm và xử lý đồ họa.
Với 16GB RAM, VivoBook 16 cho phép người dùng làm việc mượt mà trên nhiều ứng dụng cùng lúc.
Ổ cứng SSD 512GB PCIe cung cấp không gian lưu trữ rộng rãi và tốc độ truy cập nhanh, lý tưởng cho việc lưu trữ dữ liệu và khởi động nhanh.
Màn hình 16.0 inch WUXGA mang đến không gian làm việc rộng rãi và hình ảnh sắc nét, giúp cải thiện trải nghiệm xem và làm việc.","Nguyên hộp, đầy đủ phụ kiện từ nhà sản xuất
Bảo hành pin và bộ sạc 12 tháng",AMD Radeon Graphics,"AMD Ryzen AI 7 350 2.0GHz (24MB Cache, up to 5.0GHz, 8 lõi, 16 luồng)",32,,,16.0,Windows 11 Home + Microsoft Office Home 2024 + Microsoft 365 Basic,1920x1200,"2x USB 3.2 Gen 1 Type-A (tốc độ dữ liệu lên đến 5Gbps)
2x USB 3.2 Gen 1 Type-C hỗ trợ hiển thị / Sạc (tốc độ dữ liệu lên đến 5Gbps)
1x HDMI 2.1 TMDS
1x Giắc cắm âm thanh kết hợp 3.5mm",CellphoneS,
242186,https://cellphones.com.vn/macbook-air-13-m3-24gb-512gb-2024-sac-35w.html,MacBook Air M3 13 inch 2024 8CPU 10GPU 24GB - 512GB Sạc 35W | Chính hãng Apple Việt Nam,3199000000000.0,Giảm 16%,Mac,,,"Sức mạnh xử lý hàng đầu trên chip Apple M3 - Cân tốt mọi tác vụ từ đồ hoạ đến lập trình
Màn hình Liquid Retina 13.6 inch - Màu sắc hiển thị rực rỡ, sắc nét
Camera FaceTime HD 1080p - Đàm thoại, hội họp mọi lúc mọi nơi
Hỗ trợ sạc nhanh chóng nạp đầy pin khi bạn cần","Máy mới 100%, đầy đủ phụ kiện từ nhà sản xuất. Sản phẩm có mã SA/A (được Apple Việt Nam phân phối chính thức).",GPU 10 Lõi,"CPU Apple M3 8 Lõi
Neural Engine 16 lõi",16,,,13.6,MacOS,,"Cổng sạc MagSafe 3
Hai cổng Thunderbolt / USB 4",CellphoneS,
242973,https://cellphones.com.vn/laptop-lenovo-yoga-slim-7-15ill9-83hm000gvn.html,Laptop Lenovo Yoga Slim 7 15ILL9 83HM000GVN,4179000000000.0,Giảm 3%,Laptop AI,,,"Laptop sở hữu màn hình 15.3 inch WQXGA+ với tần số quét 120Hz, cung cấp hình ảnh sắc nét và mượt mà, lý tưởng cho cả công việc và giải trí.
Trang bị vi xử lý Intel U7-258V và 32GB RAM, máy đảm bảo xử lý mượt mà mọi tác vụ đa nhiệm và ứng dụng nặng.
Với 1TB PCIe SSD, người dùng có không gian lưu trữ rộng rãi cho dữ liệu, tài liệu, và ứng dụng, đồng thời tăng tốc độ truy xuất dữ liệu.
Máy chạy trên Windows 11 và Microsoft Office mang lại trải nghiệm người dùng mượt mà và các tính năng hỗ trợ làm việc hiệu quả.","Nguyên hộp, đầy đủ phụ kiện từ nhà sản xuất
Bảo hành pin và bộ sạc 12 tháng",Intel Arc Graphics 140V,"Intel Core Ultra 7 258V, 8C (4P + 4LPE) / 8T, Max Turbo up to 4.8GHz, 12MB",32,,,15.3,"Windows 11 Home Single Language, English + Office Home & Student 2021",2880x1800,"1x HDMI 2.1, lên đến 4K/60Hz
1x Giắc cắm kết hợp tai nghe/micrô (3.5mm)
1x USB-A (USB 5Gbps/USB 3.2 Gen 1)
2x USB-C (Thunderbolt 4/USB4 40Gbps), với USB PD 3.1 và DisplayPort 2.1",CellphoneS,
237420,https://cellphones.com.vn/imac-m4-24-inch-10cpu-10gpu-24gb-512gb.html,iMac M4 2024 24 inch 10CPU 10GPU 24GB 512GB | Chính hãng Apple Việt Nam,4999000000000.0,,Mac,,,"iMac M4 2024 24 inch cho trải nghiệm hình ảnh tuyệt vời trên màn hình Retina sắc nét.
Chip M4 mạnh mẽ với 10 nhân CPU và 10 nhân GPU hiệu năng vượt trội cho khả năng xử lý đồ họa.
RAM 24GB đa nhiệm mượt mà, xử lý nhiều ứng dụng cùng lúc không bị giật lag.
Ổ cứng SSD 512GB cho tốc độ truy xuất dữ liệu nhanh, khởi động máy và mở ứng dụng nhanh chóng.","Máy mới 100%, đầy đủ phụ kiện từ nhà sản xuất. Sản phẩm có mã SA/A (được Apple Việt Nam phân phối chính thức).",GPU 10 lõi,"Apple M4 10 lõi với 4 lõi hiệu năng và 6 lõi tiết kiệm điện
Neural Engine 16 lõi",16,,,24.0,macOS,4480x2520,"4x Thunderbolt 4 (lên đến 40Gb/s)
USB 4 (lên đến 40Gb/s)
USB 3.1 Gen 2 (lên đến 10Gb/s)
DisplayPort
Jack cắm tai nghe 3.5 mm có hỗ trợ nâng cao cho tai nghe trở kháng cao
Gigabit Ethernet",CellphoneS,
233024,https://cellphones.com.vn/laptop-lenovo-ideapad-slim-5-14imh9-83da006tvn.html,Laptop Lenovo IdeaPad Slim 5 14IMH9 83DA006TVN,2149000000000.0,Giảm 9%,Laptop AI,5.0,1.0,"Mang đến hiệu suất mạnh mẽ với bộ vi xử lý U5-125H, lý tưởng cho các tác vụ đa nhiệm.
Thiết kế mỏng nhẹ và màu xám thanh lịch giúp sản phẩm dễ dàng mang theo bên mình.
Màn hình 14.0 inch WUXGA OLED cho hình ảnh sắc nét và màu sắc sống động, phù hợp cho việc xem phim và làm việc.
Với 16GB RAM và 1TB PCIe SSD, laptop cho phép lưu trữ lớn và khởi động nhanh chóng.
Hệ điều hành Windows 11 mới nhất mang lại trải nghiệm người dùng mượt mà và đầy đủ tính năng.","Nguyên hộp, đầy đủ phụ kiện từ nhà sản xuất
Bảo hành pin và bộ sạc 12 tháng",Intel Arc Graphics,"Intel Core Ultra 5 125H, 14C (4P + 8E + 2LPE) / 18T, Max Turbo up to 4.5GHz, 18MB",16,,,14.0,"Windows 11 Home Single Language, English",1920x1200,"1x USB-A Gen 1
1x USB-A Gen 1, Always On
2x USB-C Gen 1, với USB PD 3.0 và DisplayPort 1.4
1x HDMI 1.4b
1x Headphone / microphone combo jack (3.5mm)
1x Đầu đọc thẻ nhớ microSD",CellphoneS,
227202,https://cellphones.com.vn/laptop-asus-tuf-gaming-a14-fa401wv-rg062ws.html,Laptop ASUS TUF Gaming A14 FA401WV-RG062WS,4099000000000.0,Giảm 9%,Laptop AI,,,"Trang bị chip Ryzen AI 9 HX mạnh mẽ, cùng với 16GB RAM và ổ cứng SSD 1TB PCIe, mang lại hiệu năng cao để đáp ứng nhu cầu chơi game và làm việc.
Màn hình 14 inch 2.5K với tần số quét 165Hz cung cấp trải nghiệm hiển thị sắc nét, mượt mà, đem lại lợi thế khi chơi game hoặc xem phim.
Trang bị card đồ họa rời NVIDIA RTX 4060, cho phép người dùng tận hưởng những tựa game đồ họa cao và các tác vụ sáng tạo nội dung.
Thiết kế chắc chắn và trọng lượng nhẹ 1.46kg giúp laptop di động linh hoạt, phù hợp với nhu cầu di chuyển của người dùng.
Tích hợp MUX Switch để người dùng có thể chuyển đổi giữa card đồ họa rời và card tích hợp, tùy theo nhu cầu sử dụng.","Nguyên hộp, đầy đủ phụ kiện từ nhà sản xuất
Bảo hành pin và bộ sạc 12 tháng","NVIDIA GeForce RTX 4060 8GB GDDR6
AMD Radeon Graphics","AMD Ryzen AI 9 HX 370 2.0GHz (36MB Cache, up to 5.1GHz, 12 cores, 24 Threads)
AMD Ryzen AI up to 81 TOPs",32,,,14.0,Windows 11 Home,2560x1600,"1x Type-C USB 4 (DisplayPort / power delivery)
1x USB 3.2 Gen 2 Type-C (DisplayPort)
2x USB 3.2 Gen 2 Type-A
1x Đầu đọc thẻ (microSD) (UHS-II)
1x HDMI 2.1 FRL
1x 3.5mm Combo Audio Jack",CellphoneS,
220797,https://cellphones.com.vn/laptop-msi-prestige-14-ai-studio-c1veg-056vn.html,Laptop MSI Prestige 14 AI Studio C1VEG-056VN,3199000000000.0,Giảm 14%,MSI,,,"Trang bị bộ vi xử lý Intel Core Ultra 7-155H, cung cấp sức mạnh xử lý vượt trội cho các tác vụ phức tạp và ứng dụng AI.
Card đồ họa NVIDIA GeForce RTX 4050 6GB hỗ trợ tốt cho công việc sáng tạo nội dung, render 3D và chơi game ở mức đồ họa cao.
Với màn hình 14 inch độ phân giải 2.8K cung cấp trải nghiệm hình ảnh sắc nét và chi tiết, lý tưởng cho các công việc đòi hỏi độ chính xác về màu sắc và hình ảnh.
Bộ nhớ RAM 32GB và ổ cứng SSD PCIe 1TB không chỉ đa nhiệm mượt mà mà còn cung cấp không gian lưu trữ rộng rãi cho dữ liệu và các ứng dụng nặng.","Nguyên hộp, đầy đủ phụ kiện từ nhà sản xuất
Bảo hành pin và bộ sạc 12 tháng","NVIDIA GeForce RTX 4050 6GB GDDR6
Intel Arc graphics","Intel Core Ultra 7 155H 16 lõi (6 P-cores + 8 E-cores + 2 Low Power E-cores), Max Turbo Frequency 4.8 GHz",16,,,14.0,Windows 11 Home,2880x1800,"1x HDMI 2.1 (8K @ 60Hz / 4K @ 120Hz)
1x Mic-in/Headphone-out Combo Jack
1x Type-A USB3.2 Gen2
1x Type-C (USB3.2 Gen2 / DisplayPort/ Power Delivery 3.1)
1x RJ45",CellphoneS,
214177,https://cellphones.com.vn/laptop-dell-inspiron-15-3530-n5i7240w1.html,Laptop Dell Inspiron 15 3530 N5I7240W1,2149000000000.0,Giảm 2%,Dell,,,"Trang bị bộ vi xử lý Intel Core i7-1355U, máy cho hiệu suất vượt trội, xử lý mượt mà các tác vụ đa nhiệm.
Màn hình 15.6 inch Full HD với tần số quét 120Hz mang đến hình ảnh rõ nét và trải nghiệm hình ảnh mượt mà, phù hợp cho việc chơi game và xem phim.
Với 16GB RAM và 512GB SSD PCIe, người dùng sẽ có đủ không gian lưu trữ và tốc độ truy xuất dữ liệu nhanh chóng.
Máy còn được cài sẵn Microsoft Office, giúp người dùng có thể làm việc ngay lập tức mà không cần cài đặt thêm.","Nguyên hộp, đầy đủ phụ kiện từ nhà sản xuất
Bảo hành pin và bộ sạc 12 tháng",Intel Iris Xe Graphics,"Intel Core i7-1355U  1,20 GHz - 5.00 GHz 12 MB",32,,,15.6,"Windows 11 Home, Single Language English Office Home & Student 2021",1920x1080,"1 x Cổng USB 3.2 Gen 1
1 x Universal audio port
1 x Cổng USB 2.0
1 x Cổng HDMI 1.4
1 x Cổng USB 3.2 Gen 1 Type-C",CellphoneS,
203385,https://cellphones.com.vn/laptop-msi-gaming-thin-15-b13uc-2044vn.html,Laptop MSI Gaming Thin 15 B13UC-2044VN,1899000000000.0,Giảm 17%,MSI,,,"Laptop gaming hiệu suất cao, được trang bị bộ vi xử lý Intel Core i7-13620H mạnh mẽ.
Với 16GB RAM và ổ cứng 512GB PCIe, máy cung cấp hiệu suất ổn định cho cả chơi game và công việc đa nhiệm.
Màn hình 15.6 inch Full HD với tần số quét 144Hz mang đến trải nghiệm hình ảnh mượt mà, lý tưởng cho các trò chơi hành động.
Card đồ họa NVIDIA RTX 3050 4GB hỗ trợ các công nghệ đồ họa tiên tiến, giúp nâng cao chất lượng hình ảnh trong trò chơi.","Nguyên hộp, đầy đủ phụ kiện từ nhà sản xuất
Bảo hành pin và bộ sạc 12 tháng","RTX 3050 4GB, GDDR6 4GB
Intel UHD Graphics ","Intel Core i7-13620H (2.4 - 4.9Ghz | 10 lõi, 16 luồng | 24MB Cache)",16,,,15.6,Windows 11 Home,1920x1080,"1x Type-C (USB3.2 Gen1 / DP)
3x Type-A USB3.2 Gen1
1x HDMI (4K @ 30Hz)
1x RJ45",CellphoneS,
220027,https://cellphones.com.vn/laptop-gigabyte-g5-mf5-52vn383sh.html,Laptop Gigabyte G5 MF5-52VN383SH,1999000000000.0,Giảm 22%,Laptop core i5,,,"Laptop có thiết kế đẹp mắt, gam màu đen sang trọng
Màn hình 15.6 inch Full HD cùng tần số quét 144Hz cho mọi thao tác nhanh nhạy, bắt kịp mọi chuyển động của đối thủ
CPU Intel Core i5-13500H mạnh mẽ, hỗ trợ xử lý nhanh chóng mọi tác vụ từ học tập cho tới văn phòng
Card đồ họa RTX4050, hỗ trợ chơi mọi tựa game hiện nay với mức đồ họa cao","Nguyên hộp, đầy đủ phụ kiện từ nhà sản xuất
Bảo hành pin và bộ sạc 12 tháng",NVIDIA GeForce RTX 4050 6 GB GDDR6,"Intel Core i5-13500H (Up to 4.7 GHz, 12 lõi / 16 luồng)",32,,,15.6,Windows 11 Home,1920x1080,"1 x USB 2.0 (Type-A)
1 x USB 3.2 Gen1 (Type-A)
2 x USB 3.2 Gen2 (Type-C)
1 x Mini DP 1.4
1 x HDMI (with HDCP)
1 x 2-in-1 Audio Jack(Headphone / Microphone)
1 x Microphone jack
1 x RJ-45 LAN port
1 x DC-in Jack
1 x Đầu",CellphoneS,
212521,https://cellphones.com.vn/laptop-msi-vector-16-hx-ai-a2xwhg-010vn.html,Laptop MSI Vector 16 HX AI A2XWHG-010VN,5199000000000.0,Giảm 5%,Laptop AI,,,"Laptop MSI Vector 16 HX AI là một lựa chọn tuyệt vời cho game thủ, được trang bị bộ vi xử lý U7-255HX mạnh mẽ.
Màn hình 16 inch QHD+ với tần số quét 240Hz và khả năng hiển thị 100% DCI-P3 mang đến hình ảnh sắc nét và màu sắc sống động, lý tưởng cho trải nghiệm chơi game mượt mà.
Với 16GB RAM và ổ cứng 512GB PCIe, máy hỗ trợ đa nhiệm hiệu quả và cung cấp không gian lưu trữ hợp lý cho các game và ứng dụng.
Card đồ họa RTX 5070 TI 12GB cho phép xử lý đồ họa tốt nhất, đáp ứng nhu cầu của cả game thủ và nhà sáng tạo nội dung.","Nguyên hộp, đầy đủ phụ kiện từ nhà sản xuất
Bảo hành pin và bộ sạc 12 tháng","NVIDIA GeForce RTX 5070 Ti Laptop GPU, GDDR7 12GB
Intel Graphics","Intel Core Ultra 7 255HX với Intel AI Boost (NPU), 20 lõi (8 P-cores + 12 E-cores), 20 luồng, 36MB cache, Max Turbo Frequency 5.2 GHz",32,,,16.0,Windows 11 Home,2560x1600,"2x Thunderbolt 5 (DisplayPort/ Power Delivery 3.1)
2x Type-A USB3.2 Gen2
1x Đầu đọc thẻ SD Express
1x HDMI 2.1 (8K @ 60Hz / 4K @ 120Hz)
1x RJ45
1x SD Express",CellphoneS,
210903,https://cellphones.com.vn/apple-macbook-air-15-m4-10cpu-10gpu-16gb-512gb-2025-sac-70w.html,MacBook Air M4 15 inch 2025 10CPU 10GPU 16GB 512GB Sạc 70W | Chính hãng Apple Việt Nam,3749000000000.0,Giảm 1%,Mac,,,"MacBook Air 15 inch M4 mang thiết kế thanh lịch, độ mỏng ấn tượng 1.15 cm và trọng lượng chỉ 1.51 kg, phù hợp cho việc di chuyển.
Trang bị chip Apple M4 mạnh mẽ với 10 CPU và 10 GPU, cho khả năng xử lý đa tác vụ và đồ họa vượt trội so với thế hệ trước.
Bộ nhớ RAM 16GB cùng ổ cứng SSD 512GB đem lại trải nghiệm đa nhiệm mượt mà, tốc độ khởi động và truy xuất dữ liệu nhanh chóng.
Màn hình Liquid Retina 15.3 inch với độ phân giải 2880x1864 pixels, độ sáng 500 nits và dải màu P3 rộng, mang lại hình ảnh sống động và chân thực.","Máy mới 100%, đầy đủ phụ kiện từ nhà sản xuất. Sản phẩm có mã SA/A (được Apple Việt Nam phân phối chính thức).","GPU 10 lõi
Neural Engine 16 lõi
Công nghệ dò tia tốc độ cao bằng phần cứng
Băng thông bộ nhớ 120GB/s",CPU 10 lõi với 4 lõi hiệu năng và 6 lõi tiết kiệm điện,32,,,15.3,macOS,2880x1864,"Cổng sạc MagSafe 3
Jack cắm tai nghe 3.5 mm
Hai cổng Thunderbolt 4 (USB-C) hỗ trợ: Sạc / DisplayPort / Thunderbolt 4 (lên đến 40Gb/s) / USB 4 (lên đến 40Gb/s)",CellphoneS,
223778,https://cellphones.com.vn/laptop-lenovo-v14-g4-iru-83a000fqvn.html,Laptop Lenovo V14 G4 IRU 83A000FQVN,1449000000000.0,Giảm 8%,Lenovo,,,"Trang bị vi xử lý Intel Core i5-13420H, cung cấp sức mạnh xử lý vượt trội cho các tác vụ văn phòng, đồ họa và đa nhiệm.
Với 16GB RAM và ổ cứng 512GB PCIe, máy cho phép lưu trữ nhiều dữ liệu và chạy mượt mà các ứng dụng nặng.
Màn hình 14 inch Full HD mang đến hình ảnh rõ ràng, chi tiết, lý tưởng cho công việc và giải trí.
Cài đặt sẵn Windows 11, mang lại trải nghiệm người dùng mượt mà, cùng nhiều tính năng và cải tiến hiện đại.","Nguyên hộp, đầy đủ phụ kiện từ nhà sản xuất
Bảo hành pin và bộ sạc 12 tháng",Intel UHD Graphics,"Intel Core i5-13420H, 8 lõi (4P + 4E) / 12 luồng, P-core 2.1 / 4.6GHz, E-core 1.5 / 3.4GHz, 12MB",16,,,14.0,"Windows 11 Home Single Language, English",1920x1080,"1x USB 2.0
1x USB 3.2 Gen 1
1x USB-C 3.2 Gen 1 (truyền dữ liệu, Power Delivery (chỉ 20V) và DisplayPort 1.2)
1x HDMI 1.4b
1x giắc cắm kết hợp tai nghe/micrô (3,5mm)
1x Ethernet (RJ-45)
1x đầu nối nguồn",CellphoneS,
240760,https://cellphones.com.vn/laptop-lenovo-ideapad-slim-3-15irh10-83k1000jvn.html,Laptop Lenovo IdeaPad Slim 3 15IRH10 83K1000JVN,1849000000000.0,Giảm 5%,Lenovo,,,"Trang bị vi xử lý Intel Core i7-13620H hiệu năng cao, mang lại khả năng xử lý mạnh mẽ cho công việc và các ứng dụng nặng.
Máy sở hữu 16GB RAM và ổ cứng SSD 512GB PCIe, đảm bảo tốc độ truy xuất dữ liệu nhanh chóng và khả năng đa nhiệm mượt mà.
Màn hình 15.3 inch WUXGA mang đến hình ảnh sắc nét, không gian hiển thị rộng rãi và tỷ lệ khung hình tối ưu cho công việc lẫn giải trí.
Laptop được cài sẵn hệ điều hành Windows 11 bản quyền, cung cấp giao diện hiện đại và các tính năng tối ưu cho người dùng.","Nguyên hộp, đầy đủ phụ kiện từ nhà sản xuất
Bảo hành pin và bộ sạc 12 tháng",Intel UHD Graphics,"Intel Core i7-13620H, 10 lõi (6P + 4E) / 16 luồng, P-core 2.4 / 4.9GHz, E-core 1.8 / 3.6GHz, 24MB",16,,,15.3,"Windows 11 Home Single Language, English",1920x1200,"2x USB-A (5Gbps / USB 3.2 Gen 1)
1x USB-C ( 5Gbps / USB 3.2 Gen 1), với USB PD 3.0 và DisplayPort 1.2
1x HDMI 1.4
1x giắc cắm kết hợp tai nghe / micrô (3.5 mm)
1x đầu đọc thẻ SD
1x đầu nối nguồn",CellphoneS,
242436,https://cellphones.com.vn/laptop-asus-zenbook-14-um3406ka-pp113ws-ryzen-ai-7.html,Laptop ASUS Zenbook 14 UM3406KA-PP113WS,2699000000000.0,Giảm 7%,Laptop AI,,,"Được trang bị vi xử lý Ryzen AI 7 350, mang lại hiệu suất xử lý vượt trội cho các tác vụ đa nhiệm và ứng dụng nặng.
Với 16GB RAM và ổ cứng 512GB PCIe, máy cung cấp khả năng lưu trữ rộng rãi và tốc độ truy xuất dữ liệu nhanh chóng, lý tưởng cho công việc sáng tạo và giải trí.
Màn hình 14 inch 3K OLED với tần số quét 120Hz mang đến hình ảnh sống động, màu sắc chân thực và trải nghiệm hình ảnh mượt mà.
Cài đặt sẵn Windows 11 và Microsoft Office, giúp người dùng bắt đầu làm việc ngay lập tức, phù hợp cho cả nhu cầu học tập và công việc.","Nguyên hộp, đầy đủ phụ kiện từ nhà sản xuất
Bảo hành pin và bộ sạc 12 tháng",AMD Radeon Graphics,"AMD Ryzen AI 7 350 2.0GHz (24MB Cache, up to 5.0GHz, 8 lõi, 16 luồng)",32,,,14.0,Windows 11 Home + Microsoft Office Home 2024 + Microsoft 365 Basic,2880x1800,"1x USB 3.2 Gen 1 Type-A (5Gbps)
1x USB 3.2 Gen 2 Type-C hỗ trợ hiển thị/cung cấp điện (10Gbps)
1x USB 4.0 Gen 3 Type-C hỗ trợ hiển thị/cung cấp điện (40Gbps)
1x HDMI 2.1 TMDS
1x Giắc cắm âm thanh kết hợp 3.5mm",CellphoneS,
219092,https://cellphones.com.vn/laptop-lenovo-ideapad-slim-3-16irh10-83k20004vn.html,Laptop Lenovo IdeaPad Slim 3 16IRH10 83K20004VN,1949000000000.0,Giảm 5%,Lenovo,,,"Sở hữu màn hình rộng 16 inch WUXGA sắc nét, viền mỏng, cùng thiết kế vỏ màu xám thanh lịch và sang trọng.
Hiệu năng mạnh mẽ với bộ vi xử lý Intel Core i7-13620H, RAM 24GB cho đa nhiệm mượt mà, ổ cứng SSD 512GB đảm bảo tốc độ truy xuất nhanh chóng.
Thiết kế mỏng nhẹ phù hợp di chuyển, tích hợp đầy đủ cổng kết nối và webcam HD với màn trập riêng tư để bảo vệ người dùng.
Khả năng tản nhiệt hiệu quả với hệ thống quạt kép, pin dung lượng lớn cho thời gian sử dụng dài, phù hợp cho cả công việc và giải trí.","Nguyên hộp, đầy đủ phụ kiện từ nhà sản xuất
Bảo hành pin và bộ sạc 12 tháng",Intel UHD Graphics,"Intel Core i7-13620H, 10 lõi (6P + 4E) / 16 luồng, P-core 2.4 / 4.9GHz, E-core 1.8 / 3.6GHz, 24MB",32,,,16.0,"Windows 11 Home Single Language, English",1920x1200,"2x USB-A (USB 5Gbps / USB 3.2 Gen 1)
1x USB-C (USB 5Gbps / USB 3.2 Gen 1), với USB PD 3.0 và DisplayPort 1.2
1x HDMI 1.4
1x giắc cắm kết hợp tai nghe / micrô (3.5 mm)
1x đầu đọc thẻ SD
1x đầu nối nguồn",CellphoneS,
246341,https://cellphones.com.vn/laptop-asus-tuf-gaming-a15-fa507nu-lp140w.html,Laptop ASUS TUF Gaming A15 FA507NU-LP140W,2249000000000.0,Giảm 13%,ASUS,5.0,6.0,"Một chiếc laptop dành cho game thủ, với cấu hình khủng và thiết kế độc đáo
Bộ vi xử lý AMD R5-7535HS và card đồ họa NVIDIA Geforce RTX 4050 giúp bạn chinh phục mọi tựa game nặng và đòi hỏi cao về đồ họa
RAM 16 GB cùng ổ cứng SSD 512 GB cho không gian lưu trữ rộng rãi, hỗ trợ mở máy, mở ứng dụng nhanh chóng
Màn hình IPS 15.6 inch cho hình ảnh sắc nét, mượt mà và rực rỡ, với tần số quét 144 Hz, độ phân giải FHD và dải màu sRGB rộng
Laptop còn có thiết kế chắc chắn, chống va đập và bụi bẩn hiệu quả","Nguyên hộp, đầy đủ phụ kiện từ nhà sản xuất
Bảo hành pin và bộ sạc 12 tháng","NVIDIA GeForce RTX 4050 6GB GDDR6
AMD Radeon Navi2 Graphics","AMD Ryzen 5 7535HS (6 lõi / 12 luồng, 16MB L3 cache, up to 4.5 GHz max boost)",32,,,15.6,Windows 11 Home,1920x1080,"1x RJ45 LAN
1x Type C USB 4 hỗ trợ DisplayPort
1x USB 3.2 Gen 2 Type-C (DisplayPort / Sạc / G-SYNC)
2x USB 3.2 Gen 1 Type-A
1x HDMI 2.1 FRL
1x 3.5mm Combo Audio Jack",CellphoneS,
221422,https://cellphones.com.vn/laptop-lenovo-thinkbook-16-g6-irl-21kh00wcvn.html,Laptop Lenovo ThinkBook 16 G6 IRL 21KH00WCVN,1749000000000.0,Giảm 13%,Lenovo,,,"Laptop được trang bị vi xử lý Intel Core i5-13420H, mang lại hiệu suất mạnh mẽ cho công việc và học tập.
Với 16GB RAM và ổ cứng 512GB PCIe, thiết bị cung cấp khả năng đa nhiệm mượt mà và không gian lưu trữ rộng rãi.
Màn hình 16.0 inch WUXGA mang đến chất lượng hình ảnh sắc nét, lý tưởng cho việc xem nội dung và làm việc.
Laptop chạy hệ điều hành Windows 11, giúp bạn tận hưởng những tính năng mới nhất.","Nguyên hộp, đầy đủ phụ kiện từ nhà sản xuất
Bảo hành pin và bộ sạc 12 tháng",Intel UHD Graphics,"Intel Core i5-13420H, 8 lõi (4P + 4E) / 12T, P-core 2.1 / 4.6GHz, E-core 1.5 / 3.4GHz, 12MB",16,,,16.0,"Windows 11 Home Single Language, English",1920x1200,"2x USB 3.2
1x USB-C 3.2 (truyền dữ liệu, PD 3.0, DP 1.4)
1x Thunderbolt 4 / USB4 40Gbps (truyền dữ liệu, PD 3.0, DP 1.4)
1x HDMI 2.1, 4K/60Hz
1x giắc cắm kết hợp tai nghe/micrô (3.5mm)
1x Ethernet (RJ-45)
1x đầu đọc thẻ SD",CellphoneS,
220214,https://cellphones.com.vn/laptop-msi-katana-15-b13vek-2256vn-32gb.html,Laptop MSI Katana 15 B13VEK-2256VN V2,2699000000000.0,Giảm 10%,MSI,,,"Bộ vi xử lý Intel Core i7-13620H, máy mang đến hiệu suất vượt trội trong việc xử lý đa nhiệm và các ứng dụng nặng.
RAM 32GB giúp chạy mượt mà các tác vụ và trò chơi hiện đại, trong khi ổ cứng SSD 512GB PCIe cung cấp tốc độ truy xuất dữ liệu nhanh chóng.
Card đồ họa NVIDIA GeForce RTX 4050 với dung lượng 6GB cho phép trải nghiệm đồ họa sắc nét và mượt mà, lý tưởng cho game 3D và thiết kế đồ họa.
Màn hình 15.6 inch FHD với tần số quét 144Hz mang lại hình ảnh sống động và phản hồi nhanh chóng trong các trò chơi hành động.","Nguyên hộp, đầy đủ phụ kiện từ nhà sản xuất
Bảo hành pin và bộ sạc 12 tháng",Intel UHD Graphics + NVIDIA GeForce RTX 4050 6GB GDDR6,Intel Core i7-13620H,32,,,15.6,Windows 11 Home,1920x1080,"1x Type-C (USB3.2 Gen1 / DisplayPort)
2x Type-A USB3.2 Gen1
1x Type-A USB2.0
1x HDMI (4K @ 30Hz)
1x RJ45
1x Mic-in/Headphone-out Combo Jack",CellphoneS,
239324,https://cellphones.com.vn/macbook-pro-16-inch-m4-max-36gb-1tb.html,MacBook Pro 16 M4 Max 14CPU 32GPU 36GB 1TB | Chính hãng Apple Việt Nam,8799000000000.0,Giảm 2%,Mac,,,"Sở hữu sức mạnh đồ họa đỉnh cao với chip 14 nhân CPU và 32 nhân GPU, xử lý mượt mà các tác vụ đồ họa chuyên nghiệp.
RAM 36GB dung lượng lớn, cho phép đa nhiệm mạnh mẽ và xử lý các ứng dụng đòi hỏi nhiều tài nguyên một cách hiệu quả.
Ổ cứng SSD 1TB dung lượng lớn, lưu trữ thoải mái dữ liệu, dự án và ứng dụng.
Màn hình Liquid Retina XDR 16 inch với độ phân giải cao, màu sắc rực rỡ và độ chính xác màu sắc tuyệt vời, lý tưởng cho công việc chỉnh sửa hình ảnh và video.","Máy mới 100%, đầy đủ phụ kiện từ nhà sản xuất. Sản phẩm có mã SA/A (được Apple Việt Nam phân phối chính thức).","32 lõi
Neural Engine 16 lõi",Apple M4 Max 14 lõi với 10 lõi hiệu năng và 4 lõi tiết kiệm điện,16,,,16.2,macOS,3456x2234,"Khe thẻ nhớ SDXC
Cổng HDMI
Jack cắm tai nghe 3.5 mm
Cổng MagSafe 3
Ba cổng Thunderbolt 5 (USB‑C) hỗ trợ: Sạc, DisplayPort, Thunderbolt 5 (lên đến 120Gb/s), Thunderbolt 4 (lên đến 40Gb/s), USB 4 (lên đến 40Gb/s)",CellphoneS,
226213,https://cellphones.com.vn/laptop-lenovo-ideadpad-slim-3-14irh10-83k00007vn.html,Laptop Lenovo IdeadPad Slim 3 14IRH10 83K00007VN,1849000000000.0,Giảm 5%,Lenovo,,,"Được trang bị vi xử lý Intel Core i7-13620H mạnh mẽ, máy đảm bảo hiệu suất cao cho các tác vụ đa nhiệm và ứng dụng nặng.
Màn hình 14.0 inch WUXGA mang đến hình ảnh sắc nét và sống động, lý tưởng cho công việc và giải trí.
Với 16GB RAM và ổ cứng 512GB PCIe, người dùng sẽ có không gian lưu trữ đủ lớn và khả năng xử lý mượt mà.
Chạy trên hệ điều hành Windows 11, laptop này cung cấp trải nghiệm người dùng hiện đại và dễ dàng quản lý.","Nguyên hộp, đầy đủ phụ kiện từ nhà sản xuất
Bảo hành pin và bộ sạc 12 tháng",Intel UHD Graphics,"Intel Core i7-13620H, 10 lõi (6P + 4E) / 16 luồng, P-core 2.4 / 4.9GHz, E-core 1.8 / 3.6GHz, 24MB",16,,,14.0,"Windows 11 Home Single Language, English",1920x1200,"2x USB-A (5Gbps / USB 3.2 Gen 1)
1x USB-C (5Gbps / USB 3.2 Gen 1), với USB PD 3.0 và DisplayPort 1.2
1x HDMI 1.4
1x giắc cắm kết hợp tai nghe / micrô (3.5 mm)
1x đầu đọc thẻ SD
1x đầu nối nguồn",CellphoneS,
205868,https://cellphones.com.vn/laptop-acer-swift-go-14-ai-sfg14-73-53x7.html,Laptop Acer Swift Go 14 AI SFG14-73-53X7 NX.KSLSV.001,2299000000000.0,Giảm 4%,Laptop AI,,,"Thiết kế nhỏ gọn chỉ 1.3 kg, rất nhẹ và mỏng - Thuận tiện cho việc di chuyển.
Màn hình 14 inch, tần số quét 120Hz, đem lại trải nghiệm hình ảnh sắc nét và mượt mà.
Khởi động và tải ứng dụng cực nhanh, không làm gián đoạn quá trình làm việc hay giải trí với Intel Core Ultra 5-125H.
Webcam QHD để đáp ứng nhu cầu họp trực tuyến, đảm bảo hình ảnh rõ nét và chuyên nghiệp.","Nguyên hộp, đầy đủ phụ kiện từ nhà sản xuất
Bảo hành pin và bộ sạc 12 tháng",Intel Arc Graphics,"Intel Core Ultra 5-125H ( 3.6 GHz - 4.5 GHz / 18MB / 14 nhân, 18 luồng )",32,,,14.0,Windows 11 Home SL,2880x1800,"2 x USB 3.2
2 x Thunderbolt 4
1 x micro SD card slot
Audio combo
1 x HDMI",CellphoneS,
208233,https://cellphones.com.vn/laptop-asus-expertbook-p5-p5405csa-nz0017w.html,Laptop ASUS ExpertBook P5 P5405CSA-NZ0017W,2969000000000.0,Giảm 15%,Laptop AI,,,"Trang bị vi xử lý Intel U7-258V, mang lại hiệu suất mạnh mẽ cho các tác vụ đa nhiệm và công việc văn phòng, giúp người dùng hoàn thành công việc một cách hiệu quả.
Với 32GB RAM, máy cho phép chạy nhiều ứng dụng cùng lúc mà không gặp tình trạng lag, đáp ứng tốt nhu cầu làm việc chuyên sâu.
Ổ cứng 1TB PCIe cung cấp không gian lưu trữ lớn, giúp người dùng dễ dàng lưu trữ tài liệu, hình ảnh và video mà không lo hết dung lượng.
Màn hình 14.0 inch WQXGA với tần số quét 144Hz mang đến hình ảnh sắc nét và mượt mà, lý tưởng cho việc xem phim và làm việc với đồ họa.","Nguyên hộp, đầy đủ phụ kiện từ nhà sản xuất
Bảo hành Pin + Chuột 2 năm",Intel Arc 140V GPU,"Intel Core Ultra 7 258V 32GB 1.8 GHz (12MB Cache, up to 4.8 GHz, 8 lõi, 8 luồng)",16,,,14.0,Windows 11 Home,2560x1600,"2x USB 3.2 Gen 2 Type-A
2x Thunderbolt 4, tương thích với USB4, hỗ trợ display / sạc
1x HDMI 2.1
1x 3.5mm Combo Audio Jack",CellphoneS,
243303,https://cellphones.com.vn/laptop-lg-gram-2024-pro-16z90sp-k-ah75a5.html,Laptop LG Gram 2024 Pro 16Z90SP-K.AH75A5,3799000000000.0,Giảm 26%,LG,,,"Trang bị bộ vi xử lý Intel Core U7-155H, 16GB RAM và ổ cứng SSD 512GB xử lý mượt mà các tác vụ học tập, văn phòng.
Màn hình 16 inch độ phân giải 2880x1800 và độ phủ màu DCI-P3 100% mang đến hình ảnh sắc nét, sống động và màu sắc chính xác.
Kiểu dáng mỏng nhẹ ấn tượng với trọng lượng chỉ 1.19kg, thuận tiện cho việc di chuyển.
Sở hữu thiết kế sang trọng, vỏ ngoài siêu bền, mang đến vẻ đẹp cao cấp và chuyên nghiệp.","Nguyên hộp, đầy đủ phụ kiện từ nhà sản xuất
Bảo hành pin và bộ sạc 12 tháng",Intel Arc Graphics,Intel Core Ultra 7 155H,32,,,16.0,Windows 11 Home,2880x1800,"HDMI (4K@60Hz)
2x USB 3.2 Gen2x1
2x USB 4 Gen3x2 Type C (Sạc, Display Port, Thunderbolt 4)
4Pole Headset, US type
10/100 or Gigabit with RJ45 Gender (Option)",CellphoneS,
202722,https://cellphones.com.vn/laptop-gigabyte-g5-mf-f2vn333sh.html,Laptop Gigabyte MF F2VN333SH,1899000000000.0,Giảm 17%,Laptop đồ họa,,,"CPU intel Core i5-12450H cho phép thực hiện các tác vụ hàng ngày nhanh chóng và mượt mà
GPU GeForce RTX4050 cho hiệu suất tối thượng cho game thủ và nhà sáng tạo video
Màn hình 15.6 inch IPS 144Hz mang đến màu sắc chơi game chân thực
RAM 8GB cùng ổ cứng 512GB SSD hỗ trợ máy máy nhanh chóng, lưu trữ thoải mái",Bảo hành 24 tháng tại trung tâm bảo hành Chính hãng. 1 đổi 1 trong 30 ngày nếu có lỗi phần cứng từ nhà sản xuất. (xem chi tiết),"Nvidia Geforce RTX 4050 4GB GDDR6
Intel Iris Xe Graphics","Intel Core i5-12450H 3.3GHz up to 4.4GHz, 8 nhân 12 luồng, 12MB Cache",32,,,15.6,Windows 11 Home,1080x1920,"2x USB3.2 Gen2 (Type-C)
1x USB 2.0 (Type-A)
1x USB3.2 Gen1 (Type-A)
1x Mini DisplayPort 1.4
1x HDMI I™ Output port (with HDCP)
1x 2-in-1 Audio Jack(Headphone / Microphone)
1x Microphone jack
1x RJ-45 LAN port
1x DC-in Jack
1x",CellphoneS,
211532,https://cellphones.com.vn/laptop-dell-inspiron-15-3520-71045026.html,Laptop Dell Inspiron 15 3520 71045026,1649000000000.0,Giảm 3%,Dell,4.7,3.0,"Màn hình 15.6 inch FHD mang đến hình ảnh rõ nét và góc nhìn rộng, lý tưởng cho việc xem phim và làm việc.
Được trang bị bộ vi xử lý Intel Core i5-1235U và RAM 16GB, laptop xử lý mượt mà các ứng dụng văn phòng và đa nhiệm.
Ổ cứng 512GB PCIe cung cấp không gian lưu trữ lớn và tốc độ truy xuất dữ liệu nhanh.
Chạy trên Windows 11 và đi kèm với Microsoft Office, hỗ trợ tốt cho công việc học tập và văn phòng.","Nguyên hộp, đầy đủ phụ kiện từ nhà sản xuất
Bảo hành pin và bộ sạc 12 tháng",Intel Iris Xe Graphics,Intel Core i5-1235U,16,,,15.6,Windows 11 Home + Office Home & Student 2021,1920x1080,"2 x USB 3.2
1 x USB 3.2 Type C
1 x Audio Jack
1 x HDMI 1.4
1 x DC-in",CellphoneS,
203871,https://cellphones.com.vn/laptop-asus-vivoboook-s-14-oled-s5406ma-pp046ws.html,Laptop ASUS Vivobook S 14 OLED S5406MA-PP046WS,2469000000000.0,Giảm 9%,Laptop AI,,,"Trải nghiệm hình ảnh sống động, sắc nét với màn hình OLED 3K, mang đến màu sắc chân thực và độ tương phản cao.
Vi xử lý Intel Core U5-125H, RAM 16GB và ổ cứng SSD 512GB PCIe đảm bảo hiệu suất mượt mà cho mọi tác vụ.
Thiết kế mỏng nhẹ dễ dàng mang theo bên mình, phù hợp cho công việc và giải trí mọi lúc mọi nơi.
Được cài đặt sẵn Windows 11 và Office, bạn có thể sử dụng ngay sau khi mua, sẵn sàng cho mọi công việc và giải trí.","Nguyên hộp, đầy đủ phụ kiện từ nhà sản xuất
Bảo hành pin và bộ sạc 12 tháng",Intel Arc Graphics,"Intel Core Ultra 5 125H 1.2 GHz (18MB Cache, up to 4.5 GHz, 14 cores, 18 Threads)",32,,,14.0,"Windows 11 Home
Microsoft Office Home & Student 2021 + Microsoft 365 Basic",2880x1800,"2x USB 3.2 Gen 1 Type-A
2x Thunderbolt 4 (display / power delivery)
1x HDMI 2.1 TMDS
1x 3.5mm Combo Audio Jack
Đầu đọc thẻ Micro SD",CellphoneS,
205918,https://cellphones.com.vn/laptop-gigabyte-g6-mf-h2vn854kh.html,Laptop Gigabyte G6 MF-H2VN854KH,2499000000000.0,Giảm 9%,Laptop Core i7,,,"Trang bị bộ vi xử lý Intel Core i7-13620H, mang lại hiệu suất cao cho các tác vụ nặng.
Với 16GB RAM và ổ cứng 1TB PCIe, máy cung cấp không gian lưu trữ rộng rãi và đa nhiệm mượt mà.
Đặc biệt, card đồ họa rời NVIDIA GeForce RTX 4050 với 6GB VRAM giúp xử lý đồ họa 3D và chơi game mượt mà.
Màn hình 16.0 inch FHD+ với tần số quét 165Hz cho hình ảnh sắc nét và mượt mà, rất phù hợp cho game thủ và người làm đồ họa.","Nguyên hộp, đầy đủ phụ kiện từ nhà sản xuất
Bảo hành pin và bộ sạc 12 tháng",NVIDIA GeForce RTX 4050 6GB GDDR6 Boost Clock 2010MHz / Maximum Graphics Power 75W,"Intel Core i7-13620H 4.9 GHz (24MB Cache, up to 4.9 GHz, 6 P-cores and 4 E- cores)",16,,,16.0,Windows 11 Home,1920x1200,"1 x USB-A 2.0
1 x USB-A 3.2 Gen 1
2 x USB-C 3.2 Gen 2
1 x Mini DP 1.4
1 x HDMI (with HDCP)
1 x 2-in-1 Audio Jack (Headphone / Microphone)
1 x Microphone Jack
1 x RJ-45 LAN
1 x DC-in jack
1 x Đầu đọc thẻ MicroSD",CellphoneS,
217070,https://cellphones.com.vn/laptop-msi-gaming-sword-16-hx-b14vfkg-460vn.html,Laptop MSI Gaming Sword 16 HX B14VFKG-460VN,3499000000000.0,Giảm 13%,MSI,,,"Trang bị chip Intel Core i7-14650HX thế hệ 14 và card đồ họa NVIDIA GeForce RTX 4060 8GB, sẵn sàng chinh phục mọi tựa game mới nhất.
Màn hình 16 inch QHD+ (2560x1600) với tần số quét 240Hz, cho trải nghiệm hình ảnh siêu mượt mà, không giật lag.
Ổ cứng SSD 1TB PCIe NVMe cho tốc độ truy xuất dữ liệu cực nhanh, rút ngắn thời gian tải game.
Vỏ máy màu xám mạnh mẽ, cùng hệ thống đèn nền RGB per-key, tạo điểm nhấn cá tính.","Nguyên hộp, đầy đủ phụ kiện từ nhà sản xuất
Bảo hành pin và bộ sạc 12 tháng",NVIDIA GeForce RTX 4060 GPU 8GB GDDR6,Intel Core i7-I7-14650HX series (14th Gen),16,,,16.0,Windows 11 Home,2560x1600,"1x Type-C (USB3.2 Gen2 / DP) với sạc PD
3x Type-A USB3.2 Gen1
1x HDM 2.1 (8K 60Hz/4K 120Hz)
1x RJ45
1x Mic-in/Headphone-out Combo Jack",CellphoneS,
249693,https://cellphones.com.vn/laptop-msi-katana-15-b13udxk-2269vn-16gb.html,Laptop MSI Katana 15 B13UDXK-2269VN V2,2499000000000.0,Giảm 4%,MSI,,,"Laptop mạnh mẽ dành cho game thủ với bộ vi xử lý Intel Core i7-13620H, máy mang lại hiệu suất vượt trội cho mọi tác vụ.
RAM 16GB cho phép xử lý mượt mà nhiều ứng dụng cùng lúc, ổ cứng 1TB cung cấp không gian lưu trữ rộng rãi cho dữ liệu và trò chơi.
Card đồ họa NVIDIA RTX 3050 6GB hỗ trợ đồ họa 3D và trải nghiệm game chân thực.
Màn hình 15.6 inch Full HD với tần số quét 144Hz đảm bảo hình ảnh sắc nét và mượt mà trong từng khung hình.","Nguyên hộp, đầy đủ phụ kiện từ nhà sản xuất
Bảo hành pin và bộ sạc 12 tháng","NVIDIA GeForce RTX 3050 6GB
Intel UHD Graphics","Intel Core i7-13620H (2.4GHz,10 lõi (6 P-cores + 4 E-cores), Max Turbo Frequency 4.9 GHz)",32,,,15.6,Windows 11 Home,1920x1080,"2 x Type-A USB3.2 Gen1
1 x Type-A USB2.0
1x HDMI 2.1 (8K @ 60Hz / 4K @ 120Hz)",CellphoneS,
215993,https://cellphones.com.vn/laptop-hp-15-fd0083tu-8d736pa.html,Laptop HP 15-FD0083TU 8D736PA,1919000000000.0,Giảm 15%,HP,,,"Laptop được trang bị vi xử lý Intel Core i7-1355U, mang lại hiệu suất mạnh mẽ cho các tác vụ văn phòng và sáng tạo.
Màn hình 15.6 inch FHD cung cấp hình ảnh sắc nét, lý tưởng cho công việc và giải trí.
Với 16GB RAM và ổ cứng 512GB PCIe, máy hỗ trợ đa nhiệm hiệu quả và có đủ không gian lưu trữ cho dữ liệu lớn.
Cài sẵn Windows 11, mang lại trải nghiệm người dùng mượt mà với nhiều tính năng mới và cải tiến.","Nguyên hộp, đầy đủ phụ kiện từ nhà sản xuất
Bảo hành pin và bộ sạc 12 tháng",Intel Iris Xe Graphics,"Intel Core i7-1355U (lên đến 5,0 GHz với Công nghệ Intel Turbo Boost, bộ nhớ đệm L3 12 MB, 10 lõi, 12 luồng)",16,,,15.6,Windows 11 Home Single Language,1920x1080,"1x USB Type-C có tốc độ truyền tín hiệu 5 Gbps (chỉ hỗ trợ truyền dữ liệu, không hỗ trợ sạc hay màn hình ngoài)
2x USB Type-A có tốc độ truyền tín hiệu 5 Gbps
1x chấu thông minh AC
1x HDMI 1.4b
1x cổng kết hợp tai nghe/micrô",CellphoneS,
203523,https://cellphones.com.vn/laptop-vaio-fe-14-vwnc51427-bl.html,Laptop Vaio FE 14 VWNC51427-BL,1399000000000.0,Giảm 22%,Vaio,,,"Mang thiết kế mới mẻ với lớp áo xanh dương thời thượng
Màn hình 14.1 inch Full HD giúp hiển thị sắc nét, màu sắc chân thực
CPU Intel Core i5-1235U mạnh mẽ cân mọi tác vụ học tập, văn phòng
RAM 8GB chuẩn DDR4 hỗ trợ duyệt web nhanh chóng mà không lo lag, giật
Không gian lưu trữ rộng rãi giúp lưu trữ nhiều tệp, tài liệu với ổ cứng 512 GB ","Nguyên hộp, đầy đủ phụ kiện từ nhà sản xuất
Bảo hành pin và bộ sạc 12 tháng",Intel Iris Xe Graphics,"Intel Core i5 - 1235U Gen 12 (up to 4.4 GHz, 12 MB)",32,,,14.1,Windows 11 Home,1920x1080,"1x RJ45 (Gigabit)
1x HDMI
2x USB Type-A (USB 3.1 / USB 3.2 Gen 1)
1x USB Type-A (USB 2.0)
1 x USB-C (Không xác định)",CellphoneS,
211578,https://cellphones.com.vn/laptop-dell-g15-5530-i7hx161w11gr4060.html,Laptop Dell G15 5530 i7HX161W11GR4060,3699000000000.0,Giảm 12%,Dell,,,"Trang bị bộ vi xử lý Intel Core i7-13650HX mạnh mẽ, mang lại hiệu suất đáng kinh ngạc cho các tác vụ đa nhiệm và chơi game.
Với 16GB RAM và ổ cứng 1TB PCIe, người dùng có thể dễ dàng lưu trữ và xử lý dữ liệu lớn.
Màn hình 15.6 inch FHD với tần số quét 165Hz cung cấp hình ảnh sắc nét và mượt mà, lý tưởng cho trải nghiệm chơi game.
Card đồ họa NVIDIA RTX 4060 với 8GB VRAM hỗ trợ đồ họa 3D và hiệu suất gaming tuyệt vời.
Máy cũng đi kèm với hệ điều hành Windows 11 và bộ ứng dụng Office, đáp ứng nhu cầu làm việc và giải trí.","Nguyên hộp, đầy đủ phụ kiện từ nhà sản xuất
Bảo hành pin và bộ sạc 12 tháng","NVIDIA GeForce RTX 4060, 8GB GDDR6","Intel Core i7-13650HX (24MB Cache, Turbo Boost 4.7 GHz)",16,,,15.6,Windows 11 Home + Office Home & Student 2021,1920x1080,"1x RJ-45
3x USB 3.2 Gen 1
1x USB 3.2 Gen 2 (Type-C) có DisplayPort
1x giắc cắm tai nghe đa năng
1x HDMI 2.1",CellphoneS,
225264,https://cellphones.com.vn/laptop-lenovo-thinkbook-16-g6-irl-21kh00w8vn.html,Laptop Lenovo ThinkBook 16 G6 IRL 21KH00W8VN,1799000000000.0,Giảm 12%,Lenovo,,,"Laptop được trang bị vi xử lý Intel Core i5-13420H, mang lại hiệu suất mạnh mẽ cho công việc và học tập.
Với 16GB RAM và ổ cứng 512GB PCIe, thiết bị cung cấp khả năng đa nhiệm mượt mà và không gian lưu trữ rộng rãi.
Màn hình 16.0 inch WUXGA mang đến chất lượng hình ảnh sắc nét, lý tưởng cho việc xem nội dung và làm việc.
Laptop chạy hệ điều hành Windows 11, giúp bạn tận hưởng những tính năng mới nhất.","Nguyên hộp, đầy đủ phụ kiện từ nhà sản xuất
Bảo hành pin và bộ sạc 12 tháng",Intel UHD Graphics,"Intel Core i5-13420H, 8 lõi (4P + 4E) / 12T, P-core 2.1 / 4.6GHz, E-core 1.5 / 3.4GHz, 12MB",16,,,16.0,"Windows 11 Home Single Language, English",1920x1200,"2x USB 3.2
1x USB-C 3.2 (truyền dữ liệu, PD 3.0, DP 1.4)
1x Thunderbolt 4 / USB4 40Gbps (truyền dữ liệu, PD 3.0, DP 1.4)
1x HDMI 2.1, 4K/60Hz
1x giắc cắm kết hợp tai nghe/micrô (3.5mm)
1x Ethernet (RJ-45)
1x đầu đọc thẻ SD",CellphoneS,
217669,https://cellphones.com.vn/laptop-dell-inspiron-15-3530-p16wd2.html,Laptop Dell Inspiron 15 3530 P16WD2,1799000000000.0,Giảm 6%,Dell,,,"Trang bị vi xử lý Intel Core i5-1334U, RAM 16GB và ổ cứng SSD 512GB PCIe, đáp ứng tốt các nhu cầu làm việc, học tập và giải trí.
Độ phân giải Full HD và tần số quét 120Hz mang lại hình ảnh sắc nét, chuyển động mượt mà, phù hợp cho cả công việc lẫn chơi game nhẹ.
Hệ điều hành Windows 11 đi kèm Microsoft Office giúp người dùng sẵn sàng làm việc ngay khi mở máy.
Với vỏ màu đen sang trọng, thiết kế mỏng nhẹ, laptop phù hợp cho cả môi trường văn phòng và di chuyển.","Nguyên hộp, đầy đủ phụ kiện từ nhà sản xuất
Bảo hành pin và bộ sạc 12 tháng",,,16,,,,,,,CellphoneS,
243437,https://cellphones.com.vn/laptop-dell-inspiron-15-3530-p16wd2.html,Laptop Dell Inspiron 15 3530 P16WD2,1799000000000.0,Giảm 6%,Dell,,,"Trang bị vi xử lý Intel Core i5-1334U, RAM 16GB và ổ cứng SSD 512GB PCIe, đáp ứng tốt các nhu cầu làm việc, học tập và giải trí.
Độ phân giải Full HD và tần số quét 120Hz mang lại hình ảnh sắc nét, chuyển động mượt mà, phù hợp cho cả công việc lẫn chơi game nhẹ.
Hệ điều hành Windows 11 đi kèm Microsoft Office giúp người dùng sẵn sàng làm việc ngay khi mở máy.
Với vỏ màu đen sang trọng, thiết kế mỏng nhẹ, laptop phù hợp cho cả môi trường văn phòng và di chuyển.","Nguyên hộp, đầy đủ phụ kiện từ nhà sản xuất
Bảo hành pin và bộ sạc 12 tháng",Intel Iris Xe Graphics,13th Gen Intel Core i5-1334U 3.4hz (10 cores) - Max Turbo Frequency: 4.60 GHz,32,,,15.6,Windows 11 Home Single Language 64-bit + Office Home & Student 2021,1920x1080,"1 x USB 2.0 Type-A
1 x USB 3.2 Gen 1 Type-A
1 x USB 3.2 Gen 1 Type-C
1 x HDMI
1 x Headphone/ Microphone combo audio jack
1 x SATA",CellphoneS,
200050,https://cellphones.com.vn/macbook-air-2020-m1-16gb.html,Apple MacBook Air M1 16GB 256GB 2020 I Chính hãng Apple Việt Nam,3399000000000.0,,Mac,5.0,2.0,"Hiệu năng vượt trội - Cân mọi tác vụ từ word, exel đến chỉnh sửa ảnh trên các phần mềm như AI, PTS
Đa nhiệm mượt mà - Ram 16GB thoải mái sử dụng nhiều tác vụ cùng lúc
Trang bị SSD 256GB - Cho thời gian khởi động nhanh chóng, tối ưu hoá thời gian load ứng dụng
Chất lượng hình ảnh sắc nét - Màn hình Retina cao cấp cùng công nghệ TrueTone cân bằng màu sắc
Thiết kế sang trọng - Nặng chỉ 1.29KG, độ dày 16.1mm. Tiện lợi mang theo mọi nơi","Máy mới 100%, đầy đủ phụ kiện từ nhà sản xuất. Sản phẩm có mã SA/A (được Apple Việt Nam phân phối chính thức).","GPU 7 nhân, 16 nhân Neural Engine",Apple M1 8 nhân với 4 nhân hiệu năng cao và 4 nhân tiết kiệm điện,16,,,13.3,macOS Big Sur,2560x1600,2 cổng Thunderbolt / USB 4,CellphoneS,
206945,https://cellphones.com.vn/laptop-dell-inspiron-15-3530-71053721.html,Laptop Dell Inspiron 15 3530 71053721,2149000000000.0,Giảm 2%,Dell,,,"Được trang bị bộ vi xử lý Intel Core i7-1355U, máy cung cấp hiệu suất mạnh mẽ cho các tác vụ đa nhiệm và ứng dụng yêu cầu cao.
Màn hình 15.6 inch FHD với tần số quét 120Hz mang lại hình ảnh sắc nét và mượt mà, rất phù hợp cho việc xem phim, chơi game nhẹ và làm việc.
Với 16GB RAM và ổ cứng 512GB PCIe, laptop hỗ trợ đa nhiệm hiệu quả và cung cấp không gian đủ lớn cho tài liệu và phần mềm.
Ngoài ra, máy đi kèm với hệ điều hành Windows 11 và bộ Office, giúp người dùng có thể làm việc ngay lập tức.","Nguyên hộp, đầy đủ phụ kiện từ nhà sản xuất
Bảo hành pin và bộ sạc 12 tháng",Intel Iris Xe Graphics,Intel Core i7-1355U,16,,,15.6,Windows 11 Home + Microsoft Office Home 2024 + Microsoft 365 Basic 1 year subscription 634-CHLVMcAfee LiveSafe 1-year (5-device),1920x1080,"1x 3.5 kết hợp
1x cổng USB 3.2 Gen 1
1x cổng USB 2.0
1x cổng USB 3.2 Gen 1 Type-C
1x cổng USB 3.2 Gen 1 Type-C với DisplayPort Alt Mode 1.4",CellphoneS,
212195,https://cellphones.com.vn/laptop-lenovo-v14-g4-iru-83a00012vn.html,Laptop Lenovo V14 G4 IRU 83A00012VN,1729000000000.0,Giảm 14%,Lenovo,,,"Trang bị vi xử lý Intel Core i7-1355U, cung cấp sức mạnh xử lý vượt trội cho các tác vụ văn phòng, đồ họa và đa nhiệm.
Với 16GB RAM và ổ cứng 512GB PCIe, máy cho phép lưu trữ nhiều dữ liệu và chạy mượt mà các ứng dụng nặng.
Màn hình 14 inch Full HD mang đến hình ảnh rõ ràng, chi tiết, lý tưởng cho công việc và giải trí.
Cài đặt sẵn Windows 11, mang lại trải nghiệm người dùng mượt mà, cùng nhiều tính năng và cải tiến hiện đại.","Nguyên hộp, đầy đủ phụ kiện từ nhà sản xuất
Bảo hành pin và bộ sạc 12 tháng",Intel Iris Xe Graphics,"Intel Core i7-1355U, 10 lõi (2P + 8E) / 12 luồng, P-core 1.7 / 5.0GHz, E-core 1.2 / 3.7GHz, 12MB",32,,,14.0,"Windows 11 Home Single Language, English",1920x1080,"1x USB 2.0
1x USB 3.2 Gen 1
1x USB-C 3.2 Gen 1 (truyền dữ liệu, Power Delivery (chỉ 20V) và DisplayPort 1.2)
1x HDMI 1.4b
1x giắc cắm kết hợp tai nghe/micrô (3,5mm)
1x Ethernet (RJ-45)
1x đầu nối nguồn",CellphoneS,
208318,https://cellphones.com.vn/laptop-asus-vivobook-15-oled-s5507qa-ma090ws.html,Laptop ASUS Vivobook 15 OLED S5507QA-MA090WS,2899000000000.0,Giảm 17%,Laptop AI,,,"Thiết kế sang trọng, màu bạc đẹp mắt và kiểu dáng mỏng nhẹ, dễ dàng mang theo.
Màn hình 15.6 inch 3K OLED mang đến hình ảnh sắc nét và màu sắc sống động.
Trang bị chip xử lý mạnh mẽ, RAM 32GB và 1TB PCIe SSD, đảm bảo hiệu năng mượt mà cho đa nhiệm.
Cài sẵn Windows 11 và bộ Office, hỗ trợ tối ưu cho công việc và học tập.
Cung cấp đầy đủ cổng kết nối USB, HDMI và Wi-Fi, thuận tiện cho việc sử dụng.","Nguyên hộp, đầy đủ phụ kiện từ nhà sản xuất
Bảo hành pin và bộ sạc 12 tháng","Qualcomm Adreno GPU
Tiến trình chip mới nên có thể không kết nối được với các thiết bị có driver cũ","Snapdragon X Elite X1E 78 100 3.4GHz (42MB Cache, up to 3.4GHz, 12 lõi, 12 luồng)",16,,,15.6,Windows 11 Home + Microsoft Office Home & Student 2021 + Microsoft 365 Basic,2880x1620,"2x USB 3.2 Gen 1 Type-A
2x USB 4.0 Gen 3 Type-C (display / Sạc)
1x HDMI 2.1 TMDS
1x 3.5mm Combo Audio Jack
Đầu đọc thẻ Micro SD",CellphoneS,
232135,https://cellphones.com.vn/imac-m4-2024-24-inch-8cpu-8gpu-16gb-256gb-phim-so.html,iMac M4 2024 24 inch 8CPU 8GPU 16GB 256GB + Phím Số | Chính hãng Apple Việt Nam,3688000000000.0,,Mac,,,"Sở hữu màn hình Retina sắc nét, sống động, mang đến trải nghiệm hình ảnh tuyệt vời cho người dùng.
Với chip M4 8 nhân CPU và 8 nhân GPU đảm bảo hiệu năng mạnh mẽ, xử lý đa nhiệm mượt mà và đáp ứng tốt nhu cầu làm việc và giải trí.
RAM 16GB cho phép máy chạy đa tác vụ trơn tru, không bị giật lag, ngay cả khi mở nhiều ứng dụng cùng lúc.
Dung lượng lưu trữ 256GB SSD đáp ứng đủ nhu cầu lưu trữ cho hầu hết người dùng, cho phép truy xuất dữ liệu nhanh chóng.","Máy mới 100%, đầy đủ phụ kiện từ nhà sản xuất. Sản phẩm có mã SA/A (được Apple Việt Nam phân phối chính thức).",GPU 8 lõi,"Apple M4 8 lõi với 4 lõi hiệu năng và 4 lõi tiết kiệm điện
Neural Engine 16 lõi",16,,,24.0,macOS,4480x2520,"2x Thunderbolt 4 (lên đến 40Gb/s)
USB 4 (lên đến 40Gb/s)
USB 3.1 Gen 2 (lên đến 10Gb/s)
DisplayPort
Jack cắm tai nghe 3.5 mm có hỗ trợ nâng cao cho tai nghe trở kháng cao",CellphoneS,
245728,https://cellphones.com.vn/laptop-asus-vivoboook-s-14-oled-s5406ma-pp198ws.html,Laptop ASUS Vivobook S 14 OLED S5406MA-PP198WS,2699000000000.0,Giảm 10%,Laptop AI,5.0,2.0,"Trải nghiệm hình ảnh sống động, sắc nét với màn hình OLED 3K, mang đến màu sắc chân thực và độ tương phản cao.
Vi xử lý Intel Core U7-155H, RAM 16GB và ổ cứng SSD 512GB PCIe đảm bảo hiệu suất mượt mà cho mọi tác vụ.
Thiết kế mỏng nhẹ dễ dàng mang theo bên mình, phù hợp cho công việc và giải trí mọi lúc mọi nơi.
Được cài đặt sẵn Windows 11, bạn có thể sử dụng ngay sau khi mua, sẵn sàng cho mọi công việc và giải trí.","Nguyên hộp, đầy đủ phụ kiện từ nhà sản xuất
Bảo hành pin và bộ sạc 12 tháng",Intel Arc Graphics,"Intel Core Ultra 7 155H 1.4 GHz (24MB Cache, up to 4.8 GHz, 16 cores, 22 Threads)",16,,,14.0,"Windows 11 Home
Microsoft Office Home & Student 2021",2880x1800,"2x USB 3.2 Gen 1 Type-A
2x Thunderbolt 4 (display / power delivery)
1x HDMI 2.1 TMDS
1x 3.5mm Combo Audio Jack
Đầu đọc thẻ Micro SD",CellphoneS,
209768,https://cellphones.com.vn/laptop-asus-vivobook-15-x1502va-bq885w.html,Laptop ASUS Vivobook 15 X1502VA-BQ885W,1529000000000.0,Giảm 4%,ASUS,,,"Laptop ASUS VivoBook 15 được thiết kế với vẻ ngoài hiện đại, màu bạc thanh lịch, phù hợp cho học tập và công việc.
Màn hình 15.6 inch FHD mang lại hình ảnh sắc nét, góc nhìn rộng, đáp ứng tốt nhu cầu giải trí và làm việc.
Trang bị vi xử lý Intel Core i5-13420H, RAM 16GB, và SSD 512GB PCIe, giúp xử lý mượt mà các tác vụ đa nhiệm và tăng tốc độ khởi động.
Cài sẵn Windows 11, mang đến trải nghiệm giao diện mới, hiện đại và tối ưu hiệu suất.","Nguyên hộp, đầy đủ phụ kiện từ nhà sản xuất
Bảo hành pin và bộ sạc 12 tháng",Intel HD Graphics,"Intel Core i5-13420H 2.1 GHz (12MB Cache, up to 4.6 GHz, 8 lõi, 12 luồng)",16,,,15.6,Windows 11 Home,1920x1080,"1x USB 2.0 Type-A (480Mbps)
1x USB 3.2 Gen 1 Type-C hỗ trợ cấp nguồn (5Gbps)
2x USB 3.2 Gen 1 Type-A (5Gbps)
1x HDMI 1.4
1x Giắc cắm âm thanh kết hợp 3.5mm
1x DC-in",CellphoneS,
218787,https://cellphones.com.vn/laptop-dell-vostro-3520-i7-1255u-8gb-512gb.html,Laptop Dell Vostro 3520,1799000000000.0,Giảm 5%,Dell,5.0,1.0,"Hiệu năng ổn định với I7-1235U xử lý tốt các tác vụ từ văn phòng đến chỉnh sứa hình ảnh
RAM 8 GB tối ưu hoá tốt hiệu suất sử dụng, cho phép mở nhiều ứng dụng cùng lúc
SSD 512 GB NVMe tốc độ cao rút ngắn thời gian load ứng dụng
Giải trí sống động với màn hình 15.6 inch cùng độ phân giải full HD","Sạc, sách HDSD
Tìm hiểu thêm về laptop nhập khẩu",NVIDIA® Geforce ® MX550 2GB GDDR5,"Intel Core i7-1255U (2.4Ghz,12MB cache, Up to 4,4Ghz Turbo )",32,,,15.6,Free OS,1080x1920,"1 USB 3.2 Gen 1
1 USB 2.0
1 headset
1 HDMI 1.4
HDMI 1.4 (xuất ảnh 1920x1080 @60Hz)
1 RJ45 Ethernet port (flip-down)",CellphoneS,
212198,https://cellphones.com.vn/laptop-acer-swift-14-ai-sf14-51-53p9.html,Laptop Acer Swift 14 AI SF14-51-53P9,3499000000000.0,,Laptop AI,5.0,3.0,"Màn hình 14.0 inch OLED với độ phân giải 3K, mang lại hình ảnh sắc nét và màu sắc rực rỡ, lý tưởng cho việc xem phim và làm việc đồ họa.
Vi xử lý Intel U5-226V, kết hợp với 16GB RAM và 1TB PCIe SSD, Swift 14 đảm bảo hiệu suất mượt mà cho mọi tác vụ từ văn phòng đến chơi game nhẹ.
Máy chạy trên hệ điều hành Windows 11 mới nhất, cung cấp trải nghiệm người dùng hiện đại và nhiều tính năng thông minh.
Laptop hỗ trợ nhiều cổng kết nối như USB-C, USB-A và HDMI, giúp người dùng dễ dàng kết nối với các thiết bị ngoại vi.","Nguyên hộp, đầy đủ phụ kiện từ nhà sản xuất
Bảo hành pin và bộ sạc 12 tháng",Intel Arc Graphics 130V,"Intel Core Ultra 5 226V (8 lõi / 8 luồng, 3.5 GHz - 4.5 GHz, 8 MB Intel Smart Cache)",32,,,14.0,Windows 11 Home SL,2880x1800,"2x USB Type-C (USB4 40Gbps / DisplayPort qua USB-C / Thunderbolt 4 / Sạc)
2x USB-A (Một cổng cho USB 3.2 Gen 1/ Một cổng cho USB 3.2 Gen 1 có chức năng sạc USB khi tắt nguồn)
Cổng HDMI 2.1 hỗ trợ HDCP
Giắc cắm tai nghe/loa",CellphoneS,
222812,https://cellphones.com.vn/apple-macbook-air-15-m4-10cpu-10gpu-24gb-512gb-2025-sac-70w.html,MacBook Air M4 15 inch 2025 10CPU 10GPU 24GB 512GB Sạc 70W | Chính hãng Apple Việt Nam,4249000000000.0,Giảm 1%,Mac,,,"MacBook Air 15 inch M4 mang thiết kế thanh lịch, độ mỏng ấn tượng 1.15 cm và trọng lượng chỉ 1.51 kg, phù hợp cho việc di chuyển.
Trang bị chip Apple M4 mạnh mẽ với 10 CPU và 10 GPU, cho khả năng xử lý đa tác vụ và đồ họa vượt trội so với thế hệ trước.
Bộ nhớ RAM 24GB cùng ổ cứng SSD 512GB đem lại trải nghiệm đa nhiệm mượt mà, tốc độ khởi động và truy xuất dữ liệu nhanh chóng.
Màn hình Liquid Retina 15.3 inch với độ phân giải 2880x1864 pixels, độ sáng 500 nits và dải màu P3 rộng, mang lại hình ảnh sống động và chân thực.","Máy mới 100%, đầy đủ phụ kiện từ nhà sản xuất. Sản phẩm có mã SA/A (được Apple Việt Nam phân phối chính thức).","GPU 10 lõi
Neural Engine 16 lõi
Công nghệ dò tia tốc độ cao bằng phần cứng
Băng thông bộ nhớ 120GB/s",CPU 10 lõi với 4 lõi hiệu năng và 6 lõi tiết kiệm điện,32,,,15.3,macOS,2880x1864,"Cổng sạc MagSafe 3
Jack cắm tai nghe 3.5 mm
Hai cổng Thunderbolt 4 (USB-C) hỗ trợ: Sạc / DisplayPort / Thunderbolt 4 (lên đến 40Gb/s) / USB 4 (lên đến 40Gb/s)",CellphoneS,
200282,https://cellphones.com.vn/laptop-asus-vivobook-15-x1504va-nj1969w.html,Laptop ASUS Vivobook 15 X1504VA-NJ1969W,1439000000000.0,Giảm 10%,ASUS,,,"Sở hữu thiết kế mỏng nhẹ với lớp vỏ màu bạc sang trọng, mang lại vẻ ngoài hiện đại và chuyên nghiệp, phù hợp cho học tập và làm việc.
Bộ vi xử lý Intel Core i5-1334U, RAM 16GB và ổ cứng SSD 512GB PCIe, đảm bảo xử lý mượt mà các tác vụ văn phòng, học tập và giải trí hằng ngày.
Màn hình 15.6 inch độ phân giải FHD mang lại hình ảnh sắc nét, không gian hiển thị lớn, giúp làm việc và giải trí dễ dàng hơn.
Laptop chạy hệ điều hành Windows 11 bản quyền, cung cấp giao diện trực quan, hiện đại và hỗ trợ nhiều ứng dụng mới nhất.","Nguyên hộp, đầy đủ phụ kiện từ nhà sản xuất
Bảo hành pin và bộ sạc 12 tháng",Intel Iris Xe Graphics,"Intel Core i5-1334U 1.3 GHz (12MB Cache, up to 4.6 GHz, 10 lõi, 12 luồng)",32,,,15.6,Windows 11 Home,1920x1080,"1x USB 2.0 Type-A (tốc độ dữ liệu lên đến 480Mbps)
1x USB 3.2 Gen 1 Type-C (5Gbps)
2x USB 3.2 Gen 1 Type-A (5Gbps)
1x HDMI 1.4
1x Giắc cắm âm thanh kết hợp 3.5mm
1x DC-in",CellphoneS,
237710,https://cellphones.com.vn/laptop-msi-sword-16-hx-b14vfkg-045vn.html,Laptop MSI Sword 16 HX B14VFKG-045VN,3549000000000.0,Giảm 11%,MSI,,,"Màn hình 16 inch QHD+, tấm nền IPS mang lại trải nghiệm hình ảnh sắc nét và chi tiết.
Hiệu suất mạnh mẽ mang đến trải nghiệm tuyệt vời đảm bảo xử lý mọi tác vụ một cách mượt mà và nhanh chóng.
Bàn phím có đèn nền RGB, bàn phím số tích hợp, mang lại trải nghiệm gõ phím tuyệt vời.
Thiết kế này mang lại sự thoải mái cho người dùng khi mang theo máy ra ngoài.","Nguyên hộp, đầy đủ phụ kiện từ nhà sản xuất
Bảo hành pin và bộ sạc 12 tháng","NVIDIA GeForce RTX 4060 8GB GDDR6
Intel UHD Graphics","Intel Core i7-14700HX (2.1 GHz - 5.5 GHz / 33MB / 20 nhân, 28 luồng )",32,,,16.0,Windows 11 Home SEA,2560x1600,"1 x USB Type C / DisplayPort
3 x USB 3.2
Audio combo
LAN 1 Gb/s
1 x HDMI",CellphoneS,
235407,https://cellphones.com.vn/laptop-acer-swift-lite-14-ai-sfl14-51m-78xz.html,Laptop Acer Swift Lite 14 AI SFL14-51M-78XZ,2199000000000.0,Giảm 4%,Acer,5.0,1.0,"Màn hình 14.0 inch FHD+ mang đến hình ảnh rõ ràng và chi tiết, tuyệt vời cho công việc và giải trí.
Trang bị bộ vi xử lý Intel U7-155U và RAM 16GB, máy xử lý mượt mà các tác vụ đa nhiệm.
Ổ cứng 512GB PCIe cho không gian lưu trữ lớn và tốc độ truy xuất dữ liệu nhanh chóng.
Thời lượng pin ấn tượng duy trì thời gian sử dụng lâu, lý tưởng cho những ai thường xuyên di chuyển.","Nguyên hộp, đầy đủ phụ kiện từ nhà sản xuất
Bảo hành pin và bộ sạc 12 tháng",Intel Graphics,"Intel Core Ultra 7 155U (12 lõi / 14 luồng, 3.8 GHz, 4.8 GHz, 12 MB Intel Smart Cache)",16,,,14.0,Windows 11 Home SL,1920x1200,"1x USB Type-C
3x USB-A
1x Khe cắm microSD lên đến 512 GB (tương thích SDXC, tương thích exFAT)
1x HDMI 1.4 port hỗ trợ HDCP
1 x Headphone/speaker jack",CellphoneS,
246532,https://cellphones.com.vn/laptop-msi-cyborg-15-a1vek-053vn.html,Laptop MSI Cyborg 15 A1VEK-053VN,2799000000000.0,Giảm 10%,MSI,,,"Thiết kế ấn tượng với lớp vỏ ngoài cứng cáp cùng Tone màu Translucent Black sang trọng.
Hiệu năng đáng kinh ngạc với CPU tích hợp AI thế hệ mới Intel Core Ultra 7-155H.
Card đồ họa RTX 4050 mạnh mẽ - Mang tới trải nghiệm gaming cực kỳ mượt mà.
Màn hình 15 inch độ phân giải FHD - Hiển thị sắc nét và chân thực tới từng điểm ảnh","Nguyên hộp, đầy đủ phụ kiện từ nhà sản xuất
Bảo hành pin và bộ sạc 12 tháng","RTX 4050, GDDR6 6GB",Intel Core Ultra 7 155H,16,,,15.6,Windows 11 Home,1920x1080,"1x Type-C (USB3.2 Gen2 / DP)
2x Type-A USB3.2 Gen1
1x RJ4
1x HDMI™ 2.1 (4K @ 60Hz)
1x Mic-in/Headphone-out Combo Jack
1 x MicroSD Reader",CellphoneS,
242139,https://cellphones.com.vn/laptop-asus-tuf-gaming-a15-fa506ncr-hn097w.html,Laptop ASUS TUF Gaming A15 FA506NCR-HN097W,1949000000000.0,Giảm 11%,ASUS,,,"Trang bị vi xử lý Ryzen 7 7435HS, cung cấp hiệu suất tối ưu cho các trò chơi và tác vụ đa nhiệm.
Với GPU 4GB RTX 3050, máy hỗ trợ chơi game mượt mà ở độ phân giải cao, lý tưởng cho game thủ và người sáng tạo nội dung.
Màn hình 15.6 inch Full HD với tần số quét 144Hz mang lại hình ảnh sắc nét và chuyển động mượt mà, tăng cường trải nghiệm chơi game.
Cài sẵn Windows 11, mang lại trải nghiệm người dùng mượt mà cùng nhiều tính năng và cải tiến mới, phù hợp cho công việc và giải trí.","Nguyên hộp, đầy đủ phụ kiện từ nhà sản xuất
Bảo hành pin và bộ sạc 12 tháng","NVIDIA GeForce RTX 3050 4GB GDDR6
AMD Radeon Graphics","AMD Ryzen 7 7435HS 3.1GHz (20MB Cache, up to 4.5 GHz, 8 lõi, 16 luồng)",16,,,15.6,Windows 11 Home,1920x1080,"1x Cổng LAN RJ45
1x USB 3.2 Gen 2 Type-C hỗ trợ DisplayPort
3x USB 3.2 Gen 1 Type-A
1x HDMI 2.1 TMDS
1x Giắc cắm âm thanh kết hợp 3.5 mm
Micrô mảng tích hợp",CellphoneS,
205522,https://cellphones.com.vn/laptop-lg-gram-2024-super-slim-15z90st-g-ah75a5.html,Laptop LG Gram 2024 Super Slim 15Z90ST-G.AH75A5,3599000000000.0,Giảm 23%,LG,,,"Trang bị bộ vi xử lý Intel U7-155H, 16GB RAM và ổ cứng SSD 512GB PCIe có thể xử lý mượt mà các tác vụ văn phòng, học tập và giải trí nhẹ nhàng.
Màn hình 15.6 inch độ phân giải 1920x1080 và độ phủ màu DCI-P3 100% mang đến hình ảnh sắc nét, sống động và màu sắc chính xác.
Sở hữu màu xanh độc đáo, tạo nên sự khác biệt và thu hút ánh nhìn.
Máy cài đặt sẵn hệ điều hành Windows 11 mới nhất, mang đến trải nghiệm sử dụng hiện đại và hiệu quả.","Nguyên hộp, đầy đủ phụ kiện từ nhà sản xuất
Bảo hành pin và bộ sạc 12 tháng",Intel Arc Graphics,Intel Core Ultra 7 155H,16,,,15.6,Windows 11 Home,1920x1080,"HDMI (4K@60Hz)
2x USB 4 Gen3 x 2 Type C (Sạc, Display Port, Thunderbolt 4)
1x USB 3.2 Gen 2 (Sạc, Display Port)
4Pole Headset, US type
10/100 with RJ45 adapter (Option)",CellphoneS,
226380,https://cellphones.com.vn/laptop-asus-rog-strix-scar-18-g835lw-sa172w.html,Laptop ASUS ROG Strix SCAR 18 G835LW-SA172W,12199000000000.0,,ASUS,,,"Laptop gaming cao cấp với thiết kế mạnh mẽ, màu đen sang trọng, đi kèm balo và chuột chuyên dụng dành cho game thủ.
Màn hình 18.0"" 2.5K Mini LED với tần số quét 240Hz, mang đến hình ảnh sắc nét, màu sắc rực rỡ, lý tưởng cho các trò chơi tốc độ cao và sáng tạo nội dung.
Trang bị bộ vi xử lý Intel Core U9-275HX, RAM 64GB và ổ cứng 4TB PCIe, đảm bảo hiệu năng vượt trội và không gian lưu trữ rộng lớn cho các tựa game và dữ liệu.
Card đồ họa RTX 5080 16GB thế hệ mới giúp xử lý mượt mà mọi tựa game AAA và các ứng dụng đồ họa chuyên sâu, mang lại trải nghiệm gaming đỉnh cao.","Nguyên hộp, đầy đủ phụ kiện từ nhà sản xuất
Bảo hành pin và bộ sạc 12 tháng","NVIDIA GeForce RTX 5080 16GB GDDR7
ROG Boost: 1550MHz* at 175W (1500MHz Boost Clock+50MHz OC, 150W+25W Dynamic Boost)","Intel Core Ultra 9 275HX 2.7 GHz (36MB Cache, up to 5.4 GHz, 24 lõi, 24 luồng)",16,,,18.0,Windows 11 Home,2560x1600,"1x LAN 2.5G
2x Thunderbolt 5 hỗ trợ DisplayPort / cung cấp điện / G-SYNC (120Gbps)
3x USB 3.2 Gen 2 Type-A (10Gbps)
1x HDMI 2.1 FRL
1x Giắc cắm âm thanh kết hợp 3.5mm",CellphoneS,
248344,https://cellphones.com.vn/laptop-asus-vivobook-15-oled-a1505va-l1491w.html,Laptop ASUS Vivobook 15 Oled A1505VA L1491W,1949000000000.0,Giảm 15%,ASUS,,,"Màn hình OLED cho màu sắc chính xác, sống động, phù hợp cho chỉnh sửa ảnh, video, thiết kế đồ họa.
Hiệu năng mạnh mẽ giúp xử lý đa nhiệm mượt mà, ổ cứng SSD dung lượng lớn cho phép lưu trữ nhiều dữ liệu.
Thiết kế mỏng nhẹ, thời trang, dễ dàng mang theo bên mình.
Hệ thống âm thanh Harman Kardon cho âm thanh sống động.","Máy, sạc, sách hướng dẫn",Intel Iris XE Graphics,Core I7-13700H,32,,,15.6,Windows 11 Home,1080x1920,"1x USB 2.0 Type-A
1x USB 3.2 Gen 1 Type-C support power delivery
2x USB 3.2 Gen 1 Type-A
1x HDMI 1.4
1x 3.5mm Combo Audio Jack
1x DC-in",CellphoneS,
234173,https://cellphones.com.vn/laptop-acer-swift-go-14-ai-sfg14-73-71zx.html,Laptop Acer Swift Go 14 AI SFG14-73-71ZX NX.KSLSV.002,2579000000000.0,Giảm 4%,Laptop AI,,,"Tần số quét 120Hz cho trải nghiệm hình ảnh mượt mà, đặc biệt phù hợp với game thủ và người sáng tạo nội dung.
CPU Intel Core Ultra 7-155H thế hệ mới nhất cho hiệu năng mạnh mẽ, xử lý mượt mà các tác vụ nặng.
Webcam QHD để đáp ứng nhu cầu họp trực tuyến, đảm bảo hình ảnh rõ nét và chuyên nghiệp.
Cảm biến vân tay tích hợp cho phép đăng nhập nhanh chóng và an toàn.","Nguyên hộp, đầy đủ phụ kiện từ nhà sản xuất
Bảo hành pin và bộ sạc 12 tháng",Intel Arc Graphics,"Intel Core Ultra 7-155H ( 3.8 GHz - 4.8 GHz / 24MB / 16 nhân, 22 luồng )",16,,,14.0,Windows 11 Home SL,2880x1800,"2 x USB 3.2
2 x Thunderbolt 4
1 x micro SD card slot
Audio combo
1 x HDMI",CellphoneS,
220385,https://cellphones.com.vn/laptop-dell-vostro-3520-y4g15.html,Laptop Dell Vostro 3520 Y4G15,1699000000000.0,Giảm 11%,Dell,,,"Bộ vi xử lý Intel Core i7 1255U xử lý nhanh chóng và hiệu quả các tác vụ thường ngày như soạn thảo săn bản, xem phim, giải trí hay chỉnh sửa video, hình ảnh và chơi game ở mức cấu hình trung bình.
RAM 8 GB thực hiện nhanh gọn các tác vụ, mở đồng thời hàng chục tab Chrome mà không lo giật lag gây gián đoạn trong quá trình sử dụng.
Ổ cứng SSD 512 GB có tốc độ đọc, ghi cao, rút ngắn đáng kể thời gian phản hồi, khởi động máy.
Màn hình lớn 15.6 inch Full HD mang đến góc nhìn được tối ưu, rộng lớn và đã mắt với chất lượng hình ảnh hiển thị rõ nét, trung thực.
Tần số quét 120 Hz cho mọi thao tác mượt mà, nâng cao trải nghiệm chơi game.","Nguyên hộp, đầy đủ phụ kiện từ nhà sản xuất
Bảo hành pin và bộ sạc 12 tháng","NVIDIA GeForce MX550, 2 GB, GDDR6","Intel Core i7-1255U (12 MB cache, 10 lõi / 12 luồng, 1.70 GHz to 4.70 GHz, 15 W)",16,,,15.6,Free OS,1920x1080,"2x USB 3.2 Gen 1
1x USB 2.0
1x Tai nghe (kết hợp tai nghe và micrô)
1x HDMI 1.4
1x RJ45 Ethernet",CellphoneS,
236920,https://cellphones.com.vn/laptop-asus-tuf-gaming-a15-fa507nv-lp110w.html,Laptop ASUS TUF Gaming A15 FA507NV-LP110W,2449000000000.0,Giảm 20%,ASUS,4.8,6.0,"Trang bị bộ vi xử lý AMD R5-7535HS mạnh mẽ cùng với bộ nhớ RAM 16GB, cho phép bạn chơi các trò chơi yêu cầu cấu hình cao một cách mượt mà và không giật lag
Sở hữu card đồ họa NVIDIA Geforce RTX 4060, đảm bảo hiệu suất đồ họa phong phú và chân thực trong mọi tình huống chơi game
Ổ cứng dung lượng lớn SSD 512GB có đủ không gian lưu trữ cho tất cả các game yêu thích của mình cũng như các tập tin cần thiết khác
Màn hình 15.6 inch Full HD và tần số quét 144Hz làm cho mọi hình ảnh trở nên sống động và mượt mà ngay cả khi di chuyển nhanh","Nguyên hộp, đầy đủ phụ kiện từ nhà sản xuất
Bảo hành pin và bộ sạc 12 tháng","NVIDIA GeForce RTX 4060 8GB GDDR6
AMD Radeon Navi2 Graphics","AMD Ryzen 5 7535HS (8 nhân/16 luồng, 16MB L3 bộ nhớ đệm, lên đến 4.7 GHz max boost)",32,,,15.6,Windows 11 Home,1920x1080,"1x RJ45 LAN
1x Type C USB 4 support DisplayPort
1x USB 3.2 Gen 2 Type-C support DisplayPort / Sạc / G-SYNC
2x USB 3.2 Gen 1 Type-A
1x HDMI 2.1 FRL
1x 3.5mm Combo Audio Jack",CellphoneS,
202391,https://cellphones.com.vn/laptop-asus-vivobook-s14-s3407ca-ly095ws.html,Laptop ASUS Vivobook S14 S3407CA-LY095WS,,,ASUS,,,"Laptop có thiết kế mỏng nhẹ, màu xám thanh lịch, phù hợp cho người dùng di động và yêu thích sự tinh tế.
Trang bị bộ vi xử lý Intel Core U5-225H mạnh mẽ, kết hợp với 16GB RAM, đảm bảo hiệu năng mượt mà cho các tác vụ văn phòng, học tập và giải trí đa phương tiện.
Màn hình 14.0 inch WUXGA mang đến hình ảnh sắc nét, màu sắc sống động, giúp nâng cao trải nghiệm xem phim và làm việc.
Ổ cứng 512GB SSD giúp máy khởi động nhanh chóng và tăng tốc độ truy xuất dữ liệu, đồng thời cung cấp không gian lưu trữ đủ lớn cho các tệp tin và ứng dụng cần thiết.","Nguyên hộp, đầy đủ phụ kiện từ nhà sản xuất
Bảo hành pin và bộ sạc 12 tháng",Intel UHD Graphics,"Intel Core Ultra 5 225H 1.7 GHz (18MB Cache, up to 4.9 GHz, 14 lõi, 16 luồng)",16,,,14.0,Windows 11 Home + Microsoft Office Home 2024 + Microsoft 365 Basic,1920x1200,"2x USB 3.2 Gen 1 Type-A (tốc độ dữ liệu lên đến 5Gbps)
2x USB 3.2 Gen 1 Type-C hỗ trợ hiển thị/Sạc (tốc độ dữ liệu lên đến 5Gbps)
1x HDMI 1.4
1x Giắc cắm âm thanh kết hợp 3.5mm",CellphoneS,
234264,https://cellphones.com.vn/laptop-acer-swift-14-ai-sf14-51-75vp.html,Laptop Acer Swift 14 AI SF14-51-75VP,3999000000000.0,,Laptop AI,5.0,1.0,"Màn hình 14.0 inch OLED với độ phân giải 3K, mang lại hình ảnh sắc nét và màu sắc rực rỡ, lý tưởng cho việc xem phim và làm việc đồ họa.
Vi xử lý Intel U7-258V, kết hợp với 32GB RAM và 1TB PCIe SSD, Swift 14 đảm bảo hiệu suất mượt mà cho mọi tác vụ từ văn phòng đến chơi game nhẹ.
Máy chạy trên hệ điều hành Windows 11 mới nhất, cung cấp trải nghiệm người dùng hiện đại và nhiều tính năng thông minh.
Laptop hỗ trợ nhiều cổng kết nối như USB-C, USB-A và HDMI, giúp người dùng dễ dàng kết nối với các thiết bị ngoại vi.","Nguyên hộp, đầy đủ phụ kiện từ nhà sản xuất
Bảo hành pin và bộ sạc 12 tháng",Intel Arc Graphics 140V,"Intel Core Ultra 7 258V (8 lõi / 8 luồng, 3.7 GHz - 4.8 GHz, 12 MB Intel Smart Cache)",32,,,14.0,Windows 11 Home SL,2880x1800,"2x USB Type-C (USB4 40Gbps / DisplayPort qua USB-C / Thunderbolt 4 / Sạc)
2x USB-A (Một cổng cho USB 3.2 Gen 1/ Một cổng cho USB 3.2 Gen 1 có chức năng sạc USB khi tắt nguồn)
Cổng HDMI 2.1 hỗ trợ HDCP
Giắc cắm tai nghe/loa",CellphoneS,
239283,https://cellphones.com.vn/laptop-lg-gram-2024-16z90s-g-ah76a5.html,Laptop LG Gram 2024 16Z90S-G.AH76A5,3499000000000.0,Giảm 23%,LG,,,"Laptop có thiết kế mỏng nhẹ, lý tưởng cho những người thường xuyên di chuyển.
Trang bị bộ vi xử lý Intel U7-155H, 16GB RAM và ổ cứng SSD 512GB PCIe có thể xử lý mượt mà các tác vụ văn phòng, học tập và giải trí nhẹ nhàng.
Màn hình 16 inch độ phân giải WQXGA với tấm nền IPS và độ phủ màu DCI-P3 99% mang đến hình ảnh sắc nét, sống động và màu sắc chính xác.
Cài đặt sẵn hệ điều hành Windows 11 mới nhất, mang đến trải nghiệm sử dụng hiện đại và hiệu quả.","Nguyên hộp, đầy đủ phụ kiện từ nhà sản xuất
Bảo hành pin và bộ sạc 12 tháng",Intel Arc Graphics,Intel Core Ultra U7-155H,16,,,16.0,Windows 11 Home,2560x1600,"HDMI (4K@60Hz)
2x USB 3.2 Gen2x1
2x USB 4 Gen3x2 Type C (Sạc, DisplayPort, Thunderbolt 4)
4Pole Headset, US type
10/100 with RJ45 adapter (Option)",CellphoneS,
214959,https://cellphones.com.vn/laptop-asus-vivobook-s14-s3407ca-ly096ws.html,Laptop ASUS Vivobook S14 S3407CA-LY096WS,,,ASUS,,,"Laptop có thiết kế mỏng nhẹ, màu xám thanh lịch, phù hợp cho người dùng di động và yêu thích sự tinh tế.
Trang bị bộ vi xử lý Intel Core U7 255H mạnh mẽ, kết hợp với 16GB RAM, đảm bảo hiệu năng mượt mà cho các tác vụ văn phòng, học tập và giải trí đa phương tiện.
Màn hình 14.0 inch WUXGA mang đến hình ảnh sắc nét, màu sắc sống động, giúp nâng cao trải nghiệm xem phim và làm việc.
Ổ cứng 512GB SSD giúp máy khởi động nhanh chóng và tăng tốc độ truy xuất dữ liệu, đồng thời cung cấp không gian lưu trữ đủ lớn cho các tệp tin và ứng dụng cần thiết.","Nguyên hộp, đầy đủ phụ kiện từ nhà sản xuất
Bảo hành pin và bộ sạc 12 tháng",Intel UHD Graphics,"Intel Core Ultra 7 255H 2.0 GHz (24MB Cache, up to 5.1 GHz, 16 lõi, 16 luồng)",16,,,14.0,Windows 11 Home + Microsoft Office Home 2024 + Microsoft 365 Basic,1920x1200,"2x USB 3.2 Gen 1 Type-A (tốc độ dữ liệu lên đến 5Gbps)
2x USB 3.2 Gen 1 Type-C hỗ trợ hiển thị/Sạc (tốc độ dữ liệu lên đến 5Gbps)
1x HDMI 1.4
1x Giắc cắm âm thanh kết hợp 3.5mm",CellphoneS,
225305,https://cellphones.com.vn/laptop-acer-gaming-predator-helios-neo-16s-ai-phn16s-71-94t0.html,Laptop Acer Gaming Predator Helios Neo 16S AI PHN16S-71-94T0,6449000000000.0,,Acer,,,"Laptop Acer Gaming Predator Helios Neo 16S AI là một lựa chọn cao cấp trong dòng laptop gaming, được trang bị bộ vi xử lý U9-275HX mạnh mẽ.
Màn hình 16 inch 2K+ OLED với tần số quét 240Hz và khả năng hiển thị 100% DCI-P3 mang đến hình ảnh sống động, sắc nét và trải nghiệm chơi game tuyệt vời.
Với 32GB RAM và ổ cứng 2TB PCIe, máy đảm bảo hiệu suất đa nhiệm mượt mà và không gian lưu trữ lớn cho các game và dữ liệu.
Card đồ họa RTX 5070 TI 12GB cho phép xử lý đồ họa tốt nhất, phục vụ nhu cầu giải trí và sáng tạo nội dung.","Nguyên hộp, đầy đủ phụ kiện từ nhà sản xuất
Bảo hành pin và bộ sạc 12 tháng","NVIDIA GeForce RTX 5070 Ti với 12 GB GDDR7 VRAM chuyên dụng, hỗ trợ 5888 lõi NVIDIA CUDA","Intel Core Ultra 9 275HX (24 lõi / 24 luồng, 4.6 GHz (e-core) 5.4 GHz 36MB Cache)",32,,,16.0,Windows 11 Home Single Language,2560x1600,"2x USB Type-C
3x USB-A
1x HDMI 2.1 hỗ trợ HDCP
1x Ethernet (RJ-45)
1x đầu đọc thẻ Micro SD
1x giắc cắm DC-in cho bộ đổi nguồn AC
1x giắc cắm tai nghe/loa 3.5 mm, hỗ trợ tai nghe có tích hợp micrô",CellphoneS,
227590,https://cellphones.com.vn/laptop-asus-zenbook-14-oled-ux3405ma-pp588w.html,Laptop ASUS Zenbook 14 OLED UX3405MA-PP588W,2599000000000.0,Giảm 10%,Laptop AI,,,"Thiết kế mỏng nhẹ và nhỏ gọn với trọng lượng chỉ 1,2 kg với độ mỏng 14.9 mm
Công nghệ ASUS Lumina OLED với màn hình OLED 3K 120Hz và độ sáng tối đa 600 nits
Hiệu năng mạnh mẽ được tích hợp AI với vi xử lý hoàn toàn mới Intel® Core™ Ultra 5
Hiệu suất đồ họa tăng cường tích hợp AI với Intel® Arc™ Graphics, Intel® AI Boost NPU
Màn hình với tốc độ làm mới 120 Hz, cung cấp khả năng hiển thị càng nhiều khung hình mỗi giây","Nguyên hộp, đầy đủ phụ kiện từ nhà sản xuất
Bảo hành pin và bộ sạc 12 tháng",Intel® Arc™ Graphics,"Intel® Core™ Ultra 5 Processor (1.2 GHz, 14 lõi, 18 luồng, 18MB Cache, up to 4.5 GHz)",32,,,14.0,Windows 11 Home,2880x1800,"1x USB 3.2 Gen 1 Type-A
2x Thunderbolt™ 4 hỗ trợ hiển thị / sạc
1x HDMI 2.1 TMDS
1x 3.5mm Combo Audio Jack",CellphoneS,
248636,https://cellphones.com.vn/imac-m3-2023-24-inch-8gpu-16gb-512gb.html,iMac M3 24 inch 8CPU 8GPU 16GB 512GB | Chính hãng Apple Việt Nam,3399000000000.0,Giảm 28%,Mac,,,"Thiết kế sang trọng, tinh tế, nâng cấp không gian làm việc, đem đến trải nghiệm sử dụng tuyệt vời.
Màn hình Retina 24 inch và độ phân giải 4.5K cho hình ảnh sống động và rực rỡ.
Trang bị công nghệ âm thanh Dolby Atmos, Wide stereo sound và Spatial Audio hiệu suất cao, tái tạo chất âm mạnh mẽ, trong trẻo.
Card đồ họa tích hợp với 8 nhân GPU thoải mái sử dụng các phần mềm nặng để thiết kế đồ họa như Photoshop, Final Cut, iMovie, Xcode,...
RAM 16 GB mạnh mẽ, không lo giật, lag khi mở nhiều ứng dụng cùng lúc.
Ổ cứng SSD 512 GB giúp các ứng dụng khởi chạy trong nháy mắt, khởi động trơn tru, mượt mà và linh hoạt.","Máy mới 100%, đầy đủ phụ kiện từ nhà sản xuất. Sản phẩm có mã SA/A (được Apple Việt Nam phân phối chính thức).",GPU 8 lõi,"Apple M3 8 lõi với 4 lõi hiệu năng và 4 lõi tiết kiệm điện
Neural Engine 16 lõi",32,,,24.0,macOS,4480x2520,"DisplayPort
Thunderbolt 3 (lên đến 40Gb/s)
USB 4 (lên đến 40Gb/s)
USB 3.1 Gen 2 (lên đến 10Gb/s)
Hỗ trợ Thunderbolt 2, HDMI, DVI và VGA sử dụng bộ tiếp hợp (được bán riêng)",CellphoneS,
220357,https://cellphones.com.vn/laptop-msi-prestige-13-ai-evo-a1mg-241vn.html,Laptop MSI Prestige 13 AI Evo A1MG-241VN,2499000000000.0,Giảm 14%,Laptop AI,,,"Laptop trang bị Intel Core Ultra 5-125H, mang lại hiệu năng ổn định và tiết kiệm năng lượng.
Máy sở hữu RAM 16GB và SSD 512GB PCIe, đáp ứng tốt nhu cầu đa nhiệm và lưu trữ vừa đủ.
Màn hình 13.3 inch 2.8K OLED, hiển thị hình ảnh sắc nét, sống động với màu sắc chân thực.
Thiết kế siêu nhẹ, màu trắng tinh tế, laptop chạy Windows 11 bản quyền, lý tưởng cho công việc và giải trí.","Nguyên hộp, đầy đủ phụ kiện từ nhà sản xuất
Bảo hành pin và bộ sạc 12 tháng",Intel Arc Graphics,Intel Core Ultra 5 125H (14 lõi) - Max Turbo Frequency: 4. 50 GHz,16,,,13.3,Windows 11 Home Single Language 64-bit,2880x1800,"1 x USB 3.2 Gen 1 Type-A
2 x Thunderbolt 4 (Power Delivery/DisplayPort)
1 x HDMI
1 x Headphone/Microphone combo audio jack",CellphoneS,
216400,https://cellphones.com.vn/laptop-msi-prestige-13-ai-evo-a1mg-240vn.html,Laptop MSI Prestige 13 AI Evo A1MG-240VN,2699000000000.0,Giảm 13%,Laptop AI,,,"Laptop trang bị Intel Core Ultra 5-125H, mang lại hiệu năng ổn định và tiết kiệm năng lượng.
Máy sở hữu RAM 32GB và SSD 512GB PCIe, đáp ứng tốt nhu cầu đa nhiệm và lưu trữ vừa đủ.
Màn hình 13.3 inch 2.8K OLED, hiển thị hình ảnh sắc nét, sống động với màu sắc chân thực.
Thiết kế siêu nhẹ, màu trắng tinh tế, laptop chạy Windows 11 bản quyền, lý tưởng cho công việc và giải trí.","Nguyên hộp, đầy đủ phụ kiện từ nhà sản xuất
Bảo hành pin và bộ sạc 12 tháng",Intel Arc Graphics,Intel Core Ultra 5 125H (14 lõi) - Max Turbo Frequency: 4. 50 GHz,16,,,13.3,Windows 11 Home Single Language 64-bit,2880x1800,"1 x USB 3.2 Gen 1 Type-A
2 x Thunderbolt 4 (Power Delivery/DisplayPort)
1 x HDMI
1 x Headphone/Microphone combo audio jack",CellphoneS,
246909,https://cellphones.com.vn/laptop-acer-gaming-predator-helios-18-ai-ph18-73-98aq.html,Laptop Acer Gaming Predator Helios 18 AI PH18-73-98AQ,14999000000000.0,,Acer,,,"Laptop Acer Gaming Predator Helios 18 AI là một trong những lựa chọn laptop gaming cao cấp, được trang bị bộ vi xử lý U9-275HX mạnh mẽ.
Màn hình 18 inch 2K+ MiniLED với tần số quét 120Hz và khả năng hiển thị 100% DCI-P3 mang đến hình ảnh sắc nét, sống động và trải nghiệm chơi game tuyệt vời.
Với 192GB RAM và ổ cứng 6TB PCIe, máy đảm bảo hiệu suất đa nhiệm mượt mà và dung lượng lưu trữ rộng rãi cho game và dữ liệu.
Card đồ họa RTX 5090 24GB cung cấp khả năng xử lý đồ họa vượt trội, phục vụ tốt cho cả game thủ và nhà sáng tạo nội dung.","Nguyên hộp, đầy đủ phụ kiện từ nhà sản xuất
Bảo hành pin và bộ sạc 12 tháng","NVIDIA GeForce RTX 5090 với 24 GB VRAM GDDR7 chuyên dụng, hỗ trợ 10496 lõi NVIDIA CUDA","Intel Core Ultra 9 275HX (24 lõi / 24 luồng, 4.6 GHz (e-core), 5.4 GHz, 36MB Cache)",32,,,18.0,Windows 11 Pro,3840x2400,"2 x USB Type-C
3 x USB Standard-A
1 x HDMI 2.1 hỗ trợ HDCP
1 x Đầu đọc thẻ SD
1 x Giắc cắm tai nghe/loa 3.5 mm, hỗ trợ tai nghe có micrô tích hợp
1 x Ethernet (RJ-45)
1 x Giắc cắm DC-in cho bộ đổi nguồn AC",CellphoneS,
233613,https://cellphones.com.vn/laptop-lenovo-thinkbook-13s-g3-acn-20ya0039vn.html,Laptop Lenovo ThinkBook 13s G3 ACN 20YA0039VN,1649000000000.0,Giảm 36%,Lenovo,,,"Bộ xử lý AMD Ryzen 7 5800U 8 nhân 16 luồng mạnh mẽ, tốc độ tối đa 4.4GHz, xử lý mượt mà các tác vụ văn phòng, thiết kế, chỉnh sửa ảnh/video cơ bản.
Camera HD 720p với màn trập riêng tư đảm bảo an toàn cho cuộc gọi video.
Công nghệ Dolby Audio, âm thanh to rõ, chi tiết, cho trải nghiệm giải trí sống động.
Vỏ máy được làm từ nhôm nguyên khối, sang trọng, bền bỉ, chống bám vân tay.","Nguyên hộp, đầy đủ phụ kiện từ nhà sản xuất
Bảo hành pin và bộ sạc 12 tháng",AMD Radeon Graphics,"AMD Ryzen 7 5800U (8 lõi / 16 luồng, 1.9 / 4.4GHz, 4MB L2 / 16MB L3)",16,,,13.3,Windows 11 Home,1920x1200,"1x USB 3.2 Gen 1, 1x USB 3.2 Gen 1 (Always On), 1x Headphone / microphone combo jack (3.5mm), 1x HDMI 2.0b",CellphoneS,
238279,https://cellphones.com.vn/laptop-msi-titan-18-hx-ai-a2xwjg-035vn.html,Laptop MSI Titan 18 HX AI A2XWJG-035VN,17999000000000.0,,Laptop AI,,,"Laptop MSI Titan 18 HX AI là một trong những chiếc laptop gaming cao cấp, sở hữu bộ vi xử lý U9-285HX cực kỳ mạnh mẽ.
Màn hình 18 inch UHD+ với công nghệ MiniLED và tần số quét 120Hz cùng khả năng hiển thị 100% DCI-P3 mang đến hình ảnh sắc nét và màu sắc sống động, lý tưởng cho cả chơi game lẫn sáng tạo nội dung.
Với 96GB RAM và ổ cứng 6TB PCIe, máy hỗ trợ đa nhiệm tối ưu và cung cấp dung lượng lưu trữ khổng lồ cho các game và ứng dụng nặng.
Card đồ họa RTX 5090 24GB cho phép xử lý đồ họa vượt trội, đáp ứng tốt nhất nhu cầu của game thủ chuyên nghiệp.","Nguyên hộp, đầy đủ phụ kiện từ nhà sản xuất
Bảo hành pin và bộ sạc 12 tháng","NVIDIA GeForce RTX 5090 Laptop GPU, GDDR7 24GB
Intel Graphics","Intel Core Ultra 9 Arrow Lake H, 2.8Ghz, 24 lõi (8 P-cores + 16 E-cores), 24 luồng, 40MB cache, Max Turbo Frequency 5.5 GHz",32,,,18.0,Windows 11 Home,3840x2400,"2x Thunderbolt 5 (DisplayPort/ Power Delivery 3.1)
3x Type-A USB3.2 Gen2
1x Đầu đọc thẻ SD Express
1x HDMI 2.1 (8K @ 60Hz / 4K @ 120Hz)
1x RJ45
1x Đầu đọc thẻ SD Express",CellphoneS,
218597,https://cellphones.com.vn/laptop-hp-omnibook-ultra-flip-14-fh0038tu-b2cp4pa.html,Laptop HP OmniBook Ultra Flip 14-FH0038TU B2CP4PA,5799000000000.0,,HP,,,"Laptop HP sở hữu thiết kế xoay gập 360° linh hoạt, phù hợp cho nhiều chế độ sử dụng.
Máy trang bị chip U9-288V, RAM 32GB và SSD 1TB, mang lại hiệu năng mạnh mẽ và không gian lưu trữ rộng lớn.
Màn hình 14 inch OLED 2.8K, tần số quét 120Hz, cảm ứng nhạy, cho hình ảnh sắc nét và trải nghiệm trực quan.
Thiết kế mỏng nhẹ, màu xanh thời thượng, phù hợp cho người dùng sáng tạo và chuyên nghiệp.","Nguyên hộp, đầy đủ phụ kiện từ nhà sản xuất
Bảo hành pin và bộ sạc 12 tháng",Intel Arc Graphics,Intel Core Ultra 9 288V Processor (8 lõi) - Max Turbo Frequency: 5. 10 GHz,32,,,14.0,Windows 11 Home Single Language 64-bit + Office Home & Student 2021,2880x1800,"2 x Thunderbolt 4 (Power Delivery/DisplayPort/HP Sleep & Charge)
1 x USB 3.2 Gen 2 Type-C (Power Delivery/DisplayPort/HP Sleep & Charge)
1 x giắc cắm âm thanh kết hợp Tai nghe/Micrô",CellphoneS,
247327,https://cellphones.com.vn/laptop-hp-pavilion-15-eg2084tu-7c0q6pa.html,Laptop HP Pavilion 15-EG2084TU 7C0Q6PA,1449000000000.0,Giảm 17%,HP,,,"Chip Intel Core I5-1240P, card đồ họa Intel Iris Xe Graphics thích hợp cho người dùng văn phòng tác vụ nặng như load các file báo cáo, excel hàng nghìn dòng
RAM 8GB đa nhiệm cho mọi thao tác mượt mà, mở nhiều tab cùng lúc mà không lo lag, giật
Kết nối không giới hạn, trò chuyện qua video call trên camera HP Wide Vision 720p HD
Trọng lượng chỉ 1.75 kg có thể mang đi và di chuyển dễ dàng
Máy đi kèm Windows 11 Home bản quyền","Mới, đầy đủ phụ kiện từ nhà sản xuất",Intel Iris Xe Graphics,Intel Core i5-1240P Processor,16,,,15.6,Windows 11 Home,1920x1080,"1 x HDMI 2.0
1 x headphone/microphone combo
1 x Type-C tốc độ truyền dữ liệu 10Gbps
2 x Type-A tốc độ truyền dữ liệu 5Gbps",CellphoneS,
201074,https://cellphones.com.vn/laptop-msi-titan-18-hx-ai-a2xwjg-622vn.html,Laptop MSI Titan 18 HX AI A2XWJG-622VN,17499000000000.0,,Laptop AI,,,"Laptop MSI Titan 18 HX AI là một trong những chiếc laptop gaming cao cấp, sở hữu bộ vi xử lý U9-285HX cực kỳ mạnh mẽ.
Màn hình 18 inch UHD+ với công nghệ MiniLED và tần số quét 120Hz cùng khả năng hiển thị 100% DCI-P3 mang đến hình ảnh sắc nét và màu sắc sống động, lý tưởng cho cả chơi game lẫn sáng tạo nội dung.
Với 64GB RAM và ổ cứng 6TB PCIe, máy hỗ trợ đa nhiệm tối ưu và cung cấp dung lượng lưu trữ khổng lồ cho các game và ứng dụng nặng.
Card đồ họa RTX 5090 24GB cho phép xử lý đồ họa vượt trội, đáp ứng tốt nhất nhu cầu của game thủ chuyên nghiệp.","Nguyên hộp, đầy đủ phụ kiện từ nhà sản xuất
Bảo hành pin và bộ sạc 12 tháng","NVIDIA GeForce RTX 5090 Laptop GPU, GDDR7 24GB
Intel Graphics","Intel Core Ultra 9 Arrow Lake H, 2.8Ghz, 24 lõi (8 P-cores + 16 E-cores), 24 luồng, 40MB cache, Max Turbo Frequency 5.5 GHz",32,,,18.0,Windows 11 Home,3840x2400,"2x Thunderbolt 5 (DisplayPort/ Power Delivery 3.1)
3x Type-A USB3.2 Gen2
1x Đầu đọc thẻ SD Express
1x HDMI 2.1 (8K @ 60Hz / 4K @ 120Hz)
1x RJ45
1x Đầu đọc thẻ SD Express",CellphoneS,
215000,https://cellphones.com.vn/laptop-msi-modern-15-a5m-235vn.html,Laptop MSI Modern 15 A5M 235VN,,,MSI,,,"Chip R7-5700U cùng card AMD Radeon Graphics, chạy mượt các ứng dụng văn phòng hay chiến game nhẹ nhàng.
Ram 8GB + 1 khe cắm nâng cấp tối đa đến 64GB, ổ cứng SSD 512GB mang đến tốc độ xử lý nhanh cùng đa nhiệm mượt mà.
Loa Realtek High Definition audio - mang lại trải nghiệm giải trí chân thật.
Màn hình 15.6 inch độ phân giải Full HD ,
Tích hợp web cam 720p cho phép đàm thoại thông qua video thoải mái.
Thiết kế vỏ kim loại cứng cáp, nặng 1.6 kg thuận tiện di chuyển, mang theo.
Máy đi kèm Windows 11 bản quyền.","Mới, đầy đủ phụ kiện từ nhà sản xuất",AMD Radeon 1900 MHz,"AMD Ryzen 7 5700U (8 nhân/16 luồng, 4.30 GHz, 8 MB)",16,,,15.6,Windows 11 Home,1920x1080,"1x HDMI
1x Type C
1x DC-in jack
1x Jack 3.5 mm
3x USB 3.0",CellphoneS,
214288,https://cellphones.com.vn/laptop-gaming-acer-nitro-5-an515-58-52sp.html,Laptop Gaming Acer Nitro 5 AN515 58 52SP,1849000000000.0,Giảm 34%,Acer,5.0,17.0,"Chip Core i5-12500H cùng card rời RTX 3050 cho khả năng chiến các tựa game nặng, chỉnh sửa hình ảnh trên PTS, Render video ngắn mượt mà.
Ram 8GB+8GB, ổ cứng SSD 512GB mang đến tốc độ xử lý nhanh cùng đa nhiệm mượt mà.
Màn hình 15.6 inch độ phân giải Full HD, mang lại chất lượng hiển thị sắc nét.
Công nghệ âm thanh DTS X:Ultra Audio, Acer Purified, Acer TrueHarmony - mang lại trải nghiệm giải trí chân thật.
Bàn phím được tích hợp đèn - Thoả sức làm việc trong môi trường thiếu sáng","Nguyên hộp, đầy đủ phụ kiện từ nhà sản xuất
Bảo hành pin và bộ sạc 12 tháng",NVIDIA GeForce RTX 3050 with 4GB of dedicated GDDR6 VRAM,"Intel Core i5-12500H (upto 4.5 GHz, 18MB), 12 nhân, 16 luồng",16,,,15.6,Windows 11 Home,1920x1080,"1x USB Type-C (Hỗ trợ: USB 3.2 Gen 2 up to 10 Gbps, DisplayPort over USB-C, Thunderbolt 4, USB charging 5 V; 3 A, DC 20 V; 65 W)
2x USB 3.2 Gen 2
1x USB 3.2 Gen 1
1x Ethernet (RJ-45)
1x HDMI®2.1
1x headphone/speaker jack",CellphoneS,
232933,https://cellphones.com.vn/laptop-msi-prestige-16-ai-evo-b2vmg-016vn.html,Laptop MSI Prestige 16 AI+ Evo B2VMG-016VN,4399000000000.0,Giảm 4%,Laptop AI,,,"Màn hình 16.0 inch UHD+ OLED, máy mang đến hình ảnh sắc nét và màu sắc sống động, lý tưởng cho việc chỉnh sửa video và đồ họa.
Trang bị bộ vi xử lý mạnh mẽ U9-288V, cùng với 32GB RAM và ổ cứng 1TB PCIe, máy đảm bảo hiệu suất mượt mà cho mọi tác vụ đa nhiệm.
Thiết kế mỏng nhẹ và tinh tế, kết hợp với màu xám sang trọng, giúp máy dễ dàng di chuyển và phù hợp với phong cách làm việc chuyên nghiệp.
Hệ điều hành Windows 11 mới nhất mang đến giao diện thân thiện và nhiều tính năng hữu ích.","Nguyên hộp, đầy đủ phụ kiện từ nhà sản xuất
Bảo hành pin và bộ sạc 12 tháng",Intel Arc 140V GPU,Intel Core Ultra 9 288V,32,,,16.0,Windows 11 Home,3840x2400,"1x Type-A USB3.2 Gen2
1x RJ45
1x Đầu đọc thẻ SD (XC/HC)
1x HDMI 2.1 (8K @ 60Hz / 4K @ 120Hz)
2x Thunderbolt 4 (DisplayPort/ Power Delivery 3.0)",CellphoneS,
225909,https://cellphones.com.vn/laptop-msi-prestige-16-ai-evo-b2vmg-016vn.html,Laptop MSI Prestige 16 AI+ Evo B2VMG-016VN,4399000000000.0,Giảm 4%,Laptop AI,,,"Màn hình 16.0 inch UHD+ OLED, máy mang đến hình ảnh sắc nét và màu sắc sống động, lý tưởng cho việc chỉnh sửa video và đồ họa.
Trang bị bộ vi xử lý mạnh mẽ U9-288V, cùng với 32GB RAM và ổ cứng 1TB PCIe, máy đảm bảo hiệu suất mượt mà cho mọi tác vụ đa nhiệm.
Thiết kế mỏng nhẹ và tinh tế, kết hợp với màu xám sang trọng, giúp máy dễ dàng di chuyển và phù hợp với phong cách làm việc chuyên nghiệp.
Hệ điều hành Windows 11 mới nhất mang đến giao diện thân thiện và nhiều tính năng hữu ích.","Nguyên hộp, đầy đủ phụ kiện từ nhà sản xuất
Bảo hành pin và bộ sạc 12 tháng",Intel Arc 140V GPU,Intel Core Ultra 9 288V,32,,,16.0,Windows 11 Home,3840x2400,"1x Type-A USB3.2 Gen2
1x RJ45
1x Đầu đọc thẻ SD (XC/HC)
1x HDMI 2.1 (8K @ 60Hz / 4K @ 120Hz)
2x Thunderbolt 4 (DisplayPort/ Power Delivery 3.0)",CellphoneS,
231659,https://cellphones.com.vn/laptop-msi-prestige-13-ai-evo-a2vmg-040vn.html,Laptop MSI Prestige 13 AI+ Evo A2VMG-040VN,3569000000000.0,Giảm 8%,Laptop AI,,,"Màn hình 13.3 inch 2.8K OLED, máy mang lại hình ảnh sắc nét và màu sắc sống động, lý tưởng cho việc chỉnh sửa đồ họa và video.
Sử dụng bộ vi xử lý U7-258V mạnh mẽ, kết hợp với 32GB RAM và ổ cứng 1TB PCIe, máy đảm bảo hiệu suất mượt mà cho mọi tác vụ đa nhiệm.
Thiết kế mỏng nhẹ và tinh tế, cùng với màu xám hiện đại, giúp máy dễ dàng mang theo và phù hợp với phong cách làm việc chuyên nghiệp.
Hệ điều hành Windows 11 mang đến trải nghiệm người dùng mới mẻ và nhiều tính năng tiện ích.","Nguyên hộp, đầy đủ phụ kiện từ nhà sản xuất
Bảo hành pin và bộ sạc 12 tháng",Intel Arc 140V GPU,Intel Core Ultra 7 258V,32,,,13.3,Windows 11 Home,2880x1800,"1x Jack cắm kết hợp Mic-in/Headphone-out
1x Type-A USB3.2 Gen1
2x Thunderbolt 4 (DisplayPort/Power Delivery 3.0)
1x HDMI 2.1 (8K @ 60Hz / 4K @ 120Hz)
1x Micro SD",CellphoneS,
248298,https://cellphones.com.vn/laptop-msi-prestige-13-ai-evo-a2vmg-040vn.html,Laptop MSI Prestige 13 AI+ Evo A2VMG-040VN,3569000000000.0,Giảm 8%,Laptop AI,,,"Màn hình 13.3 inch 2.8K OLED, máy mang lại hình ảnh sắc nét và màu sắc sống động, lý tưởng cho việc chỉnh sửa đồ họa và video.
Sử dụng bộ vi xử lý U7-258V mạnh mẽ, kết hợp với 32GB RAM và ổ cứng 1TB PCIe, máy đảm bảo hiệu suất mượt mà cho mọi tác vụ đa nhiệm.
Thiết kế mỏng nhẹ và tinh tế, cùng với màu xám hiện đại, giúp máy dễ dàng mang theo và phù hợp với phong cách làm việc chuyên nghiệp.
Hệ điều hành Windows 11 mang đến trải nghiệm người dùng mới mẻ và nhiều tính năng tiện ích.","Nguyên hộp, đầy đủ phụ kiện từ nhà sản xuất
Bảo hành pin và bộ sạc 12 tháng",Intel Arc 140V GPU,Intel Core Ultra 7 258V,32,,,13.3,Windows 11 Home,2880x1800,"1x Jack cắm kết hợp Mic-in/Headphone-out
1x Type-A USB3.2 Gen1
2x Thunderbolt 4 (DisplayPort/Power Delivery 3.0)
1x HDMI 2.1 (8K @ 60Hz / 4K @ 120Hz)
1x Micro SD",CellphoneS,
235026,https://cellphones.com.vn/laptop-lenovo-yoga-pro-7-14imh9-83e2005dvn.html,Laptop Lenovo Yoga Pro 7 14IMH9 83E2005DVN,4299000000000.0,Giảm 7%,Laptop AI,,,"Trang bị bộ vi xử lý Intel Core U7-155H mạnh mẽ, cho hiệu năng xử lý tuyệt vời trong mọi tác vụ.
Màn hình OLED 14.5 inch độ phân giải 2.8K, mang lại hình ảnh sắc nét và màu sắc sống động.
Card đồ họa RTX 4050 6GB có khả năng xử lý đồ họa mạnh mẽ, phù hợp cho cả công việc và giải trí.
RAM 32GB và ổ cứng SSD 1TB PCIe đảm bảo khả năng đa nhiệm mượt mà và lưu trữ dữ liệu lớn.
Thiết kế màu xanh sang trọng cùng khả năng xoay gập linh hoạt giúp người dùng dễ dàng sử dụng trong nhiều tư thế khác nhau.","Nguyên hộp, đầy đủ phụ kiện từ nhà sản xuất
Bảo hành pin và bộ sạc 12 tháng",NVIDIA GeForce RTX 4050 6GB GDDR6,"Intel Core Ultra 7 155H, 16C (6P + 8E + 2LPE) / 22T, Max Turbo up to 4.8GHz, 24MB",16,,,14.5,"Windows 11 Home Single Language, English
Office Home & Student 2021",2880x1800,"1x USB-A (5Gbps / USB 3.2 Gen 1)
1x USB-C (10Gbps / USB 3.2 Gen 2)
1x USB-C (Thunderbolt 4 / USB4 40Gbps)
1x HDMI 2.1, up to 4K/60Hz
1x Headphone / microphone combo jack (3.5mm)",CellphoneS,
211449,https://cellphones.com.vn/laptop-dell-gaming-g15-5530-71053700.html,Laptop Dell Gaming G15 5530 71053700,3499000000000.0,Giảm 5%,Dell,,,"Dell Gaming G15 5530 là một chiếc laptop gaming mạnh mẽ với bộ vi xử lý Intel Core i7-13650HX.
Máy được trang bị 16GB RAM và ổ cứng SSD 512GB PCIe, đảm bảo khả năng đa nhiệm và tốc độ tải game nhanh chóng.
Card đồ họa NVIDIA GeForce RTX 3050 6GB mang lại trải nghiệm chơi game mượt mà ở độ phân giải Full HD.
Màn hình 15.6 inch FHD với tần số quét 120Hz giúp giảm thiểu hiện tượng xé hình và bóng mờ trong các tựa game hành động.
Laptop đi kèm hệ điều hành Windows 11 và bộ ứng dụng văn phòng Office, sẵn sàng cho cả công việc và giải trí.","Nguyên hộp, đầy đủ phụ kiện từ nhà sản xuất
Bảo hành pin và bộ sạc 12 tháng","NVIDIA GeForce RTX 3050, 6GB GDDR6",Intel Core i7-13650HX,32,,,15.6,"Windows 11 Home, Single Language English + Office Home 2024",1920x1080,"3x USB 3.2 Gen 1
1x USB 3.2 Gen 2 (Type-C) với DisplayPort",CellphoneS,
215079,https://cellphones.com.vn/laptop-gigabyte-aorus-16x-9rx6lasgddjixdvn010.html,Laptop Gigabyte AORUS 16X-9RX6LASGDDJIXDVN010,4199000000000.0,Giảm 9%,Laptop Core i7,,,"Laptop Gigabyte AORUS 16X trang bị Intel Core i7-14650HX, hiệu năng mạnh mẽ cho đa nhiệm và chơi game.
RAM 16GB, SSD 1TB PCIe đảm bảo tốc độ và không gian lưu trữ rộng rãi.
NVIDIA GeForce RTX 4070 8GB xử lý đồ họa mượt mà, phù hợp game thủ và sáng tạo nội dung.
Màn hình 16 inch QHD+ 165Hz hiển thị hình ảnh sắc nét, mượt mà tối ưu.","Nguyên hộp, đầy đủ phụ kiện từ nhà sản xuất
Bảo hành pin và bộ sạc 12 tháng","NVIDIA GeForce RTX 4070 (8GB of GDDR6 SDRAM, Bus Width: 128- bit)
Intel UHD Graphics",Intel Core i7 14650HX (16 lõi) - Max Turbo Frequency: 5. 20 GHz,32,,,16.0,Windows 11 Home Single Language 64-bit,2560x1600,"2 x USB 3.2 Gen 2 Type-A
1 x USB 3.2 Gen 2 Type-C (DisplayPort)
1 x Thunderbolt 4 (Power Delivery/DisplayPort)
1 x HDMI
1 x RJ45 (LAN)
1 x Headphone/Microphone combo audio jack",CellphoneS,
207972,https://cellphones.com.vn/laptop-hp-omnibook-x-14-fe1010qu-b53kbpa-copilot-x-plus.html,Laptop HP OmniBook X 14-FE1010QU B53KBPA,3199000000000.0,,HP,,,"Laptop trang bị chip Snapdragon X Plus X1P-42-100, RAM 16GB và SSD 512GB PCIe, mang lại hiệu năng mạnh mẽ.
Máy có màn hình 14.0 inch 2.2K cảm ứng, hiển thị sắc nét và tiện lợi cho thao tác trực quan.
Thiết kế mỏng nhẹ, màu bạc thời thượng, phù hợp với phong cách hiện đại.
Máy chạy Windows 11 bản quyền, đảm bảo giao diện đẹp và bảo mật cao","Nguyên hộp, đầy đủ phụ kiện từ nhà sản xuất
Bảo hành pin và bộ sạc 12 tháng",Qualcomm Adreno X1-45 GPU,Snapdragon X Plus X1P-42-100 (8 lõi) - Max Multi-Core Frequency: up to 3.4 GHz,16,,,14.0,Windows 11 Home Single Language 64-bit + Office Home & Student 2021,2240x1400,"1 x USB 4 Type-C (40 Gbps, Sạc/DisplayPort/HP Sleep & Charge)
1 x USB 3.2 Gen 2 Type-C (Sạc/DisplayPort/HP Sleep & Charge)
1 x USB 3.2 Gen 2 Type-A (HP Sleep & Charge)
1 x giắc cắm âm thanh kết hợp tai nghe/micrô",CellphoneS,
204894,https://cellphones.com.vn/laptop-msi-prestige-13-ai-evo-a2vmg-062vn.html,Laptop MSI Prestige 13 AI+ Evo A2VMG-062VN,4099000000000.0,Giảm 5%,Laptop AI,,,"Laptop trang bị Intel Core Ultra 9-288V, mang lại hiệu năng mạnh mẽ và tiết kiệm năng lượng.
Máy sở hữu RAM 32GB và ổ cứng SSD 1TB PCIe, đảm bảo khả năng đa nhiệm mượt mà và lưu trữ rộng rãi.
Màn hình 13.3 inch 2.8K OLED, hiển thị hình ảnh sắc nét, màu sắc sống động và độ tương phản cao.
Thiết kế siêu nhẹ với màu xám hiện đại, laptop chạy Windows 11 bản quyền, lý tưởng cho công việc và sáng tạo nội dung.","Nguyên hộp, đầy đủ phụ kiện từ nhà sản xuất
Bảo hành pin và bộ sạc 12 tháng",Intel Arc Graphics,"Intel Core Ultra 9 288V (8 lõi (4 lõi P + 4 lõi E), 8 luồng, Bộ nhớ đệm thông minh Intel 12 MB, Tần số Turbo tối đa 5,1 GHz)",32,,,13.3,Windows 11 Home Single Language 64-bit,2880x1800,"1 x USB 3.2 Gen 1 Type-A
2 x Thunderbolt 4 (Power Delivery/DisplayPort)
1 x HDMI
1 x Headphone/Microphone combo audio jack",CellphoneS,
241717,https://cellphones.com.vn/laptop-msi-prestige-16-ai-evo-b2vmg-016vn.html,Laptop MSI Prestige 16 AI+ Evo B2VMG-016VN,4399000000000.0,Giảm 4%,Laptop AI,,,"Màn hình 16.0 inch UHD+ OLED, máy mang đến hình ảnh sắc nét và màu sắc sống động, lý tưởng cho việc chỉnh sửa video và đồ họa.
Trang bị bộ vi xử lý mạnh mẽ U9-288V, cùng với 32GB RAM và ổ cứng 1TB PCIe, máy đảm bảo hiệu suất mượt mà cho mọi tác vụ đa nhiệm.
Thiết kế mỏng nhẹ và tinh tế, kết hợp với màu xám sang trọng, giúp máy dễ dàng di chuyển và phù hợp với phong cách làm việc chuyên nghiệp.
Hệ điều hành Windows 11 mới nhất mang đến giao diện thân thiện và nhiều tính năng hữu ích.","Nguyên hộp, đầy đủ phụ kiện từ nhà sản xuất
Bảo hành pin và bộ sạc 12 tháng",Intel Arc 140V GPU,Intel Core Ultra 9 288V,32,,,16.0,Windows 11 Home,3840x2400,"1x Type-A USB3.2 Gen2
1x RJ45
1x Đầu đọc thẻ SD (XC/HC)
1x HDMI 2.1 (8K @ 60Hz / 4K @ 120Hz)
2x Thunderbolt 4 (DisplayPort/ Power Delivery 3.0)",CellphoneS,
226892,https://cellphones.com.vn/laptop-msi-prestige-16-ai-evo-b2vmg-016vn.html,Laptop MSI Prestige 16 AI+ Evo B2VMG-016VN,4399000000000.0,Giảm 4%,Laptop AI,,,"Màn hình 16.0 inch UHD+ OLED, máy mang đến hình ảnh sắc nét và màu sắc sống động, lý tưởng cho việc chỉnh sửa video và đồ họa.
Trang bị bộ vi xử lý mạnh mẽ U9-288V, cùng với 32GB RAM và ổ cứng 1TB PCIe, máy đảm bảo hiệu suất mượt mà cho mọi tác vụ đa nhiệm.
Thiết kế mỏng nhẹ và tinh tế, kết hợp với màu xám sang trọng, giúp máy dễ dàng di chuyển và phù hợp với phong cách làm việc chuyên nghiệp.
Hệ điều hành Windows 11 mới nhất mang đến giao diện thân thiện và nhiều tính năng hữu ích.","Nguyên hộp, đầy đủ phụ kiện từ nhà sản xuất
Bảo hành pin và bộ sạc 12 tháng",Intel Arc 140V GPU,Intel Core Ultra 9 288V,32,,,16.0,Windows 11 Home,3840x2400,"1x Type-A USB3.2 Gen2
1x RJ45
1x Đầu đọc thẻ SD (XC/HC)
1x HDMI 2.1 (8K @ 60Hz / 4K @ 120Hz)
2x Thunderbolt 4 (DisplayPort/ Power Delivery 3.0)",CellphoneS,
226733,https://cellphones.com.vn/laptop-msi-prestige-13-ai-evo-a2vmg-040vn.html,Laptop MSI Prestige 13 AI+ Evo A2VMG-040VN,3569000000000.0,Giảm 8%,Laptop AI,,,"Màn hình 13.3 inch 2.8K OLED, máy mang lại hình ảnh sắc nét và màu sắc sống động, lý tưởng cho việc chỉnh sửa đồ họa và video.
Sử dụng bộ vi xử lý U7-258V mạnh mẽ, kết hợp với 32GB RAM và ổ cứng 1TB PCIe, máy đảm bảo hiệu suất mượt mà cho mọi tác vụ đa nhiệm.
Thiết kế mỏng nhẹ và tinh tế, cùng với màu xám hiện đại, giúp máy dễ dàng mang theo và phù hợp với phong cách làm việc chuyên nghiệp.
Hệ điều hành Windows 11 mang đến trải nghiệm người dùng mới mẻ và nhiều tính năng tiện ích.","Nguyên hộp, đầy đủ phụ kiện từ nhà sản xuất
Bảo hành pin và bộ sạc 12 tháng",Intel Arc 140V GPU,Intel Core Ultra 7 258V,32,,,13.3,Windows 11 Home,2880x1800,"1x Jack cắm kết hợp Mic-in/Headphone-out
1x Type-A USB3.2 Gen1
2x Thunderbolt 4 (DisplayPort/Power Delivery 3.0)
1x HDMI 2.1 (8K @ 60Hz / 4K @ 120Hz)
1x Micro SD",CellphoneS,
212745,https://cellphones.com.vn/laptop-msi-prestige-13-ai-evo-a2vmg-040vn.html,Laptop MSI Prestige 13 AI+ Evo A2VMG-040VN,3569000000000.0,Giảm 8%,Laptop AI,,,"Màn hình 13.3 inch 2.8K OLED, máy mang lại hình ảnh sắc nét và màu sắc sống động, lý tưởng cho việc chỉnh sửa đồ họa và video.
Sử dụng bộ vi xử lý U7-258V mạnh mẽ, kết hợp với 32GB RAM và ổ cứng 1TB PCIe, máy đảm bảo hiệu suất mượt mà cho mọi tác vụ đa nhiệm.
Thiết kế mỏng nhẹ và tinh tế, cùng với màu xám hiện đại, giúp máy dễ dàng mang theo và phù hợp với phong cách làm việc chuyên nghiệp.
Hệ điều hành Windows 11 mang đến trải nghiệm người dùng mới mẻ và nhiều tính năng tiện ích.","Nguyên hộp, đầy đủ phụ kiện từ nhà sản xuất
Bảo hành pin và bộ sạc 12 tháng",Intel Arc 140V GPU,Intel Core Ultra 7 258V,16,,,13.3,Windows 11 Home,2880x1800,"1x Jack cắm kết hợp Mic-in/Headphone-out
1x Type-A USB3.2 Gen1
2x Thunderbolt 4 (DisplayPort/Power Delivery 3.0)
1x HDMI 2.1 (8K @ 60Hz / 4K @ 120Hz)
1x Micro SD",CellphoneS,
208309,https://cellphones.com.vn/macbook-pro-m4-pro-14-inch-14cpu-20gpu-24gb-512gb-nano.html,MacBook Pro 14 M4 Pro 14CPU 20GPU 24GB 512GB Nano | Chính hãng Apple Việt Nam,5849000000000.0,Giảm 1%,Mac,,,"Chip M4 Pro mạnh mẽ, sở hữu 14 nhân CPU và 20 nhân GPU, xử lý tác vụ chuyên nghiệp một cách nhanh chóng và hiệu quả.
RAM 24GB dung lượng lớn, cho phép đa nhiệm mượt mà, xử lý nhiều ứng dụng nặng cùng lúc mà không bị giật lag.
Ổ cứng SSD 512GB tốc độ cao, giúp khởi động máy và truy xuất dữ liệu nhanh chóng, tiết kiệm thời gian.
Màn hình Liquid Retina XDR 14.2 inch sắc nét với công nghệ ProMotion, mang lại trải nghiệm hình ảnh sống động và mượt mà.","Máy mới 100%, đầy đủ phụ kiện từ nhà sản xuất. Sản phẩm có mã SA/A (được Apple Việt Nam phân phối chính thức).","20 lõi
Neural Engine 16 lõi",Apple M4 Pro 14 lõi với 10 lõi hiệu năng và 4 lõi tiết kiệm điện,16,,,14.2,macOS,3024x1964,"Khe thẻ nhớ SDXC
Cổng HDMI
Jack cắm tai nghe 3.5 mm
Cổng MagSafe 3
Ba cổng Thunderbolt 5 (USB‑C) hỗ trợ: Sạc, DisplayPort, Thunderbolt 5 (lên đến 120Gb/s), Thunderbolt 4 (lên đến 40Gb/s), USB 4 (lên đến 40Gb/s)",CellphoneS,
230708,https://cellphones.com.vn/laptop-msi-venture-pro-16-ai-a1veg-003vn.html,Laptop MSI Venture Pro 16 AI A1VEG-003VN,3399000000000.0,Giảm 6%,MSI,,,"Laptop MSI Venture Pro 16 AI có thiết kế mỏng nhẹ, màu xám sang trọng, phù hợp cho người dùng chuyên nghiệp.
Màn hình 16.0 inch 2K OLED, tần số quét 120Hz, đạt chuẩn màu 100% DCI-P3, mang lại hình ảnh sắc nét, màu sắc sống động và mượt mà.
Trang bị vi xử lý Intel Core U7-155H, RAM 16GB, và SSD 512GB PCIe, đảm bảo hiệu năng mạnh mẽ và khả năng đa nhiệm vượt trội.
Card đồ họa rời NVIDIA GeForce RTX 4050 6GB giúp xử lý tốt các tác vụ đồ họa nặng, chơi game và làm việc sáng tạo.","Nguyên hộp, đầy đủ phụ kiện từ nhà sản xuất
Bảo hành pin và bộ sạc 12 tháng",NVIDIA GeForce RTX 4050 6GB GDDR6,Intel Core Ultra 7 155H Tốc độ CPU (Base): 0.9Ghz Tốc độ CPU Tối đa (Turbo Boost): 4.8GHz Bộ nhớ đệm: 24MB,16,,,16.0,Windows 11 Home SEA,2048x1280,"1x Type-C (DisplayPort/ Power Delivery 3.0)
2x Type-A USB3.2 Gen1
1x RJ45
1x HDMI™ 2.1 (4K @ 60Hz)",CellphoneS,
220902,https://cellphones.com.vn/laptop-gigabyte-aorus-master-16-am6h-byhc5vne64sh.html,Laptop Gigabyte AORUS Master 16 AM6H-BYHC5VNE64SH,9999000000000.0,,Laptop 16 inch,,,"Trang bị vi xử lý U9-275HX, RAM 32GB và ổ cứng SSD 1TB PCIe, đảm bảo khả năng xử lý cực kỳ mạnh mẽ cho mọi tựa game và tác vụ nặng.
Với NVIDIA GeForce RTX 5080, máy mang lại hiệu suất đồ họa vượt trội, hỗ trợ chơi game 4K, VR và công việc sáng tạo nội dung chuyên nghiệp.
Màn hình 16 inch WQXGA và tần số quét 240Hz mang đến hình ảnh sắc nét, mượt mà, lý tưởng cho game thủ cạnh tranh và các trải nghiệm thị giác cao cấp.
Với kiểu dáng mạnh mẽ, màu đen sang trọng và hệ thống tản nhiệt tối ưu, máy vừa đảm bảo hiệu suất lâu dài vừa thể hiện đẳng cấp của người dùng.","Nguyên hộp, đầy đủ phụ kiện từ nhà sản xuất
Bảo hành pin và bộ sạc 12 tháng",NVIDIA GeForce RTX 5080 16GB GDDR7,"Intel Core Ultra 9 275HX (36MB Cache, up to 5.4 GHz, 24 lõi, 24 luồng)",32,,,16.0,Windows 11,2560x1600,"Trái:
1 x DC in
1 x RJ-45
1 x HDMI 2.1
1 x Type-A
1 x Type-C với Thunderbolt 5 (USB4, DP 2.1 và Sạc)
Phải:
1 x Type-A
1 x Type-C với Thunderbolt 4 (USB4, DP 1.4 và Sạc)
1 x MicroSD
1 x Giắc cắm âm thanh",CellphoneS,
212095,https://cellphones.com.vn/laptop-msi-venture-14-ai-a1mg-005vn.html,Laptop MSI Venture 14 AI A1MG-005VN,2299000000000.0,Giảm 6%,MSI,,,"Trang bị vi xử lý Intel U5-125H, cung cấp hiệu suất ổn định cho các tác vụ văn phòng và sáng tạo.
Màn hình 14 inch 2.8K OLED mang đến hình ảnh sống động, màu sắc chân thực và độ tương phản cao, lý tưởng cho công việc đồ họa và giải trí.
Với 16GB RAM và ổ cứng 512GB PCIe, máy cho phép lưu trữ nhiều dữ liệu và chạy mượt mà các ứng dụng nặng.
Cài sẵn Windows 11, mang lại trải nghiệm người dùng mượt mà với nhiều tính năng mới, tối ưu hóa cho công việc và giải trí.","Nguyên hộp, đầy đủ phụ kiện từ nhà sản xuất
Bảo hành pin và bộ sạc 12 tháng",Intel Arc graphics,Intel Core Ultra 5 125H,16,,,14.0,Windows 11 Home,2880x1800,"1x Type-C (USB3.2 Gen1 / DisplayPort)
2x Type-A USB3.2 Gen1
1x Type-A USB2.0
1x HDMI (4K @ 30Hz)
1x RJ45
1x Mic-in/Headphone-out Combo Jack",CellphoneS,
233479,https://cellphones.com.vn/laptop-gigabyte-gaming-a16-ga6h-cmhh2vn893sh.html,Laptop Gigabyte Gaming A16 GA6H-CMHH2VN893SH,2499000000000.0,,Laptop core i5,,,"Trang bị vi xử lý Intel Core i5-13420H, mang lại hiệu suất ấn tượng cho các game thủ và người dùng chuyên nghiệp.
Với 16GB RAM và ổ cứng 512GB PCIe, thiết bị cung cấp khả năng xử lý mượt mà và không gian lưu trữ lớn.
Màn hình 16.0 inch FHD+ với tần số quét 165Hz mang đến trải nghiệm hình ảnh mượt mà, phù hợp cho chơi game và xem phim.
Card đồ họa RTX 4050 6GB hỗ trợ hiệu suất đồ họa cao, giúp xử lý tốt các tựa game mới nhất và ứng dụng thiết kế.","Nguyên hộp, đầy đủ phụ kiện từ nhà sản xuất
Bảo hành pin và bộ sạc 12 tháng","NVIDIA GeForce RTX 4050 (6GB of GDDR6 SDRAM, Bus Width: 96)
Intel UHD Graphics",Intel Core i5-13420H (8 lõi) - Max Turbo Frequency: 4.60 GHz,16,,,16.0,Windows 11 Home Single Language 64-bit,1920x1200,"1 x USB 2.0 Type-A
2 x USB 3.2 Gen 1 Type-A
1 x USB 3.2 Gen 1 Type-C (hỗ trợ Power Delivery/DisplayPort)
1 x HDMI, 1 x RJ45 (LAN)
1 x giắc cắm âm thanh kết hợp Tai nghe/Micrô
1 x SSD2 PCIe (M.2 2280)",CellphoneS,
200428,https://cellphones.com.vn/laptop-msi-raider-18-hx-ai-a2xwig-033vn.html,Laptop MSI Raider 18 HX AI A2XWIG-033VN,12999000000000.0,,Laptop AI,,,"Laptop MSI Raider 18 HX AI là một chiếc laptop gaming cao cấp, được trang bị bộ vi xử lý U9-285HX mạnh mẽ.
Màn hình 18 inch UHD+ với công nghệ MiniLED và tần số quét 120Hz mang đến hình ảnh sắc nét, lý tưởng cho cả chơi game và xem phim.
Với 64GB RAM và ổ cứng 4TB PCIe, máy hỗ trợ đa nhiệm hiệu quả và cung cấp dung lượng lưu trữ lớn cho các game và ứng dụng.
Card đồ họa RTX 5080 16GB cho phép xử lý đồ họa ấn tượng, đáp ứng tốt nhu cầu của game thủ và nhà sáng tạo nội dung.","Nguyên hộp, đầy đủ phụ kiện từ nhà sản xuất
Bảo hành pin và bộ sạc 12 tháng","NVIDIA GeForce RTX 5080 Laptop GPU, GDDR7 16GB
Intel Graphics","Intel Core Ultra 9 Arrow Lake H, 2.8Ghz, 24 lõi (8 P-cores + 16 E-cores), 24 luồng, 40MB cache, Max Turbo Frequency 5.5 GHz",32,,,18.0,Windows 11 Home,3840x2400,"2x Thunderbolt 5 (DisplayPort/ Power Delivery 3.1)
3x Type-A USB3.2 Gen2
1x Đầu đọc thẻ SD Express
1x HDMI 2.1 (8K @ 60Hz / 4K @ 120Hz)
1x RJ45
1x Đầu đọc thẻ SD Express",CellphoneS,
247175,https://cellphones.com.vn/laptop-lenovo-ideapad-slim-3-16irh10-83k20001vn.html,Laptop Lenovo IdeaPad Slim 3 16IRH10 83K20001VN,1879000000000.0,Giảm 4%,Lenovo,,,"Sở hữu màn hình rộng 16 inch WUXGA sắc nét, viền mỏng, cùng thiết kế vỏ màu xám thanh lịch và sang trọng.
Hiệu năng mạnh mẽ với bộ vi xử lý Intel Core i7-13620H thế hệ 13, RAM 16GB cho đa nhiệm mượt mà, ổ cứng SSD PCIe 512GB đảm bảo tốc độ truy xuất nhanh chóng.
Thiết kế mỏng nhẹ phù hợp di chuyển, tích hợp đầy đủ cổng kết nối và webcam HD với màn trập riêng tư để bảo vệ người dùng.
Khả năng tản nhiệt hiệu quả với hệ thống quạt kép, pin dung lượng lớn cho thời gian sử dụng dài, phù hợp cho cả công việc và giải trí.","Nguyên hộp, đầy đủ phụ kiện từ nhà sản xuất
Bảo hành pin và bộ sạc 12 tháng",Intel UHD Graphics,"Intel Core i7-13620H, 10 lõi (6P + 4E) / 16 luồng, P-core 2.4 / 4.9GHz, E-core 1.8 / 3.6GHz, 24MB",32,,,16.0,"Windows 11 Home Single Language, English",1920x1200,"2x USB-A (USB 5Gbps / USB 3.2 Gen 1)
1x USB-C (USB 5Gbps / USB 3.2 Gen 1), với USB PD 3.0 và DisplayPort 1.2
1x HDMI 1.4
1x giắc cắm kết hợp tai nghe / micrô (3.5 mm)
1x đầu đọc thẻ SD
1x đầu nối nguồn",CellphoneS,
230567,https://cellphones.com.vn/laptop-lenovo-ideapad-5-2in1-14q8x9-83gh001fvn-x-plus.html,Laptop Lenovo IdeaPad 5 2-in-1 14Q8X9 83GH001FVN,2449000000000.0,Giảm 6%,Laptop AI,,,"Laptop có thiết kế 2-in-1 cho phép người dùng chuyển đổi giữa chế độ laptop và tablet một cách dễ dàng.
Màn hình WUXGA OLED 14.0 inch mang đến hình ảnh sống động và chất lượng màu sắc tuyệt vời.
Với cấu hình X1P, RAM 16GB và ổ cứng 512GB PCIe, máy đáp ứng tốt mọi nhu cầu làm việc và giải trí.
Tính năng cảm ứng và hỗ trợ bút giúp người dùng dễ dàng ghi chú và thực hiện các tác vụ sáng tạo.","Nguyên hộp, đầy đủ phụ kiện từ nhà sản xuất
Bảo hành pin và bộ sạc 12 tháng",Integrated Qualcomm Adreno,"Snapdragon X Plus X1P-42-100, 8C, Max Turbo up to 3.4GHz (single-core) / 3.2GHz (8-core), 30MB",16,,,14.0,"Windows 11 Home Single Language (on ARM), English",1920x1200,"1x USB-A (5Gbps)
1x USB-A (5Gbps), Luôn bật
2x USB-C (10Gbps), với USB PD 3.0 và DisplayPort 1.4
1x HDMI 2.1, lên đến 4K/60Hz
1x Giắc cắm kết hợp tai nghe / micrô (3.5 mm)
1x Đầu đọc thẻ nhớ microSD",CellphoneS,
204679,https://cellphones.com.vn/laptop-acer-gaming-predator-helios-18-ai-ph18-73-93p0.html,Laptop Acer Gaming Predator Helios 18 AI PH18-73-93P0,9999000000000.0,,Acer,,,"Laptop Acer Gaming Predator Helios 18 AI là một trong những lựa chọn laptop gaming cao cấp, được trang bị bộ vi xử lý U9-275HX mạnh mẽ.
Màn hình 18 inch 2K+ MiniLED với tần số quét 250Hz và khả năng hiển thị 100% DCI-P3 mang đến hình ảnh sắc nét, sống động và trải nghiệm chơi game tuyệt vời.
Với 64GB RAM và ổ cứng 3TB PCIe, máy đảm bảo hiệu suất đa nhiệm mượt mà và dung lượng lưu trữ rộng rãi cho game và dữ liệu.
Card đồ họa RTX 5080 16GB cung cấp khả năng xử lý đồ họa vượt trội, phục vụ tốt cho cả game thủ và nhà sáng tạo nội dung.","Nguyên hộp, đầy đủ phụ kiện từ nhà sản xuất
Bảo hành pin và bộ sạc 12 tháng","NVIDIA GeForce RTX 5080 với 16 GB VRAM GDDR7 chuyên dụng, hỗ trợ 7680 lõi NVIDIA CUDA","Intel Core Ultra 9 275HX (24 lõi / 24 luồng, 4.6 GHz (e-core), 5.4 GHz, 36MB Cache)",16,,,18.0,Windows 11 Pro,2560x1600,"2 x USB Type-C
3 x USB Standard-A
1 x HDMI 2.1 hỗ trợ HDCP
1 x Đầu đọc thẻ SD
1 x Giắc cắm tai nghe/loa 3.5 mm, hỗ trợ tai nghe có micrô tích hợp
1 x Ethernet (RJ-45)
1 x Giắc cắm DC-in cho bộ đổi nguồn AC",CellphoneS,
240836,https://cellphones.com.vn/laptop-asus-expertbook-b5-b5602cba-l20197w.html,Laptop Asus Expertbook B5 B5602CBA-L20197W,2799000000000.0,Giảm 32%,ASUS,,,,"Nguyên hộp, đầy đủ phụ kiện từ nhà sản xuất
Bảo hành pin và bộ sạc 12 tháng",Intel Iris Xe Graphics,"Intel Core i7-1260P 2.1 GHz (18M Cache, up to 4.7 GHz, 12 lõi)",16,,,16.0,Windows 11 Home,3840x2400,"1x USB 2.0 Type-A
1x USB 3.2 Gen 2 Type-A
2x Thunderbolt 4 (Display / Sạc)
1x HDMI 2.0b
1x 3.5mm Combo Audio Jack
1x RJ45 Gigabit Ethernet
1x Đầu đọc thẻ Micro SD",CellphoneS,
232986,https://cellphones.com.vn/macbook-air-2020-m1.html,Apple MacBook Air M1 256GB 2020 I Chính hãng Apple Việt Nam,1599000000000.0,Giảm 30%,Mac,4.9,64.0,"Phù hợp cho lập trình viên, thiết kế đồ họa 2D, dân văn phòng
Hiệu năng vượt trội - Cân mọi tác vụ từ word, exel đến chỉnh sửa ảnh trên các phần mềm như AI, PTS
Đa nhiệm mượt mà - Ram 8GB cho phép vừa mở trình duyệt để tra cứu thông tin, vừa làm việc trên phần mềm
Trang bị SSD 256GB - Cho thời gian khởi động nhanh chóng, tối ưu hoá thời gian load ứng dụng
Chất lượng hình ảnh sắc nét - Màn hình Retina cao cấp cùng công nghệ TrueTone cân bằng màu sắc
Thiết kế sang trọng - Nặng chỉ 1.29KG, độ dày 16.1mm. Tiện lợi mang theo mọi nơi","Máy mới 100%, đầy đủ phụ kiện từ nhà sản xuất. Sản phẩm có mã SA/A (được Apple Việt Nam phân phối chính thức).","GPU 7 nhân, 16 nhân Neural Engine",8 nhân với 4 nhân hiệu năng cao và 4 nhân tiết kiệm điện,16,,,13.3,macOS Big Sur,2560x1600,2 cổng Thunderbolt / USB 4,CellphoneS,
205313,https://cellphones.com.vn/macbook-pro-14-inch-m3-max-96gb-512gb-sac-96w.html,MacBook Pro 14 inch M3 Max 96GB - 512GB Sạc 96W | Chính hãng Apple Việt Nam,8999000000000.0,Giảm 6%,Mac,,,"Thiết kế sang trọng, thời thượng với mặt lưng nhôm cùng trọng lượng chỉ 1.55kg
Xử lý moi tác vụ nặng từ lập trình đến đồ hoạ với con chip M3 Max cùng 30 nhân GPU
Chất lượng hiển thị hàng đầu - màn hình 14.2 inch tấm nền retina
Bàn phím trang bị Touch ID cho phép mở khoá chỉ với 1 chạm
Tận hưởng chất lượng âm thanh chân thật với hệ thống 6 loa cùng công nghệ Dolby Atmos","Máy mới 100%, đầy đủ phụ kiện từ nhà sản xuất. Sản phẩm có mã SA/A (được Apple Việt Nam phân phối chính thức).","30 nhân
Neural Engine 16 nhân",Apple M3 Max 14 nhân,32,,,14.2,macOS,3024x1964,"Ba cổng Thunderbolt 4 (USB-C)
Cổng HDMI
Khe thẻ nhớ SDXC
Jack 3.5mm",CellphoneS,
226540,https://cellphones.com.vn/macbook-pro-16-inch-m3-pro-36gb-512gb-2023.html,MacBook Pro 16 inch M3 Pro 2023 (12 CPU - 18 GPU 36GB 512GB),,,Mac,,,"Thiết kế sang trọng, thời thượng với mặt lưng nhôm cùng trọng lượng chỉ 1.55kg
Xử lý mọi tác vụ với con chip M3 cùng 18 nhân GPU
Chất lượng hiển thị hàng đầu - màn hình 16.2 inch tấm nền Liquid Retina XDR
Tận hưởng chất lượng âm thanh chân thật với hệ thống 6 loa cùng công nghệ Dolby Atmos","Máy mới 100%, đầy đủ phụ kiện từ nhà sản xuất. Sản phẩm có mã SA/A (được Apple Việt Nam phân phối chính thức).","18 nhân
Neural Engine 16 nhân",Apple M3 Pro 12 nhân,32,,,16.2,MacOS,3024x1964,"Hai cổng Thunderbolt / USB 4 (USB-C)
Ba cổng Thunderbolt 4 (USB-C)
Cổng HDMI Cổng HDMI
Khe thẻ nhớ SDXC
Jack 3.5mm",CellphoneS,
238309,https://cellphones.com.vn/laptop-acer-aspire-3-spin-14-a3sp14-31pt-387z.html,Laptop Acer Aspire 3 Spin A3SP14-31PT-387Z,999000000000.0,Giảm 33%,Acer,5.0,3.0,"Thiết kế 2-trong-1 linh hoạt, kết hợp giữa laptop và máy tính bảng với màn hình cảm ứng xoay 360 độ.
Màn hình 14 inch Full HD+ cung cấp hình ảnh sắc nét và góc nhìn rộng, phù hợp cho cả công việc và giải trí.
Bộ vi xử lý Intel Core i3-N305 thế hệ mới đảm bảo hiệu suất ổn định cho các tác vụ hàng ngày và đa nhiệm nhẹ.
Với 8GB RAM và ổ cứng SSD 512GB, máy cho phép khởi động nhanh, mở ứng dụng mượt mà và lưu trữ dữ liệu đủ dùng.
Thiết kế màu xám trang nhã kết hợp với khung máy mỏng nhẹ, giúp dễ dàng mang theo khi di chuyển.","Nguyên hộp, đầy đủ phụ kiện từ nhà sản xuất
Bảo hành pin và bộ sạc 12 tháng",Intel UHD Graphics,Intel Core i3-N305,32,,,14.0,Windows 11 Home,1920x1200,"1 x USB-C
2 x USB-A
1 x HDMI 2.1 với HDCP
1 x Giắc cắm tai nghe/loa 3.5 mm, hỗ trợ tai nghe có micrô tích hợp
1 x Giắc cắm DC-in cho AC adapter",CellphoneS,
210179,https://cellphones.com.vn/laptop-asus-zenbook-a14-ux3407qa-qd299ws-copilot-x-plus.html,Laptop ASUS Zenbook A14 UX3407QA-QD299WS,2849000000000.0,Giảm 5%,Laptop AI,,,"Trang bị bộ vi xử lý Copilot+ X Plus X1P, máy cung cấp hiệu suất mạnh mẽ cho các tác vụ đồ họa và đa nhiệm.
Màn hình 14.0 inch WUXGA OLED mang đến màu sắc sống động và độ tương phản cao, lý tưởng cho việc xem phim và chỉnh sửa ảnh.
Với 16GB RAM và ổ cứng 512GB PCIe, người dùng có không gian lưu trữ thoải mái và khả năng xử lý nhanh chóng.
Máy cũng đi kèm với Windows 11 và bộ ứng dụng Office, cùng một túi đựng tiện lợi, phục vụ tốt cho cả công việc và giải trí.","Nguyên hộp, đầy đủ phụ kiện từ nhà sản xuất
Bảo hành pin và bộ sạc 12 tháng","Qualcomm Adreno GPU
Tiến trình chip mới nên có thể không kết nối được với các thiết bị có driver cũ","Snapdragon X X1 26 100 (30MB Cache, up to 2.97GHz, 8 lõi, 8 luồng)",16,,,14.0,Windows 11 Home + Microsoft Office Home 2024 + Microsoft 365 Basic,1920x1200,"1x USB 3.2 Gen 2 Type-A (10Gbps)
2x USB 4.0 Gen 3 Type-C hỗ trợ hiển thị/sạc (40Gbps)
1x HDMI 2.1 TMDS
1x Giắc cắm âm thanh kết hợp 3.5mm",CellphoneS,
241710,https://cellphones.com.vn/macbook-air-m2-2022-16gb-512gb-sac-70w.html,Apple MacBook Air M2 2024 8CPU 10GPU 16GB 512GB Sạc 70W I Chính hãng Apple Việt Nam,2749000000000.0,Giảm 8%,Mac,4.3,3.0,"Thiết kế sang trọng, lịch lãm - siêu mỏng 11.3mm, chỉ 1.24kg
Hiệu năng hàng đầu - Chip Apple m2, 10 nhân GPU, hỗ trợ tốt các phần mềm như Word, Axel, Adoble Premier
Đa nhiệm mượt mà - Ram 16GB, SSD 512GB cho phép vừa làm việc, vừa nghe nhạc
Màn hình sắc nét - Độ phân giải 2560 x 1664 cùng độ sáng 500 nits
Âm thanh sống động - 4 loa tramg bị công nghệ dolby atmos và âm thanh đa chiều","Máy mới 100%, đầy đủ phụ kiện từ nhà sản xuất. Sản phẩm có mã SA/A (được Apple Việt Nam phân phối chính thức).","10 nhân GPU, 16 nhân Neural Engine",Apple M2 8 nhân,16,,,13.6,MacOS,2560x1664,"2 x Thunderbolt 3
Jack tai nghe 3.5 mm
MagSafe 3",CellphoneS,
238673,https://cellphones.com.vn/macbook-pro-m2-2022.html,Apple MacBook Pro 13 M2 2022 8GB 256GB I Chính hãng Apple Việt Nam,2979000000000.0,Giảm 17%,Mac,5.0,3.0,"Chip M2 mới nhất - hiệu năng hàng đầu, thoải mái sử dụng các phần mềm đồ hoạ hay render video
Màn hình Retina - màu sắc hiển thị sống động tạo ra không gian giải trí đỉnh cao
Thiết kế sang trọng - Trọng lượng máy chỉ 1.4kg, độ dày chỉ 15.6mm giúp bạn dễ dàng mang theo
Âm thanh chân thật - Tích hợp loa kép cùng công nghệ Dolby Atmos mang đến chất lượng âm thanh tuyệt vời","Máy mới 100%, đầy đủ phụ kiện từ nhà sản xuất. Sản phẩm có mã SA/A (được Apple Việt Nam phân phối chính thức).",10 nhân GPU,Apple M2 tám nhân CPU,16,,,13.0,MacOS,2560x1664,"Cổng sạc
Cổng màn hình
Thunderbolt 3 (lên đến 40Gb/s)
USB 4 (lên đến 40Gb/s)
USB 3.1 Gen 2 (lên đến 10Gb/s)
Cổng 3.5mm",CellphoneS,
216464,https://cellphones.com.vn/apple-mac-studio-m4-max-14cpu-32gpu-2025.html,Apple Mac Studio M4 Max 2025 14CPU 32GPU 36GB 512GB | Chính hãng Apple Việt Nam,5799000000000.0,,Mac,,,"Mac Studio M4 Max 2025 sở hữu thiết kế nhỏ gọn vuông vức với vỏ nhôm nguyên khối cao cấp, phù hợp mọi không gian làm việc chuyên nghiệp.
Trang bị chip M4 Max cực mạnh với 14 CPU và 32 GPU, mang lại hiệu năng xử lý vượt trội cho các tác vụ đồ họa nặng, render video 8K và phát triển phần mềm.
Đa dạng cổng kết nối chuyên nghiệp bao gồm 4 cổng Thunderbolt 4, 2 cổng USB-A, cổng HDMI, cổng Ethernet 10Gb và jack cắm tai nghe, hỗ trợ kết nối đồng thời nhiều màn hình 4K/8K.
Tích hợp Neural Engine thế hệ mới cho khả năng xử lý AI và Machine Learning mạnh mẽ, đáp ứng nhu cầu của các chuyên gia sáng tạo nội dung.","Máy mới 100%, đầy đủ phụ kiện từ nhà sản xuất. Sản phẩm có mã SA/A (được Apple Việt Nam phân phối chính thức).","GPU 32 lõi
Neural Engine 16 lõi
Công nghệ dò tia tốc độ cao bằng phần cứng
Băng thông bộ nhớ 410GB/s",CPU 14 lõi với 10 lõi hiệu năng và 4 lõi tiết kiệm điện,16,,,,macOS,,"4x Thunderbolt 5 (USB‑C) hỗ trợ: Thunderbolt 5 (120Gb/s) / USB 4 (120Gb/s) /USB 3 (10Gb/s) / DisplayPort 2.1
2x USB 3 (USB‑A) (5Gb/s)
Cổng HDMI 2.1
Ethernet 10Gb
Jack cắm tai nghe 3.5 mm
Mặt trước: 2x USB‑C (10Gb/s), Khe thẻ nhớ SDXC",CellphoneS,
244287,https://cellphones.com.vn/laptop-lenovo-gaming-legion-5-15arh7-82re002vvn.html,Laptop Lenovo Gaming Legion 5 15ARH7 82RE002VVN,2449000000000.0,Giảm 8%,Lenovo,,,"Thiết kế sang trọng, đậm chất gaming với vỏ máy Aluminium cho cảm giác chạm vào rất mịn màng.
Máy có trọng lượng nhẹ chỉ 2.35 kg chắc chắn, dễ dàng cầm nắm hay bỏ vào balo.
Bộ vi xử lý AMD Ryzen 5 6600H hiệu suất vượt trội cho phép tự do sáng tạo nội dung, livestream hay chơi game cực mướt mà không lo lag giật.
Card đồ họa NVIDIA GeForce RTX 3050 4GB cân mọi tác vụ đồ họa hay trải nghiệm các tựa game bom tấn với chất lượng hình ảnh mãn nhãn.
RAM 8GB DDR5 hỗ trợ nâng cấp lên đến 16GB thoải mái làm việc trên nhiều ứng dụng nặng cùng lúc.
Ổ cứng SSD 512GB NVMe cho phép khởi động máy, sao lưu các file nặng, đóng/mở các ứng dụng chỉ trong tích tắc.","Mới, đầy đủ phụ kiện từ nhà sản xuất","NVIDIA GeForce RTX 3050 4GB GDDR6, xung nhịp 1740MHz, TGP 95W","AMD Ryzen 5 6600H (6 lõi / 12 luồng, 3.3 / 4.5GHz, 3MB L2 / 16MB L3)",16,,,15.6,Windows 11 Home 64 Single Language,1920x1080,"3x USB 3.2 Gen 1
2x USB-C 3.2 Gen 2 (Truyền dữ liệu, DisplayPort 1.4)
1x USB-C 3.2 Gen 2 (Truyền dữ liệu, PD 135W, DisplayPort 1.4)
1x HDMI, up to 8K/60Hz
1x RJ-45
1x Headphone/microphone combo 3.5mm
1x Đầu nối nguồn",CellphoneS,
216347,https://cellphones.com.vn/laptop-asus-tuf-gaming-a15-fa506nfr-hn006w.html,Laptop ASUS TUF Gaming A15 FA506NFR-HN006W,1699000000000.0,Giảm 23%,ASUS,5.0,1.0,"Trang bị bộ vi xử lý AMD Ryzen 7 7435HS, mang lại hiệu năng mạnh mẽ cho cả công việc và giải trí.
Máy có 16GB RAM, đảm bảo khả năng đa nhiệm tốt và xử lý mượt mà các ứng dụng nặng.
Ổ cứng SSD PCIe 512GB cung cấp không gian lưu trữ đủ lớn và tốc độ truy xuất dữ liệu nhanh chóng.
Card đồ họa RTX 2050 mang lại khả năng xử lý đồ họa tốt, phù hợp cho việc chơi game ở mức cài đặt trung bình đến cao.
Màn hình 15.6 inch Full HD với tần số quét 144Hz cho trải nghiệm hình ảnh sắc nét và mượt mà.","Nguyên hộp, đầy đủ phụ kiện từ nhà sản xuất
Bảo hành pin và bộ sạc 12 tháng","NVIDIA Geforce RTX 2050, 104 TOPS",AMD Ryzen 7 7435HS 3.1 - 4.5 GHz,32,,,15.6,Windows 11,1920x1080,"1x RJ45 Gigabit Ethernet
1x USB 3.2 Gen 2 Type-C
3x USB 3.2 Gen 1 Type-A",CellphoneS,
233575,https://cellphones.com.vn/laptop-asus-tuf-gaming-a15-fa507nv-lp046w.html,Laptop ASUS TUF Gaming A15 FA507NV-LP046W,2629000000000.0,Giảm 12%,ASUS,5.0,2.0,"Sở hữu thiết kế mạnh mẽ, bền bỉ với vỏ xám hiện đại, phù hợp cho game thủ và người dùng yêu cầu hiệu năng cao.
Máy được trang bị màn hình 15.6 inch FHD với tần số quét 144Hz, mang lại trải nghiệm hình ảnh mượt mà và sống động.
Độ phủ màu 72% NTSC, 100% sRGB, và 75.35% Adobe đảm bảo hiển thị màu sắc chính xác, lý tưởng cho các tác vụ đồ họa và chơi game.
Hiệu năng vượt trội với vi xử lý AMD Ryzen 7 7735HS, RAM 16GB, ổ cứng SSD 512GB PCIe, và card đồ họa 8GB RTX 4060, đáp ứng tốt cả công việc lẫn giải trí.","Nguyên hộp, đầy đủ phụ kiện từ nhà sản xuất
Bảo hành pin và bộ sạc 12 tháng","NVIDIA GeForce RTX 4060 8GB GDDR6
AMD Radeon Navi2 Graphics","AMD Ryzen 7 7735HS (8 lõi / 16 luồng, 16MB L3 cache, up to 4.7 GHz max boost)",16,,,15.6,Windows 11 Home,1920x1080,"1x RJ45 LAN
1x Type C USB 4 (DisplayPort / G-SYNC)
1x USB 3.2 Gen 2 Type-C (DisplayPort / power delivery / G-SYNC)
2x USB 3.2 Gen 1 Type-A
1x HDMI 2.1 FRL
1x 3.5mm Combo Audio Jack",CellphoneS,
217293,https://cellphones.com.vn/macbook-air-m2-2022-16gb-512gb.html,Apple MacBook Air M2 2024 8CPU 10GPU 16GB 512GB I Chính hãng Apple Việt Nam,2749000000000.0,Giảm 8%,Mac,5.0,1.0,"Thiết kế sang trọng, lịch lãm - siêu mỏng 11.3mm, chỉ 1.24kg
Hiệu năng hàng đầu - Chip Apple m2, hỗ trợ tốt các phần mềm như Word, Axel, Adoble Premier
Đa nhiệm mượt mà - Ram 16GB, SSD 512GB cho phép vừa làm việc, vừa nghe nhạc
Màn hình sắc nét - Độ phân giải 2560 x 1664 cùng độ sáng 500 nits
Âm thanh sống động - 4 loa tramg bị công nghệ dolby atmos và âm thanh đa chiều","Máy mới 100%, đầy đủ phụ kiện từ nhà sản xuất. Sản phẩm có mã SA/A (được Apple Việt Nam phân phối chính thức).","10 nhân GPU, 16 nhân Neural Engine",Apple M2 8 lõi,32,,,13.6,MacOS,2560x1664,"2 x Thunderbolt 3
Jack tai nghe 3.5 mm
MagSafe 3",CellphoneS,
206299,https://cellphones.com.vn/laptop-lenovo-loq-15iax9-83gs001rvn.html,Laptop Lenovo LOQ 15IAX9 83GS001RVN,2049000000000.0,Giảm 15%,Lenovo,4.9,33.0,"Trang bị bộ vi xử lý Intel Core i5-12450HX giúp xử lý tác vụ nhanh chóng và mượt mà
Card đồ họa NVIDIA GeForce RTX 3050 cho trải nghiệm gaming mượt mà với mức đồ họa cao
Bộ nhớ RAM 12GB DDR5 đảm bảo hiệu suất ổn định và đáp ứng nhu cầu đa nhiệm
Ổ cứng SSD 512GB, cho dung lượng lớn và tốc độ truy xuất dữ liệu nhanh chóng
Màn hình 15.6 inch FHD cùng tần sốt quét 144Hz hỗ trợ G-SYNC, cho bạn trải nghiệm giây phút chơi game tuyệt vời","Nguyên hộp, đầy đủ phụ kiện từ nhà sản xuất
Bảo hành pin và bộ sạc 12 tháng","NVIDIA GeForce RTX 3050 6GB GDDR6, Boost Clock 1732MHz, TGP 95W","Intel Core i5-12450HX (8 lõi (4P + 4E) / 12 luồng, P-core up to 4.4GHz, E-core up to 3.1GHz, 12MB)",32,,,15.6,Windows 11 Home Single Language,1920x1080,"3x USB-A (USB 5Gbps / USB 3.2 Gen 1)
1x USB-C (USB 10Gbps / USB 3.2 Gen 2), với PD 140W và DisplayPort 1.4
1x HDMI 2.1, up to 8K/60Hz
1x Headphone / microphone combo jack (3.5mm)
1x Ethernet (RJ-45)
1x Đầu nối nguồn",CellphoneS,
231129,https://cellphones.com.vn/laptop-asus-gaming-rog-zephyrus-g14-ga403uu-qs135w.html,Laptop ASUS Gaming ROG Zephyrus G14 GA403UU-QS135W,4149000000000.0,Giảm 10%,ASUS,,,"Trang bị bộ vi xử lý AMD Ryzen 9 8945HS mạnh mẽ, cho phép xử lý mượt mà các tác vụ đa nhiệm và chơi game hiệu suất cao.
Card đồ họa NVIDIA GeForce RTX 4050 6GB, G14 mang đến trải nghiệm chơi game sống động và đồ họa sắc nét, hoàn hảo cho các game AAA và ứng dụng đồ họa nặng.
Màn hình 14.0 inch 3K OLED với tần số quét 120Hz cung cấp hình ảnh cực kỳ sắc nét và màu sắc rực rỡ, giúp nâng cao trải nghiệm chơi game và xem phim.
16GB RAM và 1TB PCIe SSD, đảm bảo không gian lưu trữ lớn và khả năng truy xuất dữ liệu nhanh chóng, đáp ứng nhu cầu lưu trữ và xử lý dữ liệu cao.","Nguyên hộp, đầy đủ phụ kiện từ nhà sản xuất
Bảo hành pin và bộ sạc 12 tháng","NVIDIA GeForce RTX 4050 6GB GDDR6 (194 AI TOPs)
AMD Radeon Graphics","AMD Ryzen 9 8945HS 4GHz (24MB Cache, up to 5.2 GHz, 8 lõi, 16 luồng)",32,,,14.0,Windows 11 Home,2880x1800,"1x Type-C USB 4 hỗ trợ DisplayPort / cấp nguồn (40Gbps)
1x USB 3.2 Gen 2 Type-C hỗ trợ DisplayPort (10Gbps)
2x USB 3.2 Gen 2 Type-A (10Gbps)
1x đầu đọc thẻ (microSD) (UHS-II)
1x HDMI 2.1 FRL
1x Giắc cắm âm thanh kết hợp 3.5mm",CellphoneS,
212476,https://cellphones.com.vn/laptop-msi-modern-14-c7m-221vn.html,Laptop MSI Modern 14 C7M-221VN,949000000000.0,Giảm 20%,MSI,,,"Trang bị bộ vi xử lý AMD Ryzen 7 7730U mạnh mẽ cân mọi tác vụ học tập, văn phòng.
Có RAM 8GB và ổ cứng SSD 512GB PCIe tốc độ cao, màn hình 14 inch Full HD cho hình ảnh sắc nét.
Chạy hệ điều hành Windows 11 mới nhất, sẵn sàng cho mọi tác vụ.
Thiết kế màu đen sang trọng và hiện đại, kiểu dang mỏng nhẹ phù hợp di chuyển.","Nguyên hộp, đầy đủ phụ kiện từ nhà sản xuất
Bảo hành pin và bộ sạc 12 tháng",AMD Radeon Graphics,"AMD Ryzen R7-7730U (Tốc độ tối đa: 4.5GHz, 8 lõi / 16 luồng, 16MB Cache)",32,,,14.0,Windows 11 Home SEA,1920x1080,"1 x HDMI
1 x USB Type-C (Hỗ trợ sạc)
3 x USB 3.2 & USB 2.0
1 x DC-in
1x Jack Audio 3.5mm
Đầu đọc MicroSD",CellphoneS,
240136,https://cellphones.com.vn/laptop-dell-inspiron-15-3520-5124blk-gj8w7-16gb.html,Laptop Dell Inspiron 15 3520-5124BLK GJ8W7 V2 - Nhập khẩu chính hãng,1429000000000.0,Giảm 8%,Dell,,,"Máy tính được trang bị bộ xử lý Intel Core i5-1235U hiệu năng cao.
Với 16GB RAM và ổ cứng 512GB, máy mang lại khả năng xử lý nhanh chóng và lưu trữ dữ liệu rộng rãi.
Màn hình 15.6 inch Full HD cảm ứng mang lại trải nghiệm hiển thị sống động và khả năng sáng tạo thoải mái.
Thiết kế vỏ máy màu đen lịch lãm, mang đến vẻ ngoài sang trọng và bền bỉ.
Laptop được nhập khẩu chính hãng, đảm bảo chất lượng và đầy đủ bảo hành của Dell.","Nguyên hộp, đầy đủ phụ kiện từ nhà sản xuất
Bảo hành pin và bộ sạc 12 tháng",Intel UHD Graphics,"Intel Core i5-1235U (10 lõi / 12 luồng, 1.30 GHz to 4.40 GHz, 12 MB)",16,,,15.6,Windows 11 Home,1920x1080,"1x Đầu nối nguồn
1x HDMI 1.4
2x USB 3.2 Gen 1
1x Khe cắm thẻ SD
1x USB 2.0
1x Cổng tai nghe",CellphoneS,
214743,https://cellphones.com.vn/macbook-pro-16-inch-m3-pro-2023-36gb-512gb.html,MacBook Pro 16 M3 Pro 36GB - 512GB | Chính hãng Apple Việt Nam,5799000000000.0,Giảm 23%,Mac,,,"Thiết kế sang trọng, thời thượng với mặt lưng nhôm cùng trọng lượng chỉ 1.55kg
Xử lý moi tác vụ với con chip M3 Pro cùng 18 nhân GPU
Chất lượng hiển thị hàng đầu - màn hình 16.2 inch tấm nền retina
Bàn phím trang bị Touch ID cho phép mở khoá chỉ với 1 chạm
Tận hưởng chất lượng âm thanh chân thật với hệ thống 6 loa cùng công nghệ Dolby Atmos","Máy mới 100%, đầy đủ phụ kiện từ nhà sản xuất. Sản phẩm có mã SA/A (được Apple Việt Nam phân phối chính thức).","18 nhân
Neural Engine 16 nhân",Apple M3 Pro 12 nhân,32,,,16.2,,3024x1964,"Hai cổng Thunderbolt / USB 4 (USB-C)
Ba cổng Thunderbolt 4 (USB-C)
Cổng HDMI Cổng HDMI
Khe thẻ nhớ SDXC
Jack 3.5mm",CellphoneS,
212771,https://cellphones.com.vn/macbook-air-m3-13-inch-2024-16gb-256gb-10gpu.html,MacBook Air M3 13 inch 2024 8CPU 10GPU 16GB - 256GB sạc 30W | Chính hãng Apple Việt Nam,2569000000000.0,Giảm 16%,Mac,5.0,2.0,"Sức mạnh xử lý hàng đầu trên chip Apple M3 - Cân tốt mọi tác vụ từ đồ hoạ đến lập trình
Màn hình Liquid Retina 13,6 inch - Màu sắc hiển thị rực rỡ, sắc nét
Camera FaceTime HD 1080p - Đàm thoại, hội họp mọi lúc mọi nơi
Hỗ trợ sạc 30W - Nhanh chóng nạp đầy pin khi bạn cần","Máy mới 100%, đầy đủ phụ kiện từ nhà sản xuất. Sản phẩm có mã SA/A (được Apple Việt Nam phân phối chính thức).",GPU 10 Lõi,"CPU Apple M3 8 Lõi
Neural Engine 16 lõi",16,,,13.6,MacOS,,"Cổng sạc MagSafe 3
Hai cổng Thunderbolt / USB 4",CellphoneS,
243144,https://cellphones.com.vn/laptop-lenovo-thinkpad-e14-gen-5-21jk00h5vn.html,Laptop Lenovo ThinkPad E14 GEN 5 21JK00H5VN,1999000000000.0,Giảm 13%,Lenovo,5.0,3.0,"Trang bị chip Intel Core i5-13420H, RAM 16GB và ổ cứng SSD 512GB PCIe, E14 Gen 5 xử lý mượt mà các tác vụ văn phòng, học tập và giải trí cơ bản.
Vỏ máy chắc chắn, đạt tiêu chuẩn quân đội Mỹ MIL-STD 810H, trang bị cảm biến vân tay, đảm bảo an toàn dữ liệu.
Màn hình 14 inch cho chất lượng hiển thị tốt, góc nhìn rộng, thoải mái làm việc và giải trí.
Trang bị đầy đủ các cổng kết nối cần thiết như USB-C, HDMI, USB 3.2, dễ dàng kết nối với các thiết bị ngoại vi.
Pin dung lượng lớn , giúp bạn làm việc cả ngày dài mà không lo gián đoạn.","Nguyên hộp, đầy đủ phụ kiện từ nhà sản xuất
Bảo hành pin và bộ sạc 12 tháng",Intel UHD Graphics,"Intel Core i5-13420H, 8C (4P + 4E) / 12T, P-core 2.1 / 4.6GHz, E-core 1.5 / 3.4GHz, 12MB",32,,,14.0,Windows 11 Home,1920x1200,"1x USB 2.0
1x USB 3.2 Gen 1(luôn bật)
1x Thunderbolt 4 / USB4 40Gbps, 1x USB-C 3.2 Gen 2 (truyền dữ liệu, Power Delivery 3.0, DisplayPort 1.4)
1x HDMI 2.1, up to 4K/60Hz
1x Headphone / microphone combo jack (3.5mm)
1x Ethernet (RJ-45)",CellphoneS,
230222,https://cellphones.com.vn/imac-m4-2024-24-inch-10cpu-10gpu-16gb-512gb.html,iMac M4 2024 24 inch 10CPU 10GPU 16GB 512GB | Chính hãng Apple Việt Nam,4499000000000.0,,Mac,,,"Màn hình Retina 24 inch sống động, sắc nét, mang đến trải nghiệm hình ảnh tuyệt vời.
Chip Apple M4 đột phá với 10 nhân CPU và 10 nhân GPU hiệu năng mạnh mẽ, xử lý tác vụ nhanh chóng và mượt mà.
RAM 16GB đa nhiệm mượt mà, xử lý nhiều ứng dụng cùng lúc một cách dễ dàng.
Ổ cứng SSD 512GB cho dung lượng lưu trữ rộng rãi, tốc độ truy xuất dữ liệu cực nhanh, giúp tiết kiệm thời gian.","Máy mới 100%, đầy đủ phụ kiện từ nhà sản xuất. Sản phẩm có mã SA/A (được Apple Việt Nam phân phối chính thức).",GPU 10 lõi,"Apple M4 10 lõi với 4 lõi hiệu năng và 6 lõi tiết kiệm điện
Neural Engine 16 lõi",32,,,24.0,macOS,4480x2520,"4x Thunderbolt 4 (lên đến 40Gb/s)
USB 4 (lên đến 40Gb/s)
USB 3.1 Gen 2 (lên đến 10Gb/s)
DisplayPort
Jack cắm tai nghe 3.5 mm có hỗ trợ nâng cao cho tai nghe trở kháng cao
Gigabit Ethernet",CellphoneS,
224492,https://cellphones.com.vn/laptop-lenovo-loq-15irx9-83dv00ufvn.html,Laptop Lenovo LOQ 15IRX9 83DV00UFVN,3149000000000.0,Giảm 13%,Lenovo,,,"Trang bị bộ vi xử lý Intel Core i7-13650HX, một con chip mạnh mẽ, mang lại hiệu suất cao cho người dùng.
Máy có 24GB RAM cho phép chạy đa nhiệm mượt mà và đáp ứng tốt các tác vụ đòi hỏi nhiều tài nguyên.
Ổ cứng SSD 512GB PCIe mang lại tốc độ khởi động và truy xuất dữ liệu nhanh chóng.
Card đồ họa rời NVIDIA GeForce RTX 4060 với 8GB cho khả năng xử lý đồ họa và chơi game ấn tượng.
Màn hình 15.6 inch Full HD 144Hz mang lại chất lượng hiển thị sắc nét và trải nghiệm mượt mà khi xem phim, chơi game.","Nguyên hộp, đầy đủ phụ kiện từ nhà sản xuất
Bảo hành pin và bộ sạc 12 tháng","NVIDIA GeForce RTX 4060 8GB GDDR6, Boost Clock 2370MHz, TGP 115W, 233 AI TOPS","Intel Core i7-13650HX, 14C (6P + 8E) / 20T, P-core 2.6 / 4.9GHz, E-core 1.9 / 3.6GHz, 24MB",16,,,15.6,Windows 11 Home Single Language,1920x1080,"3x USB-A (USB 5Gbps / USB 3.2 Gen 1)
1x USB-C (USB 10Gbps / USB 3.2 Gen 2), với Lenovo PD 140W và DisplayPort 1.4
1x HDMI 2.1, up to 8K/60Hz
1x Headphone / microphone combo jack (3.5mm)
1x Ethernet (RJ-45)
1x Đầu nối nguồn",CellphoneS,
244027,https://cellphones.com.vn/laptop-lenovo-ideapad-slim-5-14iah8-83bf002nvn.html,Laptop Lenovo Ideapad Slim 5 14IAH8 83BF002NVN,1599000000000.0,Giảm 8%,Lenovo,4.6,9.0,"Sở hữu thiết kế tinh tế với lớp vỏ nhôm sáng bóng, sang trọng
Màn hình 14 inch WUXGA cực sắc nét, hỗ trợ làm việc, giải trí dễ dàng
CPU Intel Core i5-12450H mạnh mẽ, giải quyết nhanh mọi tác vụ học tập, văn phòng
RAM 16GB cùng ổ cứng 512GB SSD đa nhiệm, mở máy, mở ứng dụng cực nhanh
Độ sáng lên đến 300nits hỗ trợ làm việc ở nơi có ánh sáng yếu","Nguyên hộp, đầy đủ phụ kiện từ nhà sản xuất
Bảo hành pin và bộ sạc 12 tháng",Intel UHD Graphics,"Intel Core i5-12450H (8 lõi: (4P + 4E) / 12 luồng: P-core 2.0 / 4.4GHz, E-core 1.5 / 3.3GHz, 12MB)",32,,,14.0,Windows 11 Home,1920x1200,"1x USB 3.2 Gen 1
1x USB 3.2 Gen 1 (Luôn bật)
2x USB-C 3.2 Gen 1 (Truyền dữ liệu, Power Delivery 3.0, DisplayPort 1.4)
1x HDMI 1.4b
1x Đầu đọc thẻ microSD
1x Headphone / microphone combo jack (3.5mm)",CellphoneS,
205100,https://cellphones.com.vn/laptop-lenovo-gaming-legion-pro-5-16irx9-83df0047vn.html,Laptop Lenovo Gaming Legion 5 Pro 16IRX9 83DF0047VN,4599000000000.0,Giảm 8%,Lenovo,,,"Chiếc laptop gaming cân bằng hiệu năng và giá thành.
Sức mạnh từ bộ vi xử lý Intel Core i9-14900HX thế hệ 14, RAM 32GB và ổ cứng SSD 1TB PCIe cho khả năng xử lý mượt mà mọi tựa game.
Card đồ họa NVIDIA GeForce RTX 4060 8GB mang đến trải nghiệm hình ảnh sống động trên màn hình 16 inch WQXGA 240Hz.
Tần số quét cao đảm bảo hình ảnh mượt mà, không giật lag.
Thiết kế đậm chất gaming, hệ thống tản nhiệt hiệu quả.","Nguyên hộp, đầy đủ phụ kiện từ nhà sản xuất
Bảo hành pin và bộ sạc 12 tháng","NVIDIA GeForce RTX 4060 8GB GDDR6, Boost Clock 2370MHz, TGP 140W","Intel Core i9-14900HX, 24C (8P + 16E) / 32T, P-core 2.2 / 5.8GHz, E-core 1.6 / 4.1GHz, 36MB",32,,,16.0,Windows 11 Home,2560x1600,"1x USB-A luôn bật
3x USB-A
2x USB-C (PD 140W / DisplayPort 1.4) 1x HDMI 2.1, tối đa 8K/60Hz
1x Headphone / microphone combo jack (3.5mm)
1x Ethernet (RJ-45)
1x Đầu nối nguồn",CellphoneS,
249916,https://cellphones.com.vn/laptop-asus-vivobook-15-x1504va-nj069w.html,Laptop ASUS VivoBook 15 X1504VA-NJ069W,1029000000000.0,Giảm 19%,ASUS,5.0,2.0,"Màn hình 15.6 inch kết hợp cùng công nghệ chống chói giúp bạn hoạt động nhiều trên máy tính mà không bị chói mắt
CPU i3-1315U giúp bạn xử lý hiệu quả các công việc văn phòng và chỉnh sửa ảnh nhẹ trên PTS
Ổ cứng SSD 512GB giúp bạn có nhiều hơn không gian lưu trữ dữ liệu, tài liệu
Thiết kế laptop có kiểu dáng thanh lịch, sang trọng, phù hợp với nhiều đối tượng
Trang bị khả năng bảo mật vân tay giúp bảo vệ thông tin của bản thân được an toàn hơn","Nguyên hộp, đầy đủ phụ kiện từ nhà sản xuất
Bảo hành pin và bộ sạc 12 tháng",Onboard Intel UHD Graphics,"Intel Core i3-1315U 1.2 GHz (10MB Cache, up to 4.5GHz, 6 nhân / 8 luồng)",16,,,15.6,Windows 11 Home,1920x1080,"1 x M.2 NVMe
1 x HDMI
1 x USB Type C
2 x USB 3.2
1 x USB 2.0",CellphoneS,
229295,https://cellphones.com.vn/laptop-asus-gaming-rog-zephyrus-g16-gu603vu-n4019w.html,Laptop ASUS Gaming ROG Zephyrus G16 GU603VU-N4019W,3799000000000.0,Giảm 16%,ASUS,,,"Hiệu năng mạnh mẽ với GPU NVIDIA GeForce RTX 4050 cho khả năng xử lý đa nhiệm mượt mà, chơi game và làm việc đồ họa chuyên nghiệp.
Màn hình QHD 240Hz, độ sáng 500 nits và 100% DCI-P3 cho trải nghiệm hình ảnh sắc nét, mượt mà và sống động.
Bàn phím Chiclet với đèn nền RGB 1 vùng cho khả năng tùy chỉnh màu sắc và hiệu ứng ánh sáng.
Pin dung lượng lớn 90WHrs cho thời gian sử dụng lâu dài và sạc nhanh chóng.","Nguyên hộp, đầy đủ phụ kiện từ nhà sản xuất
Bảo hành pin và bộ sạc 12 tháng",NVIDIA GeForce RTX 4050 6GB GDDR6,"Intel Core i7-13620H 2.4 GHz (24M Cache, up to 4.9 GHz, 10 lõi: 6 P-cores and 4 E-cores)",16,,,16.0,Windows 11 Home,2560x1600,"1x RJ45 LAN
1x Thunderbolt 4 hỗ trợ DisplayPort/Sạc
1x USB 3.2 Gen 2 Type-C (DisplayPort / Sạc / G-SYNC)
2x USB 3.2 Gen 2 Type-A
1x HDMI 2.1 FRL
1x 3.5mm Combo Audio Jack
1x Đầu đọc thẻ (microSD) (UHS-II)",CellphoneS,
222730,https://cellphones.com.vn/laptop-lenovo-thinkpad-e16-gen-1-21jn00gjvn.html,Laptop Lenovo ThinkPad E16 Gen 1 21JN00GJVN,1899000000000.0,Giảm 10%,Lenovo,,,"Trang bị bộ xử lý Intel Core i5-13420H, cho hiệu năng mạnh mẽ trong công việc và giải trí.
Màn hình 16 inch với độ phân giải WUXGA cung cấp không gian làm việc rộng rãi và hình ảnh sắc nét.
Bộ nhớ RAM 16GB và ổ cứng SSD 512GB PCIe đảm bảo khả năng đa nhiệm mượt mà và tốc độ khởi động, truy xuất dữ liệu nhanh chóng.
Thiết kế màu đen đặc trưng của dòng ThinkPad mang đến vẻ ngoài chuyên nghiệp và sang trọng, phù hợp với môi trường công sở.","Nguyên hộp, đầy đủ phụ kiện từ nhà sản xuất
Bảo hành pin và bộ sạc 12 tháng",Intel UHD Graphics,"Intel Core i5-13420H, 8C (4P + 4E) / 12T, P-core 2.1 / 4.6GHz, E-core 1.5 / 3.4GHz, 12MB",16,,,16.0,Windows 11 Home Single Language,1920x1200,"1x USB 2.0
1x USB 3.2 (Always On)
1x USB-C 3.2 (Truyền dữ liệu, Sạc, DisplayPort 1.4)
1x Thunderbolt 4 / USB4 (Truyền dữ liệu, Sạc, DisplayPort 1.4)
1x HDMI 2.1, up to 4K/60Hz
1x Headphone / microphone combo jack (3.5mm)
1x RJ-45",CellphoneS,
235028,https://cellphones.com.vn/apple-mac-mini-m4-10cpu-10gpu-32gb-512gb-2024.html,Mac mini M4 2024 10CPU 10GPU 32GB 512GB | Chính hãng Apple Việt Nam,2959000000000.0,Giảm 1%,Mac,5.0,2.0,"Hiệu năng đỉnh cao với chip M4 mang lại hiệu năng mạnh mẽ, xử lý mượt mà nhiều ứng dụng chuyên nghiệp cùng lúc.
Đồ họa xuất sắc, tốc độ xử lý vượt trội, cho phép render hình ảnh và video nhanh chóng, chất lượng cao.
RAM 32GB cho phép xử lý mượt mà các tác vụ nặng, giảm thiểu tình trạng giật lag, đáp ứng nhu cầu của người dùng chuyên nghiệp đòi hỏi hiệu năng cao.
Ổ cứng SSD 512GB cung cấp không gian lưu trữ rộng rãi và tốc độ truy xuất dữ liệu cực nhanh, rút ngắn thời gian chờ đợi khi mở ứng dụng và tập tin.","Máy mới 100%, đầy đủ phụ kiện từ nhà sản xuất. Sản phẩm có mã SA/A (được Apple Việt Nam phân phối chính thức).",GPU 10 lõi,"Apple M4 10 lõi với 4 lõi hiệu năng và 6 lõi tiết kiệm điện
Neural Engine 16 lõi",32,,,,macOS,,"Mặt trước:
Hai cổng USB‑C hỗ trợ cho USB 3
Jack cắm tai nghe 3,5 mm
Mặt sau:
Cổng Gigabit Ethernet
Cổng HDMI
Thunderbolt 4
USB 4
DisplayPort",CellphoneS,
214130,https://cellphones.com.vn/laptop-acer-gaming-aspire-7-a715-76g-73fm.html,Laptop Acer Gaming Aspire 7 A715-76G-73FM,1649000000000.0,Giảm 31%,Acer,4.7,3.0,"Lựa chọn tuyệt vời cho game thủ với vi xử lý Intel Core i7-12650H mạnh mẽ.
RAM 16GB, đảm bảo hiệu suất đa nhiệm mượt mà ngay cả khi chạy nhiều ứng dụng nặng.
Ổ cứng SSD 512GB PCIe cung cấp không gian lưu trữ nhanh chóng và rộng rãi cho các trò chơi và tài liệu.
Card đồ họa rời NVIDIA RTX 2050 4GB giúp xử lý đồ họa mượt mà, phù hợp cho các tựa game hiện đại.
Màn hình 15.6 inch Full HD với tần số quét 144Hz mang lại trải nghiệm chơi game sống động và mượt mà.","Nguyên hộp, đầy đủ phụ kiện từ nhà sản xuất
Bảo hành pin và bộ sạc 12 tháng",NVIDIA GeForce RTX 2050 4 GB GDDR6,Intel Core i7-12650H,16,,,15.6,Windows 11 Home,1920x1080,"1x USB Type-C
3x USB 3.2 Gen 1
1x HDMI 2.0 với HDCP
1x DC-in jack for AC adapter
1x Ethernet (RJ-45)
1x Giắc cắm tai nghe/loa 3.5 mm, hỗ trợ tai nghe có micrô tích hợp",CellphoneS,
209843,https://cellphones.com.vn/laptop-acer-aspire-3-a315-59-381e.html,Laptop Acer Aspire 3 A315-59-381E,949000000000.0,Giảm 21%,Acer,5.0,2.0,"CPU Intel Core i3-1215U cùng RAM 8 GB và ổ cứng 512 GB đem lại hiệu suất mạnh mẽ, phù hợp với nhiều nhu cầu từ làm việc, học tập đến giải trí nhẹ nhàng
Sản phẩm có màn hình 15.6 inch Full HD rộng lớn, cho hình ảnh sắc nét và rõ ràng
Với thiết kế gọn nhẹ và tinh tế, dễ dàng để bạn mang theo bên mình mọi lúc mọi nơi
Laptop cũng có thời lượng pin tốt, cho phép bạn làm việc và giải trí mà không cần phải lo lắng hết pin nhanh chóng","Nguyên hộp, đầy đủ phụ kiện từ nhà sản xuất
Bảo hành pin và bộ sạc 12 tháng",Intel UHD Graphics,Intel Core i3 - 1215U ( 1.2 GHz - 4.4GHz / 10MB / 6 nhân / 8 luồng ),16,,,15.6,Windows 11 Home,1920x1080,"1 x HDMI
3 x USB 3.2
1 x Audio combo
1 x LAN 1 Gb/s (RJ45)",CellphoneS,
218856,https://cellphones.com.vn/laptop-asus-rog-strix-g16-g614jv-n4369w.html,Laptop ASUS ROG Strix G16 G614JV-N4369W,3499000000000.0,Giảm 19%,ASUS,5.0,2.0,"Laptop gaming cao cấp, được trang bị bộ vi xử lý Intel Core i7-13650HX mạnh mẽ.
Với 16GB RAM và ổ cứng 1TB PCIe, máy đảm bảo hiệu suất nhanh chóng cho cả chơi game và công việc đa nhiệm.
Màn hình 16.0 inch WUXGA với tần số quét 240Hz mang đến hình ảnh sắc nét và trải nghiệm chơi game mượt mà.
Card đồ họa NVIDIA RTX 4060 8GB hỗ trợ các công nghệ đồ họa tiên tiến, giúp trò chơi trở nên sống động và chân thực hơn.","Nguyên hộp, đầy đủ phụ kiện từ nhà sản xuất
Bảo hành pin và bộ sạc 12 tháng","NVIDIA GeForce RTX 4060 8GB GDDR6 (233 AI TOPs)
Intel UHD Graphics","Intel Core i7-13650HX 2.6 GHz 24M Cache, up to 4.9 GHz, 14 cores: 6 P-cores and 8 E-cores)",32,,,16.0,Windows 11 Home,2560x1600,"1x RJ45 LAN
1x Thunderbolt 4 hỗ trợ DisplayPort (40Gbps)
1x USB 3.2 Gen 2 Type-C hỗ trợ DisplayPort / cung cấp điện / G-SYNC (10Gbps)
2x USB 3.2 Gen 2 Type-A (10Gbps)
1x HDMI 2.1 FRL
1x Giắc cắm âm thanh kết hợp 3.5mm",CellphoneS,
221942,https://cellphones.com.vn/laptop-msi-modern-15-b7m-238vn.html,Laptop MSI Modern 15 B7M-238VN,1279000000000.0,Giảm 25%,MSI,4.5,4.0,"Trang bị màn hình viền siêu mỏng, trọng lượng chị 1.75kg thích hợp mang theo bên mình
CPU R7 7730U giúp bạn dễ dàng xử lý tốt các tác vụ văn phòng cùng chỉnh ảnh nhẹ
Màn hình 15.6 inch Full HD giúp chất lượng hình ảnh hiển thị tốt và chân thật
Trang bị nhiều cổng kết nối giúp quá trình xuất/nhập dữ liệu trở nên dễ dàng, nhanh chóng
RAM 16GB cùng ổ cứng SSD 512GB giúp lưu trữ dữ liệu tốt nhưng không bị lag trong quá trình sử dụng","Nguyên hộp, đầy đủ phụ kiện từ nhà sản xuất
Bảo hành pin và bộ sạc 12 tháng",AMD Radeon Graphics,"AMD Ryzen 7 7730U (2.0 GHz up to 4.3 GHz, 8 lõi / 16 luồng, 24 MB)",32,,,15.6,Windows 11 Home,1920x1080,"1 x HDMI
1 x Jack 3.5 mm
1 x Type C
1 x USB 3.2
2 x USB 2.0",CellphoneS,
248308,https://cellphones.com.vn/apple-macbook-air-13-m4-10cpu-10gpu-24gb-512gb-2025-sac-70w.html,MacBook Air M4 13 inch 2025 10CPU 10GPU 24GB 512GB Sạc 70W | Chính hãng Apple Việt Nam,3749000000000.0,Giảm 1%,Mac,,,"MacBook Air 13 M4 2025 sở hữu thiết kế siêu mỏng nhẹ với màu sắc sang trọng, độ dày chỉ 1.13 cm và trọng lượng 1.24 kg.
Máy được trang bị chip M4 thế hệ mới nhất của Apple với 10 CPU và 10 GPU, mang lại hiệu năng xử lý mạnh mẽ và khả năng đồ họa ấn tượng.
RAM 24GB và ổ cứng SSD 512GB giúp đa nhiệm mượt mà, khởi động nhanh chóng và lưu trữ đủ dùng cho công việc hàng ngày.
Màn hình Liquid Retina 13.6 inch với độ phân giải 2560x1664 pixels cho hình ảnh sắc nét, màu sắc chân thực và độ sáng cao lên đến 500 nits.","Máy mới 100%, đầy đủ phụ kiện từ nhà sản xuất. Sản phẩm có mã SA/A (được Apple Việt Nam phân phối chính thức).","GPU 10 lõi
Neural Engine 16 lõi
Công nghệ dò tia tốc độ cao bằng phần cứng
Băng thông bộ nhớ 120GB/s",CPU 10 lõi với 4 lõi hiệu năng và 6 lõi tiết kiệm điện,32,,,13.6,macOS,2560x1664,"Cổng sạc MagSafe 3
Jack cắm tai nghe 3.5 mm
Hai cổng Thunderbolt 4 (USB-C) hỗ trợ: Sạc / DisplayPort / Thunderbolt 4 (lên đến 40Gb/s) / USB 4 (lên đến 40Gb/s)",CellphoneS,
233447,https://cellphones.com.vn/laptop-lenovo-yoga-duet-7-13itl6-82ma009lph.html,Laptop Lenovo Yoga Duet 7 13ITL6 82MA009LPH,2099000000000.0,Giảm 30%,Lenovo,,,"Laptop Lenovo Yoga Duet 7 13ITL6 là một thiết bị 2 trong 1 linh hoạt, lý tưởng cho cả công việc và giải trí.
Với bộ vi xử lý Intel Core i7-1165G7, máy mang lại hiệu suất mạnh mẽ cho các tác vụ đa nhiệm.
Màn hình 13.0 inch 2K với tính năng cảm ứng cho hình ảnh sắc nét và trải nghiệm tương tác trực quan.
Đi kèm với bút, người dùng có thể dễ dàng ghi chú và thiết kế sáng tạo.
Máy cũng cài sẵn Windows 11 và bộ ứng dụng Office, đáp ứng nhu cầu học tập và làm việc hiệu quả.","Nguyên hộp, đầy đủ phụ kiện từ nhà sản xuất
Bảo hành pin và bộ sạc 12 tháng",Đồ họa Intel Iris Xe tích hợp hoạt động như đồ họa UHD,"Intel Core i7-1165G7 (4 lõi / 8 luồng, 2.8 / 4.7GHz, 12MB)",32,,,13.0,"Windows 11 Home Single Language, English Office Home & Student 2021",2160x1350,"1x USB-C 3.2 Gen 1 (truyền dữ liệu và Luôn bật)
1x USB-C 3.2 Gen 1 (truyền dữ liệu và Power Delivery 3.0)
1x Thunderbolt 4 / USB4 40Gbps (truyền dữ liệu, Power Delivery 3.0 và DisplayPort 1.4)
1x giắc cắm kết hợp tai nghe / micrô (3.5 mm)",CellphoneS,
212846,https://cellphones.com.vn/laptop-asus-zenbook-duo-ux8406ma-pz142w.html,Laptop ASUS Zenbook DUO UX8406MA-PZ142W,5499000000000.0,Giảm 8%,Laptop AI,,,"Máy có thiết kế gọn nhẹ với trọng lượng chỉ 1.65kg, cùng lớp vỏ màu xám sang trọng và thanh lịch.
Màn hình chính OLED 14.0 inch độ phân giải 3K sắc nét và màn hình phụ ScreenPad Plus 12.6 inch cho khả năng đa nhiệm ấn tượng.
Máy được trang bị vi xử lý Intel Core U9, RAM 32GB và ổ cứng SSD 1TB PCIe cho hiệu năng xử lý nhanh chóng và mượt mà.
Máy còn đi kèm bút và túi đựng giúp bạn dễ dàng mang theo và sử dụng mọi lúc mọi nơi.","Nguyên hộp, đầy đủ phụ kiện từ nhà sản xuất
Bảo hành pin và bộ sạc 12 tháng",Intel Arc Graphics,"Intel Core Ultra 9 Processor 185H 2.3 GHz (24MB Cache, up to 5.1 GHz, 16 lõi, 22 luồng)",32,,,14.0,Windows 11 Home,2880x1800,"1x USB 3.2 Gen 1 Type-A
2x Thunderbolt 4 (Hiển thị / Sạc)
1x HDMI 2.1 TMDS
1x 3.5mm Combo Audio Jack",CellphoneS,
224353,https://cellphones.com.vn/laptop-asus-vivobook-14-x1404za-nk389w.html,Laptop ASUS Vivobook 14 X1404ZA-NK389W,1549000000000.0,Giảm 14%,ASUS,,,"Thiết kế màu bạc sang trọng, thanh lịch với kiểu dáng mỏng nhẹ dễ dàng mang theo
RAM 16GB DDR4 hỗ trợ đa nhiệm mượt mà, chạy nhiều ứng dụng cùng lúc
Ổ cứng SSD PCIe 512GB tốc độ cao giúp khởi động máy và truy cập dữ liệu nhanh chóng
Vi xử lý Intel Core i7-1255U thế hệ 12 mới nhất cho hiệu năng đa nhiệm ấn tượng","Nguyên hộp, đầy đủ phụ kiện từ nhà sản xuất
Bảo hành pin và bộ sạc 12 tháng",Intel Iris Xe Graphics,"Intel Core i7-1255U (1.7 GHz, 12M Cache, up to 4.7 GHz, 10 lõi)",32,,,14.0,Windows 11 Home,1920x1080,"1x USB 2.0 Type-A
1x USB 3.2 Gen 1 Type-C
2x USB 3.2 Gen 1 Type-A
1x HDMI 1.4
1x 3.5mm Combo Audio Jack
1x DC-in",CellphoneS,
219448,https://cellphones.com.vn/macbook-air-13-inch-m3-24gb-256gb-2024-sac-30w.html,MacBook Air M3 13 inch 2024 8CPU 10GPU 24GB - 256GB sạc 30W | Chính hãng Apple Việt Nam,3199000000000.0,Giảm 3%,Mac,,,"Sức mạnh xử lý hàng đầu trên chip Apple M3 - Cân tốt mọi tác vụ từ đồ hoạ đến lập trình
Màn hình Liquid Retina 13,6 inch - Màu sắc hiển thị rực rỡ, sắc nét
Camera FaceTime HD 1080p - Đàm thoại, hội họp mọi lúc mọi nơi
Hỗ trợ sạc 30W - Nhanh chóng nạp đầy pin khi bạn cần","Máy mới 100%, đầy đủ phụ kiện từ nhà sản xuất. Sản phẩm có mã SA/A (được Apple Việt Nam phân phối chính thức).",GPU 10 Lõi,"CPU Apple M3 8 Lõi
Neural Engine 16 lõi",16,,,13.6,MacOS,,"Cổng sạc MagSafe 3
Hai cổng Thunderbolt / USB 4",CellphoneS,
236781,https://cellphones.com.vn/mac-mini-m2-pro-2023.html,Mac mini M2 Pro 2023 (10 CPU - 16 GPU - 16GB - 512GB) | Chính hãng Apple Việt Nam,1799000000000.0,Giảm 49%,Mac,,,"Hiệu suất vượt trội với con chip M2 Pro - Xử lý mượt mà các tác vụ như render video, lập trình hay làm văn phòng
Kích thước nhỏ gọn chỉ 19.7 x 19.7 x 3.58 cm - Dễ dàng mang theo mọi lúc mọi nơi
Hệ điều hành macOS Ventura - Tối ưu tốt cho hơn 15000 ứng dụng
Tốc độ khởi động nhanh chóng với SSD 512GB
Hỗ trợ chuẩn Wifi 6E mới nhất cho tốc độ kết nối đến 2.4Gbps","Mới, đầy đủ phụ kiện từ nhà sản xuất",16 nhân GPU,Apple M2 Pro 10 nhân,16,,,,macOS,,"Thunderbolt 4
2 x USB‑A ports
HDMI
Wi‑Fi 6E
Cổng 3.5mm",CellphoneS,
213117,https://cellphones.com.vn/laptop-asus-tuf-gaming-f16-fx607jv-n3199w.html,Laptop ASUS TUF Gaming F16 FX607JV-N3199W,2949000000000.0,Giảm 11%,Laptop AI,,,"Cỗ máy mạnh mẽ dành cho game thủ với bộ vi xử lý Intel Core i7-13650HX, cung cấp hiệu suất vượt trội cho mọi tác vụ từ chơi game đến xử lý đồ họa.
RAM 16GB đảm bảo khả năng đa nhiệm mượt mà, cho phép người dùng chạy nhiều ứng dụng cùng lúc.
Ổ cứng 512GB PCIe mang lại tốc độ truy xuất dữ liệu nhanh chóng và không gian lưu trữ đủ lớn cho trò chơi và tài liệu.
Card đồ họa NVIDIA RTX 4060 8GB hỗ trợ đồ họa chất lượng cao, giúp trải nghiệm chơi game trở nên sống động và chân thực.
Màn hình 16.0 inch WUXGA với tần số quét 165Hz mang đến hình ảnh sắc nét và mượt mà, hoàn hảo cho cả game và giải trí.","Nguyên hộp, đầy đủ phụ kiện từ nhà sản xuất
Bảo hành pin và bộ sạc 12 tháng","NVIDIA GeForce RTX 4060 8GB GDDR6 (233 AI TOPs)
Intel UHD Graphics","Intel Core i7-13650HX 2.6 GHz 24M Cache, up to 4.9 GHz, 14 lõi: 6 P-cores and 8 E-cores)",32,,,16.0,Windows 11 Home,1920x1200,"1x RJ45 LAN
1x Thunderbolt 4 hỗ trợ DisplayPort (40Gbps)
1x USB 3.2 Gen 2 Type-C hỗ trợ DisplayPort / cung cấp điện / G-SYNC (10Gbps)
2x USB 3.2 Gen 1 Type-A (5Gbps)
1x HDMI 2.1 FRL
1x Giắc cắm âm thanh kết hợp 3.5mm",CellphoneS,
236545,https://cellphones.com.vn/macbook-pro-16-inch-m3-max-2023-36gb-1tb.html,MacBook Pro 16 M3 Max 36GB - 1TB | Chính hãng Apple Việt Nam,7799000000000.0,Giảm 13%,Mac,,,"Với chip M3 Max, mọi tác vụ từ dựng phim 8K đến thiết kế 3D đều diễn ra mượt mà.
Bộ nhớ RAM 36GB đảm bảo khả năng đa nhiệm siêu việt, xử lý cùng lúc nhiều ứng dụng nặng.
Ổ cứng SSD 1TB cho tốc độ truy xuất dữ liệu cực nhanh và không gian lưu trữ rộng rãi.
Màn hình Liquid Retina XDR 16 inch mang đến trải nghiệm hình ảnh tuyệt đẹp, sống động.
Thiết kế sang trọng, bền bỉ với khung máy nhôm nguyên khối.","Máy mới 100%, đầy đủ phụ kiện từ nhà sản xuất. Sản phẩm có mã SA/A (được Apple Việt Nam phân phối chính thức).","30 nhân
Neural Engine 16 nhân",Apple M3 Max 14 nhân,16,,,16.2,macOS,3024x1964,"Ba cổng Thunderbolt 4 (USB-C)
Cổng HDMI
Khe thẻ nhớ SDXC
Jack 3.5mm",CellphoneS,
210757,https://cellphones.com.vn/laptop-asus-vivobook-s-14-oled-s5406ma-pp136w.html,Laptop ASUS VivoBook S 14 OLED S5406MA-PP136W,2399000000000.0,Giảm 11%,Laptop AI,5.0,1.0,"Tính năng AI tiên tiến giúp bạn tìm kiếm thông tin, trả lời câu hỏi, tạo nội dung và nâng cao hiệu quả công việc.
Bàn phím Chiclet với đèn nền RGB 1 vùng cho khả năng tùy chỉnh màu sắc và hiệu ứng ánh sáng.
Kết nối mạng nhanh chóng và ổn định với Wi-Fi 6E và kết nối không dây mượt mà với Bluetooth 5.3.
Mở khóa máy tính nhanh chóng và an toàn với bảo mật vân tay.","Mới, đầy đủ phụ kiện từ nhà sản xuất",Intel Arc Graphics,"Intel Core Ultra 5 125H 1.2 GHz (18MB Cache, up to 4.5 GHz, 14 lõi, 18 luồng)",32,,,14.0,Windows 11 Home,2880x1800,"2x USB 3.2 Gen 1 Type-A
2x Thunderbolt 4 (Display / Sạc)
1x HDMI 2.1 TMDS
1x 3.5mm Combo Audio Jack
Đầu đọc thẻ Micro SD",CellphoneS,
204347,https://cellphones.com.vn/laptop-asus-tuf-gaming-f15-fx507vu-lp315w.html,Laptop ASUS TUF Gaming F15 FX507VU-LP315W,2699000000000.0,Giảm 10%,ASUS,,,"CPU Intel Core i7-13620H và card đồ họa NVIDIA GeForce RTX 4050 mang đến trải nghiệm chơi game mượt mà trên các tựa game phổ biến.
Màn hình 15.6 inch FHD (1920x1080) với tần số quét cao cho hình ảnh hiển thị sắc nét, chống xé hình, giật lag.
RAM 16GB DDR5 đảm bảo khả năng chạy đa nhiệm hiệu quả, chuyển đổi giữa các ứng dụng nhanh chóng.
Ổ cứng SSD 512GB PCIe NVMe mang đến không gian lưu trữ rộng rãi và tốc độ truy xuất dữ liệu cực nhanh.
Lớp vỏ màu xám mạnh mẽ cùng các đường nét thiết kế đậm chất gaming tạo nên diện mạo ấn tượng cho laptop.","Nguyên hộp, đầy đủ phụ kiện từ nhà sản xuất
Bảo hành pin và bộ sạc 12 tháng","NVIDIA GeForce RTX 4050 6GB GDDR6
Intel Iris Xe Graphics","Intel Core i7-13620H 2.4 GHz (24M Cache, up to 4.9 GHz, 10 cores: 6 P-cores and 4 E-cores)",16,,,15.6,Windows 11 Home,1920x1080,"1x RJ45 LAN
1x Thunderbolt 4 support DisplayPort
1x USB 3.2 Gen 2 Type-C (DisplayPort / Sạc / G-SYNC)
2x USB 3.2 Gen 1 Type-A
1x HDMI 2.1 FRL
1x 3.5mm Combo Audio Jack Built-in array microphone",CellphoneS,
229604,https://cellphones.com.vn/laptop-msi-gaming-gf63-thin-12uc-1006vn.html,Laptop MSI Gaming GF63 THIN 12UC-1006VN,1699000000000.0,Giảm 15%,MSI,4.5,4.0,"Tha hồ thưởng thức những tựa game với hình ảnh tuyệt đẹp trên màn hình tần số quét cao 144Hz siêu mượt.
Hiệu năng tuyệt vời cho công việc, chơi game, sáng tạo nội dung và truyền phát trực tuyến của bạn sẽ được nâng lên một tầm cao mới.
Card đồ họa RTX 3050 chơi game tuyệt hảo, tái hiện với chất lượng hình ảnh tuyệt vời như những bộ phim bom tấn, fps mượt mà.
Công nghệ Nahimic 3D sẽ đưa những âm thanh trong game lên một tầm cao mới với âm thanh vòm vô cùng sống động.
Thiết kế hiện đại và phong cách đặc trưng của dòng laptop chơi game MSI.","Nguyên hộp, đầy đủ phụ kiện từ nhà sản xuất
Bảo hành pin và bộ sạc 12 tháng","NVIDIA GeForce RTX 3050 4 GB GDDR6
Intel UHD Graphics","Intel Core i5-12450H (2 GHz, up to 4.4 GHz, 8 lõi / 12 luồng)",32,,,15.6,Windows 11 Home Single Language,1920x1080,"1x HDMI
1x Jack 3.5 mm
1x RJ45 Gigabit Ethernet
1x Type C
3x USB 3.2 Gen 1 Type-A",CellphoneS,
238271,https://cellphones.com.vn/imac-m4-2024-24-inch-10cpu-10gpu-16gb-256gb.html,iMac M4 2024 24 inch 10CPU 10GPU 16GB 256GB | Chính hãng Apple Việt Nam,3899000000000.0,Giảm 3%,Mac,,,"iMac M4 2024 24 inch cho trải nghiệm hình ảnh tuyệt vời trên màn hình Retina sắc nét.
Chip M4 mạnh mẽ với 10 nhân CPU và 10 nhân GPU hiệu năng vượt trội cho khả năng xử lý đồ họa.
RAM 16GB đa nhiệm mượt mà, xử lý nhiều ứng dụng cùng lúc không bị giật lag.
Ổ cứng SSD 256GB cho tốc độ truy xuất dữ liệu nhanh, khởi động máy và mở ứng dụng nhanh chóng.","Máy mới 100%, đầy đủ phụ kiện từ nhà sản xuất. Sản phẩm có mã SA/A (được Apple Việt Nam phân phối chính thức).",GPU 10 lõi,"Apple M4 10 lõi với 4 lõi hiệu năng và 6 lõi tiết kiệm điện
Neural Engine 16 lõi",16,,,24.0,macOS,4480x2520,"4x Thunderbolt 4 (lên đến 40Gb/s)
USB 4 (lên đến 40Gb/s)
USB 3.1 Gen 2 (lên đến 10Gb/s)
DisplayPort
Jack cắm tai nghe 3.5 mm có hỗ trợ nâng cao cho tai nghe trở kháng cao
Gigabit Ethernet",CellphoneS,
243093,https://cellphones.com.vn/laptop-lenovo-thinkbook-14-g6-irl-21kg00rdvn.html,Laptop Lenovo ThinkBook 14 G6 IRL 21KG00RDVN,1799000000000.0,Giảm 10%,Lenovo,,,"Vi xử lý Intel Core i5-13420H, mang lại hiệu suất đáng tin cậy cho các tác vụ đa nhiệm.
16GB RAM, máy có khả năng xử lý mượt mà các ứng dụng nặng và giúp người dùng làm việc hiệu quả hơn.
Ổ cứng SSD 512GB PCIe cung cấp không gian lưu trữ rộng rãi và tốc độ truy xuất dữ liệu nhanh chóng.
Màn hình 14.0 inch WUXGA cho hình ảnh sắc nét và sống động, phù hợp cho cả công việc lẫn giải trí.
Thiết kế màu xám hiện đại và sang trọng, dễ dàng mang theo bên mình.","Nguyên hộp, đầy đủ phụ kiện từ nhà sản xuất
Bảo hành pin và bộ sạc 12 tháng",Intel UHD Graphics,"Intel Core i5-13420H, 8C (4P + 4E) / 12T, P-core 2.1 / 4.6GHz, E-core 1.5 / 3.4GHz, 12MB",32,,,14.0,"Windows 11 Home Single Language, English (Bản dùng thử Office + Absolute Home & Office Basic 1 năm)",1920x1200,"2x USB 3.2 Gen 1
1x USB-C 3.2 Gen 2 (Truyền dữ liệu, Sạc, DisplayPort 1.4)
1x Thunderbolt 4 / USB4 40Gbps (Truyền dữ liệu, Sạc, DisplayPort 1.4)
1x HDMI 2.1
1x Headphone / microphone (3.5mm)
1x Ethernet (RJ-45)
1x SD card reader",CellphoneS,
215647,https://cellphones.com.vn/laptop-asus-gaming-rog-zephyrus-g14-ga401qc-k2199w.html,Laptop ASUS Gaming ROG Zephyrus G14 GA401QC-K2199W,2399000000000.0,Giảm 21%,ASUS,5.0,1.0,"""Tích hợp card đồ họa Geforce RTX 3050 siêu chiến cùng con chip R7-5800HS - Không ngại các tác vụ 3D nặng nề, phù hợp với game thủ hay dân đồ hoạ chuyên nghiệp
Ram 8GB với 1 khe cắm có thể nâng cấp tối đa lên 24GB cùng ổ cứng SSD có không gian lưu trữ lên tới 512GB cho tốc độ xử lý mượt mà, nhanh chóng, đa nhiệm
Độ phân giải WQHD kết hợp cùng công nghệ Adaptive-Sync và màn hình 14.0 inches 120Hz siêu lớn mang lại trải nghiệm hình ảnh, màu sắc tuyệt vời
Trang bị công nghệ Smart Amp Technology siêu hiện đại giúp tận hưởng bữa tiệc âm thanh trọn vẹn
Bàn phím được tích hợp đèn LED đơn sắc giúp thỏa sức làm việc trong môi trường thiếu sáng
Năng suất nguyên ngày chỉ với 4 pin Li-ion 76WHrs
Thiết kế vỏ nhựa cứng cáp, trọng lượng máy chỉ 1.60 kg thuận tiện mang theo và di chuyển
Máy đi kèm Windows 11 bản quyền""","Nguyên hộp, đầy đủ phụ kiện từ nhà sản xuất
Bảo hành pin và bộ sạc 12 tháng",NVIDIA GeForce RTX 3050,AMD Ryzen 7 5800HS,32,,,14.0,Windows 11 Home SL,2560x1440,"1x USB 3.2 Gen 2 Type-C
1x USB 3.2 Gen 2 Type-C hỗ trợ DisplayPort™ / power delivery / G-SYNC
2x USB 3.2 Gen 1 Type-A
1x Combo jack tai nghe 3.5mm
1x HDMI 2.0b",CellphoneS,
216456,https://cellphones.com.vn/laptop-lenovo-ideapad-slim-5-14imh9-83da001nvn.html,Laptop Lenovo Ideapad Slim 5 14IMH9 83DA001NVN,2109000000000.0,Giảm 4%,Laptop AI,,,"Trang bị bộ vi xử lý Intel Core U5-125H cho phép bạn xử lý mượt mà các tác vụ hàng ngày
RAM 16GB hỗ trợ thực hiện nhiều công việc một cách mượt mà từ làm việc đến chơi các tựa game nhẹ
Ổ cứng SSD PCIe dung lượng 512GB, cho phép bạn lưu trữ và truy cập dữ liệu với tốc độ nhanh chóng
Màn hình 14 inch WUXGA OLED, mang lại hình ảnh rõ ràng, sắc nét với màu sắc trung thực","Nguyên hộp, đầy đủ phụ kiện từ nhà sản xuất
Bảo hành pin và bộ sạc 12 tháng",Intel Arc Graphics,"Intel Core Ultra 5 125H (14 lõi (4P + 8E + 2LPE) / 18 luồng, Max Turbo up to 4.5GHz, 18MB)",16,,,14.0,Windows 11 Home Single Language,1920x1200,"1x USB-A (USB 5Gbps / USB 3.2 Gen 1)
1x USB-A (USB 5Gbps / USB 3.2 Gen 1) luôn bật
2x USB-C (USB 5Gbps / USB 3.2 Gen 1), với USB PD 3.0 và DisplayPort 1.4
1x HDMI 1.4b
1x Headphone / microphone combo jack (3.5mm)
1x Đầu đọc thẻ nhớ mic",CellphoneS,
213876,https://cellphones.com.vn/laptop-lenovo-yoga-slim-6-14irh8-83e0000vvn.html,Laptop Lenovo Yoga Slim 6 14IRH8 83E0000VVN,2299000000000.0,Giảm 8%,Lenovo,,,"Bộ vi xử lý Intel Core i7-13700H, cho khả năng xử lý mọi tác vụ đồ họa, lập trình và giải trí mượt mà.
RAM 16GB LPDDR5x-5200 và ổ cứng SSD 512GB, cho tốc độ đọc/ghi dữ liệu nhanh chóng và khả năng lưu trữ đa dạng ứng dụng và tệp tin.
Màn hình 14 inch WUXGA OLED, cung cấp hình ảnh sắc nét, màu sắc chính xác và độ tương phản ấn tượng.
Thiết kế mỏng nhẹ, chỉ nặng 1.35 kg, dễ dàng mang theo bất kỳ đâu mà không gây mệt mỏi cho người dùng.","Nguyên hộp, đầy đủ phụ kiện từ nhà sản xuất
Bảo hành pin và bộ sạc 12 tháng",Intel Iris Xe Graphics,"Intel Core i7-13700H (14 lõi (6P + 8E) / 20 luồng, P-core 2.4 / 5.0GHz, E-core 1.8 / 3.7GHz, 24MB)",32,,,14.0,Windows 11 Home Single Language,1920x1200,"1x USB-A (USB 5Gbps / USB 3.2 Gen 1)
2x USB-C (Thunderbolt 4 / USB4 40Gbps) với USB PD 3.0 và DisplayPort 1.4
1x HDMI 2.1, up to 4K/60Hz
1x Headphone / microphone combo jack (3.5mm)",CellphoneS,
234482,https://cellphones.com.vn/laptop-gaming-acer-nitro-5-tiger-an515-58-50d2.html,Laptop Gaming Acer Nitro 5 Tiger AN515-58-50D2,2049000000000.0,Giảm 29%,Acer,,,"Sở hữu bộ vi xử lý Intel Core i5-12500H, mang lại hiệu suất vượt trội cho các game thủ.
Với 16GB RAM và ổ cứng 512GB PCIe, thiết bị này cho phép khởi động nhanh và lưu trữ dữ liệu thoải mái.
Màn hình 15.6 inch FHD với tần số quét 165Hz cung cấp hình ảnh mượt mà, giúp trải nghiệm chơi game trở nên chân thực hơn.
Card đồ họa 6GB RTX 3060 mang đến đồ họa sống động và chi tiết cho các tựa game hiện đại.","Nguyên hộp, đầy đủ phụ kiện từ nhà sản xuất
Bảo hành pin và bộ sạc 12 tháng",NVIDIA GeForce RTX 3060 6GB GDDR6 VRAM,"Intel Core i5-12500H (12 lõi / 16 luồng, 4.5 GHz, 18 MB Intel Smart Cache)",32,,,15.6,Windows 11 Home,1920x1080,"1x USB Type-C
2x USB 3.2 Gen 2 1x USB 3.2 Gen 1
1x Ethernet (RJ-45)
1x HDMI 2.1 hỗ trợ HDCP
1x Giắc cắm tai nghe/loa 1 x 3.5 mm
1x Giắc cắm DC cho bộ đổi nguồn AC",CellphoneS,
227388,https://cellphones.com.vn/laptop-asus-gaming-rog-strix-g15-g513ih-hn015w.html,Laptop ASUS Gaming Rog Strix G15 G513IH HN015W,1789000000000.0,Giảm 6%,ASUS,5.0,39.0,"""Chip R7-4800H cùng card đồ họa rời Geforce GTX 1650 cho khả năng chiến các tựa game nặng, chỉnh sửa hình ảnh trên PTS, Render video ngắn mượt mà
Ram 8GB + 1 khe, nâng cấp tối đa 32GB cùng ổ cứng SSD có không gian lưu trữ lên tới 512GB cho tốc độ xử lý mượt mà, nhanh chóng, không lo giật lag
Màn hình 15.6 inches trên tấm nền IPS với độ phân giải Full HD cùng tần số 144Hz cho trải nghiệm hình ảnh, màu sắc chân thực, sinh động
Đa dạng cổng giao tiếp, dễ dàng sử dụng
Trọng lượng 2.1 kg thuận tiện cho di chuyển và mang theo
Máy đi kèm Windows 11 SL bản quyền
""","Nguyên hộp, đầy đủ phụ kiện từ nhà sản xuất
Bảo hành pin và bộ sạc 12 tháng",Geforce GTX 1650 4GB,AMD Ryzen 7 4800H,32,,,15.6,Windows 11 SL 64 Bit,1920x1080,"1x Type C USB 3.2 Gen 1 (Power Delivery/Display Port)
3x USB 3.2 Gen 1 Type-A
1x 3.5mm Combo Audio Jack
1x HDMI 2.0b",CellphoneS,
235742,https://cellphones.com.vn/imac-m4-2024-24-inch-16gb-512gb.html,iMac M4 2024 24 inch 8CPU 8GPU 16GB 512GB | Chính hãng Apple Việt Nam,3899000000000.0,Giảm 3%,Mac,,,"iMac M4 24 inch 2024 sở hữu hiệu năng mạnh mẽ nhờ chip M4 8 nhân CPU và 8 nhân GPU.
Màn hình Retina 24 inch sắc nét, sống động, mang đến trải nghiệm hình ảnh tuyệt vời.
RAM 16GB đảm bảo đa nhiệm mượt mà, xử lý nhiều tác vụ cùng lúc dễ dàng.
Ổ cứng SSD 512GB cung cấp không gian lưu trữ rộng rãi và tốc độ truy xuất dữ liệu nhanh chóng.","Máy mới 100%, đầy đủ phụ kiện từ nhà sản xuất. Sản phẩm có mã SA/A (được Apple Việt Nam phân phối chính thức).",GPU 8 lõi,"Apple M4 8 lõi với 4 lõi hiệu năng và 4 lõi tiết kiệm điện
Neural Engine 16 lõi",16,,,24.0,macOS,4480x2520,"2x Thunderbolt 4 (lên đến 40Gb/s)
USB 4 (lên đến 40Gb/s)
USB 3.1 Gen 2 (lên đến 10Gb/s)
DisplayPort
Jack cắm tai nghe 3.5 mm có hỗ trợ nâng cao cho tai nghe trở kháng cao",CellphoneS,
209697,https://cellphones.com.vn/laptop-huawei-matebook-d15-r7-5700u.html,Laptop Huawei Matebook D15,1099000000000.0,Giảm 21%,Huawei,,,"Màn hình 15.6 inch Full HD cùng tấm nền IPS cho chất lượng hình chính xác và sống động
Cảm biến vân tay tích hợp chỉ cần một chạm để mở máy tính
CPU AMD Ryzen R7-5700U mọi tác vụ văn phòng, học tập được giải quyết chỉ trong một nốt nhạc
RAM 8GB chuẩn DDR4 hỗ trợ mở hàng chục tabs duyệt web cùng lúc mà không lo lag, giật
Ổ cứng 512GB SSD cho không gian lưu trữ rộng rãi, thoải mái","Nguyên hộp, đầy đủ phụ kiện từ nhà sản xuất
Bảo hành pin và bộ sạc 12 tháng",,,16,,,,,,,CellphoneS,
237315,https://cellphones.com.vn/laptop-lenovo-thinkpad-e16-gen-1-21jn00glvn.html,Laptop Lenovo ThinkPad E16 GEN 1 21JN00GLVN,1999000000000.0,Giảm 9%,Lenovo,,,"Máy được trang bị vi xử lý Intel Core i5-13420H, mang lại hiệu suất mạnh mẽ cho các tác vụ văn phòng và đa nhiệm.
Với 16GB RAM và bộ nhớ SSD 512GB PCIe, người dùng có thể lưu trữ dữ liệu lớn và truy cập nhanh chóng.
Màn hình 16.0 inch WUXGA cung cấp hình ảnh sắc nét và màu sắc sống động, lý tưởng cho việc xem phim và làm việc.
Laptop chạy trên hệ điều hành Windows 11, mang đến trải nghiệm người dùng mượt mà và nhiều tính năng tiện ích.","Nguyên hộp, đầy đủ phụ kiện từ nhà sản xuất
Bảo hành pin và bộ sạc 12 tháng",Intel UHD Graphics,"Intel Core i5-13420H (8 lõi (4P + 4E) / 12 luồng, P-core 2.1 / 4.6GHz, E-core 1.5 / 3.4GHz, 12MB)",16,,,16.0,"Windows 11 Home Single Language, English",1920x1200,"1x HDMI 2.1, up to 4K/60Hz
1x Headphone / microphone combo jack (3.5mm)
1x Ethernet (RJ-45)
1x USB 2.0
1x USB 3.2 Gen 1 (Always On)
1x USB-C 3.2 Gen 2 (Truyền dữ liệu, Power Delivery 3.0 và DisplayPort 1.4)
1x Thunderbolt 4 / USB4",CellphoneS,
206388,https://cellphones.com.vn/macbook-air-15-inch-m2-2023.html,MacBook Air 15 inch M2 2023 8GB 256GB sạc 35W | Chính hãng Apple Việt Nam,2499000000000.0,Giảm 24%,Mac,5.0,1.0,"Hiệu năng hàng đầu với chip M2 - mạnh mẽ hơn 1.4 lần so với thế hệ trước giúp nâng cao hiệu suất làm việc
Mở ra không gian giải trí chân thật với màn hình Retina sắc nét
Trải nghiệm gõ thoải mái với bàn phím Apple Magic, mở khoá 1 chạm bằng Touch ID
Trang bị cổng thunderbolt thế hệ mới cho phép bạn truyền dữ liệu nhanh hơn bao giờ hết","Máy mới 100%, đầy đủ phụ kiện từ nhà sản xuất. Sản phẩm có mã SA/A (được Apple Việt Nam phân phối chính thức).",10 nhân GPU,Apple M2 8 nhân,16,,,15.4,MacOS,,"Cổng MagSafe, 2 cổng USB-C Thunderbolt 4, jack tai nghe 3.5mm",CellphoneS,
206837,https://cellphones.com.vn/laptop-asus-tuf-gaming-a15-fa507nv-lp061w.html,Laptop ASUS TUF Gaming A15 FA507NV-LP061W,2749000000000.0,Giảm 14%,ASUS,5.0,7.0,"Trang bị CPU AMD Ryzen™ 7 mạnh mẽ cho mọi tác vụ và chơi game AAA cấu hình cao
Màn hình full HD, tần số quét 144Hz hỗ trợ G-SYNC hỗ trợ chơi game sống động với tốc độ nhanh
Card Geforce RTX 4060 cải thiện hiệu suất xử lý đồ họa và đảm bảo trải nghiệm chơi game tuyệt vời
RAM 16GB cùng ổ cứng 1 TB SSD rút ngắn thời gian mở máy, khởi động ứng dụng","Nguyên hộp, đầy đủ phụ kiện từ nhà sản xuất",NVIDIA® GeForce RTX™ 4060,"AMD Ryzen™ 7 7735HS (8 nhân/16 luồng, Bộ nhớ đệm 16MB L3, tăng tốc hiệu năng tối đa lên tới 4.7 GHz)",32,,,15.6,Windows 11 Home,1920x1080,"1x Cổng LAN RJ45
1x Cổng USB Type C hỗ trợ DisplayPort™
1x Cổng USB 3.2 Gen 2 Type-C hỗ trợ DisplayPort™ / sạc điện / G-SYNC
2x Cổng USB 3.2 Gen 1 Type-A",CellphoneS,
208921,https://cellphones.com.vn/laptop-asus-tuf-gaming-f15-fx507vv-lp157w.html,Laptop ASUS TUF Gaming F15 FX507VV-LP157W,2899000000000.0,Giảm 9%,ASUS,,,"Sở hữu thiết kế thời thượng, sang trọng, khối lượng 2.2kg dễ dàng bỏ vào balo mang theo ra ngoài.
CPU Intel Core i7 13620H dễ dàng xử lý các tác vụ đồ họa nặng và chơi game AAA cấu hình cao.
Card NVIDIA GeForce RTX 4060 cho hiệu suất xử lý đồ họa cao và đảm bảo trải nghiệm chơi game tuyệt vời.
Màn hình 15.6 inch rộng rãi, độ phân giải Full HD cho hình ảnh sắc nét, chân thực.
RAM 16 GB cùng ổ cứng 512 GB SSD rút ngắn thời gian mở máy, khởi động ứng dụng.","Nguyên hộp, đầy đủ phụ kiện từ nhà sản xuất
Bảo hành pin và bộ sạc 12 tháng","NVIDIA GeForce RTX 4060 8GB GDDR6
Intel UHD Graphics 770","Intel Core i7-13620H ( 2.4 GHz - 4.9 GHz, 24MB, 10 nhân / 16 luồng )",16,,,15.6,Windows 11 Home,1920x1080,"1x HDMI
1x USB Type C / DisplayPort / Power Delivery
2x USB 3.2
1x Thunderbolt 4
Audio combo
LAN 1 Gb/s",CellphoneS,
240266,https://cellphones.com.vn/macbook-air-m3-15-inch-2024-16gb-256gb.html,MacBook Air M3 15 inch 2024 16GB - 256GB sạc 70W | Chính hãng Apple Việt Nam,2799000000000.0,Giảm 15%,Mac,5.0,1.0,"Sức mạnh xử lý hàng đầu trên chip Apple M3 - Cân tốt mọi tác vụ từ đồ hoạ đến lập trình
Màn hình Liquid Retina 15.3 inch - Màu sắc hiển thị rực rỡ, sắc nét
Camera FaceTime HD 1080p - Đàm thoại, hội họp mọi lúc mọi nơi
Hỗ trợ sạc 70W - Nhanh chóng nạp đầy pin khi bạn cần","Mới, đầy đủ phụ kiện từ nhà sản xuất",GPU 10 Lõi,"CPU Apple M3 8 Lõi
Neural Engine 16 lõi",16,,,15.3,MacOS,,"Cổng sạc MagSafe 3
Hai cổng Thunderbolt / USB 4",CellphoneS,
212733,https://cellphones.com.vn/laptop-lenovo-thinkpad-e14-gen-5-21jk006bvn.html,Laptop Lenovo ThinkPad E14 GEN 5 21JK006BVN,1899000000000.0,Giảm 17%,Lenovo,,,"Trang bị chip Intel Core i5-1335U thế hệ 13 mới nhất, RAM 16GB và ổ cứng SSD 512GB PCIe, E14 Gen 5 xử lý mượt mà các tác vụ văn phòng, học tập và giải trí cơ bản.
Vỏ máy đạt tiêu chuẩn quân đội Mỹ MIL-STD 810H, trang bị cảm biến vân tay, bảo vệ dữ liệu an toàn.
Màn hình 14 inch cho chất lượng hiển thị tốt, góc nhìn rộng, thoải mái làm việc và giải trí.
Trang bị đầy đủ các cổng kết nối cần thiết như USB-C, HDMI, USB 3.2, dễ dàng kết nối với các thiết bị ngoại vi.
Trải nghiệm hệ điều hành Windows mới nhất với giao diện đẹp mắt, nhiều tính năng hiện đại và khả năng bảo mật nâng cao.","Nguyên hộp, đầy đủ phụ kiện từ nhà sản xuất
Bảo hành pin và bộ sạc 12 tháng",Intel Iris Xe,"Intel Core i5-1335U, 10C (2P + 8E) / 12T, P-core 1.3 / 4.6GHz, E-core 0.9 / 3.4GHz, 12MB",16,,,14.0,Windows 11 Home,1920x1200,"1x USB 2.0
1x USB 3.2 Gen 1 (luôn bật)
1x Thunderbolt 4 / USB4 40Gbps, 1x USB-C 3.2 Gen 2 (truyền dữ liệu, Power Delivery 3.0, DisplayPort 1.4)
1x HDMI 2.1, up to 4K/60Hz
1x Headphone / microphone combo jack (3.5mm)
1x Ethernet (RJ-45)",CellphoneS,
216134,https://cellphones.com.vn/apple-macbook-air-15-m4-10cpu-10gpu-24gb-512gb-2025.html,MacBook Air M4 15 inch 2025 10CPU 10GPU 24GB 512GB | Chính hãng Apple Việt Nam,4199000000000.0,,Mac,,,"MacBook Air 15 inch M4 mang thiết kế thanh lịch, độ mỏng ấn tượng 1.15 cm và trọng lượng chỉ 1.51 kg, phù hợp cho việc di chuyển.
Trang bị chip Apple M4 mạnh mẽ với 10 CPU và 10 GPU, cho khả năng xử lý đa tác vụ và đồ họa vượt trội so với thế hệ trước.
Bộ nhớ RAM 24GB cùng ổ cứng SSD 512GB đem lại trải nghiệm đa nhiệm mượt mà, tốc độ khởi động và truy xuất dữ liệu nhanh chóng.
Màn hình Liquid Retina 15.3 inch với độ phân giải 2880x1864 pixels, độ sáng 500 nits và dải màu P3 rộng, mang lại hình ảnh sống động và chân thực.","Máy mới 100%, đầy đủ phụ kiện từ nhà sản xuất. Sản phẩm có mã SA/A (được Apple Việt Nam phân phối chính thức).","GPU 10 lõi
Neural Engine 16 lõi
Công nghệ dò tia tốc độ cao bằng phần cứng
Băng thông bộ nhớ 120GB/s",CPU 10 lõi với 4 lõi hiệu năng và 6 lõi tiết kiệm điện,32,,,15.3,macOS,2880x1864,"Cổng sạc MagSafe 3
Jack cắm tai nghe 3.5 mm
Hai cổng Thunderbolt 4 (USB-C) hỗ trợ: Sạc / DisplayPort / Thunderbolt 4 (lên đến 40Gb/s) / USB 4 (lên đến 40Gb/s)",CellphoneS,
246501,https://cellphones.com.vn/laptop-msi-modern-15-b12mo-487vn.html,Laptop MSI Modern 15 B12MO-487VN,1399000000000.0,Giảm 28%,MSI,5.0,2.0,"Sở hữu thiết kế thanh lịch với gam màu đen sang trọng
CPU Intel Core i7-1255U mạnh mẽ cân mọi tác vụ văn phòng, học tập
RAM 16GB chuẩn DDR4 đa nhiệm, hỗ trợ duyệt web nhanh, không giật, lag
Ổ cứng 512GB SSD giúp mở máy, mở ứng dụng nhanh chóng
Màn hình 15.6 inch Full HD cho hình ảnh cực sắc nét, màu sắc chân thực","Nguyên hộp, đầy đủ phụ kiện từ nhà sản xuất
Bảo hành pin và bộ sạc 12 tháng",Intel Iris Xe Graphics,"Intel Core i7-1255U (10 lõi / 12 luồng, 3.50GHz up to 4.70GHz, 12MB)",16,,,15.6,Windows 11 Home,1920x1080,"1x USB 3.2 Gen2 Type-A
2x USB 2.0
1x USB Type-C (tích hợp Display Port) hỗ trợ sạc PD
1x HDMI (4K 60Hz)
1x Mic-in/ Headphone-out combo jack
1x Đầu đọc thẻ MicroSD",CellphoneS,
238697,https://cellphones.com.vn/laptop-lenovo-ideapad-slim-3-15-abr8-82xm00ejvn.html,Laptop Lenovo IdeaPad Slim 3 15 ABR8 82XM00EJVN,1299000000000.0,Giảm 10%,Lenovo,5.0,10.0,"Trang bị chip AMD Ryzen 5 7430U, RAM 16GB và ổ cứng SSD 512GB PCIe, IdeaPad Slim 3 15 xử lý mượt mà các tác vụ văn phòng, học tập và giải trí cơ bản.
Màn hình 15.6 inch Full HD cho chất lượng hiển thị tốt, góc nhìn rộng, thoải mái làm việc và giải trí.
Vỏ máy màu xám thanh lịch, thiết kế mỏng nhẹ, dễ dàng mang theo khi di chuyển.
Trang bị đầy đủ các cổng kết nối cần thiết như USB-C, HDMI, USB 3.2, dễ dàng kết nối với các thiết bị ngoại vi.
Lenovo IdeaPad Slim 3 15 ABR8 82XM00EJVN là sự lựa chọn hấp dẫn với mức giá phải chăng, phù hợp với học sinh, sinh viên và người dùng văn phòng.","Nguyên hộp, đầy đủ phụ kiện từ nhà sản xuất
Bảo hành pin và bộ sạc 12 tháng",AMD Radeon,"AMD Ryzen 5 7430U (6C / 12T, 2.3 / 4.3GHz, 3MB L2 / 16MB L3)",16,,,15.6,Windows 11 Home,1920x1080,"2x USB 3.2 Gen 1
1x Headphone / microphone combo jack (3.5mm)
1x USB-C 3.2 Gen 1 (hỗ trợ truyền dữ liệu, Power Delivery and DisplayPort 1.2)
1x HDMI 1.4 1x Headphone / microphone combo jack (3.5mm)
1x Đầu đọc thẻ
1x Đầu nối nguồn",CellphoneS,
208049,https://cellphones.com.vn/macbook-air-m3-13-inch-8cpu-10gpu-24gb-512gb-sac-70w.html,MacBook Air M3 13 inch 2024 8CPU 10GPU 24GB - 512GB Sạc 70W | Chính hãng Apple Việt Nam,3199000000000.0,Giảm 16%,Mac,,,"Sức mạnh xử lý hàng đầu trên chip Apple M3 - Cân tốt mọi tác vụ từ đồ hoạ đến lập trình
Màn hình Liquid Retina 13.6 inch - Màu sắc hiển thị rực rỡ, sắc nét
Camera FaceTime HD 1080p - Đàm thoại, hội họp mọi lúc mọi nơi
Hỗ trợ sạc nhanh chóng nạp đầy pin khi bạn cần","Máy mới 100%, đầy đủ phụ kiện từ nhà sản xuất. Sản phẩm có mã SA/A (được Apple Việt Nam phân phối chính thức).",GPU 10 Lõi,"CPU Apple M3 8 Lõi
Neural Engine 16 lõi",32,,,13.6,MacOS,,"Cổng sạc MagSafe 3
Hai cổng Thunderbolt / USB 4",CellphoneS,
232050,https://cellphones.com.vn/laptop-acer-aspire-5-spin-14-a5sp14-51mtn-78jh.html,Laptop Acer Aspire 5 Spin 14 A5SP14-51MTN-78JH,1699000000000.0,Giảm 15%,Acer,5.0,3.0,"Sở hữu thiết kế tối giản vỏ xám sang trọng, cùng trọng lượng gọn nhẹ chỉ 1.6 kg cho phép bạn mang theo bất kỳ đâu.
Intel Core i7-1355U xử lý nhanh các tác vụ văn phòng, hay giải trí, xem phim mượt mà.
RAM 16GB đa nhiệm, mở nhiều tab trình duyệt không gặp phải tình trạng giật lag.
Ổ cứng SSD 512GB giúp cho việc khởi động máy, ứng dụng được nhanh chóng.
Màn hình cảm ứng 14 inch Full HD+ thoải mái sáng tạo ngay trên chiếc màn hình máy.","Nguyên hộp, đầy đủ phụ kiện từ nhà sản xuất
Bảo hành pin và bộ sạc 12 tháng",Intel Iris Xe Graphics,"Intel Core i7-1355U (3.7 Ghz, up to 5.0 GHz, 24MB cache)",16,,,14.0,Win 11 Home,1920x1200,"1x USB Type-C
2x USB-A
1x HDMI 2.1
1x 3.5 mm headphone/speaker jack
1x DC-in jack for AC adapter",CellphoneS,
230652,https://cellphones.com.vn/laptop-dell-latitude-7400.html,Laptop Dell Latitude 7400,,,Dell,,,"Màn hình cảm ứng 14 inch Full HD cho hình ảnh sắc nét, chân thực
Chip Intel Core i5-8365U tiết kiệm điện
RAM tối đa 8GB cho phép mở nhiều tab duyệt web mà không lo lag, giật
256 GB M.2 NVMe PCIe giúp tăng khả năng lưu trữ dễ dàng quản lý cho công việc
Đa dạng cổng kết nối, đảm bảo quá trình làm việc không bị ngắt quảng","Nguyên hộp, đầy đủ phụ kiện từ nhà sản xuất
Bảo hành pin và bộ sạc 12 tháng",Intel UHD Graphics 620,"Intel Core i5-8365U Quad-Core (1.6 GHz - 4.1 GHz, 6 MB)",32,,,14.0,Windows 10 Pro,1920x1080,"2x USB-A 3.0 / 3.1/3.2 Gen 1
1x Thunderbolt 3 (DisplayPort và Sạc)
1x HDMI 1.4
1x 1/8"" / 3.5 mm Headphone/Microphone Input/Output
1x SD",CellphoneS,
231441,https://cellphones.com.vn/laptop-asus-expertbook-p5-p5405csa-nz0016w.html,Laptop ASUS ExpertBook P5 P5405CSA-NZ0016W,2369000000000.0,Giảm 15%,Laptop AI,,,"Trang bị vi xử lý Intel U5-226V, mang đến hiệu năng ổn định, phù hợp cho các tác vụ văn phòng và đa nhiệm hàng ngày.
16GB RAM và ổ cứng 512GB PCIe, máy cho phép người dùng lưu trữ nhiều dữ liệu và chạy nhiều ứng dụng cùng lúc mà không bị chậm.
Màn hình 14.0 inch WQXGA với tần số quét 144Hz cung cấp hình ảnh sắc nét, mượt mà, rất thích hợp cho việc xem phim và làm việc đồ họa cơ bản.
Laptop có thiết kế màu xám sang trọng, phù hợp với môi trường làm việc chuyên nghiệp và dễ dàng mang theo bên mình.","Nguyên hộp, đầy đủ phụ kiện từ nhà sản xuất
Bảo hành Pin + Chuột 2 năm",Intel Arc 130V GPU,"Intel Core Ultra 5 226V 16GB 1.6 GHz (8MB Cache, up to 4.5 GHz, 8 lõi, 8 luồng)",16,,,14.0,Windows 11 Home,2560x1600,"2x USB 3.2 Gen 2 Type-A
2x Thunderbolt 4, tương thích với USB4, hỗ trợ display / sạc
1x HDMI 2.1
1x 3.5mm Combo Audio Jack",CellphoneS,
204549,https://cellphones.com.vn/laptop-asus-vivobook-15x-oled-m3504ya-l1332w.html,Laptop ASUS Vivobook 15X OLED M3504YA-L1332W,1549000000000.0,Giảm 16%,ASUS,,,"Laptop không chỉ mạnh mẽ, đa năng, mà còn có màn hình OLED tuyệt đẹp
Bộ vi xử lý AMD Ryzen 7-7730U và card đồ họa AMD Radeon Graphics hỗ trợ học tập, làm việc cho đến giải trí
Bộ nhớ RAM 16 GB, ổ cứng SSD 512 GB cho thời gian mở máy, lướt web, mở ứng dụng nhanh chóng
Màn hình 15.6 inch cho bạn trải nghiệm hình ảnh sống động, rực rỡ và chi tiết, tỷ lệ tương phản cao và màu sắc chuẩn xác
Laptop còn có thiết kế đẹp mắt và bền bỉ và độ bền đạt chuẩn quân đội","Nguyên hộp, đầy đủ phụ kiện từ nhà sản xuất
Bảo hành pin và bộ sạc 12 tháng",AMD Radeon Graphics,"AMD Ryzen 7-7730U (2.0GHz, 8 lõi / 16 luồng, 16MB cache, up to 4.5 GHz max boost)",16,,,15.6,Windows 11 Home,1920x1080,"1x USB 2.0 Type-A
1x USB 3.2 Gen 1 Type-C hỗ trợ sạc
2x USB 3.2 Gen 1 Type-A
1x HDMI 1.4
1x 3.5mm Combo Audio Jack
1x DC-in",CellphoneS,
237525,https://cellphones.com.vn/macbook-pro-16-inch-m3-pro-2023-36gb-1tb.html,MacBook Pro 16 inch M3 Pro 2023 36GB 1TB | Chính hãng Apple Việt Nam,6999000000000.0,Giảm 13%,Mac,,,"Chip Apple M3 Pro với 12 CPU và 18 GPU mang đến hiệu năng xử lý mạnh mẽ, dễ dàng xử lý các tác vụ đồ họa, video chuyên nghiệp.
Màn hình Liquid Retina XDR với độ phân giải cao, dải màu rộng, tỷ lệ tương phản ấn tượng, mang đến trải nghiệm hình ảnh tuyệt vời.
Dung lượng 36GB RAM và ổ cứng SSD 1TB cho phép bạn lưu trữ thoải mái dữ liệu và chạy đa nhiệm mượt mà.
Thiết kế nguyên khối với màu đen sang trọng, tôn lên vẻ cao cấp và chuyên nghiệp.","Máy mới 100%, đầy đủ phụ kiện từ nhà sản xuất. Sản phẩm có mã SA/A (được Apple Việt Nam phân phối chính thức).","18 nhân
Neural Engine 16 nhân",Apple M3 Pro 12 nhân,16,,,16.2,MacOS,3024x1964,"Hai cổng Thunderbolt / USB 4 (USB-C)
Ba cổng Thunderbolt 4 (USB-C)
Cổng HDMI Cổng HDMI
Khe thẻ nhớ SDXC
Jack 3.5mm",CellphoneS,
203378,https://cellphones.com.vn/laptop-msi-modern-14-c12m-241vn.html,Laptop MSI Modern 14 C12M-241VN,1299000000000.0,Giảm 35%,MSI,,,"Sở hữu kích thước nhỏ gọn với màn hình 14 inch và trọng lượng chỉ vỏn vẹn 1.4 kg.
Bộ vi xử lý Intel Core i7-1255U hỗ trợ giải quyết nhanh gọn các tác vụ văn phòng, lướt web, xem phim hay giải trí với các tựa game nhẹ.
Xử lý tốt các tác vụ đồ họa cơ bản hay chỉnh sửa hình ảnh với card Intel Iris Xe Graphics.
Bộ nhớ RAM 8GB cho phép chuyển đổi qua lại nhiều ứng dụng cùng lúc.
Máy hỗ trợ nhiều cổng kết nối như: USB Type-A, HDMI, USB Type-C cực tiện lợi.","Nguyên hộp, đầy đủ phụ kiện từ nhà sản xuất
Bảo hành pin và bộ sạc 12 tháng",Intel Iris Xe Graphics,"Intel Core i7-1255U, 10 lõi/12 luồng up to 4.7GHz",16,,,14.0,Windows 11 Home,1920x1080,"1x USB 3.2 Gen2 Type-A
2x USB 2.0
1x USB Type-C (tích hợp Display Port)
1x HDMI (4K 60Hz)
1x Đầu đọc thẻ MicroSD
1x Mic-in/ Headphone-out combo jack",CellphoneS,
200033,https://cellphones.com.vn/macbook-pro-14-inch-m3-max-2023-36gb-1tb.html,MacBook Pro 14 M3 Max 36GB - 1TB | Chính hãng Apple Việt Nam,7099000000000.0,Giảm 11%,Mac,,,"Thiết kế sang trọng, thời thượng với mặt lưng nhôm cùng trọng lượng chỉ 1.55kg
Xử lý moi tác vụ nặng từ lập trình đến đồ hoạ với con chip M3 Max cùng 30 nhân GPU
Chất lượng hiển thị hàng đầu - màn hình 14.2 inch tấm nền retina
Bàn phím trang bị Touch ID cho phép mở khoá chỉ với 1 chạm
Tận hưởng chất lượng âm thanh chân thật với hệ thống 6 loa cùng công nghệ Dolby Atmos","Máy mới 100%, đầy đủ phụ kiện từ nhà sản xuất. Sản phẩm có mã SA/A (được Apple Việt Nam phân phối chính thức).","30 nhân
Neural Engine 16 nhân",Apple M3 Max 14 nhân,16,,,14.2,,3024x1964,"Ba cổng Thunderbolt 4 (USB-C)
Cổng HDMI
Khe thẻ nhớ SDXC
Jack 3.5mm",CellphoneS,
207987,https://cellphones.com.vn/macbook-pro-m4-pro-14-inch-12cpu-16gpu-24gb-1tb-2024.html,MacBook Pro 14 M4 Pro 12CPU 16GPU 24GB 1TB | Chính hãng Apple Việt Nam,5499000000000.0,,Mac,,,"Chip M4 Pro mạnh mẽ, sở hữu 12 nhân CPU và 16 nhân GPU, xử lý tác vụ chuyên nghiệp một cách nhanh chóng và hiệu quả.
RAM 24GB dung lượng lớn, cho phép đa nhiệm mượt mà, xử lý nhiều ứng dụng nặng cùng lúc mà không bị giật lag.
Ổ cứng SSD 1TB tốc độ cao, giúp khởi động máy và truy xuất dữ liệu nhanh chóng, tiết kiệm thời gian.
Màn hình Liquid Retina XDR 14.2 inch sắc nét với công nghệ ProMotion, mang lại trải nghiệm hình ảnh sống động và mượt mà.","Máy mới 100%, đầy đủ phụ kiện từ nhà sản xuất. Sản phẩm có mã SA/A (được Apple Việt Nam phân phối chính thức).","16 lõi
Neural Engine 16 lõi",Apple M4 Pro 12 lõi với 8 lõi hiệu năng và 4 lõi tiết kiệm điện,16,,,14.2,macOS,3024x1964,"Khe thẻ nhớ SDXC
Cổng HDMI
Jack cắm tai nghe 3.5 mm
Cổng MagSafe 3
Ba cổng Thunderbolt 5 (USB‑C) hỗ trợ: Sạc, DisplayPort, Thunderbolt 5 (lên đến 120Gb/s), Thunderbolt 4 (lên đến 40Gb/s), USB 4 (lên đến 40Gb/s)",CellphoneS,
227507,https://cellphones.com.vn/laptop-asus-vivobook-s-14-flip-tp3402va-lz118w.html,Laptop ASUS VivoBook S 14 FLIP TP3402VA-LZ118W,2199000000000.0,Giảm 17%,ASUS,5.0,3.0,"Kích thước nhỏ gọn 14 inch dễ dàng mang đi làm việc, cà phê
Chip Intel Core i9-13900H mạnh mẽ cân mọi tác vụ văn phòng
Ram 16GB vừa sử dụng Chrome, Word, Excel mà không lo bị giật, lag
SSD lên đến 512GB giúp việc khởi động, chạy các ứng dụng mượt mà
Bản lề gập 360 độ thoải mái sáng tạo ở mọi tư thế","Nguyên hộp, đầy đủ phụ kiện từ nhà sản xuất
Bảo hành pin và bộ sạc 12 tháng",Intel UHD Graphics,"Intel Core I9-13900H 2.6 GHz (24MB Cache, up to 5.4 GHz, 14 lõi / 20 luồng)",32,,,14.0,Windows 11 Home,1920x1200,"1x USB 2.0 Type-A
1x USB 3.2 Gen 2 Type-A
1x USB 3.2 Gen 2 Type-C (Display / Sạc)
1x HDMI 2.1 TMDS
1x 3.5mm Combo Audio Jack
1x DC-in",CellphoneS,
232405,https://cellphones.com.vn/laptop-surface-pro-9.html,Laptop Surface Pro 9,2649000000000.0,Giảm 12%,Laptop 13 inch,,,"Trọng lượng máy nhẹ chỉ 879 g rất dễ cho vào túi xách, balo.
Màn hình PixelSense Flow hỗ trợ cảm ứng với kích thước 13 inch, độ phân giải 2.8K cùng công nghệ hiển thị HDR Dolby Vision IQ, giúp tối ưu tối ưu điểm ảnh, đèn nền, màu sắc giúp hình ảnh trở nên tươi tắn, sống động hơn.
CPU Intel Core i5-1235U cho hiệu năng mạnh mẽ có thể đảm nhiệm mọi công việc từ cơ bản đến nâng cao, hơn nữa còn tối ưu khả năng tiết kiệm pin giúp kéo dài thời lượng sử dụng cho thiết bị.
RAM 8 GB LPDDR5 mới nhất, giúp thiết bị có thể hoạt động đa nhiệm tốt hơn.
Ổ cứng SSD 256 GB hỗ trợ lưu trữ nhiều file, tệp thiết kế, làm việc một cách nhanh gọn.
Máy trang bị cổng sạc Surface Connect, cổng cắm bàn phím chuyên dụng và hai cổng USB Type-C hỗ trợ kết nối Thunderbolt để người dùng có thể sạc hoặc mở rộng thêm bàn phím, màn hình sử dụng.","Mới, đầy đủ phụ kiện từ nhà sản xuất",Intel Iris Xe graphics,Intel Core i5-1235U Gen 12,32,,,13.0,Windows 11 Pro hoặc Windows 10 Pro,2880x1920,"2x USB-C với USB 4.0/Thunderbolt 4
1x Surface Connect port
1x Cổng kết nối bàn phím",CellphoneS,
221065,https://cellphones.com.vn/apple-macbook-air-13-m3-8cpu-10gpu-16gb-1tb-2024.html,MacBook Air M3 13 inch 2024 8CPU 10GPU 16GB 1TB | Chính hãng Apple Việt Nam,3199000000000.0,Giảm 16%,Mac,,,"Sức mạnh xử lý hàng đầu trên chip Apple M3 - Cân tốt mọi tác vụ từ đồ hoạ đến lập trình
Màn hình Liquid Retina 13,6 inch - Màu sắc hiển thị rực rỡ, sắc nét
Camera FaceTime HD 1080p - Đàm thoại, hội họp mọi lúc mọi nơi
Hỗ trợ sạc 35W - Nhanh chóng nạp đầy pin khi bạn cần","Máy mới 100%, đầy đủ phụ kiện từ nhà sản xuất. Sản phẩm có mã SA/A (được Apple Việt Nam phân phối chính thức).",GPU 10 Lõi,"CPU Apple M3 8 Lõi
Neural Engine 16 lõi",32,,,13.6,MacOS,,"Cổng sạc MagSafe 3
Hai cổng Thunderbolt / USB 4",CellphoneS,
228055,https://cellphones.com.vn/laptop-msi-prestige-14-evo-b13m-401vn.html,Laptop MSI Prestige 14 EVO B13M-401VN,1649000000000.0,Giảm 18%,MSI,,,"Laptop có màu bạc hiện đại, tạo ấn tượng chuyên nghiệp và thanh lịch cho người dùng.
Màn hình 14.0 inch FHD+ cung cấp hình ảnh sắc nét và màu sắc sống động, phù hợp cho cả công việc và giải trí.
Được trang bị bộ vi xử lý Intel Core i5-13500H và RAM 16GB, máy xử lý đa nhiệm mượt mà và nhanh chóng.
Ổ cứng 512GB PCIe cho phép khởi động và truy cập dữ liệu nhanh chóng, giúp tăng hiệu suất làm việc.","Nguyên hộp, đầy đủ phụ kiện từ nhà sản xuất
Bảo hành pin và bộ sạc 12 tháng",Intel Iris Xe graphics,"Intel Core i5 - 13500H (12 lõi / 16 luồng, 2.60 GHz, Turbo Boost 4.7 GHz,18 MB)",16,,,14.0,Windows 11 Home,1920x1200,"2x Thunderbolt 4 (DisplayPort/ Power Delivery 3.0)
1x Type-A USB3.2 Gen2
1x Đầu đọc thẻ Micro SD
1x HDMI 2.1 (4K @ 60Hz)
1x Mic-in/Headphone-out Combo Jack",CellphoneS,
248826,https://cellphones.com.vn/laptop-dell-latitude-5550-71047019.html,Laptop Dell Latitude 5550 71047019,2999000000000.0,Giảm 8%,Dell,,,"Trang bị vi xử lý Intel Core U7-165U, cung cấp hiệu suất mạnh mẽ cho các tác vụ đa nhiệm và công việc văn phòng.
Với 16GB RAM và ổ cứng 512GB PCIe, máy cho phép người dùng lưu trữ nhiều dữ liệu và chạy mượt mà các ứng dụng yêu cầu cao.
Màn hình 15.6 inch Full HD mang đến hình ảnh sắc nét và màu sắc trung thực, lý tưởng cho cả công việc và giải trí.
Thiết kế màu xám hiện đại, kiểu dáng thanh lịch, phù hợp cho môi trường làm việc chuyên nghiệp và dễ dàng di chuyển.","Nguyên hộp, đầy đủ phụ kiện từ nhà sản xuất
Bảo hành pin và bộ sạc 12 tháng",Intel UHD Graphics,"Intel Core Ultra 7 165U (12 MB cache, 12 lõi, 14 luồng, up to 4.9 GHz Turbo)",16,,,15.6,"Windows 11 Home, Single Language English",1920x1080,"1x RJ45
1x USB 3.2 Gen 1
1x USB 3.2 Gen 1 hỗ trợ PowerShare
2x Thunderbolt 4 (Sạc và DisplayPort)
1x Cổng âm thanh Universal
1x HDMI 2.1 TMDS
1x Khe cắm thẻ nhớ microSD",CellphoneS,
235692,https://cellphones.com.vn/laptop-msi-gaming-gf63-thin-11uc-1228vn.html,Laptop MSI Gaming GF63 Thin 11UC-1228VN,1649000000000.0,Giảm 21%,MSI,4.7,7.0,"Laptop Gaming với thiết kế mỏng nhẹ đi cùng lớp áo đen huyền bí, trọng lượng siêu nhẹ trong dòng laptop Gaming chỉ 1.86kg dễ dàng mang đi mọi nơi.
CPU Intel Core i7-11800H cùng card đồ họa RTX 3050 cân mọi tựa game phổ biến hiện nay ở mức đồ họa Medium đến Hight mà không thua kèm gì với những chiếc PC gaming.
Laptop RAM 8GB DDR4 cùng ổ cứng 512GB đa nhiệm mượt mà, cho không gian lưu trữ lớn, mở máy nhanh chóng, thao tác nhanh gọn mà không lo lag, giật.
Màn hình 15.6 inch, độ phân giải Full HD cùng tấm nền IPS mang đến khung hình chi tiết, sắc nét. Tần số quét 144Hz giúp cho thao tác xoay, lướt nhanh chóng giúp game thủ dễ dàng hạ đối thủ, chiến thắng mọi tựa game.
Máy trang bị nhiều cổng kết nối: USB Type-C, USB Type-A, HDMI, RJ45,... hỗ trợ kết nối, truyền, tải dữ liệu nhanh chóng.","Mới, đầy đủ phụ kiện từ nhà sản xuất","NVIDIA GeForce RTX 3050, 4GB GDDR6","Intel Core i7-11800H Gen 11 2.3GHz (up to 4.6GHz) 24MB, 8 nhân,16 luồng",32,,,15.6,Windows 11,1920x1080,"1x Type-C USB3.2 Gen1
3x Type-A USB3.2 Gen1
1x (4K @ 30Hz) HDMI
1x RJ45
1x Mic-in
1x Headphone-out",CellphoneS,
241823,https://cellphones.com.vn/laptop-lenovo-ideapad-1-14alc7-82r30078vn.html,Laptop Lenovo IdeaPad 1 14ALC7 82R30078VN,1199000000000.0,,Lenovo,,,"Được trang bị bộ vi xử lý AMD Ryzen 5 5500U, đáp ứng tốt nhu cầu làm việc và giải trí.
Có bộ nhớ RAM 16GB, cho phép đa nhiệm mượt mà với nhiều ứng dụng cùng lúc.
Ổ cứng SSD PCIe 512GB cung cấp không gian lưu trữ rộng rãi và tốc độ truy xuất nhanh.
Màn hình 14 inch Full HD cho trải nghiệm xem tốt với độ phân giải cao.
Chạy hệ điều hành Windows 11 mới nhất, tích hợp nhiều tính năng hiện đại.","Nguyên hộp, đầy đủ phụ kiện từ nhà sản xuất
Bảo hành pin và bộ sạc 12 tháng",AMD Radeon Graphics,"AMD Ryzen 5 5500U (6 lõi / 12 luồng, 2.1 / 4.0GHz, 3MB L2 / 8MB L3)",16,,,14.0,"Windows 11 Home Single Language, English",1920x1080,"1x USB 2.0
1x USB 3.2 Gen 1
1x USB-C 3.2 Gen 1 (Chỉ hỗ trợ truyền dữ liệu)
1x HDMI 1.4b
1x Headphone / microphone combo jack (3.5mm)
1x Đầu đọc thẻ
1x Đầu nối nguồn",CellphoneS,
240235,https://cellphones.com.vn/mac-mini-m4-pro-12cpu-16gpu-24gb-1tb-2024.html,Mac mini M4 Pro 2024 12CPU 16GPU 24GB 1TB | Chính hãng Apple Việt Nam,3999000000000.0,,Mac,,,"Hiệu năng chuyên nghiệp hàng đầu với chip M4 Pro cung cấp sức mạnh xử lý đồ họa và tính toán vượt trội, đáp ứng tốt nhu cầu của các chuyên gia sáng tạo.
Xử lý đồ họa siêu mượt mà mang lại hiệu suất đồ họa ấn tượng, các tác vụ đồ họa nặng như render video, chỉnh sửa ảnh độ phân giải cao và chơi game ở thiết lập cao.
Dung lượng RAM 24GB xử lý nhiều ứng dụng chuyên nghiệp cùng lúc mà không bị giật lag, tăng năng suất làm việc đáng kể.
Ổ cứng SSD 1TB cung cấp không gian lưu trữ rộng rãi và tốc độ truy xuất dữ liệu cực nhanh, giúp khởi động máy và mở ứng dụng gần như tức thời.","Máy mới 100%, đầy đủ phụ kiện từ nhà sản xuất. Sản phẩm có mã SA/A (được Apple Việt Nam phân phối chính thức).",GPU 16 lõi,"Apple M4 Pro 12 lõi với 8 lõi hiệu năng và 4 lõi tiết kiệm điện
Neural Engine 16 lõi",32,,,,macOS,,"Mặt trước:
Hai cổng USB‑C hỗ trợ cho USB 3
Jack cắm tai nghe 3,5 mm
Mặt sau:
Cổng Gigabit Ethernet
Cổng HDMI
Thunderbolt 5
USB 4
DisplayPort",CellphoneS,
213333,https://cellphones.com.vn/macbook-pro-2020-13-inch-touch-bar-m1-16gb.html,Apple MacBook Pro 13 Touch Bar M1 16GB 256GB 2020 I Chính hãng Apple Việt Nam,3699000000000.0,Giảm 14%,Mac,5.0,3.0,"Xử lý đồ hoạ mượt mà - Chip M1 cho phép thao tác trên các phần mềm AI, Photoshop, Render Video, phát trực tiếp ở độ phân giải 4K
Chất lượng hiển thị sắc nét - Độ phân giải retina màu sắc rực rỡ, tấm nền IPS cho góc nhìn 178 độ
Bảo mật cao - Trang bị cảm biến vân tay cho phép mở máy chỉ với 1 chạm
Mỏng nhẹ cao cấp - Mỏng chỉ 15.6mm, trọng lượng chỉ 1.4kg đồng hành cùng bạn mọi lúc mọi nơi
Cảm giác gõ thoải mái - Bàn phím magic khắc phục hầu hết các nhược điểm củ thế hệ trước","Máy mới 100%, đầy đủ phụ kiện từ nhà sản xuất. Sản phẩm có mã SA/A (được Apple Việt Nam phân phối chính thức).","8 nhân GPU, 16 nhân Neural Engine",8 nhân với 4 nhân hiệu năng cao và 4 nhân tiết kiệm điện,32,,,13.3,macOS Big Sur,2560x1600,2 cổng Thunderbolt / USB 4 ports,CellphoneS,
217647,https://cellphones.com.vn/laptop-lenovo-legion-slim-5-16ahp9-83dh003bvn.html,Laptop Lenovo Legion Slim 5 16AHP9 83DH003BVN,4009000000000.0,Giảm 11%,Lenovo,,,"Máy được trang bị vi xử lý AMD Ryzen 7 8845HS, mang lại hiệu suất mạnh mẽ cho các tác vụ nặng và chơi game.
Với 32GB RAM và ổ cứng SSD 1TB PCIe, người dùng có không gian lưu trữ lớn và tốc độ truy xuất dữ liệu ấn tượng.
Card đồ họa rời 8GB RTX 4060 giúp xử lý mượt mà các trò chơi và ứng dụng đồ họa chuyên sâu.
Màn hình 16.0 inch WQXGA với tần số quét 165Hz cung cấp hình ảnh sắc nét và trải nghiệm chơi game mượt mà.","Nguyên hộp, đầy đủ phụ kiện từ nhà sản xuất
Bảo hành pin và bộ sạc 12 tháng","NVIDIA GeForce RTX 4060 8GB GDDR6, Boost Clock 2370MHz, TGP 140W, 233 AI TOPS","AMD Ryzen 7 8845HS (8C / 16T, 3.8 / 5.1GHz, 8MB L2 / 16MB L3)",16,,,16.0,"Windows 11 Home Single Language, English",2560x1600,"1x HDMI 2.1, up to 8K/60Hz
1x Headphone / microphone combo jack (3.5mm)
1x Ethernet (RJ-45)
1x Đầu đọc thẻ
2x USB-A (10Gbps)
1x USB-C với PD 140W và DisplayPort 1.4
1x USB-C với DisplayPort 1.4
1x Đầu nối nguồn",CellphoneS,
246785,https://cellphones.com.vn/laptop-asus-tuf-gaming-fa506ihr-hn019w.html,Laptop Asus TUF Gaming FA506IHR HN019W,1559000000000.0,Giảm 26%,ASUS,5.0,1.0,"""Không ngán game nặng hay tác vụ 3D - Chip R5-4600H cùng card đồ họa GeForce GTX 1650
Ổ cứng SSD 512GB có không gian lưu trữ lớn cùng RAM 8GB có thể nâng cấp tối đa đến 32GB - Thoải mái nâng cấp
Không lo mỏi mắt với màn hình chống lóa 15.6 inches 144Hz đem lại sự thoải mái cho người dùng
Tích hợp HD 720p cho phép đàm thoại thông qua video thoải mái
Thiết kế vỏ nhựa cứng cáp, nặng 2.30 kg đem lại cảm giác cầm chắc tay
Máy đi kèm Windows 11 Home SL bản quyền
""","Nguyên hộp, đầy đủ phụ kiện từ nhà sản xuất
Bảo hành pin và bộ sạc 12 tháng",NVIDIA GeForce GTX 1650 4GB GDDR6,AMD Ryzen R5-4600H,16,,,15.6,Windows 11 Home SL,1920x1080,"3x USB 3.2 Gen 1 Type-A
1x USB 3.2 Gen 2 Type-C
1 x HDMI 2.0b
1 x MicroSD
1 x 3.5mm combo audio jack",CellphoneS,
202311,https://cellphones.com.vn/laptop-lenovo-thinkbook-14-g6-abp-21kj005hvn.html,Laptop Lenovo ThinkBook 14 G6 ABP 21KJ005HVN,1849000000000.0,Giảm 16%,Lenovo,5.0,3.0,"Bộ vi xử lý AMD Ryzen 7-7730U mang lại hiệu năng ổn định cho các tác vụ văn phòng và đa nhiệm.
16GB RAM DDR4 đáp ứng tốt nhu cầu sử dụng đa nhiệm của người dùng.
Ổ cứng SSD 512GB PCIe cung cấp tốc độ khởi động và truy xuất nhanh chóng.
Màn hình 14 inch WUXGA (1920 x 1200) cho hình ảnh sắc nét và chân thực.
Thiết kế vỏ máy bằng kim loại màu xám, kiểu dáng thanh lịch, phù hợp văn phòng.","Nguyên hộp, đầy đủ phụ kiện từ nhà sản xuất
Bảo hành pin và bộ sạc 12 tháng",AMD Radeon Graphics,"AMD Ryzen 7 7730U (8C / 16T, 2.0 / 4.5GHz, 4MB L2 / 16MB L3)",16,,,14.0,Windows 11 Home Single Language,1920x1200,"1x USB 3.2 Gen 1
1x USB 3.2 Gen 1 (Always On)
2x USB-C 3.2 Gen 2 (Truyền dữ liệu, Power Delivery 3.0 and DisplayPort 1.4)
1x HDMI 2.1, up to 4K/60Hz
1x Headphone / microphone combo jack (3.5mm)
1x Ethernet (RJ-45)
1x Đầu đọc thẻ SD",CellphoneS,
220868,https://cellphones.com.vn/laptop-asus-zenbook-14-oled-um3402ya-km405w.html,Laptop ASUS Zenbook 14 OLED UM3402YA-KM405W,2049000000000.0,Giảm 18%,ASUS,5.0,1.0,"CPU AMD Ryzen 5 7530U xử lý nhanh chóng mọi tác vụ học tập, văn phòng.
Màn hình 14 inch OLED 2.8K cho màu sắc hiển thị rực rỡ, chân thực cùng công nghệ lọc ánh sáng xanh lên đến 70%.
Đồ họa AMD Radeon Graphics dễ dàng chỉnh sửa hình ảnh cơ bản hay chơi các tựa game nhẹ.
Bộ nhớ RAM 16GB LPDDR4X chạy nhiều ứng dụng cùng lúc mà không lo lag giật.
Ổ cứng SSD 512GB cho tốc độc truy cập dữ liệu nhanh chóng.
Lớp vỏ được làm từ kim loại cao cấp, khối lượng gọn nhẹ chỉ 1.39 kg.","Nguyên hộp, đầy đủ phụ kiện từ nhà sản xuất
Bảo hành pin và bộ sạc 12 tháng",AMD Radeon Graphics,"AMD Ryzen 5 7530U (2.0GHz, 6 lõi / 12 luồng, 16MB cache, up to 4.5 GHz max boost)",16,,,14.0,Windows 11 Home,2880x1800,"1x USB 3.2 Gen 2 Type-A
2x USB 3.2 Gen 2 Type-C (Hỗ trợ hiển thị / sạc)
1x HDMI 2.1 TMDS
1x 3.5mm Combo Audio Jack
Đầu đọc thẻ Micro SD",CellphoneS,
209430,https://cellphones.com.vn/laptop-asus-rog-strix-g18-g814ju-n6143w.html,Laptop ASUS ROG Strix G18 G814JU-N6143W,3899000000000.0,Giảm 9%,ASUS,,,"Trang bị bộ vi xử lý Intel Core i7-13650HX, máy cung cấp hiệu suất mạnh mẽ cho các tác vụ đa nhiệm và ứng dụng nặng.
RAM 16GB kết hợp với ổ cứng 1TB PCIe giúp lưu trữ và truy xuất dữ liệu nhanh chóng, lý tưởng cho việc lưu trữ game và tài liệu.
Card đồ họa NVIDIA GeForce RTX 4050 6GB mang đến trải nghiệm hình ảnh mượt mà, phù hợp cho các tựa game hiện đại.
Màn hình 18.0 inch WQXGA với tần số quét 240Hz cho hình ảnh sắc nét và chuyển động nhanh, cung cấp trải nghiệm chơi game tuyệt vời.","Nguyên hộp, đầy đủ phụ kiện từ nhà sản xuất
Bảo hành pin và bộ sạc 12 tháng",NVIDIA GeForce RTX 4050 (194 AI TOPs) 6GB GDDR6,"Intel Core i7-13650HX (2.6 GHz 24M Cache, up to 4.9 GHz, 14 lõi: 6 P-cores and 8 E-cores)",16,,,18.0,Windows 11 Home,2560x1600,"1x RJ45 LAN
1x Thunderbolt 4 với DisplayPort (40Gbps)
1x USB 3.2 Gen 2 Type-C (DisplayPort / Sạc / G-SYNC) (10Gbps)
2x USB 3.2 Gen 2 Type-A (10Gbps)
1x HDMI 2.1 FRL
1x 3.5mm Combo Audio Jack",CellphoneS,
220371,https://cellphones.com.vn/laptop-msi-modern-15-b12mo-628vn.html,Laptop MSI Modern 15 B12MO-628VN,1219000000000.0,Giảm 16%,MSI,5.0,1.0,"Sở hữu thiết kế gọn nhẹ chỉ 1.7kg sẵn sàng theo bạn đi khắp nơi
Giải quyết nhanh mọi tác vụ văn phòng với CPU intel Core i5-1235U
RAM 16GB cùng ổ cứng 512GB SSD đa nhiệm giúp bạn duyệt web, mở máy, mở ứng dụng nhanh chóng
Màn hình 15.6 inch Full HD cùng tấm nền IPS, mang đến hình ảnh rõ nét và chất lượng
Trang bị đèn nền đơn sắc hỗ trợ cho các thao tác làm việc thêm thuận lợi ngay cả trong môi trường thiếu sáng","Nguyên hộp, đầy đủ phụ kiện từ nhà sản xuất
Bảo hành pin và bộ sạc 12 tháng",Intel Iris Xe graphics,Intel Core i5-1235U,16,,,15.6,Windows 11 Home,1920x1080,"1x Type-C (USB3.2 Gen2 / DP) với sạc PD
1x Type-A USB3.2 Gen2
2x Type-A USB2.0
1x Đầu đọc thẻ Micro SD
1x HDMI (4K @ 30Hz)
1x Mic-in/Headphone-out Combo Jack",CellphoneS,
226419,https://cellphones.com.vn/laptop-msi-gaming-bravo-15-c7vfk-275vn.html,Laptop MSI Gaming Bravo 15 C7VFK-275VN,2399000000000.0,Giảm 17%,Laptop AI,,,"Sở hữu cân nặng 2.25 kg là khá mỏng nhẹ trong dòng laptop gaming.
CPU AMD Ryzen R7-7735HS tối ưu hóa hiệu suất, tiết kiệm năng lượng, tản nhiệt xuất sắc hơn, giảm thiểu hiệu quả sự phát ra của nhiệt.
Card đồ họa RTX 4060 giúp xử lý tác vụ đồ họa và chơi game một cách mượt mà.
Ổ cứng SSD 512GB kết hợp với dung lượng RAM 16GB DDR5 mạnh mẽ hỗ trợ lưu trữ, thao tác cực mướt mà không lo giật lag.","Nguyên hộp, đầy đủ phụ kiện từ nhà sản xuất
Bảo hành pin và bộ sạc 12 tháng",NVIDIA GeForce RTX 4060 8GB Up to 2250MHz,"AMD Ryzen 7-7735HS (3.2 GHz, up to 4.75 GHz, 16 MB)",16,,,15.6,Windows 11 Home,1920x1080,"1x Type-C (USB3.2 Gen1 / DP)
2x Type-A USB 3.2 Gen1
1x Type-A USB 2.0
1x HDMI 2.1 (8K @ 60Hz)
1x RJ45
1x Mic-in/Headphone-out Combo Jack",CellphoneS,
225035,https://cellphones.com.vn/macbook-pro-m4-pro-14-inch-12cpu-16gpu-48gb-512gb-2024-sac-70w.html,MacBook Pro 14 M4 Pro 12CPU 16GPU 48GB 512GB Sạc 70W | Chính hãng Apple Việt Nam,5999000000000.0,,Mac,,,"Chip M4 Pro mạnh mẽ, sở hữu 12 nhân CPU và 16 nhân GPU, xử lý tác vụ chuyên nghiệp một cách nhanh chóng và hiệu quả.
RAM 48GB dung lượng lớn, cho phép đa nhiệm mượt mà, xử lý nhiều ứng dụng nặng cùng lúc mà không bị giật lag.
Ổ cứng SSD 512GB tốc độ cao, giúp khởi động máy và truy xuất dữ liệu nhanh chóng, tiết kiệm thời gian.
Màn hình Liquid Retina XDR 14.2 inch sắc nét với công nghệ ProMotion, mang lại trải nghiệm hình ảnh sống động và mượt mà.","Máy mới 100%, đầy đủ phụ kiện từ nhà sản xuất. Sản phẩm có mã SA/A (được Apple Việt Nam phân phối chính thức).","16 lõi
Neural Engine 16 lõi",Apple M4 Pro 12 lõi với 8 lõi hiệu năng và 4 lõi tiết kiệm điện,16,,,14.2,macOS,3024x1964,"Khe thẻ nhớ SDXC
Cổng HDMI
Jack cắm tai nghe 3.5 mm
Cổng MagSafe 3
Ba cổng Thunderbolt 5 (USB‑C) hỗ trợ: Sạc, DisplayPort, Thunderbolt 5 (lên đến 120Gb/s), Thunderbolt 4 (lên đến 40Gb/s), USB 4 (lên đến 40Gb/s)",CellphoneS,
232247,https://cellphones.com.vn/laptop-dell-inspiron-5310.html,Laptop Dell Inspiron 5310,,,Dell,,,"Mang thiết kế chắc chắn, nhưng trọng lượng chỉ 1.28kg cho bạn dễ dàng mang theo bên mình
Hiệu năng tốt đên từ con chip i3-1125G4 cho bạn xử lý ổn các tác vụ văn phòng
Màn hình 13.3 inch Full HD+ cho ra những thước phim, hình ảnh sắc nét
RAM 8GB cùng SSD 256 đủ dùng, lưu trữ tài liệu tốt","Nguyên hộp, đầy đủ phụ kiện từ nhà sản xuất
Bảo hành pin và bộ sạc 12 tháng",Intel UHD Graphics,"Intel Core i3 1125G4 2.00 GHz (up to 3.7 GHz, 4 nhân/ 8 luồng, 8 MB cache)",16,,,13.3,Windows 10 Home SL + Office Home & Student 2019 vĩnh viễn,1920x1200,1 x HDMI 1 x Jack tai nghe 3.5 mm 2 x Thunderbolt 4 USB-C 1 x USB 3.2 (Always on),CellphoneS,
205598,https://cellphones.com.vn/macbook-air-m3-15-inch-2024-8gb-512gb.html,MacBook Air M3 15 inch 2024 8GB - 512GB | Chính hãng Apple Việt Nam,2699000000000.0,Giảm 21%,Mac,,,"Sức mạnh xử lý hàng đầu trên chip Apple M3 - Cân tốt mọi tác vụ từ đồ hoạ đến lập trình
Màn hình Liquid Retina 15,3 inch - Màu sắc hiển thị rực rỡ, sắc nét
Camera FaceTime HD 1080p - Đàm thoại, hội họp mọi lúc mọi nơi
Hỗ trợ sạc 35W - Nhanh chóng nạp đầy pin khi bạn cần","Mới, đầy đủ phụ kiện từ nhà sản xuất",GPU 10 lõi,"CPU Apple M3 8 Lõi
Neural Engine 16 lõi",32,,,15.3,MacOS,,"Cổng sạc MagSafe 3
Hai cổng Thunderbolt / USB 4",CellphoneS,
233225,https://cellphones.com.vn/laptop-lg-gram-2023-14z90rs-g-ah54a5.html,Laptop LG Gram 2023 14Z90RS-G.AH54A5,2499000000000.0,Giảm 36%,LG,,,"Thiết kế laptop có vỏ ngoài được làm từ kim loại sang trọng, chắc chắc, trọng lượng nhẹ chỉ 999g, thuận tiện cho việc di chuyển
Sử dụng RAM 16GB cùng ổ cứng 512GB và trang bị thêm 2 khe cắm giúp tăng thêm không gian lưu trữ dữ liệu
Màn hình 14 inch độ phủ màu DCI-P3 lên đến 99% giúp hình ảnh, video trở nên sống động, rõ nét
Trang bị bàn phím có đèn led giúp bạn dễ dàng hoạt động trong môi trường thiếu sáng","Nguyên hộp, đầy đủ phụ kiện từ nhà sản xuất
Bảo hành pin và bộ sạc 12 tháng",Intel Iris Xe Graphics,"Intel Core i5-1340P (up to 4.6 GHz, 12MB, 12 lõi/luồng)",32,,,14.0,Windows 11 Home,2880x1800,"1x Jack cắm tai nghe
1x USB 4 Gen3x2 Type C
1x DC-in
2x USB 3.2 Gen2x1",CellphoneS,
247962,https://cellphones.com.vn/laptop-asus-tuf-gaming-f16-fx607ju-n3139w.html,Laptop ASUS TUF Gaming F16 FX607JU-N3139W,2849000000000.0,Giảm 8%,Laptop AI,,,"Cỗ máy mạnh mẽ dành cho game thủ với bộ vi xử lý Intel Core i7-13650HX, cung cấp hiệu suất vượt trội cho mọi tác vụ từ chơi game đến xử lý đồ họa.
RAM 16GB đảm bảo khả năng đa nhiệm mượt mà, cho phép người dùng chạy nhiều ứng dụng cùng lúc.
Ổ cứng 512GB PCIe mang lại tốc độ truy xuất dữ liệu nhanh chóng và không gian lưu trữ đủ lớn cho trò chơi và tài liệu.
Card đồ họa NVIDIA RTX 4050 6GB hỗ trợ đồ họa chất lượng cao, giúp trải nghiệm chơi game trở nên sống động và chân thực.
Màn hình 16.0 inch WUXGA với tần số quét 165Hz mang đến hình ảnh sắc nét và mượt mà, hoàn hảo cho cả game và giải trí.","Nguyên hộp, đầy đủ phụ kiện từ nhà sản xuất
Bảo hành pin và bộ sạc 12 tháng","NVIDIA GeForce RTX 4050 6GB GDDR6 (194 AI TOPs)
Intel UHD Graphics","Intel Core i7-13650HX 2.6 GHz 24M Cache, up to 4.9 GHz, 14 lõi: 6 P-cores and 8 E-cores)",16,,,16.0,Windows 11 Home,1920x1200,"1x RJ45 LAN
1x Thunderbolt 4 hỗ trợ DisplayPort (40Gbps)
1x USB 3.2 Gen 2 Type-C hỗ trợ DisplayPort / cung cấp điện / G-SYNC (10Gbps)
2x USB 3.2 Gen 1 Type-A (5Gbps)
1x HDMI 2.1 FRL
1x Giắc cắm âm thanh kết hợp 3.5mm",CellphoneS,
203359,https://cellphones.com.vn/macbook-pro-14-inch-m3-pro-36gb-512gb-sac-70w.html,MacBook Pro 14 M3 Pro 36GB - 512GB Sạc 70W | Chính hãng Apple Việt Nam,4799000000000.0,Giảm 20%,Mac,,,"Chip Apple M3 Pro với CPU 11 lõi, GPU 14 lõi và Neural Engine 16 lõi
RAM 36GB cùng ổ cứng lưu trữ SSD 512GB
Màn hình Liquid Retina XDR 14 inch sắc nét, rõ ràng
Ba cổng Thunderbolt 4, cổng HDMI, khe thẻ nhớ SDXC, giắc cắm tai nghe, cổng MagSafe 3
Bàn phím Magic Keyboard có đèn nền với Touch ID hỗ trợ bảo mật, mở khóa chỉ với 1 chạm.","Máy mới 100%, đầy đủ phụ kiện từ nhà sản xuất. Sản phẩm có mã SA/A (được Apple Việt Nam phân phối chính thức).","14 nhân
Neural Engine 16 nhân",Apple M3 Pro 11 nhân với 5 lõi hiệu năng và 6 lõi tiết kiệm điện,32,,,14.2,,3024x1964,"Ba cổng Thunderbolt 4 (USB-C)
Cổng HDMI
Khe thẻ nhớ SDXC
Jack 3.5mm",CellphoneS,
214590,https://cellphones.com.vn/laptop-msi-gaming-thin-15-b13uc-1411vn.html,Laptop MSI Gaming Thin 15 B13UC-1411VN,1899000000000.0,Giảm 14%,MSI,,,"Trang bị vi xử lý Intel Core i7-13620H, mang lại hiệu suất mạnh mẽ cho các trò chơi và ứng dụng đòi hỏi cao.
Với 16GB RAM và ổ cứng 512GB PCIe, máy cung cấp không gian lưu trữ đủ lớn và khả năng xử lý đa nhiệm mượt mà.
Card đồ họa NVIDIA RTX 3050 4GB giúp nâng cao trải nghiệm chơi game với đồ họa sắc nét và tốc độ khung hình mượt mà.
Màn hình 15.6 inch Full HD với tần số quét 144Hz mang đến hình ảnh sống động và phản hồi nhanh, lý tưởng cho game thủ.","Nguyên hộp, đầy đủ phụ kiện từ nhà sản xuất
Bảo hành pin và bộ sạc 12 tháng",NVIDIA GeForce RTX 3050 Laptop GPU + Intel UHD Graphics,Intel Core i7-13620H,16,,,15.6,Windows 11 Home,1920x1080,"1x Type-C (USB3.2 Gen1 / DisplayPort)
3x Type-A USB3.2 Gen1
1x HDMI (4K @ 30Hz)
1x RJ45
1x Mic-in
1x Headphone-out",CellphoneS,
245501,https://cellphones.com.vn/laptop-gigabyte-g5-kf-e3ph333sh.html,Laptop Gigabyte G5 KF-E3PH333SH,2099000000000.0,Giảm 19%,Laptop AI,5.0,1.0,"Laptop mang kiểu dáng cá tính, màn hình 15.6 inch rộng rãi
CPU Intel Core i5-12500H hỗ trợ thao tác nhanh chóng mọi tác vụ từ học tập, văn phòng cho đến giải trí
Card đồ họa RTX 4060 giúp bạn chơi mọi tựa game với mức đồ họa cao
Bàn phím hỗ trợ LED 15 màu cho mọi cuộc chơi trở nên hấp dẫn hơn bao giờ hết","Nguyên hộp, đầy đủ phụ kiện từ nhà sản xuất
Bảo hành pin và bộ sạc 12 tháng",NVidia Geforce RTX 4060 8GB GDDR6 + Intel Iris Xe Graphics,"Intel Core i5-12500H (2.5GHz~4.5GHz, 12 lõi / 16 luồng (4P + 8E), 18 MB Intel Smart Cache)",16,,,15.6,Windows 11 Home,1920x1080,"1x USB 2.0 (Type-A)
1x USB3.2 Gen1 (Type-A)
2x USB3.2 Gen2 (Type-C)
1x Mini DisplayPort 1.4
1x HDMI I Output port (with HDCP)
1 x 2-in-1 Audio Jack(Headphone / Microphone)
1x Microphone jack
1x RJ-45 LAN port
1x DC-in Jack",CellphoneS,
206651,https://cellphones.com.vn/laptop-lenovo-thinkpad-x1-carbon-gen-9.html,Laptop Lenovo Thinkpad X1 Carbon gen 9,,,Lenovo,,,"Sử dụng CPU i7-1165G7 cùng card đồ họa Intel Iris Xe giúp bạn xử lý hình ảnh tốt, giải quyết ổn thỏa các công việc văn phòng
Màn hình 14 inch kết hợp với màn hình chống chói, tính năng giảm ánh sáng xanh giúp bạn vừa bảo vệ mắt vừa có thể trải nghiệm hình ảnh sắc nét
RAM 32GB cùng ổ cứng SSD dung lượng 2TB giúp bạn lưu trữ được nhiều dữ liệu cùng chạy ổn thỏa nhiều tab cùng lúc
Thiết kế màu đen sang trọng cùng trọng lượng mỏng nhẹ, chỉ 1.13 kg giúp bạn dễ dàng mang theo bên mình","Nguyên hộp, đầy đủ phụ kiện từ nhà sản xuất
Bảo hành pin và bộ sạc 12 tháng",Intel Iris Xe,"Intel Core i7-1165G7 (4.70 GHz, 12MB cache), 4 nhân/ 8 luồng",16,,,14.0,Windows 11 Pro,1920x1200,"2 x Thunderbolt 4
2 x USB-A 3.2 Gen 1
1 x Tai nghe/micrô kết hợp
1 x HDMI 2.0
1 x Khe cắm Nano SIM
1 x Khe khóa Kensington",CellphoneS,
218958,https://cellphones.com.vn/laptop-acer-aspire-5-a515-58gm-59lj.html,Laptop Acer Aspire 5 A515-58GM-59LJ,1549000000000.0,Giảm 24%,Acer,4.8,4.0,"Sở hữu thiết kế hiện đại với lớp vỏ phủ lớp sơn màu xám trung tính, tạo cảm giác hài hòa cho mọi không gian làm việc
CPU Intel Core 5 13420H xử lý trơn tru mọi tác vụ thường ngày hay sử dụng Word, Excel, PowerPoint,....
Card NVIDIA GeForce RTX 2050 4GB mạnh mẽ, cân mọi tựa game phổ biến hiện nay nay cho đến lập trình, thiết kế
RAM 8 GB khả năng đa nhiệm mượt mà, mở cùng lúc nhiều tab Chrome và các ứng dụng khác như Spotify, Photoshop.... mà không gặp những hiện tượng giật lag
Ổ cứng SSD 512 GB dễ dàng truy xuất hay khởi động ứng dụng nhanh chóng","Nguyên hộp, đầy đủ phụ kiện từ nhà sản xuất
Bảo hành pin và bộ sạc 12 tháng",NVIDIA GeForce RTX 2050 4 GB GDDR6,"Intel Core i5-13420H (8 lõi / 12 luồng, up to 4.60 GHz, 12 MB)",16,,,15.6,Windows 11 Home,1920x1080,"1x Ethernet (RJ-45)
1x USB Type-C
2x USB 3.2 Gen 1
1x HDMI 2.1 hỗ trợ HDCP
1x 3.5 mm headphone/speaker jack",CellphoneS,
217820,https://cellphones.com.vn/laptop-dell-inspiron-15-3520-ytc9k.html,Laptop Dell Inspiron 15 3520 YTC9K,1259000000000.0,Giảm 10%,Dell,,,"Sở hữu thiết kế cá tính với màu đen mạnh mẽ.
Màn hình15.6 inch cùng cân nặng chỉ 1.90 kg dễ dàng bỏ laptop vào balo hay túi xách.
CPU Intel Core i5-1235U kết hợp card đồ họa Intel Iris Xe Graphics xử lý tốt các tác vụ nặng nhẹ khác nhau.
RAM 8 GB cùng ổ cứng 256 GB SSD đa nhiệm cực tốt, mở cùng lúc hàng chục tabs trên Google Chrome mà không lo bị giật lag.
Hỗ trợ Webcam, cho bạn thoải mái học online, làm việc trực tuyến,...","Nguyên hộp, đầy đủ phụ kiện từ nhà sản xuất
Bảo hành pin và bộ sạc 12 tháng",Intel Iris Xe Graphics,"Intel Core i5-1235U (15 W, 10 lõi (P: 2, E: 8) / 12 luồng, 1.30 GHz to 4.40 GHz , 12 MB)",16,,,15.6,Windows 11,1920x1080,"1x Đầu nối nguồn
1x HDMI 1.4
2x USB 3.2 Gen 1
1x Khe cắm thẻ SD
1x USB 2.0
1x Cổng tai nghe",CellphoneS,
221682,https://cellphones.com.vn/laptop-acer-aspire-lite-al14-51m-59bn.html,Laptop Acer Aspire Lite AL14-51M-59BN NX.KTXSV.001,,,Acer,,,"Hiệu năng vượt trội với Intel Core i5 xử lý đa nhiệm mượt mà mọi tác vụ học tập, văn phòng.
Màn hình 14 inch WUXGA - Hình ảnh sắc nét, màu sắc rực rỡ, trải nghiệm giải trí tuyệt vời.
Pin 3 cell 58 Wh - Sử dụng liên tục trong cả ngày dài, không lo gián đoạn công việc hay giải trí.
Thiết kế mỏng nhẹ 1.5kg, dễ dàng mang theo - Đồng hành cùng bạn mọi lúc mọi nơi, từ học tập, làm việc đến giải trí.","Nguyên hộp, đầy đủ phụ kiện từ nhà sản xuất
Bảo hành pin và bộ sạc 12 tháng",Intel UHD Graphics,"Intel Core i5-1235U (1.3 GHz - 4.4 GHz / 12MB / 10 nhân, 12 luồng )",32,,,14.0,Windows 11 Home SL,1920x1200,"1 x USB Type C/DisplayPort/Power Delivery
3 x USB 3.1
1 x HDMI
1x Audio combo",CellphoneS,
216891,https://cellphones.com.vn/laptop-dell-xps-9315.html,Laptop Dell XPS 9315,,,Dell,,,"Thiết kế với chất liệu nhôm cao cấp và được phủ một lớp sơn bạc trông vô cùng tinh tế và thanh lịch.
Kích thước máy nhỏ gọn chỉ 1.17kg dễ dàng mang máy di chuyển khắp nơi.
Được trang bị dòng chip U thế hệ thứ 12 mới nhất nhà Intel với hiệu năng mạnh mẽ, cân mọi tác vụ văn phòng cho đến đồ họa thiết kế 2D.
RAM 16GB và 512GB SSD hiệu suất cao cùng khả năng tối ưu điện năng tốt hơn.
Màn hình IPS có kích thước 13.4 inch, độ phân giải Full HD+ cho hình ảnh sắc nét, màu sắc rõ ràng đến từng chi tiết.","Mới, đầy đủ phụ kiện từ nhà sản xuất",Intel Iris Xe Graphics,"Intel Core i7 1265U, 10 lõi / 12 luồng",16,,,13.4,Windows 11,1920x1200,"2x Type-C
1x Thunderbolt",CellphoneS,
238097,https://cellphones.com.vn/laptop-lenovo-thinkpad-x1-carbon-gen-5.html,Laptop Lenovo Thinkpad X1 Carbon gen 5,,,Lenovo,,,"Sử dụng CPU Intel Core i5 6300U giúp bạn xử lý tốt các tác vụ văn phòng
Trang bị nhiều cổng kết nối giúp quá trình truyền và xuất dữ liệu trở nên dễ dàng, thông dụng hơn: Thẻ nhớ Micro SD, Cổng USB Type-C,...
Màn hình 14 inch kết hợp cùng độ phủ màu 100% sRGB cho chất lượng hiển thị hình ảnh trở lên tốt hơn
Thiết kế laptop sang trọng, mỏng nhẹ, trọng lượng chi 1.13 kg, thích hợp cho những bạn sinh viên mang theo bên mình
RAM 8GB kết hợp cùng ổ cứng SSD giúp bạn mở được nhiều tab và chứa được nhiều dữ liệu hơn","Nguyên hộp, đầy đủ phụ kiện từ nhà sản xuất
Bảo hành pin và bộ sạc 12 tháng",Intel HD 520,"Intel Core i5 6300U (3MB Cache, 2 nhân/4 luồng, 2.4GHz)",16,,,14.0,Windows 10 Pro,1920x1080,"2 x Cổng USB 3.1 Gen 1 Type-A
2 x Cổng USB Type-C tích hợp Thunderbolt 3
1 x Thẻ nhớ Micro SD
1 x Jack cắm tai nghe
1 x Cổng mini Display port
1 x Cổng HDMI
Ethernet Lenovo",CellphoneS,
203146,https://cellphones.com.vn/laptop-dell-latitude-7480.html,Laptop Dell Latitude 7480,,,Dell,,,"Mang thiết kế đơn giản, chắc chắn, trọng lượng gọn nhẹ chỉ 1.5 kg
Giải quyết nhanh mọi tác vụ văn phòng với CPU Intel Core i5-7300U
Ổ cứng 256GB SSD M2 hỗ trợ không gian lưu trữ đủ dùng
8GB RAM cho phép xử lý các tác vụ nhanh chóng, mở cùng lúc 10 tab trên Chrome cũng không bị giật, lag
Tích hợp đa dạng các cổng kết nối: USB-C, DisplayPort,... ","Mới, đầy đủ phụ kiện từ nhà sản xuất",Intel HD Graphics 620,Intel Core i5-7300U (2.6GHz up to 3.50 GHz 3MB),32,,,14.1,Windows 10 Home,1920x1080,"4x USB 3.0
1x Mini DisplayPort
1x Đầu đọc thẻ SD 4 trong 1
1x Headphone/microphone Combo",CellphoneS,
220586,https://cellphones.com.vn/laptop-msi-modern-14-c11m-011vn.html,Laptop MSI Modern 14 C11M-011VN,849000000000.0,Giảm 29%,MSI,4.4,5.0,"Thiết kế đơn giản, cá tính, trẻ trung với tone màu đen bao phủ
Màn hình 14 inch Full HD cho trải nghiệm hình ảnh vô cùng sắc nét
CPU Intel core i3-1115G4 cùng 8GB RAM DDR4 xử lý mượt các tác vụ văn phòng: Word, Excel,...
Card đồ họa Intel UHD Graphics hỗ trợ chỉnh ảnh, dựng video đơn giản
Không gian lưu trữ rộng rãi với ổ cứng 512GB SSD","Nguyên hộp, đầy đủ phụ kiện từ nhà sản xuất
Bảo hành pin và bộ sạc 12 tháng",Intel UHD Graphics,"Intel Core i3-1115G4 (3.00 GHz, up to 4.10 GHz, 6MB, 2 lõi / 4 luồng)",32,,,14.0,Windows 11 Home,1920x1080,"1x Type-C USB 3.2 Gen2 (Sạc PD)
1x Type-A USB 3.2 Gen2
2x Type-A USB2.0
1x (4K @ 60Hz) HDMI
1x Mic-in/Headphone-out
1x Micro SD",CellphoneS,
240282,https://cellphones.com.vn/laptop-lg-gram-2024-17z90s-g-ah78a5.html,Laptop LG Gram 2024 17Z90S-G.AH78A5,3499000000000.0,Giảm 29%,Laptop AI,5.0,1.0,"Màn hình 17 inch độ phân giải 2560x1600 mang đến không gian làm việc rộng rãi và hình ảnh sắc nét, sống động.
Được trang bị bộ vi xử lý Intel U7-155H, 16GB RAM và ổ cứng SSD 1TB PCIe xử lý mượt mà các tác.
Thiết kế mỏng nhẹ ấn tượng với trọng lượng chỉ 1.37kg, thuận tiện cho việc di chuyển.
Máy cài đặt sẵn hệ điều hành Windows 11 mới nhất, mang đến trải nghiệm sử dụng hiện đại và hiệu quả.","Nguyên hộp, đầy đủ phụ kiện từ nhà sản xuất
Bảo hành pin và bộ sạc 12 tháng",Intel Arc Graphics,Intel Core Ultra U7-155H,32,,,17.0,Windows 11 Home,2560x1600,"HDMI (4K@60Hz)
2x USB 3.2 Gen2x1
2x USB 4 Gen3x2 Type C (Sạc, DisplayPort, Thunderbolt 4)
4Pole Headset, US type
10/100 with RJ45 adapter (Option)",CellphoneS,
212106,https://cellphones.com.vn/macbook-air-15-inch-m2-2023-sac-70w.html,MacBook Air 15 inch M2 2023 8GB 256GB sạc 70W | Chính hãng Apple Việt Nam,2499000000000.0,Giảm 24%,Mac,5.0,2.0,"Hiệu năng hàng đầu với chip M2 - mạnh mẽ hơn 1.4 lần so với thế hệ trước giúp nâng cao hiệu suất làm việc
Mở ra không gian giải trí chân thật với màn hình Retina sắc nét
Trải nghiệm gõ thoải mái với bàn phím Apple Magic, mở khoá 1 chạm bằng Touch ID
Trang bị cổng thunderbolt thế hệ mới cho phép bạn truyền dữ liệu nhanh hơn bao giờ hết","Mới, đầy đủ phụ kiện từ nhà sản xuất",10 nhân GPU,Apple M2 8 nhân,16,,,15.3,MacOS,,"Cổng MagSafe, 2 cổng USB-C Thunderbolt 4, jack tai nghe 3.5mm",CellphoneS,
222185,https://cellphones.com.vn/laptop-lenovo-yoga-slim-7-14imh9-83cv001uvn.html,Laptop Lenovo Yoga Slim 7 14IMH9 83CV001UVN,2949000000000.0,Giảm 5%,Laptop AI,,,"Trang bị vi xử lý Intel Core U7-155H đặc biệt mạnh mẽ, cùng với 32GB RAM, đảm bảo hiệu suất cao cung cấp tốc độ xử lý nhạy bén và đa nhiệm mượt mà
Ổ cứng SSD PCIe 512GB cung cấp không gian lưu trữ lớn và tốc độ truy cập dữ liệu nhanh chóng
Màn hình WUXGA 14 inch cho hình ảnh sắc nét, trung thực, mang đến trải nghiệm xem phim, lướt web tuyệt vời
Thiết kế mỏng nhẹ và hoàn thiện cùng màu xám sang trọng, máy nổi bật không chỉ vì sự tiện lợi mà còn vì phong cách sống hiện đại","Nguyên hộp, đầy đủ phụ kiện từ nhà sản xuất
Bảo hành pin và bộ sạc 12 tháng",Intel Arc Graphics,"Intel Core Ultra 7 155H (16 lõi (6P + 8E + 2LPE) / 22 luồng, Max Turbo up to 4.8GHz, 24MB)",16,,,14.0,"Windows 11 Home Single Language
Office Home & Student 2021 (Được cài đặt sẵn trong máy)",1920x1200,"1x USB-A (USB 5Gbps / USB 3.2 Gen 1) luôn bật
2x USB-C (Thunderbolt 4 / USB4 40Gbps), với USB PD 3.1 và DisplayPort 1.4
1x HDMI 2.1, up to 4K/60Hz
1x Headphone / microphone combo jack (3.5mm)",CellphoneS,
232547,https://cellphones.com.vn/laptop-dell-latitude-3420.html,Laptop Dell Latitude 3420,,,Dell,,,"Mang thiết kế nguyên khối thanh lịch và sang trọng, trọng lượng máy nhẹ chỉ 1.5 kg
CPU Intel Core i5-1135G7 cho khả năng xử lý các tác vụ khác nhau một cách nhanh chóng và hiệu quả
Ổ cứng 256GB thoải mái tải file, phần mềm, dữ liệu học tập
RAM 8GB giúp chuyển đổi qua lại giữa các các tab không lo lag, giật
Màn hình 14 inch, độ phân giải HD giúp tái hiện hình ảnh rõ nét
HD Webcam hỗ trợ hình ảnh sắc nét trong các cuộc họp, call video, meet,...","Mới, đầy đủ phụ kiện từ nhà sản xuất",Intel Iris Xe Graphics,"Intel Core i5-1135G7 ( 2.4 GHz - 4.2 GHz, 8MB, 4 nhân / 8 luồng )",32,,,14.0,,1366x768,"1x HDMI
1x USB Type C / DisplayPort
2x USB 3.2
1x USB 2.0
1x Micro SD card slot, Audio combo, LAN 1 Gb/s",CellphoneS,
203247,https://cellphones.com.vn/laptop-lenovo-thinkpad-x1-carbon-gen-8.html,Laptop Lenovo Thinkpad X1 Carbon gen 8,,,Lenovo,,,"Sở hữu thiết kế cực mỏng nhẹ với trọng lượng chỉ 1.09 kg
CPU Intel Core i7 10610U giải quyết nhanh gọn mọi tác vụ từ nặng tới nhẹ
RAM 16GB cùng ổ cứng 512GB nhanh chóng tải và chạy đa nhiệm nhiều ứng dụng khác nhau
Màn hình 14 inch Full HD hỗ trợ làm việc, giải trí cực mãn nhãn
Trang bị Wifi 6 giúp kết nối nhanh chóng ngay khi thiết bị được khởi động","Nguyên hộp, đầy đủ phụ kiện từ nhà sản xuất
Bảo hành pin và bộ sạc 12 tháng",Intel UHD 620,"Intel Core i7 10610U (4 lõi / 8 luồng, 1.8GHz up to 4.9GHz, 8MB)",32,,,14.0,Windows 10,1920x1080,"2 x USB 3.1 Gen 1
2 x USB 3.1 Type-C Gen 2 / Thunderbolt 3 (displayport)
1 x HDMI 1.4b
1 x jack cắm headphone / microphone
Khe đọc thẻ MicroSD
1 x Đầu nối bên",CellphoneS,
208173,https://cellphones.com.vn/macbook-air-2020-m1-512gb.html,Apple MacBook Air M1 512GB 2020 I Chính hãng Apple Việt Nam,3499000000000.0,,Mac,5.0,3.0,"Hiệu năng vượt trội - Cân mọi tác vụ từ word, exel đến chỉnh sửa ảnh trên các phần mềm như AI, PTS
Đa nhiệm mượt mà - Ram 16GB thoải mái sử dụng nhiều tác vụ cùng lúc
Trang bị SSD 512GB - Cho thời gian khởi động nhanh chóng, tối ưu hoá thời gian load ứng dụng
Chất lượng hình ảnh sắc nét - Màn hình Retina cao cấp cùng công nghệ TrueTone cân bằng màu sắc
Thiết kế sang trọng - Nặng chỉ 1.29KG, độ dày 16.1mm. Tiện lợi mang theo mọi nơi","Máy mới 100%, đầy đủ phụ kiện từ nhà sản xuất. Sản phẩm có mã SA/A (được Apple Việt Nam phân phối chính thức).","GPU 8 nhân, 16 nhân Neural Engine",8 nhân với 4 nhân hiệu năng cao và 4 nhân tiết kiệm điện,16,,,13.3,macOS Big Sur,2560x1600,Two Thunderbolt / USB 4 ports,CellphoneS,
235840,https://cellphones.com.vn/laptop-lenovo-thinkpad-x1-carbon-gen-6.html,Laptop Lenovo Thinkpad X1 Carbon gen 6,,,Lenovo,,,"May có thiết kế mỏng, trọng lượng nhẹ chỉ 1.13 kg giúp bạn không cảm giác quá nặng trong quá trình di chuyển
Màn hình 14 inch phù hợp cho nhu cầu làm việc và giải trí
CPU i7 8550U mạnh mẽ, thích hợp giải quyết các tác vụ văn phòng
RAM 256GB kết hợp cùng ổ cứng SSD giúp bạn mở các tab một cách nhanh chóng không bị lag máy","Nguyên hộp, đầy đủ phụ kiện từ nhà sản xuất
Bảo hành pin và bộ sạc 12 tháng",Intel UHD 620,"Intel Core i7 8550U 1.8GHz (4 nhân / 8 lõi, up to 4GHz, 8MB cache)",16,,,14.0,Windows 10 Pro,1920x1080,"2 x cổng USB Type A 3.1 Gen 1 2 x cổng USB Type C 1 x HDMI 1 x Jack tai nghe 3.5mm 1 x khe nanoSim
1x micro SD",CellphoneS,
218379,https://cellphones.com.vn/laptop-lenovo-ideapad-3-14itl6-82h701qwvn.html,Laptop Lenovo IdeaPad 3 14ITL6 82H701QWVN,899000000000.0,Giảm 20%,Lenovo,,,"Mang thiết kế thanh lịch, tao nhã với cân nặng chỉ nhẹ vỏn vẹn 1.41 kg
Màn hình 14 inch Full HD cùng viền máy đã được thu nhỏ tạo cảm giác góc nhìn mở rộng hơn
Cân mọi tác vụ học tập, làm việc trên các phần mềm của nhà Office như Word, Excel, PowerPoint,... với CPU Intel Core i3 1115G4
Có thể nâng cấp lên RAM tối đa 16 GB hỗ trợ mở mượt mà trên 10 tab Chrome cùng lúc
Trang bị đầy đủ cổng kết nối USB 3.2, HDMI, USB 2.0, USB Type-C,... giúp bạn dễ dàng kết nối với mọi thiết bị tương thích","Nguyên hộp, đầy đủ phụ kiện từ nhà sản xuất
Bảo hành pin và bộ sạc 12 tháng",Intel UHD Graphics,"Intel Core i3-1115G4 (2 lõi / 4 luồng, 3.0 / 4.1GHz, 6MB)",16,,,14.0,Windows 11 Home,1920x1080,"1x USB 2.0
1x USB 3.2 Gen 1
1x USB-C 3.2 Gen 1 (chỉ hỗ trợ truyền dữ liệu)
1x HDMI 1.4b
1x Đầu đọc thẻ
1x Headphone / microphone combo jack (3.5mm)
1x Đầu nối nguồn",CellphoneS,
243699,https://cellphones.com.vn/laptop-lenovo-thinkpad-x1-carbon-gen-10.html,Laptop Lenovo Thinkpad X1 Carbon gen 10,,,Lenovo,,,"Màn hình 14 inch độ phân giải WUXGA cho chất lượng hình ảnh sắc nét với góc nhìn rộng
Card tích hợp Intel Iris Xe hỗ trợ thiết kế đồ họa cơ bản hay chiến game đơn giản mượt mà
Bộ nhớ RAM 16 GB chuẩn LPDDR5 đáp ứng tốt nhu cầu làm việc với mức hiệu năng cao
Ổ cứng SSD 512 GB NVMe PCIe cho tốc độ đọc ghi nhanh chóng cùng không gian lưu trữ ổn định
Màn hình cảm ứng có thể thao tác trực tiếp trên màn hình mà không cần tới chuột, bàn phím","Nguyên hộp, đầy đủ phụ kiện từ nhà sản xuất
Bảo hành pin và bộ sạc 12 tháng",Intel Iris Xe Graphics,"Intel Core i7 Alder Lake - 1260P (12 lõi / 16 luồng, 2.10 GHz, Turbo Boost 4.7 GHz, 18 MB)",16,,,14.0,Windows 11 Home SL,1920x1200,"1x HDM
1x Jack tai nghe 3.5 mm
1 x USB 3.2
2 x Thunderbolt 4 (hỗ trợ Power Delivery 3.0 and DisplayPort 1.4)
1 x USB 3.2 (Always on)",CellphoneS,
233214,https://cellphones.com.vn/laptop-dell-latitude-e7470.html,Laptop Dell Latitude E7470,,,Dell,,,"Thiết kế thanh lịch với các góc bo nhẹ, mềm mại
Màn hình 14 inch cùng độ phân giải Full HD cho hình ảnh chân thực, sắc nét
CPU Intel Core i5-6300U cân mọi tác vụ văn phòng cho đến học tập
RAM 8GB đa nhiệm hỗ trợ mở nhiều tab duyệt web cùng lúc
Ổ cứng 256GB cho không gian lưu trữ đủ dùng khi sao lưu các file làm việc, dữ liệu học tập
Hỗ trợ đa dạng cổng kết nối: HDMI, USB 3.0, Mini DisplayPort,...","Mới, đầy đủ phụ kiện từ nhà sản xuất",Intel HD Graphics 520,"Intel Core i5-6300U (2.4GHz, up to 3 GHz, 3M Cache)",32,,,14.0,Windows 10 Pro,1920x1080,"1x HDMI
1x Đầu đọc thẻ SD 4 trong 1
3x USB 3.0
1x Mini DisplayPort",CellphoneS,
237175,https://cellphones.com.vn/mac-mini-m4-pro-2024-12cpu-16gpu-24gb-2tb.html,Mac mini M4 Pro 2024 12CPU 16GPU 24GB 2TB | Chính hãng Apple Việt Nam,,,Mac,,,"Hiệu năng chuyên nghiệp hàng đầu với chip M4 Pro cung cấp sức mạnh xử lý đồ họa và tính toán vượt trội, đáp ứng tốt nhu cầu của các chuyên gia sáng tạo.
Xử lý đồ họa siêu mượt mà mang lại hiệu suất đồ họa ấn tượng, các tác vụ đồ họa nặng như render video, chỉnh sửa ảnh độ phân giải cao và chơi game ở thiết lập cao.
Dung lượng RAM 24GB xử lý nhiều ứng dụng chuyên nghiệp cùng lúc mà không bị giật lag, tăng năng suất làm việc đáng kể.
Ổ cứng SSD 2TB cung cấp không gian lưu trữ rộng rãi và tốc độ truy xuất dữ liệu cực nhanh, giúp khởi động máy và mở ứng dụng gần như tức thời.","Máy mới 100%, đầy đủ phụ kiện từ nhà sản xuất. Sản phẩm có mã SA/A (được Apple Việt Nam phân phối chính thức).",GPU 16 lõi,"Apple M4 Pro 12 lõi với 8 lõi hiệu năng và 4 lõi tiết kiệm điện
Neural Engine 16 lõi",16,,,,macOS,,"Mặt trước:
Hai cổng USB‑C hỗ trợ cho USB 3
Jack cắm tai nghe 3,5 mm
Mặt sau:
Cổng Gigabit Ethernet
Cổng HDMI
Thunderbolt 5
USB 4
DisplayPort",CellphoneS,
240432,https://cellphones.com.vn/laptop-lenovo-thinkpad-x1-carbon-gen-7.html,Laptop Lenovo Thinkpad X1 Carbon gen 7,,,Lenovo,,,"Máy có thiết kế mỏng, nhẹ với độ bền chuẩn quân đội
Màn hình 14 inch phù hợp cho nhu cầu làm việc và giải trí
CPU Intel Core i7 cực mạnh mẽ cân mọi tác vụ văn phòng
RAM lên tới 16GB và SSD 256GB hỗ trợ lưu trữ, mở máy, mở ứng dụng nhanh chóng
Máy cực nhẹ với cân nặng 1.09 kg dễ dàng bỏ gọn vào balo túi xách, mang theo máy theo khắp nơi","Nguyên hộp, đầy đủ phụ kiện từ nhà sản xuất
Bảo hành pin và bộ sạc 12 tháng",Intel UHD Graphics,"Intel Core i7 8565U (4 lõi / 8 luồng, 1.8GHz, 8MB)",16,,,14.0,Windows 10,1920x1080,"2x USB Type C
2x USB Type A
1x HDMI
1x Jack tai nghe 3.5mm
1x micro SD",CellphoneS,
219639,https://cellphones.com.vn/laptop-asus-zenbook-ux325ea-kg656w.html,Laptop Asus Zenbook UX325EA KG656W,1899000000000.0,Giảm 23%,ASUS,5.0,1.0,"Chip Core i5-1135G7 cùng card Intel Iris Xe Graphics - Thoả sức học tập, làm việc và giải trí trên các tựa game nhẹ
Ổ cứng 512GB SSD, mang lại tốc độ khởi động nhanh chóng, khả năng lưu trữ vượt trội
Màn hình Full HD kích thước 13.3 inch mang lại chất lượng hiển thị sắc nét.
Năng lượng bất tận cả ngày với viên pin 4 Cell 67WHr.
Tích hợp webcam 720p HD cho phép đàm thoại thông qua video thoải mái.
Thiết kế vỏ kim loại sang trọng, nặng 1.14 kg thuận tiện di chuyển, mang theo.
Máy đi kèm Windows 11 bản quyền.","Nguyên hộp, đầy đủ phụ kiện từ nhà sản xuất
Bảo hành pin và bộ sạc 12 tháng",Intel® Iris Xe Graphics,Intel Core i5-1135G7 2.4GHz up to 4.2GHz 8MB,32,,,13.3,Windows 11 Home SL,1920x1080,"2x Thunderbolt 4 USB-C
1x USB 3.2 Gen 1 Type-A
1x Standard HDMI 2.1",CellphoneS,
219347,https://cellphones.com.vn/laptop-lenovo-ideapad-gaming-3-15imh05-81y400x0vn.html,Laptop Lenovo Ideapad Gaming 3 15IMH05 81Y400X0VN,1916000000000.0,Giảm 13%,Lenovo,5.0,1.0,,"Nguyên hộp, đầy đủ phụ kiện từ nhà sản xuất
Bảo hành pin và bộ sạc 12 tháng",NVIDIA GeForce GTX 1650 4GB GDDR6,Intel Core i5-10300H,32,,,15.6,Window 10,1080x1920,"2 x USB 3.2 Gen 1
1 x USB-C 3.2 Gen 1
Kết nối HDMI/VGA
1 x HDMI 2.0
1 x headphone/microphone combo jack (3.5mm)",CellphoneS,
222329,https://cellphones.com.vn/laptop-dell-latitude-e5430.html,Laptop Dell Latitude E5430,,,Dell,,,"Chip Intel Core i5-3320M cho bạn xử lý ổn thỏa những tác vụng văn phòng
RAM 4GB cùng SSD 120GB cho bạn mở ổn thỏa trên 10 tab mà không lo giật lag
Màn hình 14 inch HD xuất ra hình ảnh chân thật, đẹp mắt
Trang bị nhiều cổng kết nối cho bạn truyền xuất dữ liệu nhanh chóng","Nguyên hộp, đầy đủ phụ kiện từ nhà sản xuất
Bảo hành pin và bộ sạc 12 tháng",Intel HD Graphics 4000,"Intel Core i5-3320M 2.6 Ghz (3M Cache, up to 3.30 GHz)",32,,,14.0,Windows 7,1366x768,,CellphoneS,
221162,https://cellphones.com.vn/apple-macbook-pro-14-m4-pro-14-cpu-20-gpu-48gb-1tb-2024.html,MacBook Pro 14 M4 Pro 14CPU 20GPU 48GB 1TB Nano | Chính hãng Apple Việt Nam,7379000000000.0,,Mac,,,"Chip M4 Pro mạnh mẽ, sở hữu 14 nhân CPU và 20 nhân GPU, xử lý tác vụ chuyên nghiệp một cách nhanh chóng và hiệu quả.
RAM 48GB dung lượng lớn, cho phép đa nhiệm mượt mà, xử lý nhiều ứng dụng nặng cùng lúc mà không bị giật lag.
Ổ cứng SSD 1TB tốc độ cao, giúp khởi động máy và truy xuất dữ liệu nhanh chóng, tiết kiệm thời gian.
Màn hình Liquid Retina XDR 14.2 inch sắc nét với công nghệ ProMotion, mang lại trải nghiệm hình ảnh sống động và mượt mà.","Máy mới 100%, đầy đủ phụ kiện từ nhà sản xuất. Sản phẩm có mã SA/A (được Apple Việt Nam phân phối chính thức).","20 lõi
Neural Engine 16 lõi",Apple M4 Pro 14 lõi với 10 lõi hiệu năng và 4 lõi tiết kiệm điện,16,,,14.2,macOS,3024x1964,"Khe thẻ nhớ SDXC
Cổng HDMI
Jack cắm tai nghe 3.5 mm
Cổng MagSafe 3
Ba cổng Thunderbolt 5 (USB‑C) hỗ trợ: Sạc, DisplayPort, Thunderbolt 5 (lên đến 120Gb/s), Thunderbolt 4 (lên đến 40Gb/s), USB 4 (lên đến 40Gb/s)",CellphoneS,
203875,https://cellphones.com.vn/laptop-dell-latitude-e5440.html,Laptop Dell Latitude E5440,,,Dell,,,"Mang thiết kế cá tính với vẻ ngoài mạnh mẽ, chắc chắn
CPU Intel core i5 4300U xử lý các tác vụ văn phòng cơ bản, giải trí, xem phim, nghe nhạc,...
Bộ nhớ RAM 4GB cùng ổ cứng 500GB giúp bạn có thể cùng lúc xem video, mở nhiều tab trên trình duyệt mà không bị chậm hay treo máy
Màn hình 14 inch HD cho mọi dữ liệu và hình ảnh được hiển thị khá tốt, màu sắc rõ ràng
Đa dạng cổng kết nối hỗ trợ truyền tải dữ liệu nhanh chóng","Nguyên hộp, đầy đủ phụ kiện từ nhà sản xuất
Bảo hành pin và bộ sạc 12 tháng",Intel Graphics HD 4400,Intel Core i5 - 4300U,32,,,14.0,Windows 8.1,1366x768,"1x USB
1x Đầu đọc thẻ SD
1x VGA
1x Mic In
1x RJ45 (LAN)
1x RJ11",CellphoneS,
215391,https://cellphones.com.vn/macbook-pro-14-inch-m3-pro-2023-18gb-2tb.html,MacBook Pro 14 M3 Pro 11 CPU - 14 GPU 18GB - 2TB | Chính hãng Apple Việt Nam,6099000000000.0,Giảm 6%,Mac,,,"Thiết kế sang trọng, thời thượng với mặt lưng nhôm cùng trọng lượng chỉ 1.55kg
Xử lý moi tác vụ với con chip M3 cùng 18 nhân GPU
Chất lượng hiển thị hàng đầu - màn hình 14.2 inch tấm nền retina
Bàn phím trang bị Touch ID cho phép mở khoá chỉ với 1 chạm
Tận hưởng chất lượng âm thanh chân thật với hệ thống 6 loa cùng công nghệ Dolby Atmos","Máy mới 100%, đầy đủ phụ kiện từ nhà sản xuất. Sản phẩm có mã SA/A (được Apple Việt Nam phân phối chính thức).","14 nhân
Neural Engine 16 nhân",Apple M3 Pro 11 nhân,16,,,14.2,,3024x1964,"Ba cổng Thunderbolt 4 (USB-C)
Cổng HDMI Cổng HDMI
Khe thẻ nhớ SDXC
Jack 3.5mm",CellphoneS,
219538,https://cellphones.com.vn/laptop-dell-inspiron-5425.html,Laptop Dell Inspiron 5425,,,Dell,,,"Hiệu năng được nâng cấp mạnh mẽ với Ryzen 5 - 5625U được tích hợp 16GB RAM
Trang bị đầy đủ hệ thống các cổng kết nối như cổng USB 3.2 Gen 1, USB 3.2 Gen 2 Type-C, HDMI 1.4, jack cắm 3.5mm và khe cắm thẻ SD.
Thiết kế sang trọng, gọn nhẹ chỉ 1.54kg thích hợp để mang đi khắp mọi nơi.
Không gian hiển thị tối ưu với công nghệ Dolby Vision cho hiệu ứng của màu đen có độ sâu hơn và vùng sáng chói trên nội dung của HDR.","Mới, đầy đủ phụ kiện từ nhà sản xuất",AMD Radeon Graphics,AMD R5-5625U,32,,,14.0,Windows 11,1920x1200,"1 x USB Type C
2 x USB Type A
HDMI
Jack tai nghe 3.5mm",CellphoneS,
204466,https://cellphones.com.vn/laptop-asus-tuf-gaming-a15-fa507xi-lp420w.html,Laptop ASUS TUF Gaming A15 FA507XI-LP420W,3249000000000.0,Giảm 14%,ASUS,5.0,2.0,"Hiệu năng mạnh mẽ với chip AMD Ryzen 9 7940HS, xử lý nhanh mọi tác vụ nặng.
RAM 16GB và SSD 512GB PCIe, cho khả năng đa nhiệm mượt mà và lưu trữ tốc độ cao.
Card đồ họa RTX 4070 8GB, mang đến trải nghiệm đồ họa ấn tượng và chơi game mượt.
Màn hình 15.6 inch FHD 144Hz, hiển thị sắc nét, mượt mà, tối ưu cho game thủ.","Nguyên hộp, đầy đủ phụ kiện từ nhà sản xuất
Bảo hành pin và bộ sạc 12 tháng","NVIDIA GeForce RTX 4070 8GB GDDR6
AMD Radeon Navi3 Graphics","AMD Ryzen 9 7940HS (8 lõi / 16 luồng, 16MB L3 cache, up to 5.2 GHz max boost)",32,,,15.6,Windows 11 Home,1920x1080,"1x RJ45 LAN
1x Type C USB 4 (DisplayPort / G-SYNC)
1x USB 3.2 Gen 2 Type-C (DisplayPort / power delivery / G-SYNC)
2x USB 3.2 Gen 1 Type-A
1x HDMI 2.1 FRL
1x 3.5mm Combo Audio Jack",CellphoneS,
231246,https://cellphones.com.vn/macbook-pro-m4-max-16-inch-14cpu-32gpu-36gb-1tb-nano.html,MacBook Pro 16 M4 Max 14CPU 32GPU 36GB 1TB Nano | Chính hãng Apple Việt Nam,9379000000000.0,,Mac,,,"Sở hữu sức mạnh đồ họa đỉnh cao với chip 14 nhân CPU và 32 nhân GPU, xử lý mượt mà các tác vụ đồ họa chuyên nghiệp.
RAM 36GB dung lượng lớn, cho phép đa nhiệm mạnh mẽ và xử lý các ứng dụng đòi hỏi nhiều tài nguyên một cách hiệu quả.
Ổ cứng SSD 1TB dung lượng lớn, lưu trữ thoải mái dữ liệu, dự án và ứng dụng.
Màn hình Liquid Retina XDR 16 inch với độ phân giải cao, màu sắc rực rỡ và độ chính xác màu sắc tuyệt vời, lý tưởng cho công việc chỉnh sửa hình ảnh và video.","Máy mới 100%, đầy đủ phụ kiện từ nhà sản xuất. Sản phẩm có mã SA/A (được Apple Việt Nam phân phối chính thức).","32 lõi
Neural Engine 16 lõi",Apple M4 Max 14 lõi với 10 lõi hiệu năng và 4 lõi tiết kiệm điện,32,,,16.2,macOS,3456x2234,"Khe thẻ nhớ SDXC
Cổng HDMI
Jack cắm tai nghe 3.5 mm
Cổng MagSafe 3
Ba cổng Thunderbolt 5 (USB‑C) hỗ trợ: Sạc, DisplayPort, Thunderbolt 5 (lên đến 120Gb/s), Thunderbolt 4 (lên đến 40Gb/s), USB 4 (lên đến 40Gb/s)",CellphoneS,
229975,https://cellphones.com.vn/macbook-air-13-m4-10cpu-10gpu-24gb-1tb-2025.html,MacBook Air M4 13 inch 2025 10CPU 10GPU 24GB 1TB Sạc 70W | Chính hãng Apple Việt Nam,4199000000000.0,,Mac,,,"MacBook Air 13 M4 2025 sở hữu thiết kế siêu mỏng nhẹ với màu sắc sang trọng, độ dày chỉ 1.13 cm và trọng lượng 1.24 kg.
Máy được trang bị chip M4 thế hệ mới nhất của Apple với 10 CPU và 10 GPU, mang lại hiệu năng xử lý mạnh mẽ và khả năng đồ họa ấn tượng.
RAM 24GB và ổ cứng SSD 1TB giúp đa nhiệm mượt mà, khởi động nhanh chóng và lưu trữ đủ dùng cho công việc hàng ngày.
Màn hình Liquid Retina 13.6 inch với độ phân giải 2560x1664 pixels cho hình ảnh sắc nét, màu sắc chân thực và độ sáng cao lên đến 500 nits.","Máy mới 100%, đầy đủ phụ kiện từ nhà sản xuất. Sản phẩm có mã SA/A (được Apple Việt Nam phân phối chính thức).","GPU 10 lõi
Neural Engine 16 lõi
Công nghệ dò tia tốc độ cao bằng phần cứng
Băng thông bộ nhớ 120GB/s",CPU 10 lõi với 4 lõi hiệu năng và 6 lõi tiết kiệm điện,16,,,13.6,macOS,2560x1664,"Cổng sạc MagSafe 3
Jack cắm tai nghe 3.5 mm
Hai cổng Thunderbolt 4 (USB-C) hỗ trợ: Sạc / DisplayPort / Thunderbolt 4 (lên đến 40Gb/s) / USB 4 (lên đến 40Gb/s)",CellphoneS,
226533,https://cellphones.com.vn/laptop-dell-xps-13-9350.html,Laptop Dell XPS 13 9350,,,Dell,,,"Sở hữu hiết kế siêu mỏng với độ dày chỉ 15 mm cùng kích thước 13.3 inch di động dễ dàng mang theo mọi nơi.
Màn hình cảm ứng IPS cùng độ phân giải 3200 x 1800 pixels cho hình ảnh cực nét, chân thực.
Cấu hình mạnh mẽ với chip Intel Core i7 và RAM 8 GB giúp máy chạy cùng lúc nhiều chương trình mà vẫn đảm bảo sự mượt mà.
Ổ cứng SSD 256 GB có tốc độ truy xuất cao giúp khởi động máy hay sao chép dữ liệu nhanh chóng.
Hệ điều hành Windows 10 bản quyền với giao diện đẹp và nhiều tính năng hữu ích.","Mới, đầy đủ phụ kiện từ nhà sản xuất",Intel HD Graphics,"Intel Core i7 - 6500U up to 3.10 GHz, 4 MB cache",16,,,13.3,Windows 10,3200x1800,USB,CellphoneS,
212939,https://cellphones.com.vn/laptop-lenovo-thinkpad-t14-gen-2.html,Laptop Lenovo Thinkpad T14 gen 2,,,Lenovo,,,"Sở hữu thiết kế sang trọng, thích hợp mang theo bên mình
Trang bị CPU i7 1165G7 mạnh mẽ, xử lý tốt các tác vụ văn phòng
Ổ cứng SSD dung lượng 2TB giúp bạn lưu trữ dữ liệu tốt
Trang bị nhiều cổng kết nối giuaps quá trình nhận, xuất dữ liệu trở nên dễ dàng
Màn hình 14 inch cùng độ sáng tối đa 500nits giúp bạn tận hưởng hình ảnh trở nên tốt hơn","Nguyên hộp, đầy đủ phụ kiện từ nhà sản xuất
Bảo hành pin và bộ sạc 12 tháng","Intel UHD tích hợp
Intel Iris Xe Graphics","Intel Core i7 1165G7 2.80 GHz (up to 4.70 GHz, 4 nhân/ 8 lòi, 12 MB cache)",32,,,14.0,Windows 11 Pro,1920x1080,"2 x USB-A 3.1 Gen 1 (1 luôn bật)
2 x USB-C Thunderbolt 3
1 x Đầu đọc thẻ MicroSD
1 x Đầu đọc thẻ thông minh
1 x Tai nghe/micrô kết hợp
1 x HDMI 2.0
1 x RJ45 (Optional)",CellphoneS,
218514,https://cellphones.com.vn/laptop-dell-g15-5530-i9hx161w11gr4060.html,Laptop Dell G15 5530 i9HX161W11GR4060,4099000000000.0,Giảm 11%,Dell,,,"Trang bị bộ vi xử lý Intel Core i9-13900HX mạnh mẽ, mang lại hiệu suất đáng kinh ngạc cho các tác vụ đa nhiệm và chơi game.
Với 16GB RAM và ổ cứng 1TB PCIe, người dùng có thể dễ dàng lưu trữ và xử lý dữ liệu lớn.
Màn hình 15.6 inch FHD với tần số quét 165Hz cung cấp hình ảnh sắc nét và mượt mà, lý tưởng cho trải nghiệm chơi game.
Card đồ họa NVIDIA RTX 4060 với 8GB VRAM hỗ trợ đồ họa 3D và hiệu suất gaming tuyệt vời.
Máy cũng đi kèm với hệ điều hành Windows 11 và bộ ứng dụng Office, đáp ứng nhu cầu làm việc và giải trí.","Nguyên hộp, đầy đủ phụ kiện từ nhà sản xuất
Bảo hành pin và bộ sạc 12 tháng","NVIDIA GeForce RTX 4060, 8GB GDDR6","Intel Core i9-13900HX (36MB Cache, Turbo Boost 5.4 GHz)",32,,,15.6,Windows 11 Home + Office Home & Student 2021,1920x1080,"1x RJ-45
3x USB 3.2 Gen 1
1x USB 3.2 Gen 2 (Type-C) có DisplayPort
1x giắc cắm tai nghe đa năng
1x HDMI 2.1",CellphoneS,
203130,https://cellphones.com.vn/laptop-dell-latitude-5480.html,Laptop Dell Latitude 5480,,,Dell,,,"Thiết kế với lớp vỏ đen lịch lãm cũng bộ khung máy chắc chắn
Màn hình 14 inch độ phân giải HD hỗ trợ hình ảnh hiển thị được sắc nét sinh động hơn
Chip Intel Core i5-6200U đáp ứng các nhu cầu học tập, giải trí với một số tựa game nhẹ
Card đồ họa Intel HD Graphics 520 cho phép chỉnh sửa ảnh cơ bản
SSD 256GB hỗ trợ công tác khởi động máy và xuất trình dữ liệu nhanh hơn","Nguyên hộp, đầy đủ phụ kiện từ nhà sản xuất
Bảo hành pin và bộ sạc 12 tháng",Intel HD Graphics 520,Intel Core i5-6200U 2.3GHz,32,,,14.0,Windows 10 Pro 64bit,1366x768,,CellphoneS,
247032,https://cellphones.com.vn/macbook-air-13-inch-m3-2023-24gb-1tb.html,Macbook Air M3 13 inch 2024 8CPU 10GPU 24GB - 1TB sạc 70W | Chính hãng Apple Việt Nam,,,Mac,,,"Chip Apple M3 với 8 nhân CPU và 10 nhân GPU cho hiệu năng mạnh mẽ, xử lý mượt mà các tác vụ đa nhiệm, chỉnh sửa ảnh, video và chơi game.
Màn hình Retina 13.6 inch với độ phân giải 2K cho hình ảnh sắc nét, màu sắc rực rỡ và góc nhìn rộng.
Thiết kế mỏng nhẹ dễ dàng mang theo bên mình, đồng thời vẫn đảm bảo độ bền bỉ và chắc chắn.
Pin dung lượng lớn cho thời lượng sử dụng lâu dài, giúp bạn làm việc và giải trí cả ngày mà không cần lo lắng về việc hết pin.","Máy mới 100%, đầy đủ phụ kiện từ nhà sản xuất. Sản phẩm có mã SA/A (được Apple Việt Nam phân phối chính thức).",GPU 10 Lõi,"CPU Apple M3 8 Lõi
Neural Engine 16 lõi",32,,,13.6,MacOS,,"Cổng sạc MagSafe 3
Hai cổng Thunderbolt / USB 4",CellphoneS,
238802,https://cellphones.com.vn/laptop-asus-vivobook-15-oled-a1505va-l1201w.html,Laptop ASUS VivoBook 15 OLED A1505VA-L1201W,2149000000000.0,Giảm 14%,ASUS,,,"Thiết kế gọn gàng có thể mang theo máy theo mọi nơi
CPU Intel Core i9-13900H kết hợp card Intel Iris Xe giúp nâng cao hiệu suất xử lý đồ họa
RAM 16 GB cùng ổ cứng SSD 512 GB cho tốc độ truy xuất nhanh, không gian lưu trữ đủ lớn
Laptop đạt chuẩn độ bền quân đội MIL STD 810H đảm bảo tính bền bỉ trong quá trình sử dụng
Bảo mật vân tay giúp bạn mở khoá nhanh chóng","Nguyên hộp, đầy đủ phụ kiện từ nhà sản xuất
Bảo hành pin và bộ sạc 12 tháng",Intel Iris Xe Graphics,"Intel Core i9-13900H 2.6 GHz (24MB Cache, up to 5.4 GHz, 14 lõi / 20 luồng)",16,,,15.6,Windows 11 Home,1920x1080,"1x USB 2.0 Type-A
1x USB 3.2 Gen 1 Type-C (Sạc)
2x USB 3.2 Gen 1 Type-A
1x HDMI 1.4
1x 3.5mm Combo Audio Jack
1x DC-in",CellphoneS,
245465,https://cellphones.com.vn/laptop-lenovo-thinkpad-t480.html,Laptop Lenovo Thinkpad T480,,,Lenovo,,,"Thiết kế pin với thời lượng sử dụng cực khủng lên đến 30.3 giờ
Bàn phím linh hoạt, hành trình phím sâu, có độ nảy cực tốt
Hiệu suất mạnh mẽ, cân mọi tác vụ văn phòng với CPU Intel Core i7-8650U
RAM 32GB cùng ổ cứng SSD 1TB bật hàng chục tab trên Chrome vẫn chạy mượt mà, trơn tru, không giật lag
Màn hình 14 inch HD cực sắc nét, hỗ trợ làm việc, giải trí nhanh chóng","Nguyên hộp, đầy đủ phụ kiện từ nhà sản xuất
Bảo hành pin và bộ sạc 12 tháng",Intel UHD 620,Intel Core i7-8650U,16,,,14.0,Windows 10 Pro 64-bit,1920x1080,"1x Intel Thunderbolt 3
1xUSB-C
2x USB 3.0
1x Headphone and microphone combo jack
1x Đầu đọc thẻ SD 4 trong 1 (SD, MMC, SDHC, SDXC)
1x HDMI
1x RJ45
1x Đầu đọc thẻ thông minh
1x Nano SIM",CellphoneS,
216068,https://cellphones.com.vn/laptop-hp-pavilion-14-dv0536tu-4p5g5pa.html,Laptop HP Pavilion 14-DV0536TU 4P5G5PA,1769000000000.0,Giảm 3%,HP,,,,"Nguyên hộp, đầy đủ phụ kiện từ nhà sản xuất
Bảo hành pin và bộ sạc 12 tháng",Intel® Iris® Xe Graphics,Core i5 1135G7 (upto 4.20 GHz - 8Mb),32,,,14.0,Windows 10 Home SL,1920x1080,"1 x SuperSpeed USB Type-C® 10Gbps signaling rate (USB Power Delivery, DisplayPort™ 1.4, HP Sleep and Charge)
2 x SuperSpeed USB Type-A 5Gbps signaling rate
1 x Mini DisplayPort™ via Type-C™
1 x HDMI 2.0 via Type-C™
1 x microSD med",CellphoneS,
233811,https://cellphones.com.vn/laptop-dell-vostro-15-3530-80gg93.html,Laptop Dell Vostro 15 3530 80GG93,,,Dell,,,"Trang bị bộ vi xử lý Intel Core i5-1335U hiệu năng ổn định.
Ram 16GB và ổ cứng SSD 512GB PCIe mang lại tốc độ khởi động nhanh.
Màn hình 15.6 inch Full HD với tần số quét 120Hz, trải nghiệm hình ảnh mượt mà.
Hệ điều hành Windows 11 kết hợp bộ Office giúp đáp ứng nhu cầu văn phòng.
Thiết kế mỏng nhẹ và gọn gàng, phù hợp cho mọi nhu cầu di động.","Nguyên hộp, đầy đủ phụ kiện từ nhà sản xuất
Bảo hành pin và bộ sạc 12 tháng",Intel Iris Xe Graphics,Intel Core i5-1335U (10 cores) - Max Turbo Frequency: 4.60 GHz,16,,,15.6,"Windows 11 Home Single Language 64-bit, Includes Office Home & Student 2021",1920x1080,"1 x USB 2.0 Type-A
1 x USB 3.2 Gen 1 Type-A
1 x USB 3.2 Gen 1 Type-C
1 x HDMI
1 x RJ45 (LAN)
1 x Headphone/ Microphone combo audio jack",CellphoneS,
202493,https://cellphones.com.vn/laptop-hp-elitebook-840-g8.html,Laptop HP Elitebook 840 G8,,,Laptop Core i7,,,"Sở hữu thiết kế mỏng nhẹ với trọng lượng chỉ 1.33kg
Màn hình 14 inch Full HD sắc nét, hình ảnh sinh động
CPU Intel Core i7 - 1165G7 mạnh mẽ đáp ứng đủ các nhu cầu học tập, làm việc
Dung lượng 512 GB cho không gian lưu trữ lớn, lưu tài liệu, file nhanh chóng
Trang bị đầy đủ các cổng kết nối thông dụng dễ dàng kết nối, truyền tải dữ liệu","Nguyên hộp, đầy đủ phụ kiện từ nhà sản xuất
Bảo hành pin và bộ sạc 12 tháng",Intel Iris Xe Graphics,Intel Core i7 - 1165G7,16,,,14.0,Windows 10,1920x1080,"2x USB 3.1 Type-C (Thunderbolt)
2x USB 3.1 Gen 1
1x Headphone/microphone combo
1x HDMI 1.4
1x AC power
1x Đầu đọc thẻ thông minh",CellphoneS,
223076,https://cellphones.com.vn/laptop-dell-latitude-7280.html,Laptop Dell Latitude 7280,,,Dell,,,"Trang bị con chip Intel Core i5 - 6200U cùng card Intel HD Graphics cho bạn xử lý ổn thỏa các tác vụ văn phòng
RAM 8GB cùng SSD 240GB cho bạn mở ổn thỏa nhiều tab nhưng không lo giật lag
Màn hình 12.5 inch Full HD giúp bạn xem hình ảnh, video một cách ổn thỏa
Trọng lượng laptop mỏng nhẹ chỉ 1.18kg giúp bạn thoải mái mang theo bên mình","Nguyên hộp, đầy đủ phụ kiện từ nhà sản xuất
Bảo hành pin và bộ sạc 12 tháng",Intel HD Graphics,Intel Core i5 - 6200U,32,,,12.5,,1920x1080,"1 x USB C
1 x Đầu đọc thẻ nhớ uSD 4.0 2
1 x USB 3.1
1 x HDMI
1 x RJ-45
1 x External uSIM",CellphoneS,
236243,https://cellphones.com.vn/laptop-dell-xps-15-9520.html,Laptop Dell XPS 15 9520,,,Dell,,,"Tấm nền OLED hỗ trợ cảm ứng đa điểm, cho phép bạn thao tác trực tiếp lên màn hình
Bộ vi xử lý Intel Core i9 12900HK cân mọi tác vụ công việc, thoải mái sáng tạo, khởi chạy những tác vụ nặng một cách mượt mà
Card đồ họa NVIDIA GeForce RTX 3050 Ti hỗ trợ chỉnh sửa ảnh, video, dựng hình 3D, lập trình và nhiều hoạt động chuyên sâu khác
RAM 16GB cùng ổ cứng SSD 512GB cho khả năng xử lý đa nhiệm, mở máy, mở ứng dụng chỉ trong tích tắc
Cảm biến vân tay mở khóa máy ngay lập tức mà không cần mật khẩu","Mới, đầy đủ phụ kiện từ nhà sản xuất","Intel Iris Xe
NVIDIA GeForce RTX 3050 Ti 4 GB GDDR6","Intel Core i9 - 12900HK (3.80 GHz, up to 5.00 GHz, 14 lõi / 20 luồng, 24 MB)",16,,,15.6,Windows 11 Home,3456x2160,"1x Đầu đọc thẻ
1x Jack 3.5 mm
1x Type C
2x Thunderbolt",CellphoneS,
227288,https://cellphones.com.vn/laptop-lenovo-thinkpad-t14-gen-3.html,Laptop Lenovo Thinkpad T14 gen 3,,,Lenovo,,,"Sở hữu CPU i7 1260P cùng card đồ họa Intel Iris Xe giúp bạ xử lý tốt các công việc văn phòng và xử lý ảnh nhẹ
Màn hình 14 inch có độ phân giải WUXGA giúp bạn trải nghiệm hình ảnh chân thật, sắc nét
Ổ cứng SSD có dung lượng 2TB, là không gian lưu trữ rộng lớn, không cần copy dữ liệu qua USB
Trang bị nhiều cổng kết nối giúp quá trình xuất/nhập dữ liệu trở nên thuận tiện
Thiết kế mỏng nhẹ, sang trọng, trọng lượng chỉ 1.36 kg giúp bạn không thấy khó chịu khi mang bên mình","Nguyên hộp, đầy đủ phụ kiện từ nhà sản xuất
Bảo hành pin và bộ sạc 12 tháng",Intel Iris Xe Graphics,"i7 1260P 3.4GHz (up to 4.7 GHz, 18MB Cache)",16,,,14.0,Windows 11,1920x1200,"2 x Intel Thunderbolt 4
2 x USB-A 3.2 Thế hệ 1
1 x HDMI2.0b
1 x Combo tai nghe/mic
1 x RJ45
1 x Khe sim",CellphoneS,
214798,https://cellphones.com.vn/laptop-lenovo-ideapad-slim-3-15irh8-83em003evn.html,Laptop Lenovo Ideapad Slim 3 15IRH8 83EM003EVN,,,Lenovo,,,"Được trang bị bộ vi xử lý Intel Core i7-13620H, đảm bảo hiệu suất mạnh mẽ và xử lý đa nhiệm mượt mà
16GB RAM giúp máy chạy mượt mà các ứng dụng nặng và đa nhiệm
Ổ cứng PCIe SSD 512GB, cung cấp không gian lưu trữ đủ lớn và tốc độ truy xuất dữ liệu nhanh chóng
Màn hình 15.6 inch cung cấp trải nghiệm xem phim và làm việc rộng rãi, độ phân giải cao Full HD mang lại hình ảnh sắc nét và chất lượng màu sắc tốt
Đa dạng cổng kết nối bao gồm USB, HDMI, cổng âm thanh, giúp kết nối với các thiết bị ngoại vi một cách linh hoạt","Nguyên hộp, đầy đủ phụ kiện từ nhà sản xuất
Bảo hành pin và bộ sạc 12 tháng",Intel UHD Graphics,"Intel Core i7-13620H (10 lõi (6P + 4E) / 16 luồng, P-core 2.4 / 4.9GHz, E-core 1.8 / 3.6GHz, 24MB)",16,,,15.6,Windows 11 Home Single Language,1920x1080,"2x USB 3.2 Gen 1
1x USB-C 3.2 Gen 1 (Truyền dữ liệu, Power Delivery, DisplayPort 1.2)
1x HDMI 1.4
1x Headphone / microphone combo jack (3.5mm)
1x Đầu đọc thẻ
1x Đầu nối nguồn",CellphoneS,
207282,https://cellphones.com.vn/laptop-asus-tuf-gaming-a15-fa506icb-hn355w.html,Laptop ASUS TUF Gaming A15 FA506ICB-HN355W,1689000000000.0,Giảm 16%,ASUS,,,"Chiến tốt mọi game ở mức đồ họa trung bình - cao , 2D, 3D  nhờ card đồ họa NVIDIA GeForce RTX 3050
CPU R5-4600H hỗ trợ giải quyết nhanh gọn các tác vụ văn phòng Word, Excel,...
Bộ nhớ RAM 8GB, có thể nâng cấp lên 32GB cùng ổ cứng SSD 512GB giúp mở máy trong tích tắc và không gian lưu trữ lớn
Tích hợp công nghệ chống ồn AI và công nghệ âm thanh DTS - Không còn trở ngại bị nhiễu âm thanh, cho chất lượng âm thanh rõ ràng
Đậm chất thiết kế gaming với vẻ ngoài chắc chắn cùng công nghệ chống chói trên màn hình có tần số 144Hz cho trải nghiệm tuyệt đối khi chơi game
Bàn phím được trang bị đèn nền 1-Zone RGB - thỏa sức chơi game trong điều kiện thiếu sáng
Có sẵn hệ điều hành Windows 11 Home bản quyền","Nguyên hộp, đầy đủ phụ kiện từ nhà sản xuất
Bảo hành pin và bộ sạc 12 tháng","NVIDIA GeForce RTX™ 3050 Laptop GPU
AMD Radeon™ Graphics",AMD Ryzen™ 5 4600H Mobile Processor,16,,,15.6,Windows 11 Home,1920x1080,"1x RJ45 LAN port
3x USB 3.2 Gen 1 Type-A\n
1x USB 3.2 Gen 1 Type-C support DisplayPort™
1x HDMI 2.0b
1x 3.5mm Combo Audio Jack",CellphoneS,
232649,https://cellphones.com.vn/laptop-dell-xps-9510.html,Laptop Dell XPS 9510,,,Dell,,,"Sở hữu thiết kế sang trọng với khung nhôm cứng cáp
Màn hình 15.6 inch cùng tấm nền OLED cho độ phân giải 3456 x 2160 pixel màn nhãn với từng khung ảnh
CPU Intel Core i7 11800H kết hợp RAM 16 GB cân mọi thao tác lướt web, thiết kế, chỉnh sửa chuyên nghiệp
Ổ cứng SSD 1024GB cho không gian rộng rãi lưu trữ mọi file, dữ liệu
Hỗ trợ cảm ứng siêu mượt giúp mọi thao tác thiết kế cực nhanh gọn","Mới, đầy đủ phụ kiện từ nhà sản xuất","Intel UHD Graphics
Nvidia Geforce RTX3050Ti",Intel Core i7 11800H (8 nhân / 16 luồng),32,,,15.6,Window 10 Home,3456x2160,"3x Type-C
1x Jack 3.5 mm
1x Thunderbolt",CellphoneS,
208649,https://cellphones.com.vn/laptop-dell-xps-13-9305.html,Laptop Dell XPS 13 9305,,,Dell,,,"Sở hữu thiết kế cực kỳ sang chảnh với nhôm nguyên khối vô cùng chắc chắn.
Laptop có tính cơ động cao, thuận tiện cho việc di chuyển với trọng lượng chỉ 1.29 kg.
Vi xử lý Intel Core i5-1135G7 đi kèm với card đồ hoạ Intel Iris Xe giúp bạn chỉnh sửa ảnh hay video cơ bản một cách dễ dàng.
Cảm biến vân tay tích hợp trên phím nguồn giúp mở máy nhanh chóng và bảo mật được nâng cao hơn.
Máy được trang bị các cổng kết nối như: USB Type-C, Jack tai nghe và Thunderbolt cho khả năng truy xuất, truyền tải dữ liệu nhanh hơn.","Mới, đầy đủ phụ kiện từ nhà sản xuất",Intel Iris Xe Graphics,"Intel Core i5 1135G7, 4 nhân, 8 luồng",32,,,13.3,Windows 10 Home,1920x1080,"3x Type-C
1x Jack 3.5 mm
1x Thunderbolt
1x Khe cắm thẻ nhớ MicroSD",CellphoneS,
245481,https://cellphones.com.vn/laptop-lenovo-yoga-slim-7-14acn6-82n7008vvn.html,Laptop Lenovo Yoga Slim 7 14ACN6 82N7008VVN,1599000000000.0,Giảm 41%,Lenovo,5.0,1.0,"8GB Ram onboard - Mở cùng lúc nhiều tab trình duyệt hay nhiều ứng dụng cùng lúc
512GB SSD cho phép lưu trữ các file nặng trên máy
Vỏ nhôm chắc chắn - vẻ ngoài sang trọng
Màn hình 14 inch, hỗ trợ cảm ứng - thoả sức sáng tạo","Nguyên hộp, đầy đủ phụ kiện từ nhà sản xuất
Bảo hành pin và bộ sạc 12 tháng",AMD Radeon tích hợp,"AMD Ryzen 7 5800U (8C / 16T, 1.9 / 4.4GHz, 4MB L2 / 16MB L3)",32,,,14.0,Windows 11 Home 64,1920x1080,"1x USB 3.2 Gen 1 (Luôn bật)
2x USB-C 3.2 Gen 1 (Hỗ trợ truyền dữ liệu, Power Delivery 3.0 và DisplayPort 1.4)
1x Headphone / microphone combo jack (3.5mm)",CellphoneS,
223486,https://cellphones.com.vn/laptop-gigabyte-g5-ge-51vn213sh.html,Laptop Gigabyte G5 GE-51VN213SH,1999000000000.0,Giảm 12%,Gigabyte,5.0,2.0,"Đáp ứng hoàn hảo nhu cầu giải trí, thiết kế đồ họa hay chiến những tựa game cấu hình cao với CPU Intel core i5 12500H và card đồ họa RTX 3050 mạnh mẽ.
Laptop được trang bị 16GB RAM DDR4 có thể xử lý đa tác vụ nặng và chuyển đổi giữa các tab một cách mượt mà. 
Ổ cứng 512GB SSD M.2 2280 PCIe NVMe cho không gian lưu trữ rộng lớn, tốc độ đọc và ghi siêu nhanh truy xuất dữ liệu chỉ mất vài giây.
Màn hình 15.6 inch cùng tấm nền IPS hỗ trợ gam màu 45% NTSC thiết kế hình ảnh với độ chính xác màu cao.
Tần số quét 144Hz giúp hình ảnh chuyển động mượt mà và chi tiết, đem lại lợi thế vượt trội khi chơi các tựa game như: CSGO, Valorant hay PUBG.
Tích hợp Webcam với độ phân giải HD cho hình ảnh luôn được sắc nét và chân thực trong các cuộc gọi Video, học Online, Skype, Zoom, Meet,...","Mới, đầy đủ phụ kiện từ nhà sản xuất",NVidia Geforce RTX 3050 4GB GDDR6,"Intel Core i5-12500H (12 lõi / 16 luồng, 4.50 GHz, 18 MB)",16,,,15.6,Windows 11 Home,1920x1080,"1x USB 2.0 Type-A
1x USB 3.2 Gen1 Type-A
2x USB 3.2 Gen 2 Type-C
1x Mini DP 1.4
1x HDMI 2.0 (HDCP)
1x Audio combo
1x Microphone
1x RJ-45 LAN port
1x DC-in Jack
1x Đầu đọc thẻ MircoSD",CellphoneS,
215686,https://cellphones.com.vn/laptop-asus-tuf-gaming-fx706hc-hx003t.html,Laptop ASUS TUF Gaming FX706HC-HX003T,2569000000000.0,Giảm 5%,ASUS,4.0,1.0,,"Nguyên hộp, đầy đủ phụ kiện từ nhà sản xuất
Bảo hành pin và bộ sạc 12 tháng",NVIDIA® GeForce RTX™ 3050 4GB,"Intel® i5-11400H Gen 11th (2.7GHz upto 4.5GHz, 6 Cores, 12 Threads, 12MB Cache, FSB 8GT/s)",16,,,17.3,Windows 10 Home SL,1920x1080,"3 x USB 3.1
1 x USB TypeC (Thunderbolt 4.0 / Display Port)
1 x HDMI
1 x LAN RJ45 10 / 100 / 1000Mbps
1 x microSD Card Reader
1 x Webcam HD 720p
1 x Jack Audio 3.5mm
1 x DTS:X® Ultra Audio™
1 x AC Power adapter jack",CellphoneS,
232673,https://cellphones.com.vn/laptop-gigabyte-g5-ke-52vn263sh.html,Laptop Gigabyte G5 KE-52VN263SH,,,Laptop 15.6 inch,,,"Bàn phím được trang bị dải đèn 15 màu - không còn lo ngại làm việc trong bóng tối
Dung lượng RAM 8GB có thể nâng cấp đến 64GB - làm chủ không gian lưu trữ
Chơi game đồ họa cao không còn là vấn đề với card đồ họa GeForce RTX 3060
Tần số màn hình 144Hz cho trải nghiệm mướt căng nét trên từng điểm ảnh
Hiệu năng ổn với con chip i5-12500H cân mọi tác vụ từ học tập đến giải trí
Sở hữu hệ điều hành Windows 11 tân tiến cung cấp nhiều giao diện mới mẻ","Mới, đầy đủ phụ kiện từ nhà sản xuất",,,16,,,,,,,CellphoneS,
204452,https://cellphones.com.vn/imac-m3-2023-24-inch-16gb-512gb.html,iMac M3 24 inch 8CPU 10GPU 16GB 512GB | Chính hãng Apple Việt Nam,,,Mac,,,"Chip M3 mạnh mẽ xử lý tốt mọi tác vụ đồ hoạ, làm việc hằng ngày
Xử lý nhiều tác vụ cùng lúc vô cùng hiệu quả với 16GB Ram cùng 512GB bộ nhớ trong
Hình ảnh hiển thị sống động trên màn hình Retina sắc nét
Tích hợp Webcam 1080P cho phép họp, trò chuyện online tiện lợi","Máy mới 100%, đầy đủ phụ kiện từ nhà sản xuất. Sản phẩm có mã SA/A (được Apple Việt Nam phân phối chính thức).",,,32,,,,,,,CellphoneS,
228388,https://cellphones.com.vn/laptop-asus-gaming-rog-strix-g531gt-al030t.html,Laptop ASUS Gaming ROG Strix G531GT-AL030T,2499000000000.0,,ASUS,,,,"Nguyên hộp, đầy đủ phụ kiện từ nhà sản xuất
Bảo hành pin và bộ sạc 12 tháng",,,32,,,,,,,CellphoneS,
207610,https://cellphones.com.vn/laptop-lenovo-thinkbook-14-g2-are.html,Laptop Lenovo Thinkbook 14 G2 ARE,,,Lenovo,,,,"Nguyên hộp, đầy đủ phụ kiện từ nhà sản xuất
Bảo hành pin và bộ sạc 12 tháng",,,32,,,,,,,CellphoneS,
214519,https://cellphones.com.vn/laptop-dell-vostro-5568.html,Laptop Dell Vostro 5568,,,Dell,,,"Thiết kế sang trọng chất liệu nhựa, nắp lưng bằng kim loại cứng cáp và sang trọng toát lên vẻ điềm đạm.
Xử lý tốt các ứng dụng đồ họa với CPU core i5 7200U kết hợp cùng 4GB RAM DDR4 và card đồ hoạ rời Geforce 940MX.
Màn hình HD xem phim sắc nét kết hợp công nghệ TrueLife LED-Backlit Display, giúp hình ảnh tươi sáng và chân thực.
Mở khoá màn hình không cần nhập mật khẩu nhờ khoá vân tay hiện đại.","Mới, đầy đủ phụ kiện từ nhà sản xuất",,,32,,,,,,,CellphoneS,
216605,https://cellphones.com.vn/laptop-alienware-x14-r1.html,Laptop Alienware X14 R1,,,Laptop Core i7,,,"Sở hữu độ phủ gam màu 100% DCI-P3 và độ sáng lên tới mức 400 nits cung cấp đủ độ chính xác màu tuyệt đối
Xử lý các tác vụ đồ họa chuyên nghiệp một cách trơn tru với Intel Core i7 Tiger Lake 14 nhân 20 luồng
cho khả khả năng chơi mượt các tựa game AAA và Esports với card đồ họa NVIDIA GeForce RTX 3050Ti
Sử dụng công nghệ Cyro-Tech độc quyền của Dell, cho khả năng tản nhiệt mát mẻ","Mới, đầy đủ phụ kiện từ nhà sản xuất",,,32,,,,,,,CellphoneS,
222161,https://cellphones.com.vn/laptop-dell-xps-13-9300.html,Laptop Dell XPS 13 9300,,,Dell,,,"Thuộc dòng laptop mỏng nhẹ, tinh tế với màn hình 13 inch gọn nhẹ, trọng lượng chỉ 1.2kg dễ dàng bỏ vào túi và mang theo đi học, đi làm.
Vỏ ngoài được làm từ nhôm cao cấp, chắc chắn, bảo vệ máy khỏi trầy xước khi sử dụng hàng ngày.
Độ phủ màu 100% sRGB cho độ chính xác màu cao.
CPU Intel Core i5 1035G1 kết hợp với RAM 8GB và ổ cứng SSD 256GB vận hành tốt các tác vụ văn phòng, lướt web, xem phim, hay kể cả xử lý file Excel có dung lượng  lớn.
Máy đi kèm các cổng kết nối phổ biế như: USB-Type-C, Thunderbolt 3, MicroSD.","Mới, đầy đủ phụ kiện từ nhà sản xuất",,,32,,,,,,,CellphoneS,
234488,https://cellphones.com.vn/macbook-pro-m4-pro-16-inch-14cpu-20gpu-24gb-512gb-nano.html,MacBook Pro 16 M4 Pro 14CPU 20GPU 24GB 512GB Nano | Chính hãng Apple Việt Nam,6879000000000.0,,Mac,,,"Mạnh mẽ với chip 14 nhân CPU và 20 nhân GPU, xử lý đa nhiệm mượt mà và đồ họa xuất sắc.
RAM 24GB cho phép chạy nhiều ứng dụng cùng lúc mà không bị giật lag, đáp ứng nhu cầu làm việc chuyên nghiệp.
Ổ cứng SSD 512GB tốc độ cao, giúp khởi động máy và truy xuất dữ liệu nhanh chóng.
Màn hình Liquid Retina XDR 16 inch sắc nét với độ phân giải cao, mang lại trải nghiệm hình ảnh sống động.","Máy mới 100%, đầy đủ phụ kiện từ nhà sản xuất. Sản phẩm có mã SA/A (được Apple Việt Nam phân phối chính thức).",,,32,,,,,,,CellphoneS,
241603,https://cellphones.com.vn/laptop-hp-elitebook-820-g3.html,Laptop HP Elitebook 820 G3,,,Laptop core i5,,,"Sở hữu chip Intel Core i5 6200U giúp bạn xử lý tốt các tác vụ văn phòng hàng ngày
RAM 8GB cho phép mở nhiều tab cùng lúc nhưng không lo giật lag
Ổ cứng SSD 256GB là không gian lưu trữ dữ liệu vừa đủ cho các tác vụ học tập, văn phòng
Sở hữu màu bạc sang trọng cùng kích thước nhẹ chỉ 1.28kg cho bạn mang theo dễ dàng bên mình","Nguyên hộp, đầy đủ phụ kiện từ nhà sản xuất
Bảo hành pin và bộ sạc 12 tháng",,,16,,,,,,,CellphoneS,
246367,https://cellphones.com.vn/laptop-hp-elitebook-8460p.html,Laptop HP Elitebook 8460P,,,Laptop core i5,,,"Sở hữu thiết kế tinh tế với vỏ cứng cáp, chắc chắn
Màn hình 14 inch HD cho hình ảnh thể hiện rõ ràng, sắc nét
Card đồ họa Intel HD Graphics đáp ứng tốt nhu cầu chỉnh ảnh, chơi game cơ bản
RAM 8GB cùng ổ cứng 250GB hỗ trợ lưu trữ, lướt web nhanh chóng","Nguyên hộp, đầy đủ phụ kiện từ nhà sản xuất
Bảo hành pin và bộ sạc 12 tháng",,,32,,,,,,,CellphoneS,
225313,https://cellphones.com.vn/laptop-gigabyte-g5-kf5-53vn383sh.html,Laptop Gigabyte G5 KF5-53VN383SH,2249000000000.0,Giảm 14%,Laptop core i5,,,"Sở hữu thiết kế đẹp mắt, gam màu đen sang trọng
CPU Intel Core i5-13500H xử lý nhanh chóng mọi tác vụ học tập, văn phòng
Card đồ họa RTX 4060 cân mọi tựa game với mức đồ họa cao nhất
RAM 8GB cùng ổ cứng 512GB cho không gian lưu trữ rộng rãi, hỗ trợ mở máy nhanh chóng
Màn hình 15.6 inch Full HD rộng rãi, tần số quét 144Hz bắt kịp mọi thao tác của đối thủ  ","Nguyên hộp, đầy đủ phụ kiện từ nhà sản xuất
Bảo hành pin và bộ sạc 12 tháng",,,16,,,,,,,CellphoneS,
211971,https://cellphones.com.vn/imac-m4-2024-24-inch-24gb-512gb.html,iMac M4 2024 24 inch 8CPU 8GPU 24GB 512GB | Chính hãng Apple Việt Nam,4499000000000.0,,Mac,,,"iMac M4 24 inch 2024 sở hữu hiệu năng mạnh mẽ nhờ chip M4 8 nhân CPU và 8 nhân GPU.
Màn hình Retina 24 inch sắc nét, sống động, mang đến trải nghiệm hình ảnh tuyệt vời.
RAM 24GB đảm bảo đa nhiệm mượt mà, xử lý nhiều tác vụ cùng lúc dễ dàng.
Ổ cứng SSD 512GB cung cấp không gian lưu trữ rộng rãi và tốc độ truy xuất dữ liệu nhanh chóng.","Máy mới 100%, đầy đủ phụ kiện từ nhà sản xuất. Sản phẩm có mã SA/A (được Apple Việt Nam phân phối chính thức).",,,32,,,,,,,CellphoneS,
241115,https://cellphones.com.vn/laptop-hp-probook-440-g9.html,Laptop HP Probook 440 G9,,,HP,,,"CPU i5-1235U cho hiệu năng cực kỳ ổn định dù sử dụng trong học tập hay văn phòng
RAM 8GB chuẩn DDR4 có thể đa nhiệm rất nhiều phần mềm cùng một lúc
Không gian ổ cứng siêu thoải mái giúp lưu trữ nhiều tệp và tài liệu với SSD 512GB
Chất lượng hiển thị hình ảnh rõ nét, màu sắc chân thực nhờ màn hình 14 inch, 45% NTSC","Nguyên hộp, đầy đủ phụ kiện từ nhà sản xuất
Bảo hành pin và bộ sạc 12 tháng",,,16,,,,,,,CellphoneS,
204660,https://cellphones.com.vn/macbook-air-m3-15-inch-24gb-512gb-2024-sac-70w.html,MacBook Air M3 15 inch 2024 24GB - 512GB Sạc 70W | Chính hãng Apple Việt Nam,3499000000000.0,Giảm 19%,Mac,,,"Chip Apple M3 với CPU 8 lõi, GPU 10 lõi và Neural Engine 16 lõi mạnh mẽ
Bộ nhớ thống nhất 24GB cùng ổ lưu trữ SSD 512GB rộng rãi
Màn hình Liquid Retina 15,3 inch với True Tone sắc nét
Bàn phím Magic Keyboard có đèn nền với Touch ID bảo mật an toàn cho thông tin cá nhân","Máy mới 100%, đầy đủ phụ kiện từ nhà sản xuất. Sản phẩm có mã SA/A (được Apple Việt Nam phân phối chính thức).",,,16,,,,,,,CellphoneS,
218361,https://cellphones.com.vn/laptop-hp-probook-450-g3.html,Laptop HP Probook 450 G3,,,HP,,,"Sở hữu thiết kế mỏng nhẹ nhưng khá chắc chắn
Màn hình LED 15.6 inch sắc nét, làm việc, giải trí thoải mái
CPU Intel Core i5-6200U cùng đồ họa Intel HD Graphics 520 đáp ứng đủ các nhu cầu học tập, làm việc
Dung lượng 500 GB cho không gian đủ lớn để lưu trữ tài liệu, hình ảnh, nhạc, phim,...
Trang bị đầy đủ các cổng kết nối thông dụng dễ dàng kết nối, truyền tải dữ liệu","Nguyên hộp, đầy đủ phụ kiện từ nhà sản xuất
Bảo hành pin và bộ sạc 12 tháng",,,16,,,,,,,CellphoneS,
201302,https://cellphones.com.vn/laptop-hp-elitebook-640-g9.html,Laptop HP Elitebook 640 G9,,,Laptop Core i7,,,"Người bạn đồng hành tuyệt vời khi sở hữu kích thước mỏng nhẹ chỉ 1.38kg cùng tông bạc sang trọng
Sở hữu chip i7 1255U mạnh mẽ, chắc hẳn sẽ đáp ứng tốt các nhu cầu văn phòng và hình ảnh
RAM 16GB giúp bạn tha hồ mở nhiều tab mà không lo giật lag
SSD 512GB cho bạn một không gian lưu trữ rộng lớn cùng khả năng khởi động nhanh chóng ứng dụng
Màn hình 14 inch Full HD cho ra hình ảnh chân thật, rõ nét","Nguyên hộp, đầy đủ phụ kiện từ nhà sản xuất
Bảo hành pin và bộ sạc 12 tháng",,,32,,,,,,,CellphoneS,
244936,https://cellphones.com.vn/laptop-hp-probook-6570b.html,Laptop HP Probook 6570B,,,HP,,,"Sở hữu thiết kế hiện đại, dễ dàng bỏ vào balo
CPU Intel Core i3-3110M hỗ trợ làm việc nhanh chóng
RAM 4GB cùng ổ cứng 320GB lưu trữ nhiều file, tài liệu
Màn hình rộng 15.6 inch thoải mái xem phim, giải trí
Trọng lượng chỉ 2.51 kg dễ dàng mang theo khắp nơi","Nguyên hộp, đầy đủ phụ kiện từ nhà sản xuất
Bảo hành pin và bộ sạc 12 tháng",,,32,,,,,,,CellphoneS,
219759,https://cellphones.com.vn/laptop-lenovo-ideapad-slim-5-16imh9-83dc001svn.html,Laptop Lenovo Ideapad Slim 5 16IMH9 83DC001SVN,2499000000000.0,Giảm 7%,Lenovo,,,"Bộ xử lý Intel Core Ultra 7, card đồ họa Intel Arc Graphics tích hợp, RAM 32GB và ổ cứng SSD 512GB mang lại hiệu quả xử lý mạnh mẽ , đáp ứng tốt các tác vụ văn phòng, giải trí và chơi game.
Trang bị màn hình OLED 16 inch 2K có tần số quét 120Hz, 400nits và hỗ trợ 100% DCI-P3 hình ảnh sắc nét, sống động và mượt mà.
Vỏ kim loại sang trọng, nhẹ nhàng với trọng lượng chỉ 1.82kg, bàn phím có đèn nền và bàn di chuột Mylar mang đến trải nghiệm sử dụng thoải mái thoải mái và tiện lợi.
Có Wi-Fi 6, Bluetooth 5.2, 2 cổng USB-A, 2 cổng USB-C, 1 cổng HDMI và 1 kết nối microSD cho kết nối đa nhiệm.","Nguyên hộp, đầy đủ phụ kiện từ nhà sản xuất
Bảo hành pin và bộ sạc 12 tháng",,,16,,,,,,,CellphoneS,
224284,https://cellphones.com.vn/macbook-pro-14-inch-m3-pro-128gb-8tb.html,MacBook Pro 14 M3 Pro 128GB - 8TB | Chính hãng Apple Việt Nam,19499000000000.0,,Mac,,,"Chip Apple M3 Pro mang đến hiệu năng xử lý vượt trội cho các tác vụ nặng như chỉnh sửa video, dựng phim 3D và lập trình.
RAM 128GB đa nhiệm mượt mà, cho phép bạn mở nhiều ứng dụng cùng lúc mà không lo giật lag.
Ổ lưu trữ SSD 8TB khổng lồ cho phép bạn lưu trữ mọi thứ bạn cần, từ tài liệu, hình ảnh đến video 8K.
Màn hình Liquid Retina XDR 14 inch hiển thị hình ảnh rực rỡ, sống động với độ sáng cao, độ tương phản ấn tượng và độ chính xác màu sắc tuyệt vời.","Máy mới 100%, đầy đủ phụ kiện từ nhà sản xuất. Sản phẩm có mã SA/A (được Apple Việt Nam phân phối chính thức).",,,16,,,,,,,CellphoneS,
229155,https://cellphones.com.vn/imac-24-m4-8cpu-8gpu-16gb-1tb-2024-ethernet.html,iMac M4 2024 24 inch 8CPU 8GPU 16GB 1TB Ethernet | Chính hãng Apple Việt Nam,4570000000000.0,,Mac,,,"iMac M4 24 inch 2024 sở hữu hiệu năng mạnh mẽ nhờ chip M4 8 nhân CPU và 8 nhân GPU.
Màn hình Retina 24 inch sắc nét, sống động, mang đến trải nghiệm hình ảnh tuyệt vời.
RAM 16GB đảm bảo đa nhiệm mượt mà, xử lý nhiều tác vụ cùng lúc dễ dàng.
Ổ cứng SSD 1TB cung cấp không gian lưu trữ rộng rãi và tốc độ truy xuất dữ liệu nhanh chóng.","Máy mới 100%, đầy đủ phụ kiện từ nhà sản xuất. Sản phẩm có mã SA/A (được Apple Việt Nam phân phối chính thức).",,,32,,,,,,,CellphoneS,
311178,https://www.thegioididong.com/laptop/asus-vivobook-go-15-e1504fa-r5-nj776w,Laptop Asus Vivobook Go 15 E1504FA R5 7520U/16GB/512GB/Win11 (NJ776W),126900000.0,,Asus,4.9,43.0,"Laptop Asus Vivobook Go 15 E1504FA R5 7520U (NJ776W) mang phong cách thiết kế sang trọng, hiệu năng mạnh mẽ cùng tính đa năng sử dụng, chắc chắn sẽ giúp bạn đáp ứng mọi tác vụ công việc và học tập hàng ngày một cách hiệu quả và chuyên nghiệp nhất.",Bảo hành chính hãng laptop 2 năm tại các trung tâm bảo hành hãng Xem địa chỉ bảo hành,AMD Ryzen 5 - 7520U,2.8GHz,32,1024.0,42.0,15.6,Windows 11 Home SL,1920x1080,"1 x USB 2.0
Jack tai nghe 3.5 mm
1 x USB 3.2
HDMI
USB Type-C",TheGioiDiDong,-12%
335362,https://www.thegioididong.com/laptop/macbook-air-13-inch-m4-16gb-256gb,Laptop MacBook Air 13 inch M4 16GB/256GB,269900000.0,,MacBook,4.9,1.0,"Không làm người dùng thất vọng, Apple đã cho ra mắt MacBook Air M4 16GB không chỉ là một chiếc laptop siêu mỏng nhẹ mà còn mang đến hiệu suất mạnh mẽ với chip Apple M4 và RAM 16 GB, cùng màn hình Liquid Retina rực rỡ và thời lượng pin ấn tượng. Sản phẩm này là sự lựa chọn hoàn hảo cho mọi nhu cầu, phù hợp cho cả người dùng văn phòng, sinh viên, đặc biệt là nhà sáng tạo nội dung, thiết kế đồ hoạ.",Bảo hành chính hãng laptop 1 năm tại các trung tâm bảo hành hãng Xem địa chỉ bảo hành,Apple M4 - Hãng không công bố,120 GB/s memory bandwidth,32,256.0,53.8,13.6,macOS Sequoia,2560x1664,"Jack tai nghe 3.5 mm
MagSafe 3
2 x Thunderbolt 4.0 (hỗ trợ USB 4, USB Type-C, DisplayPort và Power Delivery)",TheGioiDiDong,
327098,https://www.thegioididong.com/laptop/hp-15-fc0085au-r5-a6vv8pa,Laptop HP 15 fc0085AU R5 7430U/16GB/512GB/Win11 (A6VV8PA),136900000.0,,HP,4.9,4.0,"Nổi bật và quá thân quen trong phân khúc laptop học tập - văn phòng giá rẻ, chiếc laptop HP 15 fc0085AU R5 7430U (A6VV8PA) với cấu hình ổn định, vận hành hiệu quả mọi tác vụ từ làm việc đến giải trí đa phương tiện. Máy hội tụ đầy đủ các yếu tố để trở thành bạn trợ thủ lý tưởng cho người dùng.",Bảo hành chính hãng laptop 1 năm tại các trung tâm bảo hành hãng Xem địa chỉ bảo hành,AMD Ryzen 5 - 7430U,2.30 GHz,16,512.0,41.0,15.6,Windows 11 Home SL,1920x1080,"2 x USB Type-A
HDMI
1 x USB Type-C (chỉ hỗ trợ truyền dữ liệu)
1 x Headphone/microphone combo",TheGioiDiDong,-9%
333886,https://www.thegioididong.com/laptop/dell-inspiron-15-3520-i5-n5i5057w1,Laptop Dell Inspiron 15 3520 i5 1235U/16GB/512GB/120Hz/OfficeHS/Win11 (N5I5057W1),164900000.0,,Dell,4.9,5.0,"Laptop Dell Inspiron 15 3520 i5 1235U (N5I5057W1) là laptop tầm trung lý tưởng cho văn phòng, học sinh, sinh viên và người dùng cần thiết bị linh hoạt cho công việc và giải trí. Với vi xử lý Intel Core i5 thế hệ 12, máy mang đến hiệu suất ổn định, khả năng đa nhiệm mượt mà và thiết kế gọn nhẹ, phù hợp cho mọi nhu cầu sử dụng hàng ngày.",Bảo hành chính hãng laptop 1 năm tại các trung tâm bảo hành hãng Xem địa chỉ bảo hành,Intel Core i5 Alder Lake - 1235U,1.3GHz,32,2048.0,41.0,15.6,Windows 11 Home SL + Office Home & Student 2024 vĩnh viễn + Microsoft 365 Basic,1920x1080,"1 x USB 2.0
2 x USB 3.2
HDMI
1 x Headphone/microphone combo",TheGioiDiDong,
334997,https://www.thegioididong.com/laptop/acer-aspire-go-ag15-31p-30m4-i3-nxkrpsv004,Laptop Acer Aspire Go AG15 31P 30M4 i3 N305/8GB/256GB/Win11 (NX.KRPSV.004),100900000.0,,Acer,5.0,,"Laptop Acer Aspire Go AG15 31P 30M4 i3 N305 (NX.KRPSV.004) là một chiếc laptop sở hữu thiết kế gọn nhẹ, hiệu suất ổn định cùng màn hình lớn, đáp ứng hoàn hảo nhu cầu học tập, làm việc và giải trí nhẹ nhàng. Đây là lựa chọn lý tưởng cho sinh viên, nhân viên văn phòng hoặc những ai đang tìm kiếm một thiết bị đáng tin cậy với mức giá hợp lý.",Bảo hành chính hãng laptop 1 năm tại các trung tâm bảo hành hãng Xem địa chỉ bảo hành,Intel Core i3 Alder Lake chuỗi N - N305,1.8GHz,16,1024.0,50.0,15.6,Windows 11 Home SL,1920x1080,"Jack tai nghe 3.5 mm
2 x USB 3.2
HDMI
USB Type-C",TheGioiDiDong,-8%
323920,https://www.thegioididong.com/laptop/hp-15-fd0234tu-i5-9q969pa,Laptop HP 15 fd0234TU i5 1334U/16GB/512GB/Win11 (9Q969PA),158900000.0,,HP,4.9,4.0,"Tích hợp tuyệt vời với đa dạng chế độ làm việc trong ngày, đẩy cao hiệu suất tư duy sáng tạo cũng như nâng hiệu quả công việc của bạn lên cao nhất với laptop HP 15 fd0234TU i5 1334U (9Q969PA), được tích hợp con chip Gen 13 hiện đại, khối lượng nhẹ nhàng cùng cấu trúc cực kì dễ dàng mang theo bên mình.",Bảo hành chính hãng laptop 1 năm tại các trung tâm bảo hành hãng Xem địa chỉ bảo hành,Intel Core i5 Raptor Lake - 1334U,1.3GHz,32,512.0,41.0,15.6,Windows 11 Home SL,1920x1080,"Jack tai nghe 3.5 mm
2 x USB 3.2
HDMI
USB Type-C",TheGioiDiDong,-19%
332365,https://www.thegioididong.com/laptop/lenovo-loq-15iax9e-i5-83lk000bvn,Laptop Lenovo Gaming LOQ Essential 15IAX9E i5 12450HX/16GB/512GB/4GB RTX2050/144Hz/Win11 (83LK000BVN),176900000.0,,Lenovo,4.9,1.0,"Laptop Lenovo Gaming LOQ Essential 15IAX9E i5 12450HX (83LK000BVN) không chỉ là một chiếc laptop, mà là vũ khí mạnh mẽ giúp bạn chinh phục mọi đấu trường ảo. Với ngoại hình hầm hố, thiết kế đậm chất gaming và cấu hình siêu mạnh mẽ, chiếc máy này chắc chắn sẽ mang lại những trải nghiệm chơi game không thể tuyệt vời hơn.",Bảo hành chính hãng laptop 2 năm tại các trung tâm bảo hành hãng Xem địa chỉ bảo hành,Intel Core i5 Alder Lake - 12450HX,Hãng không công bố,32,1024.0,57.0,15.6,Windows 11 Home SL,1920x1080,"2 x USB 3.2
HDMI
1 x USB Type-C (chỉ hỗ trợ truyền dữ liệu)
1 x Headphone/microphone combo
LAN (RJ45)",TheGioiDiDong,-11%
325477,https://www.thegioididong.com/laptop/asus-asus-vivobook-15-oled-a1505za-i5-ma415w,Laptop Asus Vivobook 15 OLED A1505ZA i5 12500H/16GB/512GB/120Hz/Win11 (MA415W),164900000.0,,Asus,4.9,10.0,"Laptop Asus Vivobook 15 OLED A1505ZA i5 12500H (MA415W) không chỉ ghi điểm bởi thiết kế hiện đại mà còn chinh phục người dùng với màn hình OLED sắc nét, sống động cùng hiệu năng mạnh mẽ, đáp ứng mọi nhu cầu học tập, văn phòng và giải trí.",Bảo hành chính hãng laptop 2 năm tại các trung tâm bảo hành hãng Xem địa chỉ bảo hành,Intel Core i5 Alder Lake - 12500H,2.5GHz,16,512.0,50.0,15.6,Windows 11 Home SL,2x8,"1 x USB 2.0
Jack tai nghe 3.5 mm
2 x USB 3.2
HDMI
USB Type-C",TheGioiDiDong,-17%
326124,https://www.thegioididong.com/laptop/msi-thin-15-b12ucx-i5-2046vn,Laptop MSI Gaming Thin 15 B12UCX i5 12450H/16GB/512GB/4GB RTX2050/144Hz/Win11 (2046VN),156900000.0,,MSI,5.0,,,,,,16,,,,,,,TheGioiDiDong,-17%
332578,https://www.thegioididong.com/laptop/acer-aspire-7-a715-76-53pj-i5-nhqgesv007,Laptop Acer Aspire 7 A715 76 53PJ i5 12450H/16GB/512GB/Win11 (NH.QGESV.007),139900000.0,,Acer,4.9,,,,,,32,,,,,,,TheGioiDiDong,-12%
326050,https://www.thegioididong.com/laptop/hp-15-fd0303tu-i3-a2nl4pa,Laptop HP 15 fd0303TU i3 1315U/8GB/512GB/Win11 (A2NL4PA),114900000.0,,HP,5.0,4.0,"Nếu bạn đang tìm kiếm một chiếc laptop HP cơ bản để phục vụ cho việc học hoặc làm việc văn phòng đến thiết kế đồ họa nhẹ nhàng thì còn chần chừ gì nữa mà không tham khảo ngay laptop HP 15 fd0303TU i3 1315U (A2NL4PA). Sản phẩm này ngoại hình hiện đại, gọn gàng sẵn sàng đồng hành cùng bạn ở bất kì đâu.",Bảo hành chính hãng laptop 1 năm tại các trung tâm bảo hành hãng Xem địa chỉ bảo hành,Intel Core i3 Raptor Lake - 1315U,Hãng không công bố,16,1024.0,41.0,15.6,Windows 11 Home SL,1920x1080,"2 x USB Type-A
HDMI
1 x USB Type-C (chỉ hỗ trợ truyền dữ liệu)
1 x Headphone/microphone combo",TheGioiDiDong,-14%
333105,https://www.thegioididong.com/laptop/dell-inspiron-15-3520-i7-n5i7125w1,Laptop Dell Inspiron 15 3520 i7 1255U/16GB/512GB/120Hz/OfficeHS/KYHD/Win11 (N5I7125W1),194900000.0,,Dell,4.9,1.0,"Nếu bạn đang tìm kiếm một chiếc laptop văn phòng vừa mạnh mẽ vừa tiện dụng, laptop Dell Inspiron 15 3520 i7 1255U (N5I7125W1) chính là lựa chọn đáng cân nhắc. Với hiệu suất ấn tượng, màn hình rộng sắc nét và thiết kế hiện đại, sản phẩm này sẽ là trợ thủ đắc lực cho công việc lẫn giải trí của bạn.",Bảo hành chính hãng laptop 1 năm tại các trung tâm bảo hành hãng Xem địa chỉ bảo hành,Intel Core i7 Alder Lake - 1255U,1.7GHz,32,2048.0,54.0,15.6,Windows 11 Home SL + Office Home & Student 2024 vĩnh viễn + Microsoft 365 Basic,1920x1080,"1 x USB 2.0
2 x USB 3.2
HDMI
1 x Headphone/microphone combo",TheGioiDiDong,-5%
309375,https://www.thegioididong.com/laptop/asus-vivobook-16-x1605va-i5-mb360w,Laptop Asus Vivobook 16 X1605VA i5 1335U/16GB/512GB/Win11 (MB360W),146900000.0,,Asus,4.9,19.0,Laptop Asus Vivobook 16 X1605VA i5 1335U (MB360W) là khi sức mạnh gặp sang trọng được gói gọn trong một con laptop văn phòng với giá cả hợp lý đáp ứng cho bạn đầy đủ nhu cầu làm việc hay giải trí của người dùng từ chip Intel Gen 13 đến bộ nhớ RAM 16 GB.,Bảo hành chính hãng laptop 2 năm tại các trung tâm bảo hành hãng Xem địa chỉ bảo hành,Intel Core i5 Raptor Lake - 1335U,1.3GHz,16,512.0,42.0,16.0,Windows 11 Home SL,,"1 x USB 2.0
Jack tai nghe 3.5 mm
2 x USB 3.2
HDMI
1 x USB Type-C (chỉ hỗ trợ Power Delivery)",TheGioiDiDong,-22%
333430,https://www.thegioididong.com/laptop/acer-nitro-v-15-anv15-41-r2up-r5-nhqpgsv004,Laptop Acer Gaming Nitro V 15 ANV15 41 R2UP R5 6600H/16GB/512GB/4GB RTX2050/165Hz/Win11 (NH.QPGSV.004),176900000.0,,Acer,5.0,,"Bạn đang tìm kiếm một chiếc laptop không chỉ mạnh mẽ trong cấu hình mà còn đậm cá tính nhưng giá thành lại còn hợp lý. Laptop Acer Nitro V 15 ANV15 41 R2UP R5 6600H (NH.QPGSV.004) chính là lựa chọn hoàn hảo để nâng tầm trải nghiệm game và sáng tạo của bạn. Sở hữu thiết kế ấn tượng cùng hiệu năng vượt trội, chiếc laptop này hứa hẹn sẽ chinh phục cả những game thủ khó tính nhất.",Bảo hành chính hãng laptop 2 năm tại các trung tâm bảo hành hãng Xem địa chỉ bảo hành,AMD Ryzen 5 - 6600H,3.3GHz,16,4096.0,57.0,15.6,Windows 11 Home SL,1920x1080,"Jack tai nghe 3.5 mm
3 x USB 3.2
HDMI
1 x USB Type-C USB 4 (hỗ trợ DisplayPort)
LAN (RJ45)",TheGioiDiDong,-13%
334442,https://www.thegioididong.com/laptop/lenovo-ideapad-slim-3-15irh10-i5-83k1000hvn,Laptop Lenovo IdeaPad Slim 3 15IRH10 i5 13420H/16GB/512GB/Win11 (83K1000HVN),161900000.0,,Lenovo,4.9,2.0,"Laptop Lenovo IdeaPad Slim 3 15IRH10 i5 13420H (83K1000HVN) là sự lựa chọn lý tưởng cho học sinh, sinh viên và nhân viên văn phòng nhờ sự kết hợp hoàn hảo giữa hiệu năng ổn định, thiết kế mỏng nhẹ và tính di động cao. Đây là người bạn đồng hành đáng tin cậy, đáp ứng tốt mọi nhu cầu từ học tập, làm việc đến giải trí, mang đến trải nghiệm sử dụng tuyệt vời trong tầm giá.",Bảo hành chính hãng laptop 2 năm tại các trung tâm bảo hành hãng Xem địa chỉ bảo hành,Intel Core i5 Raptor Lake - 13420H,2.1GHz,32,1024.0,60.0,15.3,Windows 11 Home SL,,"USB Type-C (hỗ trợ truyền dữ liệu, Power Delivery 3.0 và DisplayPort 1.2)
2 x USB 3.2
HDMI
1 x Headphone/microphone combo",TheGioiDiDong,
231244,https://www.thegioididong.com/laptop/apple-macbook-air-2020-mgn63saa,Laptop MacBook Air 13 inch M1 8GB/256GB,171900000.0,,MacBook,4.9,216.0,"Laptop Apple MacBook Air M1 2020 thuộc dòng laptop cao cấp sang trọng có cấu hình mạnh mẽ, chinh phục được các tính năng văn phòng lẫn đồ hoạ mà bạn mong muốn, thời lượng pin dài, thiết kế mỏng nhẹ sẽ đáp ứng tốt các nhu cầu làm việc của bạn.",Bảo hành chính hãng laptop 1 năm tại các trung tâm bảo hành hãng Xem địa chỉ bảo hành,Apple M1,Hãng không công bố,32,256.0,,13.3,macOS,2560x1600,"Jack tai nghe 3.5 mm
2 x Thunderbolt 3 (USB-C)",TheGioiDiDong,-14%
331362,https://www.thegioididong.com/laptop/msi-modern-15-f13mg-i5-082vn,Laptop MSI Modern 15 F13MG i5 1335U/16GB/512GB/Win11 (082VN),141900000.0,,MSI,5.0,,"Laptop học tập và văn phòng luôn là dòng sản phẩm được ưa chuộng bởi tính tiện dụng, hiệu năng ổn định và phù hợp với nhu cầu đa dạng. Trong đó, laptop MSI Modern 15 F13MG i5 1335U (082VN) nổi bật như một lựa chọn hoàn hảo với thiết kế tinh tế, cấu hình mạnh mẽ và giá cả hợp lý, đáp ứng nhu cầu từ học sinh, sinh viên đến nhân viên văn phòng. Hãy cùng khám phá những ưu điểm nổi bật của chiếc máy tính xách tay này tại Thế Giới Di Động.",Bảo hành chính hãng laptop 2 năm tại các trung tâm bảo hành hãng Xem địa chỉ bảo hành,Intel Core i5 Raptor Lake - 1335U,1.3GHz,16,4096.0,45.0,15.6,Windows 11 Home SL,1920x1080,"3 x USB 3.2
HDMI
1 x Headphone/microphone combo
LAN (RJ45)
1 x USB Type-C 3.2 (hỗ trợ Power Delivery và DisplayPort)",TheGioiDiDong,-17%
321192,https://www.thegioididong.com/laptop/dell-inspiron-15-3520-i5-25p231,Laptop Dell Inspiron 15 3520 i5 1235U/16GB/512GB/120Hz/OfficeHS/KYHD/Win11,164900000.0,,Dell,4.9,22.0,"Laptop Dell Inspiron 15 3520 i5 1235U (25P231) hoàn toàn sở hữu mọi yếu tố mà một người dùng cá nhân cơ bản cần, hiệu năng ổn định từ con chip Intel i5, RAM 16 GB, màn hình 15.6 inch thoải mái cũng như sở hữu một mức giá lý tưởng tại Thế Giới Di Động.",Bảo hành chính hãng laptop 1 năm tại các trung tâm bảo hành hãng Xem địa chỉ bảo hành,,,32,2048.0,41.0,15.6,Windows 11 Home SL + Office Home & Student 2021 vĩnh viễn,1920x1080,"1 x USB 2.0
Jack tai nghe 3.5 mm
2 x USB 3.2
HDMI",TheGioiDiDong,
334792,https://www.thegioididong.com/laptop/asus-vivobook-15-x1504va-i3-nj1634w,Laptop Asus Vivobook 15 X1504VA i3 1315U/8GB/512GB/Win11 (NJ1634W),106900000.0,,Asus,5.0,,"Một chiếc laptop lý tưởng cho học tập và làm việc không chỉ cần hiệu năng mạnh mẽ mà còn phải có thiết kế tinh tế, hiện đại cùng mức giá hợp lý. Laptop Asus Vivobook 15 X1504VA i3 1315U (NJ1634W) chính là sự lựa chọn đáng tin cậy dành cho sinh viên và nhân viên văn phòng nhờ sự cân bằng hoàn hảo giữa hiệu suất và tính di động.",Bảo hành chính hãng laptop 2 năm tại các trung tâm bảo hành hãng Xem địa chỉ bảo hành,,,16,512.0,42.0,15.6,Windows 11 Home SL,1920x1080,"1 x USB 2.0
Jack tai nghe 3.5 mm
2 x USB 3.2
HDMI
USB Type-C",TheGioiDiDong,-15%
326049,https://www.thegioididong.com/laptop/hp-245-g10-r5-a20tdpt,Laptop HP 245 G10 R5 7530U/8GB/512GB/Win11 (A20TDPT),126900000.0,,HP,4.9,2.0,"Nếu bạn tìm kiếm cho mình chiếc laptop học tập - văn phòng, xử lý mượt mà đa dạng tác vụ trong học tập và công việc hằng ngày, laptop HP 245 G10 R5 7530U (A20TDPT) sẽ là lựa chọn hợp lý dành cho bạn nhờ sở hữu chip AMD Ryzen 5 7000 series, RAM hay bộ nhớ ổn định cùng thiết kế tinh giản, hiện đại vô cùng.",Bảo hành chính hãng laptop 1 năm tại các trung tâm bảo hành hãng Xem địa chỉ bảo hành,AMD Ryzen 5 - 7530U,2GHz,16,512.0,41.0,14.0,Windows 11 Home SL,1920x1080,"2 x USB 3.2
HDMI
1 x Headphone/microphone combo
USB Type-C",TheGioiDiDong,-13%
325500,https://www.thegioididong.com/laptop/lenovo-ideapad-slim-3-15amn8-r5-82xq00j0vn,Laptop Lenovo Ideapad Slim 3 15AMN8 R5 7520U/16GB/512GB/Win11 (82XQ00J0VN),131900000.0,,Lenovo,4.9,5.0,"Trong thị trường laptop học tập - văn phòng, chiếc laptop Lenovo Ideapad Slim 3 15AMN8 R5 7520U (82XQ00J0VN) nhanh chóng thu hút sự chú ý của người dùng bởi nhiều ưu điểm nổi bật. Chiếc laptop này hội tụ đầy đủ các yếu tố để trở thành người bạn đồng hành lý tưởng cho học sinh, sinh viên và nhân viên văn phòng, đáp ứng mọi nhu cầu học tập, làm việc và giải trí một cách hiệu quả.",Bảo hành chính hãng laptop 2 năm tại các trung tâm bảo hành hãng Xem địa chỉ bảo hành,,,16,512.0,47.0,15.6,Windows 11 Home SL,1920x1080,"Jack tai nghe 3.5 mm
2 x USB 3.2
HDMI
1x USB-C 3.2 (hỗ trợ truyền dữ liệu, Power Delivery và DisplayPort 1.2)",TheGioiDiDong,-8%
334996,https://www.thegioididong.com/laptop/acer-aspire-lite-al14-52m-54cj-i5-nxj39sv002,Laptop Acer Aspire Lite AL14 52M 54CJ i5 1334U/16GB/512GB/Win11 (NX.J39SV.002),141900000.0,,Acer,5.0,,"Laptop Acer Aspire Lite AL14 52M 54CJ i5 1334U (NX.J39SV.002) nổi bật với hiệu năng mạnh mẽ nhờ bộ vi xử lý Intel Core i5 1334U, màn hình 14 inch sắc nét. Thiết kế máy hiện đại, tinh tế, phù hợp với nhiều đối tượng người dùng, là một lựa chọn đáng cân nhắc cho những ai đang tìm kiếm một chiếc laptop đa năng, hiệu suất tốt và giá cả phải chăng.",Bảo hành chính hãng laptop 1 năm tại các trung tâm bảo hành hãng Xem địa chỉ bảo hành,Intel Core i5 Raptor Lake - 1334U,1.3GHz,16,2048.0,58.0,14.0,Windows 11 Home SL,,"Jack tai nghe 3.5 mm
3 x USB 3.2
HDMI
1 x USB Type-C (hỗ trợ DisplayPort)",TheGioiDiDong,-10%
282827,https://www.thegioididong.com/laptop/apple-macbook-air-m2-2022,Laptop Apple MacBook Air 13 inch M2 8GB/256GB,200900000.0,,MacBook,4.9,79.0,"Sau 14 năm, ba lần sửa đổi và hai kiến trúc bộ vi xử lý khác nhau, kiểu dáng mỏng dần mang tính biểu tượng của MacBook Air đã đi vào lịch sử. Thay vào đó là một chiếc MacBook Air M2 với thiết kế hoàn toàn mới, độ dày không thay đổi tương tự như MacBook Pro, đánh bật mọi rào cản với con chip Apple M2 đầy mạnh mẽ.",Bảo hành chính hãng laptop 1 năm tại các trung tâm bảo hành hãng Xem địa chỉ bảo hành,,,16,256.0,,13.6,macOS,2560x1664,"Jack tai nghe 3.5 mm
MagSafe 3
2 x Thunderbolt 3",TheGioiDiDong,-19%
311176,https://www.thegioididong.com/laptop/hp-pavilion-15-eg3093tu-i5-8c5l4pa,Laptop HP Pavilion 15 eg3093TU i5 1335U/16GB/512GB/Win11 (8C5L4PA),181900000.0,,HP,4.9,1.0,"Laptop HP Pavilion 15 eg3093TU i5 1335U (8C5L4PA) có hiệu năng tốt với bộ vi xử lý mạnh mẽ từ CPU Gen 13, RAM 16 GB đáp ứng đa dạng nhu cầu sử dụng của bạn. Điều này làm cho chiếc laptop này trở thành lựa chọn hấp dẫn cho công việc văn phòng, giải trí và sử dụng hàng ngày.",Bảo hành chính hãng laptop 1 năm tại các trung tâm bảo hành hãng Xem địa chỉ bảo hành,Intel Core i5 Raptor Lake - 1335U,1.3GHz,32,512.0,41.0,15.6,Windows 11 Home SL,1920x1080,"Jack tai nghe 3.5 mm
2 x USB 3.2
HDMI
1 x USB Type-C (hỗ trợ USB, Power Delivery và DisplayPort)",TheGioiDiDong,-14%
322222,https://www.thegioididong.com/laptop/acer-aspire-3-a314-42p-r3b3-r7-nxksfsv001,Laptop Acer Aspire 3 A314 42P R3B3 R7 5700U/16GB/512GB/Win11 (NX.KSFSV.001),122900000.0,,Acer,4.9,6.0,"Mẫu máy tính xách tay văn phòng quốc dân, laptop Acer Aspire 3 A314 42P R3B3 R7 5700U (NX.KSFSV.001) với bộ thông số cấu hình ổn định cho mọi công việc và giải trí cá nhân, kiểu dáng thanh lịch cùng kích thước nhỏ gọn là sự lựa chọn hoàn hảo theo xu thế ngày nay.",Bảo hành chính hãng laptop 1 năm tại các trung tâm bảo hành hãng Xem địa chỉ bảo hành,AMD Ryzen 7 - 5700U,1.8GHz,16,1024.0,50.0,14.0,Windows 11 Home SL,,"Jack tai nghe 3.5 mm
2 x USB 3.2
HDMI
1 x USB Type-C (hỗ trợ USB 3.2, DisplayPort)",TheGioiDiDong,-12%
322270,https://www.thegioididong.com/laptop/asus-vivobook-x1404za-i5-nk376w,Laptop Asus Vivobook X1404ZA i5 1235U/16GB/512GB/Win11 (NK376W),144900000.0,,Asus,4.9,11.0,"Một gương mặt thân quen trong thị trường laptop học tập - văn phòng, laptop Asus Vivobook X1404ZA i5 1235U (NK376W) sở hữu hơi hướng thời thượng, cao cấp với vẻ ngoài tinh tế đầy thu hút, đi kèm với đó là hiệu năng vượt trội hơn so với những sản phẩm đồng phân khúc, mang lại cho người dùng trải nghiệm tuyệt vời nhất.",Bảo hành chính hãng laptop 2 năm tại các trung tâm bảo hành hãng Xem địa chỉ bảo hành,Intel Core i5 Alder Lake - 1235U,1.3GHz,32,512.0,,14.0,,1920x1080,"1 x USB 2.0
Jack tai nghe 3.5 mm
2 x USB 3.2
HDMI
USB Type-C",TheGioiDiDong,-12%
333104,https://www.thegioididong.com/laptop/dell-inspiron-15-3520-i7-71053682,Laptop Dell Inspiron 15 3520 i7 1255U/16GB/512GB/120Hz/OfficeHS/Win11 (71053682),199900000.0,,Dell,5.0,,"Nếu bạn đang tìm kiếm một chiếc laptop văn phòng mạnh mẽ, tiện dụng với ngoại hình tinh tế, laptop Dell Inspiron 15 3520 i7 1255U (71053682) chắc chắn là một lựa chọn đáng cân nhắc. Với cấu hình vượt trội, màn hình sắc nét và thiết kế hiện đại, sản phẩm này hứa hẹn sẽ trở thành trợ thủ đắc lực cho cả công việc lẫn giải trí.",Bảo hành chính hãng laptop 1 năm tại các trung tâm bảo hành hãng Xem địa chỉ bảo hành,Intel Core i7 Alder Lake - 1255U,1.7GHz,32,512.0,54.0,15.6,Windows 11 Home SL + Office Home & Student 2024 vĩnh viễn + Microsoft 365 Basic,1920x1080,"1 x USB 2.0
2 x USB 3.2
HDMI
1 x Headphone/microphone combo",TheGioiDiDong,
322072,https://www.thegioididong.com/laptop/lenovo-loq-gaming-15iax9-i5-83gs000jvn,Laptop Lenovo Gaming LOQ 15IAX9 i5 12450HX/16GB/512GB/6GB RTX3050/144Hz/Win11 (83GS000JVN),216900000.0,,Lenovo,4.9,21.0,"Laptop Lenovo LOQ Gaming 15IAX9 i5 12450HX (83GS000JVN) mang dáng dấp kiểu mẫu từ những chiếc laptop gaming nhà Lenovo, đưa đến một phiên bản hoàn toàn mới, đầy thời thượng. Laptop gaming còn được tích hợp với cấu hình mạnh mẽ, khung hình mượt mà cho phép bạn trải nghiệm sâu mọi tựa game.",Bảo hành chính hãng laptop 2 năm tại các trung tâm bảo hành hãng Xem địa chỉ bảo hành,Intel Core i5 Alder Lake - 12450HX,Hãng không công bố,32,512.0,60.0,15.6,Windows 11 Home SL,1920x1080,"Jack tai nghe 3.5 mm
3 x USB 3.2
HDMI
1 x USB-C 3.2 (hỗ trợ truyền dữ liệu, Power Delivery 140W và DisplayPort 1.4)
LAN (RJ45)",TheGioiDiDong,-13%
310449,https://www.thegioididong.com/laptop/msi-modern-15-b12mo-i5-625vn,Laptop MSI Modern 15 B12MO i5 1235U/8GB/512GB/Win11 (625VN),109900000.0,,MSI,4.9,7.0,"Laptop MSI Modern 15 B12MO i5 1235U (625VN) mang đam mê của bạn bắt nhịp với lối sống năng động hiện đại. Dù là bạn đang bận rộn trong văn phòng hay làm việc trên giảng đường, vi xử lý Intel Core Alder lake thế hệ mới cũng sẽ đáp ứng mọi nhu cầu của bạn.",Bảo hành chính hãng laptop 2 năm tại các trung tâm bảo hành hãng Xem địa chỉ bảo hành,Intel Core i5 Alder Lake - 1235U,1.3GHz,32,512.0,39.3,15.6,Windows 11 Home SL,1920x1080,"Jack tai nghe 3.5 mm
1 x USB 3.2
HDMI
2 x USB 2.0
1 x USB Type-C (hỗ trợ USB, Power Delivery và DisplayPort)",TheGioiDiDong,-21%
325691,https://www.thegioididong.com/laptop/hp-15-fd0015tu-i7-a19c5pa,Laptop HP 15 fd0015TU i7 1355U/16GB/512GB/Win11 (A19C5PA),201900000.0,,HP,4.9,5.0,"Laptop HP 15 fd0015TU i7 A19C5PA là sự lựa chọn lý tưởng cho những ai cần một chiếc máy tính xách tay mạnh mẽ và đa năng. Với hiệu năng mạnh mẽ, thiết kế trang nhã và màn hình 15.6 inch sắc nét máy đáp ứng mọi nhu cầu sử dụng hằng ngày của bạn.",Bảo hành chính hãng laptop 1 năm tại các trung tâm bảo hành hãng Xem địa chỉ bảo hành,Intel Core i7 Raptor Lake - 1355U,1.7GHz,32,1024.0,41.0,15.6,Windows 11 Home SL,1920x1080,"Jack tai nghe 3.5 mm
2 x USB Type-A
HDMI
1 x USB Type-C (chỉ hỗ trợ truyền dữ liệu)",TheGioiDiDong,-8%
328237,https://www.thegioididong.com/laptop/asus-vivobook-k3605zf-i5-rp745w,Laptop Asus Gaming Vivobook K3605ZF i5 12500H/16GB/512GB/4GB RTX2050/Win11 (RP745W),171900000.0,,Asus,4.9,11.0,"Khi nhắc đến những mẫu laptop gaming tầm trung, chúng ta không thể nào bỏ qua chiếc laptop Asus Gaming Vivobook K3605ZF i5 12500H (RP745W). Trang bị ""chu đáo"" với cấu hình mạnh mẽ, màn hình lớn 16 inch sắc nét, card rời,... sẵn sàng phục vụ cho mọi vấn đề phát sinh hàng ngày.",Bảo hành chính hãng laptop 2 năm tại các trung tâm bảo hành hãng Xem địa chỉ bảo hành,Intel Core i5 Alder Lake - 12500H,2.5GHz,32,512.0,50.0,16.0,Windows 11 Home SL,,"Jack tai nghe 3.5 mm
2 x USB 3.2
HDMI
1 x USB Type C (chỉ hỗ trợ Power Delivery)",TheGioiDiDong,-11%
333427,https://www.thegioididong.com/laptop/acer-nitro-v-15-anv15-41-r1jy-r5-nhqpfsv001,Laptop Acer Gaming Nitro V 15 ANV15 41 R1JY R5 6600H/16GB/512GB/6GB RTX3050/165Hz/Win11 (NH.QPFSV.001),204900000.0,,Acer,5.0,,"Laptop Acer Nitro V 15 ANV15 41 R1JY R5 6600H (NH.QPFSV.001) thanh thoát, mướt mắt nhưng vẫn toát lên dáng vẻ mạnh mẽ cá tính với nhiều hoạ tiết độc đáo đi kèm hiệu năng vượt trội từ card rời RTX 30 series. Mẫu laptop gaming từ nhà Acer này sẽ là chiến hữu tuyệt vời cùng anh em bất bại ở mọi thể loại game.",Bảo hành chính hãng laptop 2 năm tại các trung tâm bảo hành hãng Xem địa chỉ bảo hành,AMD Ryzen 5 - 6600H,3.3GHz,32,4096.0,57.0,15.6,Windows 11 Home SL,1920x1080,"Jack tai nghe 3.5 mm
3 x USB 3.2
HDMI
1 x USB Type-C USB 4 (hỗ trợ DisplayPort)
LAN (RJ45)",TheGioiDiDong,-8%
327050,https://www.thegioididong.com/laptop/lenovo-loq-15iax9-i5-83gs00d9vn,Laptop Lenovo Gaming LOQ 15IAX9 i5 12450HX/24GB/512GB/6GB RTX3050/144Hz/Win11 (83GS00D9VN),226900000.0,,Lenovo,5.0,,"Diện mạo độc đáo, mang tính thể thao đến từ dòng gaming mạnh mẽ nhà Lenovo. Laptop Lenovo Gaming LOQ 15IAX9 i5 12450HX (83GS00D9VN) với cấu hình vượt trội từ con chip Intel dòng HX, card rời RTX,... máy hứa hẹn sẽ mang lại nhiều trải nghiệm giải trí thú vị hơn bên cạnh việc chiến game hấp dẫn.",Bảo hành chính hãng laptop 2 năm tại các trung tâm bảo hành hãng Xem địa chỉ bảo hành,Intel Core i5 Alder Lake - 12450HX,Hãng không công bố,16,512.0,60.0,15.6,Windows 11 Home SL,1920x1080,"Jack tai nghe 3.5 mm
3 x USB 3.2
HDMI
1 x USB-C 3.2 (hỗ trợ truyền dữ liệu, Power Delivery 140W và DisplayPort 1.4)
LAN (RJ45)",TheGioiDiDong,-10%
326861,https://www.thegioididong.com/laptop/msi-gf63-thin-12ve-i5-460vn,Laptop MSI Gaming GF63 Thin 12VE i5 12450H/16GB/512GB/6GB RTX4050/144Hz/Win11 (460VN),196900000.0,,MSI,4.9,8.0,"Laptop gaming ""quốc dân"" đã quá quen thuộc với anh em học sinh, sinh viên bởi mức giá thành hợp lý cùng khả năng đa nhiệm được nhiều công việc khác nhau. Laptop MSI Gaming GF63 Thin 12VE i5 12450H (460VN) nay càng được cải tiến thêm về cấu hình hứa hẹn sẽ mang lại những phút giây chiến game thật thoả mãn cho bạn.",Bảo hành chính hãng laptop 1 năm tại các trung tâm bảo hành hãng Xem địa chỉ bảo hành,Intel Core i5 Alder Lake - 12450H,2GHz,32,512.0,52.4,15.6,Windows 11 Home SL,1920x1080,"Jack tai nghe 3.5 mm
1x Mic-in
3 x USB 3.2
HDMI
1 x USB Type-C (hỗ trợ USB 3.2, DisplayPort)
LAN (RJ45)",TheGioiDiDong,-14%
329853,https://www.thegioididong.com/laptop/dell-inspiron-15-3520-i5-n3520i5u165w11blufp,Laptop Dell Inspiron 15 3520 i5 1235U/16GB/512GB/120Hz/OfficeHS/Win11 (N3520-i5U165W11BLU-FP),164900000.0,,Dell,5.0,,"Sẵn sàng cho mọi hành trình học tập và công việc với chiếc laptop Dell Inspiron 15 3520 i5 1235U (N3520-i5U165W11BLU-FP), một mẫu laptop học tập - văn phòng đầy đủ sức mạnh và tính năng hiện đại. Được thiết kế để đáp ứng nhu cầu đa dạng từ học sinh, sinh viên đến người đi làm, chiếc laptop này không chỉ nổi bật với hiệu năng mạnh mẽ mà còn sở hữu mức giá vô cùng ưu đãi tại Thế Giới Di Động.",Bảo hành chính hãng laptop 1 năm tại các trung tâm bảo hành hãng Xem địa chỉ bảo hành,Intel Core i5 Alder Lake - 1235U,1.3GHz,16,2048.0,41.0,15.6,Windows 11 Home SL + Office Home & Student 2021 vĩnh viễn,1920x1080,"1 x USB 2.0
Jack tai nghe 3.5 mm
2 x USB 3.2
HDMI",TheGioiDiDong,
321467,https://www.thegioididong.com/laptop/hp-victus-15-fb1022ax-r5-94f19pa,Laptop HP Gaming VICTUS 15 fb1022AX R5 7535HS/16GB/512GB/4GB RTX2050/144Hz/Win11 (94F19PA),169900000.0,,HP,5.0,1.0,"Phong cách thiết kế tối giản nhưng vẫn toát lên rõ nét khí thế mạnh mẽ của một mẫu máy chiến game thời thượng, laptop HP Gaming VICTUS 15 fb1022AX R5 7535HS (94F19PA) với những sự trang bị về cấu hình vượt trội sẽ cùng bạn chinh chiến trên mọi đấu trường ảo.",Bảo hành chính hãng laptop 1 năm tại các trung tâm bảo hành hãng Xem địa chỉ bảo hành,AMD Ryzen 5 - 7535HS,3.3GHz,16,1024.0,52.5,15.6,Windows 11 Home SL,1920x1080,"Jack tai nghe 3.5 mm
2 x USB Type-A
HDMI
1 x USB Type-C (hỗ trợ DisplayPort 1.4)
LAN (RJ45)",TheGioiDiDong,-33%
336036,https://www.thegioididong.com/laptop/asus-vivobook-15-x1504va-i5-bq2225ws,Laptop Asus Vivobook 15 X1504VA i5 1334U/16GB/512GB/OfficeHS24+365/Win11 (BQ2225WS),154900000.0,,Asus,5.0,,"Laptop Asus Vivobook 15 X1504VA i5 1334U (BQ2225WS) là sự lựa chọn lý tưởng cho học sinh, sinh viên và nhân viên văn phòng, mang đến sự cân bằng hoàn hảo giữa hiệu năng ổn định và thiết kế thanh lịch. Chiếc laptop này nổi bật với bộ vi xử lý Intel Core i5 thế hệ 13 mạnh mẽ, màn hình sắc nét và tính di động cao. Đây chắc chắn là một người bạn đồng hành đáng tin cậy trong công việc và học tập hàng ngày.",Bảo hành chính hãng laptop 2 năm tại các trung tâm bảo hành hãng Xem địa chỉ bảo hành,Intel Core i5 Raptor Lake - 1334U,1.3GHz,16,512.0,42.0,15.6,Windows 11 Home SL + Office Home & Student 2024 vĩnh viễn + Microsoft 365 Basic,1920x1080,"1 x USB 2.0
Jack tai nghe 3.5 mm
2 x USB 3.2
HDMI
USB Type-C",TheGioiDiDong,-8%
334795,https://www.thegioididong.com/laptop/asus-vivobook-16-x1605va-i7-mb1875ws,Laptop Asus Vivobook 16 X1605VA i7 13620H/16GB/512GB/OfficeHS24+365/Win11 (MB1875WS),181900000.0,,Asus,5.0,,"Nếu bạn đang tìm kiếm một chiếc laptop hiệu suất cao cho công việc văn phòng, học tập hoặc sáng tạo nội dung, laptop Asus Vivobook 16 X1605VA i7 13620H (MB1875WS) chính là một lựa chọn đáng cân nhắc. Với cấu hình mạnh mẽ, thiết kế hiện đại và nhiều tính năng hữu ích, chiếc laptop này đáp ứng tốt mọi nhu cầu từ cơ bản đến nâng cao.",Bảo hành chính hãng laptop 2 năm tại các trung tâm bảo hành hãng Xem địa chỉ bảo hành,Intel Core i7 Raptor Lake - 13620H,2.4GHz,16,512.0,42.0,16.0,Windows 11 Home SL + Office Home & Student 2024 vĩnh viễn + Microsoft 365 Basic,,"1 x USB 2.0
Jack tai nghe 3.5 mm
2 x USB 3.2
HDMI
1 x USB Type C (hỗ trợ truyền dữ liệu và Power Delivery)",TheGioiDiDong,-13%
333102,https://www.thegioididong.com/laptop/dell-inspiron-15-3520-i7-n3520i7u165w11blufp,Laptop Dell Inspiron 15 3520 i7 1255U/16GB/512GB/120Hz/OfficeHS/Win11 (N3520-i7U165W11BLU-FP),199900000.0,,Dell,5.0,,"Laptop Dell Inspiron 15 3520 i7 1255U (N3520-i7U165W11BLU-FP) là lựa chọn lý tưởng cho những ai cần một chiếc máy tính xách tay văn phòng mạnh mẽ từ chip Intel thế hệ 12, tiện lợi và có thiết kế hiện đại. Sở hữu hiệu năng ổn định, màn hình lớn sắc nét cùng kiểu dáng tinh tế, đây chắc chắn là người bạn đồng hành lý tưởng cho công việc và giải trí.",Bảo hành chính hãng laptop 1 năm tại các trung tâm bảo hành hãng Xem địa chỉ bảo hành,Intel Core i7 Alder Lake - 1255U,1.7GHz,32,2048.0,54.0,15.6,Windows 11 Home SL + Office Home & Student 2024 vĩnh viễn + Microsoft 365 Basic,1920x1080,"1 x USB 2.0
Jack tai nghe 3.5 mm
2 x USB 3.2
HDMI",TheGioiDiDong,
318163,https://www.thegioididong.com/laptop/hp-victus-15-fa1139tx-i5-8y6w3pa,Laptop HP Gaming VICTUS 15 fa1139TX i5 12450H/16GB/512GB/4GB RTX2050/144Hz/Win11 (8Y6W3PA),174900000.0,,HP,4.9,6.0,Dòng Gaming Victus là một mẫu laptop gaming độc đáo từ thiết kế đến hiệu năng của nhà HP. Chỉ với một mức giá tầm trung là bạn có thể sở hữu ngay chiếc laptop HP Gaming VICTUS 15 fa1139TX i5 12450H (8Y6W3PA) có thể cân mượt các tựa game cũng như hỗ trợ làm việc tối ưu nhất.,Bảo hành chính hãng laptop 1 năm tại các trung tâm bảo hành hãng Xem địa chỉ bảo hành,Intel Core i5 Alder Lake - 12450H,2GHz,16,512.0,52.5,15.6,Windows 11 Home SL,1920x1080,"Jack tai nghe 3.5 mm
2 x USB 3.2
HDMI
1 x USB Type-C 3.2 (hỗ trợ DisplayPort)
LAN (RJ45)",TheGioiDiDong,-28%
328906,https://www.thegioididong.com/laptop/hp-240-g9-i3-ag2j5at,Laptop HP 240 G9 i3 1215U/8GB/512GB/Win11 (AG2J5AT),111900000.0,,HP,5.0,1.0,,Bảo hành chính hãng laptop 1 năm tại các trung tâm bảo hành hãng Xem địa chỉ bảo hành,Intel Core i3 Alder Lake - 1215U,1.2GHz,32,1024.0,41.0,14.0,Windows 11 Home SL,1920x1080,"2 x USB 3.2
HDMI
1 x Headphone/microphone combo
LAN (RJ45)
USB Type-C",TheGioiDiDong,-18%
330932,https://www.thegioididong.com/laptop/msi-thin-15-b13uc-i7-1411vn,Laptop MSI Gaming Thin 15 B13UC i7 13620H/32GB/512GB/4GB RTX3050/144Hz/Win11 (1411VN),218900000.0,,MSI,4.9,2.0,"Laptop MSI Thin 15 B13UC i7 13620H (1411VN) không chỉ sở hữu hiệu năng mạnh mẽ, màn hình chất lượng cao và thiết kế mỏng nhẹ mà còn đáp ứng mọi nhu cầu từ công việc đến giải trí. Với Intel Core i7 thế hệ 13, card rời RTX 30 series, màn hình 144 Hz và các tính năng hiện đại khác, đây là lựa chọn lý tưởng cho game thủ, nhà sáng tạo nội dung và người dùng chuyên nghiệp.",Bảo hành chính hãng laptop 2 năm tại các trung tâm bảo hành hãng Xem địa chỉ bảo hành,Intel Core i7 Raptor Lake - 13620H,2.4GHz,32,512.0,52.4,15.6,Windows 11 Home SL,1920x1080,"1x Mic-in
1x Headphone-out
3 x USB 3.2
HDMI
1 x USB Type-C (hỗ trợ USB 3.2, DisplayPort)
LAN (RJ45)",TheGioiDiDong,
314630,https://www.thegioididong.com/laptop/acer-aspire-5-a515-58gm-51lb-i5-nxkq4sv002,Laptop Acer Gaming Aspire 5 A515 58GM 51LB i5 13420H/16GB/512GB/4GB RTX2050/Win11 (NX.KQ4SV.002),176900000.0,,Acer,4.9,29.0,"Mẫu laptop gaming với mức giá tầm trung đến từ thương hiệu Acer vừa được lên kệ tại Thế Giới Di Động, sở hữu hiệu năng mạnh mẽ với con chip Intel Gen 13 dòng H hiệu năng cao, RAM 16 GB, card rời RTX cùng nhiều tính năng hiện đại. Laptop Acer Aspire 5 Gaming A515 58GM 51LB i5 13420H (NX.KQ4SV.002) chắc chắn sẽ mang đến cho bạn những trải nghiệm sử dụng và chiến game giải trí tuyệt vời.",Bảo hành chính hãng laptop 1 năm tại các trung tâm bảo hành hãng Xem địa chỉ bảo hành,Intel Core i5 Raptor Lake - 13420H,2.1GHz,16,1024.0,50.0,15.6,Windows 11 Home SL,1920x1080,"Jack tai nghe 3.5 mm
2 x USB Type-A
HDMI
1 x USB Type-C (hỗ trợ USB, Thunderbolt 4)
LAN (RJ45)",TheGioiDiDong,-13%
322082,https://www.thegioididong.com/laptop/lenovo-ideapad-5-14iah8-i5-83bf003wvn,Laptop Lenovo Ideapad Slim 5 14IAH8 i5 12450H/16GB/1TB/Win11 (83BF003WVN),176900000.0,,Lenovo,4.9,4.0,"Laptop Lenovo Ideapad 5 14IAH8 i5 12450H (83BF003WVN) vừa được lên kệ tại Thế Giới Di Động, mẫu sản phẩm laptop học tập - văn phòng sở hữu hơi hướng thời thượng, cao cấp với vẻ ngoài tinh tế đầy thu hút, đi kèm với đó là hiệu năng vượt trội hơn so với những dòng sản phẩm đồng phân khúc, mang lại cho người dùng những trải nghiệm tuyệt vời nhất.",Bảo hành chính hãng laptop 3 năm tại các trung tâm bảo hành hãng Xem địa chỉ bảo hành,Intel Core i5 Alder Lake - 12450H,2GHz,32,1024.0,56.6,14.0,Windows 11 Home SL,,"Jack tai nghe 3.5 mm
1 x USB 3.2
HDMI
1 x USB 3.2 (Always on)
2 x USB Type-C (hỗ trợ truyền dữ liệu, Power Delivery 3.0 và DisplayPort 1.4)",TheGioiDiDong,
331644,https://www.thegioididong.com/laptop/macbook-air-13-inch-m3-16gb-256gb-8gpu,Laptop MacBook Air 13 inch M3 16GB/ 256GB,241900000.0,,MacBook,5.0,,"Các tín đồ của Apple luôn dành sự yêu thích đặc biệt cho MacBook Air - dòng sản phẩm mang đậm ngoại hình gọn nhẹ, sang trọng và hiệu năng mạnh mẽ. Apple tiếp tục khuấy động thị trường với phiên bản laptop Apple MacBook Air 13 inch M3 16GB/256GB. Không chỉ trang bị chip Apple M3 tiên tiến, mẫu máy này còn hứa hẹn đem lại trải nghiệm mượt mà, mạnh mẽ hơn bao giờ hết, từ thiết kế đến tính năng sẵn sàng chinh phục cả những người dùng khó tính nhất.",Bảo hành chính hãng laptop 1 năm tại các trung tâm bảo hành hãng Xem địa chỉ bảo hành,Apple M3 - Hãng không công bố,100GB/s,32,256.0,,13.6,macOS Sonoma,2560x1664,"Jack tai nghe 3.5 mm
MagSafe 3
2 x Thunderbolt 3 / USB 4 (lên đến 40 Gb/s)",TheGioiDiDong,-13%
317704,https://www.thegioididong.com/laptop/asus-vivobook-14-x1404va-i5-nk050w,Laptop Asus Vivobook 14 X1404VA i5 1335U/16GB/512GB/Win11 (NK050W),150900000.0,,Asus,4.9,6.0,"Bạn đang tìm kiếm một chiếc laptop học tập - văn phòng có khả năng đáp ứng mượt mà mọi tác vụ làm việc cũng như giải trí đa phương tiện, laptop Asus Vivobook 14 X1404VA i5 1335U (NK050W) với hiệu năng mạnh mẽ từ con chip Intel Gen 13 cùng những tính năng hiện đại chắc chắn sẽ là sự lựa chọn tuyệt vời cho bạn.",Bảo hành chính hãng laptop 2 năm tại các trung tâm bảo hành hãng Xem địa chỉ bảo hành,Intel Core i5 Raptor Lake - 1335U,1.3GHz,16,1024.0,42.0,14.0,Windows 11 Home SL,1920x1080,"1 x USB 2.0
Jack tai nghe 3.5 mm
2 x USB 3.2
HDMI
USB Type-C",TheGioiDiDong,-18%
333103,https://www.thegioididong.com/laptop/dell-inspiron-15-3520-i7-25p2315,Laptop Dell Inspiron 15 3520 i7 1255U/16GB/512GB/120Hz/OfficeHS/KYHD/Win11 (25P2315),199900000.0,,Dell,5.0,1.0,"Trong thời đại công nghệ phát triển không ngừng, một chiếc laptop mạnh mẽ là trợ thủ không thể thiếu. Laptop Dell Inspiron 15 3520 i7 1255U (25P2315) chính là sự kết hợp hoàn hảo giữa hiệu suất vượt trội và thiết kế tinh tế. Không chỉ giúp bạn xử lý công việc trơn tru, sản phẩm còn mang lại trải nghiệm giải trí ấn tượng nhờ màn hình sống động và công nghệ âm thanh hiện đại.",Bảo hành chính hãng laptop 1 năm tại các trung tâm bảo hành hãng Xem địa chỉ bảo hành,Intel Core i7 Alder Lake - 1255U,1.7GHz,16,512.0,54.0,15.6,Windows 11 Home SL + Office Home & Student 2021 vĩnh viễn,1920x1080,"1 x USB 2.0
Jack tai nghe 3.5 mm
2 x USB 3.2
HDMI",TheGioiDiDong,-5%
335170,https://www.thegioididong.com/laptop/asus-x1404va-i5-nk771ws,Laptop Asus Vivobook 14 X1404VA i5 1334U/16GB/512GB/OfficeHS24+365/Win11 (NK771WS),152900000.0,,Asus,5.0,,"Laptop Asus Vivobook 14 X1404VA i5 1334U (NK771WS) là sự lựa chọn tuyệt vời cho học sinh, sinh viên và nhân viên văn phòng đang tìm kiếm một chiếc laptop đáng tin cậy. Với hiệu năng ổn định và thiết kế mỏng nhẹ, chiếc laptop này đáp ứng tốt nhu cầu học tập, làm việc và giải trí hàng ngày, mang lại giá trị vượt trội trong phân khúc giá.",Bảo hành chính hãng laptop 2 năm tại các trung tâm bảo hành hãng Xem địa chỉ bảo hành,Intel Core i5 Raptor Lake - 1334U,1.3GHz,32,1024.0,42.0,14.0,Windows 11 Home SL + Office Home & Student 2024 vĩnh viễn + Microsoft 365 Basic,1920x1080,"1 x USB 2.0
Jack tai nghe 3.5 mm
2 x USB 3.2
HDMI
USB Type-C",TheGioiDiDong,-7%
328814,https://www.thegioididong.com/laptop/hp-240-g9-i5-ag2j7at,Laptop HP 240 G9 i5 1235U/16GB/512GB/Win11 (AG2J7AT),158900000.0,,HP,5.0,,"Nếu bạn đang tìm kiếm một chiếc laptop có thể đồng hành cùng quá trình học tập và làm việc văn phòng, vừa có ngoại hình hiện đại, vừa có mức giá phải chăng, laptop HP 240 G9 i5 1235U (AG2J7AT) chính là lựa chọn lý tưởng.",Bảo hành chính hãng laptop 1 năm tại các trung tâm bảo hành hãng Xem địa chỉ bảo hành,Intel Core i5 Alder Lake - 1235U,1.3GHz,32,1024.0,41.0,14.0,Windows 11 Home SL,1920x1080,"2 x USB 3.2
HDMI
1 x Headphone/microphone combo
LAN (RJ45)
USB Type-C",TheGioiDiDong,-18%
321436,https://www.thegioididong.com/laptop/acer-aspire-a315-44p-r9w8-r7-nxksjsv002,Laptop Acer Aspire 3 A315 44P R9W8 R7 5700U/8GB/512GB/Win11 (NX.KSJSV.002),114900000.0,,Acer,4.9,7.0,"Laptop Acer Aspire A315 44P R9W8 R7 5700U (NX.KSJSV.002) chiếc laptop sở hữu một thiết kế vô cùng thanh lịch, tao nhã đi cùng với nó là cấu hình ""nhẹ nhàng"" phù hợp cho các bạn học sinh, sinh viên hoặc nhân viên văn phòng thiên về các ngành kinh tế nằm trong phân khúc giá.",Bảo hành chính hãng laptop 1 năm tại các trung tâm bảo hành hãng Xem địa chỉ bảo hành,AMD Ryzen 7 - 5700U,1.8GHz,32,2048.0,50.0,15.6,Windows 11 Home SL,1920x1080,"Jack tai nghe 3.5 mm
3 x USB 3.2
HDMI
1 x USB Type-C (hỗ trợ USB 3.2, DisplayPort)
LAN (RJ45)",TheGioiDiDong,-11%
334446,https://www.thegioididong.com/laptop/lenovo-ideapad-slim-3-15irh10-i7-83k1000fvn,Laptop Lenovo IdeaPad Slim 3 15IRH10 i7 13620H/24GB/512GB/Win11 (83K1000FVN),200900000.0,,Lenovo,5.0,,"Chiếc laptop Lenovo IdeaPad Slim 3 15IRH10 i7 13620H (83K1000FVN) lý tưởng cho học sinh, sinh viên và nhân viên văn phòng đang tìm kiếm một thiết bị mạnh mẽ, thiết kế mỏng nhẹ và màn hình sắc nét. Với bộ vi xử lý Intel Core i7 thế hệ 13, chiếc laptop này hứa hẹn mang đến hiệu năng vượt trội, đáp ứng mọi nhu cầu từ học tập, làm việc đến giải trí. Đây chắc chắn là một lựa chọn đáng cân nhắc trong phân khúc laptop tầm trung.",Bảo hành chính hãng laptop 2 năm tại các trung tâm bảo hành hãng Xem địa chỉ bảo hành,Intel Core i7 Raptor Lake - 13620H,2.4GHz,32,1024.0,60.0,15.3,Windows 11 Home SL,,"USB Type-C (hỗ trợ truyền dữ liệu, Power Delivery 3.0 và DisplayPort 1.2)
2 x USB 3.2
HDMI
1 x Headphone/microphone combo",TheGioiDiDong,
326279,https://www.thegioididong.com/laptop/msi-thin-15-b12uc-i5-2045vn,Laptop MSI Gaming Thin 15 B12UC i5 12450H/16GB/512GB/4GB RTX3050/144Hz/Win11 (2045VN),175900000.0,,MSI,5.0,1.0,Laptop MSI Gaming Thin 15 B12UC i5 12450H (2045VN) không chỉ là một trợ thủ đắc lực cùng bạn trên nhiều chiến trường ảo mà còn hỗ trợ được đa dạng các công việc thường ngày từ thiết kế thông dụng đến đồ hoạ cao với bộ đôi CPU Intel dòng H và card rời RTX 30 Series. Tham khảo ngay laptop với mức giá vô cùng lý tưởng tại Thế Giới Di Động.,Bảo hành chính hãng laptop 2 năm tại các trung tâm bảo hành hãng Xem địa chỉ bảo hành,Intel Core i5 Alder Lake - 12450H,2GHz,32,512.0,52.4,15.6,Windows 11 Home SL,1920x1080,"Jack tai nghe 3.5 mm
3 x USB 3.2
HDMI
1 x USB Type-C (hỗ trợ DisplayPort 1.4)
LAN (RJ45)",TheGioiDiDong,-16%
330162,https://www.thegioididong.com/laptop/asus-fa506nfr-r7-hn113w,Laptop Asus TUF Gaming A15 FA506NFR R7 7435HS/16GB/512GB/4GB RTX2050/144Hz/Win11 (HN113W),176900000.0,,Asus,4.9,1.0,"Laptop Asus TUF Gaming A15 FA506NFR R7 7435HS (HN113W), mẫu laptop gaming quốc dân dành cho những game thủ và người dùng yêu thích thiết kế đồ họa, nhờ vào hiệu năng vượt trội và mức giá ""siêu hợp lý"". Với nhiều ưu điểm nổi bật, mẫu laptop này chắc chắn sẽ làm hài lòng mọi nhu cầu giải trí và làm việc của người dùng.",Bảo hành chính hãng laptop 2 năm tại các trung tâm bảo hành hãng Xem địa chỉ bảo hành,AMD Ryzen 7 - 7435HS,3.1GHz,16,1024.0,48.0,15.6,Windows 11 Home SL,1920x1080,"Jack tai nghe 3.5 mm
3 x USB 3.2
HDMI
1 x USB Type-C 3.2 (hỗ trợ DisplayPort)
LAN (RJ45)",TheGioiDiDong,-11%
325247,https://www.thegioididong.com/laptop/dell-inspiron-15-3530-i7-p16wd,Laptop Dell Inspiron 15 3530 i7 1355U/16GB/1TB/120Hz/OfficeHS/Win11 (P16WD),219900000.0,,Dell,4.9,2.0,"Laptop Dell Inspiron 15 3530 i7 1355U (P16WD) là một sự lựa chọn tuyệt vời cho những ai đang tìm kiếm một chiếc máy tính xách tay mạnh mẽ và linh hoạt cho cả công việc và giải trí. Máy được trang bị bộ vi xử lý Intel Core i7 thế hệ 13, cung cấp hiệu suất vượt trội để xử lý các tác vụ như chỉnh sửa video, hình ảnh hay xử lý dữ liệu.",Bảo hành chính hãng laptop 1 năm tại các trung tâm bảo hành hãng Xem địa chỉ bảo hành,Intel Core i7 Raptor Lake - 1355U,Hãng không công bố,32,1024.0,54.0,15.6,Windows 11 Home SL + Office Home & Student 2021 vĩnh viễn,1920x1080,"1 x USB 2.0
Jack tai nghe 3.5 mm
1 x USB 3.2
HDMI
USB Type-C",TheGioiDiDong,-6%
328238,https://www.thegioididong.com/laptop/asus-vivobook-k3605zc-i5-rp629w,Laptop Asus Gaming Vivobook K3605ZC i5 12500H/16GB/512GB/4GB RTX3050/Win11 (RP629W),181900000.0,,Asus,4.9,3.0,"Laptop Asus Gaming Vivobook K3605ZC i5 12500H (RP629W) nổi bật trong phân khúc tầm trung với bộ cấu hình mạnh mẽ, màn hình sắc nét và thiết kế sang trọng, chiếc máy này chắc chắn sẽ làm hài lòng ngay cả những người dùng khó tính nhất trong thị trường laptop gaming hiện đại.",Bảo hành chính hãng laptop 2 năm tại các trung tâm bảo hành hãng Xem địa chỉ bảo hành,Intel Core i5 Alder Lake - 12500H,2.5GHz,32,512.0,50.0,16.0,Windows 11 Home SL,,"Jack tai nghe 3.5 mm
2 x USB 3.2
HDMI
1 x USB Type C (chỉ hỗ trợ Power Delivery)",TheGioiDiDong,-17%
326830,https://www.thegioididong.com/laptop/hp-pavilion-x360-14-ek2024tu-core-5-9z2v6pa,Laptop HP Pavilion X360 14 ek2024TU Core 5 120U/16GB/512GB/Win11 (9Z2V6PA),234900000.0,,HP,5.0,,"Tính năng sử dụng đa dạng đến từ con chip thế hệ hoàn toàn mới, khả năng gập xoay linh hoạt 360 độ đi cùng nhiều tiện ích sử dụng cảm ứng. Laptop HP Pavilion X360 14 ek2024TU Core 5 120U (9Z2V6PA) mang lại cho người dùng giải quyết trọn vẹn nhất mọi công việc và nhu cầu giải trí đa phương tiện.",Bảo hành chính hãng laptop 1 năm tại các trung tâm bảo hành hãng Xem địa chỉ bảo hành,Intel Core 5 Raptor Lake - 120U,1.4GHz,32,512.0,43.0,14.0,Windows 11 Home SL,1920x1080,"2 x USB Type-A
HDMI
1 x Headphone/microphone combo
1 x USB Type-C (hỗ trợ USB Power Delivery, DisplayPort 1.4)",TheGioiDiDong,-6%
322073,https://www.thegioididong.com/laptop/lenovo-ideapad-slim-3-15irh8-i7-83em003fvn,Laptop Lenovo Ideapad Slim 3 15IRH8 i7 13620H/16GB/1TB/Win11 (83EM003FVN),181900000.0,,Lenovo,4.9,1.0,"Không thể bỏ lỡ mẫu laptop Lenovo Ideapad Slim 3 15IRH8 i7 13620H (83EM003FVN) bởi cấu hình vô cùng phù hợp với con chip Intel i7 Gen 13, RAM 16 GB, SSD 1 TB,... sẽ là trợ thủ đắc lực cho những sinh viên thuộc nhiều khối ngành, dân văn phòng hay kinh doanh.",Bảo hành chính hãng laptop 2 năm tại các trung tâm bảo hành hãng Xem địa chỉ bảo hành,Intel Core i7 Raptor Lake - 13620H,2.4GHz,16,1024.0,47.0,15.6,Windows 11 Home SL,1920x1080,"Jack tai nghe 3.5 mm
2 x USB 3.2
HDMI
1x USB-C 3.2 (hỗ trợ truyền dữ liệu, Power Delivery và DisplayPort 1.2)",TheGioiDiDong,-6%
323325,https://www.thegioididong.com/laptop/hp-240-g10-i5-9h2e4pt,Laptop HP 240 G10 i5 1335U/16GB/512GB/Win11 (9H2E4PT),175900000.0,,HP,4.9,1.0,"Bạn đang muốn tìm kiếm một mẫu laptop mang hiệu năng ổn định, thiết kế hiện đại lại còn sở hữu một mức giá phù hợp kinh tế thì hãy tham khảo ngay laptop HP 240 G10 i5 1335U (9H2E4PT) từ thương hiệu HP nổi tiếng, mang đến cho người dùng những trải nghiệm sử dụng đầy đủ từ làm việc đến giải trí.",Bảo hành chính hãng laptop 1 năm tại các trung tâm bảo hành hãng Xem địa chỉ bảo hành,Intel Core i5 Raptor Lake - 1335U,1.3GHz,16,512.0,41.0,14.0,Windows 11 Home SL,1920x1080,"Jack tai nghe 3.5 mm
2 x USB 3.2
HDMI
USB Type-C",TheGioiDiDong,-10%
326876,https://www.thegioididong.com/laptop/acer-aspire-lite-14-51m-36pn-i3-nxktwsv001,Laptop Acer Aspire Lite 14 51M 36PN i3 1215U/8GB/512GB/Win11 (NX.KTWSV.001),103900000.0,,Acer,5.0,4.0,"Laptop Acer Aspire Lite 14 51M 36PN i3 1215U (NX.KTWSV.001) mẫu máy học tập, văn phòng sở hữu sự cân bằng vượt trội với tính ứng dụng cao, giá thành kinh tế lại còn có thiết kế vô cùng hiện đại. Mẫu laptop chính là một phiên bản hoàn hảo cho những ai tìm kiếm một công cụ làm việc đa năng với mức giá thành thấp.",Bảo hành chính hãng laptop 1 năm tại các trung tâm bảo hành hãng Xem địa chỉ bảo hành,Intel Core i3 Alder Lake - 1215U,1.2GHz,16,512.0,58.0,14.0,Windows 11 Home SL,1920x1200,"Jack tai nghe 3.5 mm
HDMI
3 x USB 3.1
1 x USB Type-C (hỗ trợ USB, Power Delivery và DisplayPort)",TheGioiDiDong,-5%
326122,https://www.thegioididong.com/laptop/msi-katana-15-b13udxk-i7-2077vn,Laptop MSI Gaming Katana 15 B13UDXK i7 13620H/16GB/1TB/6GB RTX3050/144Hz/Win11 (2077VN),256900000.0,,MSI,4.9,1.0,"Laptop MSI Gaming Katana 15 B13UDXK i7 13620H (2077VN) - cỗ máy chiến game đỉnh cao đến từ MSI với chip Intel Gen 13 dòng H hiệu năng cao và card RTX 30 series mạnh mẽ, sẵn sàng chinh phục mọi chiến trường ảo cùng cộng đồng game thủ.",Bảo hành chính hãng laptop 2 năm tại các trung tâm bảo hành hãng Xem địa chỉ bảo hành,Intel Core i7 Raptor Lake - 13620H,2.4GHz,16,1024.0,53.5,15.6,Windows 11 Home SL,1920x1080,"1 x USB 2.0
Jack tai nghe 3.5 mm
2 x USB 3.2
HDMI
1 x USB Type-C (hỗ trợ USB 3.2, DisplayPort)
LAN (RJ45)",TheGioiDiDong,
317712,https://www.thegioididong.com/laptop/asus-vivobook-x1404za-i3-nk246w,Laptop Asus Vivobook X1404ZA i3 1215U/8GB/512GB/Win11 (NK246W),104900000.0,,Asus,4.9,11.0,"Một chiếc laptop học tập - văn phòng không chỉ sở hữu bộ phần cứng ổn định hỗ trợ đa công việc, thiết kế sang trọng đầy cao cấp mà còn có một mức giá siêu lý tưởng. Laptop Asus Vivobook X1404ZA i3 1215U (NK246W) hoàn toàn phù hợp với các bạn sinh viên thuộc các khối ngành kinh tế, tài chính hoặc nhân viên văn phòng.",Bảo hành chính hãng laptop 2 năm tại các trung tâm bảo hành hãng Xem địa chỉ bảo hành,Intel Core i3 Alder Lake - 1215U,1.2GHz,32,512.0,42.0,14.0,Windows 11 Home SL,1920x1080,"1 x USB 2.0
Jack tai nghe 3.5 mm
2 x USB 3.2
HDMI
USB Type-C",TheGioiDiDong,-12%
312414,https://www.thegioididong.com/laptop/asus-vivobook-15-x1504za-i3-nj102w,Laptop Asus Vivobook 15 X1504ZA i3 1215U/8GB/512GB/Win11 (NJ102W),106900000.0,,Asus,4.9,20.0,"Một mẫu laptop học tập - văn phòng đến từ nhà Asus mang hiệu năng ổn định để xử lý công việc, nhiều tiện ích sử dụng đi kèm với đó là một mức giá phù hợp. Laptop Asus Vivobook 15 X1504ZA i3 1215U (NJ102W) chắc chắn là sự lựa chọn tuyệt vời cho không chỉ các bạn sinh viên mà còn là người đi làm để giải quyết mọi vấn đề, công việc hàng ngày.",Bảo hành chính hãng laptop 2 năm tại các trung tâm bảo hành hãng Xem địa chỉ bảo hành,Intel Core i3 Alder Lake - 1215U,1.2GHz,16,512.0,42.0,15.6,Windows 11 Home SL,1920x1080,"1 x USB 2.0
Jack tai nghe 3.5 mm
2 x USB 3.2
HDMI
USB Type-C",TheGioiDiDong,-13%
337474,https://www.thegioididong.com/laptop/dell-inspiron-15-3520-i5-n3520i5u085w11slu,Laptop Dell Inspiron 15 3520 i5 1235U/8GB/512GB/120Hz/OfficeHS24+365/Win11 (N3520-i5U085W11SLU),144900000.0,,Dell,4.9,,"Dell Inspiron 15 3520 i5 1235U (N3520-i5U085W11SLU) là chiếc laptop lý tưởng cho học sinh, sinh viên và nhân viên văn phòng nhờ sự kết hợp hoàn hảo giữa hiệu năng ổn định, thiết kế thanh lịch và tính di động cao. Hứa hẹn sẽ là người bạn đồng hành đáng tin cậy trong học tập, công việc và giải trí với mức giá hợp lý, đây là một lựa chọn rất đáng cân nhắc.",Bảo hành chính hãng laptop 1 năm tại các trung tâm bảo hành hãng Xem địa chỉ bảo hành,Intel Core i5 Alder Lake - 1235U,1.3GHz,32,1024.0,41.0,15.6,Windows 11 Home SL + Office Home & Student 2024 vĩnh viễn,1920x1080,"1 x USB 2.0
2 x USB 3.2
HDMI",TheGioiDiDong,-9%
311177,https://www.thegioididong.com/laptop/hp-pavilion-15-eg3091tu-i7-8c5l2pa,Laptop HP Pavilion 15 eg3091TU i7 1355U/16GB/512GB/Win11 (8C5L2PA),236900000.0,,HP,5.0,4.0,"Laptop HP Pavilion 15 eg3091TU i7 1355U (8C5L2PA) sở hữu trong mình hiệu năng vượt trội từ dòng chip Intel thế hệ mới, vẻ ngoài thanh lịch cùng các tiện ích hiện đại. Đây chắc chắn sẽ là mẫu laptop học tập - văn phòng lý tưởng cho sinh viên và người đi làm.",Bảo hành chính hãng laptop 1 năm tại các trung tâm bảo hành hãng Xem địa chỉ bảo hành,Intel Core i7 Raptor Lake - 1355U,1.7GHz,16,512.0,41.0,15.6,Windows 11 Home SL,1920x1080,"Jack tai nghe 3.5 mm
2 x USB 3.2
HDMI
1 x USB Type-C (hỗ trợ USB Power Delivery, DisplayPort 1.4)",TheGioiDiDong,-6%
327097,https://www.thegioididong.com/laptop/hp-15-fd1063tu-ultra-5-9z2y1pa?utm_flashsale=1,Laptop HP 15 fd1063TU Ultra 5 125H/16GB/512GB/Win11 (9Z2Y1PA),199900000.0,,HP,4.9,,"Laptop HP 15 fd1063TU Ultra 5 125H (9Z2Y1PA) mang hiệu năng vượt trội cùng tính đa nhiệm hiệu quả nhờ con chip thế hệ mới được tích hợp AI, thông số cấu hình ổn định với RAM 16 GB, SSD 512 GB,... Hãy khám phá ngay tính năng tiện lợi mà chiếc laptop học tập - văn phòng này mang lại cho các tác vụ của bạn.",Bảo hành chính hãng laptop 1 năm tại các trung tâm bảo hành hãng Xem địa chỉ bảo hành,Intel Core Ultra 5 Meteor Lake - 125H,1.2GHz,16,512.0,41.0,15.6,Windows 11 Home SL,1920x1080,"2 x USB Type-A
HDMI
1 x USB Type-C 3.2 (hỗ trợ USB Power Delivery và DisplayPort 1.2)
1 x Headphone/microphone combo",TheGioiDiDong,
272282,https://www.thegioididong.com/laptop/acer-nitro-5-tiger-an515-58-52sp-i5-nhqfhsv001,Laptop Acer Gaming Nitro 5 Tiger AN515 58 52SP i5 12500H/8GB/512GB/4GB RTX3050/144Hz/Win11 (NH.QFHSV.001),186900000.0,,Acer,5.0,23.0,"Một bước tiến cấu hình vượt bậc được Acer ưu ái trên chiếc laptop Acer Nitro 5 Tiger AN515 58 52SP i5 (NH.QFHSV.001) khi trang bị bộ vi xử lý Intel Gen 12 đầy mạnh mẽ cùng phong cách thiết kế đậm chất “mãnh hổ”, khơi nguồn sức mạnh tiềm ẩn bên trong mỗi game thủ trên mọi chiến trường ảo.",Bảo hành chính hãng laptop 1 năm tại các trung tâm bảo hành hãng Xem địa chỉ bảo hành,Intel Core i5 Alder Lake - 12500H,2.5GHz,16,1024.0,57.5,15.6,Windows 11 Home SL,1920x1080,"Jack tai nghe 3.5 mm
Thunderbolt 4 USB-C
3 x USB 3.2
HDMI
LAN (RJ45)",TheGioiDiDong,-33%
327707,https://www.thegioididong.com/laptop/msi-cyborg-15-a13vek-i7-1423vn,Laptop MSI Gaming Cyborg 15 A13VEK i7 13620H/16GB/512GB/6GB RTX4050/144Hz/Win11 (1423VN),246900000.0,,MSI,5.0,2.0,"Laptop MSI Cyborg 15 A13VEK i7 13620H (1423VN) không chỉ là một cỗ máy chiến game mạnh mẽ mà còn là người bạn đồng hành lý tưởng cho các nhà sáng tạo nội dung chuyên nghiệp. Sở hữu cấu hình đỉnh cao và thiết kế đẳng cấp, chiếc laptop này sẵn sàng đáp ứng mọi nhu cầu giải trí và sáng tạo của bạn một cách hoàn hảo.",Bảo hành chính hãng laptop 2 năm tại các trung tâm bảo hành hãng Xem địa chỉ bảo hành,Intel Core i7 Raptor Lake - 13620H,2.4GHz,32,512.0,53.5,15.6,Windows 11 Home SL,1920x1080,"Jack tai nghe 3.5 mm
2 x USB 3.2
HDMI
1 x USB Type-C (hỗ trợ USB 3.2, DisplayPort)
LAN (RJ45)",TheGioiDiDong,-8%
332369,https://www.thegioididong.com/laptop/lenovo-thinkbook-16-g6-i5-21kh00q0vn,Laptop Lenovo ThinkBook 16 G6 i5 13420H/16GB/512GB/Win11 (21KH00Q0VN),186900000.0,,Lenovo,5.0,,"Laptop Lenovo ThinkBook 16 G6 i5 13420H (21KH00Q0VN) là người bạn đồng hành lý tưởng cho học sinh, sinh viên và nhân viên văn phòng, đáp ứng mọi nhu cầu từ học tập, làm việc đến giải trí. Với hiệu năng ổn định, màn hình sắc nét và thiết kế bền bỉ, chiếc Laptop Lenovo ThinkBook 16 G6 i5 13420H (21KH00Q0VN) hứa hẹn mang đến trải nghiệm làm việc và học tập hiệu quả, nâng tầm năng suất của bạn.",Bảo hành chính hãng laptop 2 năm tại các trung tâm bảo hành hãng Xem địa chỉ bảo hành,,,16,1024.0,71.0,16.0,Windows 11 Home SL,,"1 x USB 3.2
HDMI
1 x USB Type-C (hỗ trợ truyền dữ liệu, Power Delivery 3.0 và DisplayPort 1.4)
1 x Thunderbolt 4 / USB 4 (hỗ trợ truyền dữ liệu, Power Delivery 3.0 và DisplayPort 1.4)
1 x Headphone/microphone combo
LAN (RJ45)
1 x USB 3.2 (Always on)",TheGioiDiDong,-9%
334794,https://www.thegioididong.com/laptop/asus-vivobook-16-x1605va-i5-mb1876ws,Laptop Asus Vivobook 16 X1605VA i5 13420H/16GB/512GB/OfficeHS24+365/Win11 (MB1876WS),159900000.0,,Asus,4.9,,"Nếu bạn đang tìm kiếm một chiếc laptop học tập và làm việc văn phòng với hiệu suất ổn định, thiết kế hiện đại và giá thành hợp lý, laptop Asus Vivobook 16 X1605VA i5 13420H (MB1876WS) là một lựa chọn đáng cân nhắc. Sở hữu cấu hình mạnh mẽ, màn hình lớn sắc nét cùng hàng loạt tính năng thông minh, sản phẩm này đáp ứng tốt nhu cầu của sinh viên, nhân viên văn phòng và cả những người sáng tạo nội dung.",Bảo hành chính hãng laptop 2 năm tại các trung tâm bảo hành hãng Xem địa chỉ bảo hành,,,32,512.0,42.0,16.0,Windows 11 Home SL + Office Home & Student 2024 vĩnh viễn + Microsoft 365 Basic,,"1 x USB 2.0
Jack tai nghe 3.5 mm
2 x USB 3.2
HDMI
1 x USB Type C (hỗ trợ truyền dữ liệu và Power Delivery)",TheGioiDiDong,-11%
325479,https://www.thegioididong.com/laptop/asus-vivobook-s-16-oled-s5606ma-ultra-5-mx050w,Laptop Asus Vivobook S 16 OLED S5606MA Ultra 5 125H/16GB/512GB/120Hz/Win11 (MX050W),236900000.0,,Asus,5.0,2.0,"Trong thị trường laptop sôi động hiện nay, laptop Asus Vivobook S 16 OLED S5606MA Ultra 5 125H (MX050W) nổi lên như một lựa chọn sáng giá cho những người dùng yêu thích sự mỏng nhẹ, thời trang và hiệu năng mạnh mẽ. Chiếc máy tính xách tay này hội tụ đầy đủ những yếu tố cần thiết để đáp ứng nhu cầu học tập, làm việc và giải trí đa dạng của người dùng.",Bảo hành chính hãng laptop 2 năm tại các trung tâm bảo hành hãng Xem địa chỉ bảo hành,Intel Core Ultra 5 Meteor Lake - 125H,1.2GHz,16,512.0,75.0,16.0,Windows 11 Home SL,3x2,"Jack tai nghe 3.5 mm
2 x USB 3.2
HDMI
2 x Thunderbolt 4 (hỗ trợ Power Delivery, DisplayPort)",TheGioiDiDong,-15%
326875,https://www.thegioididong.com/laptop/acer-aspire-lite-14-51m-36mh-i3-nxktvsv001,Laptop Acer Aspire Lite 14 51M 36MH i3 1215U/8GB/256GB/Win11 (NX.KTVSV.001),99900000.0,,Acer,4.9,3.0,"Laptop Acer Aspire Lite 14 51M 36MH i3 1215U (NX.KTVSV.001) luôn chiếm sự ưu ái cao của người dùng trong phân khúc máy tính xách tay giá rẻ bởi thiết kế sang trọng, hiện đại, cấu hình ổn định và tính ứng dụng cao trong công việc.",Bảo hành chính hãng laptop 1 năm tại các trung tâm bảo hành hãng Xem địa chỉ bảo hành,Intel Core i3 Alder Lake - 1215U,1.2GHz,32,256.0,58.0,14.0,Windows 11 Home SL,1920x1200,"Jack tai nghe 3.5 mm
HDMI
3 x USB 3.1
1 x USB Type-C (hỗ trợ USB, Power Delivery và DisplayPort)",TheGioiDiDong,
329858,https://www.thegioididong.com/laptop/asus-x1504za-i5-nj1608w,Laptop Asus Vivobook 15 X1504ZA i5 1235U/16GB/512GB/Win11 (NJ1608W),144900000.0,,Asus,5.0,2.0,"Bạn đang tìm kiếm một chiếc laptop đa năng, phục vụ tốt cả công việc lẫn giải trí? Laptop Asus Vivobook 15 X1504ZA i5 1235U (NJ1608W) chính là một lựa chọn lý tưởng mà bạn không nên bỏ qua! Sản phẩm này hội tụ đầy đủ những tính năng tiên tiến, thiết kế hiện đại và hiệu năng ấn tượng, phù hợp với học sinh, sinh viên hay nhân viên văn phòng.",Bảo hành chính hãng laptop 2 năm tại các trung tâm bảo hành hãng Xem địa chỉ bảo hành,Intel Core i5 Alder Lake - 1235U,1.3GHz,32,512.0,42.0,15.6,Windows 11 Home SL,1920x1080,"1 x USB 2.0
Jack tai nghe 3.5 mm
2 x USB 3.2
HDMI
USB Type-C",TheGioiDiDong,-14%
325242,https://www.thegioididong.com/laptop/dell-inspiron-15-3520-i5-n5i5052w1,Laptop Dell Inspiron 15 3520 i5 1235U/16GB/512GB/120Hz/OfficeHS/Win11 (N5I5052W1),164900000.0,,Dell,5.0,1.0,"Laptop Dell Inspiron 15 3520 i5 1235U (N5I5052W1) là sản phẩm tầm trung hoàn hảo cho đối tượng người dùng văn phòng, học sinh, sinh viên và những ai cần một thiết bị di động để giải trí và làm việc cơ bản. Nổi bật với bộ vi xử lý Intel thế hệ thứ 12 mạnh mẽ, hứa hẹn mang đến hiệu năng ổn định, khả năng đa nhiệm tốt cùng thiết kế hiện đại, gọn nhẹ.",Bảo hành chính hãng laptop 1 năm tại các trung tâm bảo hành hãng Xem địa chỉ bảo hành,Intel Core i5 Alder Lake - 1235U,1.3GHz,32,2048.0,41.0,15.6,Windows 11 Home SL + Office Home & Student 2021 vĩnh viễn,1920x1080,"1 x USB 2.0
Jack tai nghe 3.5 mm
2 x USB 3.2
HDMI",TheGioiDiDong,
334449,https://www.thegioididong.com/laptop/lenovo-ideapad-slim-5-14ahp10-r7-83hv001mvn,Laptop Lenovo IdeaPad Slim 5 OLED 14AHP10 R7 8845HS/32GB/512GB/OfficeHS24+365/Win11 (83HV001MVN),231900000.0,,Lenovo,4.9,,"Laptop Lenovo IdeaPad Slim 5 14AHP10 R7 8845HS (83HV001MVN) là chiếc laptop lý tưởng cho học sinh, sinh viên và nhân viên văn phòng nhờ sự kết hợp hoàn hảo giữa hiệu năng mạnh mẽ, thiết kế mỏng nhẹ và các tính năng thông minh. Với bộ vi xử lý AMD Ryzen 7 8845HS, màn hình OLED sắc nét và thời lượng pin ấn tượng, chiếc laptop này sẽ là người bạn đồng hành đáng tin cậy trong công việc và học tập. Đây chắc chắn là một sự đầu tư xứng đáng cho những ai tìm kiếm một chiếc laptop đa năng và hiệu suất cao.",Bảo hành chính hãng laptop 2 năm tại các trung tâm bảo hành hãng Xem địa chỉ bảo hành,,,32,1024.0,60.0,14.0,Windows 11 Home SL + Office Home & Student 2024 vĩnh viễn + Microsoft 365 Basic,,"2 x USB Type-C 3.2 (hỗ trợ Power Delivery 3.0 và DisplayPort 1.4)
1 x USB 3.2
HDMI
1 x Headphone/microphone combo
1 x USB 3.2 (Always on)",TheGioiDiDong,-8%
316941,https://www.thegioididong.com/laptop/msi-gaming-gf63-thin-12uc-i7-887vn,Laptop MSI Gaming GF63 Thin 12UC i7 12650H/8GB/512GB/4GB RTX3050/144Hz/Win11 (887VN),186900000.0,,MSI,5.0,2.0,"Laptop MSI Gaming GF63 Thin 12UC i7 12650H (887VN) không chỉ là một chiếc laptop mạnh mẽ với bộ vi xử lý Intel Core i7 dòng H cao cấp cùng card đồ họa NVIDIA GeForce RTX, mà còn là người bạn đồng hành đáng tin cậy của cả game thủ và những chuyên viên thiết kế đồ họa chuyên nghiệp.",Bảo hành chính hãng laptop 1 năm tại các trung tâm bảo hành hãng Xem địa chỉ bảo hành,,,32,512.0,52.4,15.6,Windows 11 Home SL,1920x1080,"1x Mic-in
1x Headphone-out
3 x USB 3.2
HDMI
LAN (RJ45)
USB Type-C",TheGioiDiDong,-10%
326831,https://www.thegioididong.com/laptop/hp-pavilion-x360-14-ek2027tu-core-7-9z2v9pa,Laptop HP Pavilion X360 14 ek2027TU Core 7 150U/16GB/512GB/Win11 (9Z2V9PA),271900000.0,,HP,5.0,,Khơi mào sự sáng tạo hay thể hiện độ năng động trong học tập và làm việc với khả năng gập xoay 360 độ cùng màn hình cảm ứng siêu tiện lợi. Laptop HP Pavilion X360 14 ek2027TU Core 7 150U (9Z2V9PA) còn được tích hợp cấu hình với con chip Intel Core 7 thế hệ mới cho mọi công việc được hoàn thiện ở hiệu quả cao.,Bảo hành chính hãng laptop 1 năm tại các trung tâm bảo hành hãng Xem địa chỉ bảo hành,Intel Core 7 Raptor Lake - 150U,Hãng không công bố,32,512.0,43.0,14.0,Windows 11 Home SL,1920x1080,"2 x USB 3.2
HDMI
1 x Headphone/microphone combo
1 x USB Type-C (hỗ trợ USB Power Delivery, DisplayPort 1.4)",TheGioiDiDong,
334689,https://www.thegioididong.com/laptop/gigabyte-g5-mf5-rc555-i5-9rc55mf5feiaa1vn0c0,Laptop GIGABYTE Gaming G5 MF5 RC555 i5 13500H/16GB/512GB/6GB RTX4050/144Hz/Win11 (9RC55MF5FEIAA1VN0C0),211900000.0,,GIGABYTE,4.9,,"Chiếc laptop gaming này được trang bị cấu hình mạnh mẽ với vi xử lý Intel thế hệ 13 dòng H hiệu năng cao, card đồ họa rời RTX 40 series và màn hình tần số quét 144 Hz, mang đến trải nghiệm mượt mà trong mọi trận đấu. Với mức giá dưới 22 triệu, laptop GIGABYTE G5 MF5 RC555 i5 13500H (9RC55MF5FEIAA1VN0C0) sẽ trở thành người bạn đồng hành lý tưởng, giúp bạn thống lĩnh mọi đấu trường ảo một cách đầy tự tin.",Bảo hành chính hãng laptop 2 năm tại các trung tâm bảo hành hãng Xem địa chỉ bảo hành,Intel Core i5 Raptor Lake - 13500H,2.6GHz,16,4096.0,54.0,15.6,Windows 11 Home SL,1920x1080,"1 x USB 2.0
1 x USB 3.2
HDMI
1 x Microphone jack
1 x Headphone/microphone combo
LAN (RJ45)
2 x USB Type-C
Mini DisplayPort",TheGioiDiDong,
333423,https://www.thegioididong.com/laptop/acer-aspire-lite-16-g2-al16-52p-572a-i5-nxj2ssv004,Laptop Acer Aspire Lite 16 G2 AL16 52P 572A i5 1334U/16GB/512GB/Win11 (NX.J2SSV.004),140900000.0,,Acer,4.9,2.0,"Khi công nghệ trở thành yếu tố không thể thiếu trong cuộc sống, việc sở hữu một chiếc laptop vừa mạnh mẽ vừa đa năng là điều cần thiết. Laptop Acer Aspire Lite 16 G2 AL16 52P 572A i5 1334U (NX.J2SSV.004) chính là giải pháp toàn diện với mức giá hợp lý, nhiều ưu đãi từ Thế Giới Di Động, đáp ứng mọi nhu cầu từ học tập, làm việc đến giải trí và bảo vệ dữ liệu cá nhân.",Bảo hành chính hãng laptop 1 năm tại các trung tâm bảo hành hãng Xem địa chỉ bảo hành,Intel Core i5 Raptor Lake - 1334U,1.3GHz,16,2048.0,58.0,16.0,Windows 11 Home SL,,"Jack tai nghe 3.5 mm
3 x USB 3.2
HDMI
1 x USB Type-C (hỗ trợ USB, Power Delivery và DisplayPort)",TheGioiDiDong,
328235,https://www.thegioididong.com/laptop/asus-gaming-tuf-f15-fx507zc4-i5-hn330w,Laptop Asus TUF Gaming F15 FX507ZC4 i5 12500H/16GB/512GB/4GB RTX3050/144Hz/Win11 (HN330W),204900000.0,,Asus,5.0,1.0,"Laptop Asus Gaming TUF F15 FX507ZC4 i5 12500H (HN330W) là người bạn đồng hành hoàn hảo cho các game thủ đam mê sự mạnh mẽ và hiệu năng đỉnh cao. Cấu hình quốc dân với chip Intel dòng H và card đồ họa RTX 30 series, chiếc laptop này sẽ biến mọi trận đấu của bạn trở thành trải nghiệm tuyệt vời.",Bảo hành chính hãng laptop 2 năm tại các trung tâm bảo hành hãng Xem địa chỉ bảo hành,,,16,1024.0,56.0,15.6,Windows 11 Home SL,1920x1080,"Jack tai nghe 3.5 mm
1 x USB Type-C 3.2 (hỗ trợ DisplayPort / G-SYNC)
2 x USB 3.2
HDMI
1 x Thunderbolt 4 (hỗ trợ DisplayPort)
LAN (RJ45)",TheGioiDiDong,-8%
327872,https://www.thegioididong.com/laptop/asus-fa507nur-r7-lp057w,Laptop Asus TUF Gaming A15 FA507NUR R7 7435HS/16GB/512GB/6GB RTX4050/144Hz/Win11 (LP057W),246900000.0,,Asus,5.0,1.0,"Laptop Asus Gaming TUF A15 FA507NUR R7 7435HS (LP057W) không chỉ thu hút game thủ bởi vẻ ngoài hầm hố, mạnh mẽ mà còn chinh phục bởi cấu hình vượt trội. Sức mạnh được cung cấp bởi bộ vi xử lý AMD hiệu năng cao cùng card đồ họa RTX 40 series, kết hợp cùng các công nghệ hiện đại, chiếc laptop này thành cỗ máy chiến game thực thụ, mang đến cho bạn những trải nghiệm vô cùng hấp dẫn.",Bảo hành chính hãng laptop 2 năm tại các trung tâm bảo hành hãng Xem địa chỉ bảo hành,AMD Ryzen 7 - 7435HS,3.1GHz,16,2048.0,90.0,15.6,Windows 11 Home SL,1920x1080,"Jack tai nghe 3.5 mm
1 x USB 3.2 Gen 2 Type-C (hỗ trợ DisplayPort, Power delivery, G-SYNC)
2 x USB 3.2
HDMI
1 x USB Type-C USB 4 (hỗ trợ DisplayPort)
LAN (RJ45)",TheGioiDiDong,-13%
330075,https://www.thegioididong.com/laptop/dell-inspiron-15-3520-i5-n3520-i5u085w11slu,Laptop Dell Inspiron 15 3520 i5 1235U/8GB/512GB/120Hz/OfficeHS/Win11 (N3520-i5U085W11SLU),144900000.0,,Dell,5.0,,"Laptop Dell Inspiron 15 3520 i5 1235U (N3520-i5U085W11SLU) là lựa chọn hoàn hảo, kết hợp hiệu năng ổn định, thiết kế hiện đại và mức giá phù hợp với ngân sách của hầu hết người dùng. Chiếc laptop này không chỉ đáp ứng tốt nhu cầu công việc mà còn hỗ trợ giải trí đa phương tiện một cách mượt mà.",Bảo hành chính hãng laptop 1 năm tại các trung tâm bảo hành hãng Xem địa chỉ bảo hành,,,32,2048.0,41.0,15.6,Windows 11 Home SL + Office Home & Student 2021 vĩnh viễn,1920x1080,"1 x USB 2.0
Jack tai nghe 3.5 mm
2 x USB 3.2
HDMI",TheGioiDiDong,-7%
334450,https://www.thegioididong.com/laptop/lenovo-ideapad-slim-3-16irh10-i5-83k20003vn,Laptop Lenovo Ideapad Slim 3 16IRH10 i5 13420H/24GB/512GB/Win11 (83K20003VN),174900000.0,,Lenovo,4.9,,,Bảo hành chính hãng laptop 2 năm tại các trung tâm bảo hành hãng Xem địa chỉ bảo hành,,,32,1024.0,60.0,,Windows 11 Home SL,,"USB Type-C (hỗ trợ truyền dữ liệu, Power Delivery 3.0 và DisplayPort 1.2)
2 x USB 3.2
HDMI
1 x Headphone/microphone combo",TheGioiDiDong,
331506,https://www.thegioididong.com/laptop/hp-envy-x360-14-fc0162tu-ultra-5-ay8x1pa,Laptop HP Envy x360 14 fc0162TU Ultra 5 125U/16GB/512GB/OfficeHS/Win11 (AY8X1PA),274900000.0,,HP,4.9,1.0,"Laptop HP Envy x360 14 fc0162TU Ultra 5 125U (AY8X1PA) độc đáo với tính năng gập mở 360 độ hiện đại, thiết kế thanh mảnh sang trọng, hiệu năng mạnh mẽ từ vi xử lý Intel Core Ultra 5 125U, cùng màn hình OLED 2.8K sống động. HP Envy x360 14 được tối ưu hóa để đồng hành cùng bạn trong mọi công việc và khoảnh khắc sáng tạo, là lựa chọn hoàn hảo mà bất kì ai cũng sẽ ""thích mê"".",Bảo hành chính hãng laptop 1 năm tại các trung tâm bảo hành hãng Xem địa chỉ bảo hành,Intel Core Ultra 5 Meteor Lake - 125U,1.3GHz,32,2048.0,59.0,14.0,Windows 11 Home SL + Office Home & Student 2021 vĩnh viễn,2x8,"2 x USB Type-A
HDMI
1 x USB Type-C (USB Power Delivery, DisplayPort 2.1)
1 x Thunderbolt 4 with USB Type-C (hỗ trợ USB Power Delivery, DisplayPort 2.1)
1 x Headphone/microphone combo",TheGioiDiDong,-8%
322100,https://www.thegioididong.com/laptop/msi-gaming-sword-16-hx-b14vfkg-i7-045vn,Laptop MSI Gaming Sword 16 HX B14VFKG i7 14700HX/16GB/1TB/8GB RTX4060/240Hz/Win11 (045VN),355900000.0,,MSI,5.0,2.0,"MSI Gaming Sword 16 HX B14VFKG i7 14700HX (045VN) là laptop gaming mạnh mẽ, được thiết kế dành cho game thủ và người dùng chuyên nghiệp đang tìm kiếm một cỗ máy chiến game đỉnh cao và khả năng xử lý tác vụ nặng mượt mà. Với hiệu năng vượt trội, thiết kế đậm chất gaming và màn hình sắc nét, chiếc laptop MSI Gaming Sword 16 HX B14VFKG i7 14700HX (045VN) hứa hẹn mang đến những trải nghiệm tuyệt vời, xứng đáng là người bạn đồng hành tin cậy trên mọi chiến trường ảo và trong công việc.",Bảo hành chính hãng laptop 2 năm tại các trung tâm bảo hành hãng Xem địa chỉ bảo hành,Intel Core i7 Raptor Lake - 14700HX,2.1GHz,32,1024.0,65.0,16.0,Windows 11 Home SL,2560x1600,"Jack tai nghe 3.5 mm
3 x USB 3.2
HDMI
1 x USB Type-C (hỗ trợ USB 3.2, DisplayPort)
LAN (RJ45)",TheGioiDiDong,-11%
336967,https://www.thegioididong.com/laptop/acer-aspire-lite-15-al15-71p-517d-i5-nxj7ksv001,Laptop Acer Aspire Lite 15 AL15 71P 517D i5 12450H/16GB/512GB/Win11 (NX.J7KSV.001),140900000.0,,Acer,4.9,,"Laptop Acer Aspire Lite 15 AL15 71P 517D i5 12450H (NX.J7KSV.001) là chiếc laptop lý tưởng cho học sinh, sinh viên và nhân viên văn phòng, nổi bật với hiệu năng ổn định và thiết kế thanh lịch. Chiếc máy này hứa hẹn mang đến trải nghiệm làm việc và học tập hiệu quả với mức giá vô cùng hợp lý.",Bảo hành chính hãng laptop 1 năm tại các trung tâm bảo hành hãng Xem địa chỉ bảo hành,Intel Core i5 Alder Lake - 12450H,2GHz,32,2048.0,58.0,15.6,Windows 11 Home SL,1920x1080,"Jack tai nghe 3.5 mm
3 x USB 3.2
HDMI
1 x USB Type-C (hỗ trợ USB 3.2, DisplayPort)",TheGioiDiDong,
328949,https://www.thegioididong.com/laptop/asus-vivobook-15-oled-a1505va-i5-ma467w,Laptop Asus Vivobook 15 OLED A1505VA i5 13500H/16GB/512GB/120Hz/Win11 (MA467W),181900000.0,,Asus,5.0,3.0,"Laptop Asus Vivobook 15 OLED A1505VA i5 13500H (MA467W) là lựa chọn đáng tin cậy cho những ai cần một laptop mạnh mẽ với thiết kế tinh tế và công nghệ tiên tiến. Được trang bị bộ vi xử lý Intel Core i5 dòng H, sản phẩm này không chỉ tối ưu hóa hiệu suất làm việc mà còn mang lại trải nghiệm tuyệt vời cho các nhu cầu cho một số công việc liên quan tới đồ họa, kỹ thuật cho đến giải trí đa phương tiện.",Bảo hành chính hãng laptop 2 năm tại các trung tâm bảo hành hãng Xem địa chỉ bảo hành,Intel Core i5 Raptor Lake - 13500H,2.6GHz,16,512.0,50.0,15.6,Windows 11 Home SL,2x8,"1 x USB 2.0
Jack tai nghe 3.5 mm
2 x USB 3.2
HDMI
1 x USB Type-C (chỉ hỗ trợ Power Delivery)",TheGioiDiDong,-13%
325953,https://www.thegioididong.com/laptop/dell-inspiron-14-5440-core-7-7fn5j,Laptop Dell Inspiron 14 5440 Core 7 150U/16GB/1TB/OfficeHS/Win11 (7FN5J),249900000.0,,Dell,4.9,,"Là một sinh viên hoặc nhân viên văn phòng, bạn thường xuyên phải đối mặt với khối lượng công việc và bài tập khổng lồ đòi hỏi một chiếc laptop có hiệu năng ổn định và gọn gàng để mang theo nhiều nơi. Hiểu được nhu cầu đó, Dell mang đến cho bạn chiếc laptop Dell Inspiron 14 5440 Core 7 150U (7FN5J) - sự lựa chọn hoàn hảo đáp ứng mọi yêu cầu của bạn.",Bảo hành chính hãng laptop 1 năm tại các trung tâm bảo hành hãng Xem địa chỉ bảo hành,Intel Core 7 Raptor Lake - 150U,Hãng không công bố,16,1024.0,54.0,14.0,Windows 11 Home SL + Office Home & Student 2021 vĩnh viễn,,"2 x USB 3.2
HDMI
1 x Headphone/microphone combo
1 x USB Type-C 3.2 (hỗ trợ Power Delivery và DisplayPort)",TheGioiDiDong,-7%
325480,https://www.thegioididong.com/laptop/asus-zenbook-14-oled-i5-km657w?utm_flashsale=1,Laptop Asus Zenbook 14 OLED UX3402VA i5 13500H/16GB/512GB/90Hz/Win11 (KM657W),241900000.0,,Asus,5.0,2.0,"Laptop Asus Zenbook 14 OLED UX3402VA i5 13500H (KM657W) mang trong mình trái tim mạnh mẽ từ chip Intel thế hệ 13, sẵn sàng đáp ứng mọi nhu cầu công việc, học tập và giải trí của bạn. Xử lý đa nhiệm mượt mà mọi tác vụ văn phòng, thỏa sức sáng tạo nội dung chuyên nghiệp chỉ bằng chiếc laptop mỏng nhẹ này.",Bảo hành chính hãng laptop 2 năm tại các trung tâm bảo hành hãng Xem địa chỉ bảo hành,Intel Core i5 Raptor Lake - 13500H,2.6GHz,16,512.0,75.0,14.0,Windows 11 Home SL,2x8,"Jack tai nghe 3.5 mm
1 x USB 3.2
HDMI
2 x Thunderbolt 4 (hỗ trợ Power Delivery, DisplayPort)",TheGioiDiDong,-10%
335554,https://www.thegioididong.com/laptop/lenovo-loq-15irx9-i5-83dv003cvn,Laptop Lenovo Gaming LOQ 15IRX9 i5 13450HX/16GB/512GB/6GB RTX3050/144Hz/Win11 (83DV003CVN),221900000.0,,Lenovo,4.9,,"Lenovo LOQ 15IRX9 là chiếc laptop gaming mạnh mẽ, được thiết kế dành cho các nhà thiết kế đồ họa, dựng video và người làm kỹ thuật chuyên nghiệp. Với hiệu năng vượt trội, màn hình sắc nét và các tính năng hỗ trợ tối ưu, chiếc laptop này sẽ là công cụ đắc lực giúp bạn hoàn thành mọi tác vụ một cách hiệu quả. Đây là sự lựa chọn đáng giá cho những ai tìm kiếm một chiếc Laptop Lenovo LOQ 15IRX9 i5 13450HX (83DV003CVN) để phục vụ cho công việc và giải trí.",Bảo hành chính hãng laptop 2 năm tại các trung tâm bảo hành hãng Xem địa chỉ bảo hành,Intel Core i5 Raptor Lake - 13450HX,2.4GHz,16,1024.0,60.0,15.6,Windows 11 Home SL,1920x1080,"Jack tai nghe 3.5 mm
3 x USB 3.2
HDMI
1 x USB-C 3.2 (hỗ trợ truyền dữ liệu, Power Delivery 140W và DisplayPort 1.4)
LAN (RJ45)",TheGioiDiDong,-11%
338207,https://www.thegioididong.com/laptop/hp-240-g10-i5-b93gzat,Laptop HP 240 G10 i5 1334U/16GB/512GB/Win11 (B93GZAT),169900000.0,,HP,4.9,,,Bảo hành chính hãng laptop 1 năm tại các trung tâm bảo hành hãng Xem địa chỉ bảo hành,Intel Core i5 Raptor Lake - 1334U,1.3GHz,32,2048.0,41.0,14.0,Windows 11 Home SL,1920x1080,"2 x USB 3.2
HDMI
1 x Headphone/microphone combo
USB Type-C",TheGioiDiDong,-9%
302209,https://www.thegioididong.com/laptop/hp-pavilion-15-eg2088tu-i7-7c0r0pa?utm_flashsale=1,Laptop HP Pavilion 15 eg2088TU i7 1260P/16GB/512GB/Win11 (7C0R0PA),225900000.0,,HP,4.9,17.0,"Laptop HP Pavilion 15 eg2088TU i7 (7C0R0PA) sẽ là lựa chọn tốt cho người dùng muốn tìm một chiếc laptop học tập - văn phòng đa năng, có thể đáp ứng hoàn hảo cho các tác vụ công việc và giải trí hằng ngày.",Bảo hành chính hãng laptop 1 năm tại các trung tâm bảo hành hãng Xem địa chỉ bảo hành,Intel Core i7 Alder Lake - 1260P,2.1GHz,32,512.0,41.04,15.6,Windows 11 Home SL,1920x1080,"Jack tai nghe 3.5 mm
2 x USB 3.2
HDMI
USB Type-C",TheGioiDiDong,-10%
308697,https://www.thegioididong.com/laptop/msi-gaming-gf63-thin-12ve-i5-460vn,Laptop MSI Gaming GF63 Thin 12VE i5 12450H/8GB/512GB/6GB RTX4050/144Hz/Win11 (460VN),186900000.0,,MSI,5.0,20.0,Laptop MSI Gaming GF63 Thin 12VE i5 12450H (460VN) là chiếc laptop gaming quốc dân mạnh mẽ từ vẻ ngoài đến nội lực và đặc biệt sở hữu card đồ họa rời RTX 4050 đem lại sự vượt trội trong tầm giá chỉ vỏn vẹn xấp xỉ 20 triệu đồng.,Bảo hành chính hãng laptop 1 năm tại các trung tâm bảo hành hãng Xem địa chỉ bảo hành,Intel Core i5 Alder Lake - 12450H,2GHz,32,512.0,52.4,15.6,Windows 11 Home SL,1920x1080,"Jack tai nghe 3.5 mm
3 x USB 3.2
HDMI
1 x USB Type-C (hỗ trợ USB 3.2, DisplayPort)
LAN (RJ45)",TheGioiDiDong,-16%
309565,https://www.thegioididong.com/laptop/hp-pavilion-15-eg2081tu-i5-7c0q4pa,Laptop HP Pavilion 15 eg2081TU i5 1240P/16GB/512GB/Win11 (7C0Q4PA),163900000.0,,HP,5.0,36.0,"Khả năng đáp ứng hiệu quả và mượt mà mọi tác vụ làm việc và giải trí nhờ sức mạnh của chip Intel Gen 12 cùng RAM 16 GB, laptop HP Pavilion 15 eg2081TU i5 1240P (7C0Q4PA) chắc chắn sẽ rất phù hợp với những bạn sinh viên, học sinh cũng như người đi làm.",Bảo hành chính hãng laptop 1 năm tại các trung tâm bảo hành hãng Xem địa chỉ bảo hành,Intel Core i5 Alder Lake - 1240P,1.7GHz,32,512.0,41.0,15.6,Windows 11 Home SL,1920x1080,"Jack tai nghe 3.5 mm
2 x USB 3.2
HDMI
1 x USB Type-C 3.2 (hỗ trợ Power Delivery và DisplayPort)",TheGioiDiDong,-21%
325306,https://www.thegioididong.com/laptop/apple-macbook-air-m2-2022-16gb-256gb-10gpu,Laptop Apple MacBook Air 13 inch M2 16GB/256GB/10GPU,230900000.0,,MacBook,5.0,,"Siêu phẩm Apple MacBook Air 13 inch M2 16GB 256GB kích thước 13 inch đã chính thức trình làng, mang đến một bước tiến vượt bậc về hiệu năng, hứa hẹn khuấy đảo thị trường máy tính xách tay.",Bảo hành chính hãng laptop 1 năm tại các trung tâm bảo hành hãng Xem địa chỉ bảo hành,Apple M2,100GB/s,16,256.0,,13.6,macOS,2560x1664,"Jack tai nghe 3.5 mm
MagSafe 3
2 x Thunderbolt 3",TheGioiDiDong,-23%
327898,https://www.thegioididong.com/laptop/asus-fx507vu-i7-lp186w,Laptop Asus TUF Gaming F15 FX507VU i7 13620H/16GB/512GB/6GB RTX4050/144Hz/Win11 (LP186W),271900000.0,,Asus,4.9,,"Cần một chiếc laptop vừa mạnh mẽ để chiến game, vừa đủ bền để đồng hành cùng bạn trong mọi công việc thì laptop Asus TUF Gaming F15 FX507VU i7 13620H (LP186W) chính là sự lựa chọn hoàn hảo. Với bộ vi xử lý Intel Core i7 thế hệ 13, card đồ họa RTX 4050 và màn hình 144 Hz, chiếc laptop này sẽ mang đến cho bạn hiệu năng vượt trội và hình ảnh mượt mà.",Bảo hành chính hãng laptop 2 năm tại các trung tâm bảo hành hãng Xem địa chỉ bảo hành,Intel Core i7 Raptor Lake - 13620H,2.4GHz,32,2048.0,90.0,15.6,Windows 11 Home SL,1920x1080,"Jack tai nghe 3.5 mm
1 x USB 3.2 Gen 2 Type-C (hỗ trợ DisplayPort, Power delivery, G-SYNC)
2 x USB 3.2
HDMI
1 x Thunderbolt 4 (hỗ trợ DisplayPort)
LAN (RJ45)",TheGioiDiDong,-9%
327051,https://www.thegioididong.com/laptop/lenovo-loq-15arp9-r7-83jc0040vn,Laptop Lenovo Gaming LOQ 15ARP9 R7 7435HS/24GB/512GB/6GB RTX4050/144Hz/Win11 (83JC0040VN),261900000.0,,Lenovo,4.9,2.0,"Ấn tượng mạnh mẽ từ vẻ bề ngoài độc đáo, thu hút đến khả năng chiến game đỉnh cao trên mẫu laptop Lenovo Gaming LOQ 15ARP9 R7 7435HS (83JC0040VN). Máy sở hữu con chip AMD Ryzen 7 mạnh mẽ, card rời RTX 40 Series, RAM 24 GB,... sẽ cùng bạn có những khoảnh khắc chiến đấu thực sự xuất thần.",Bảo hành chính hãng laptop 2 năm tại các trung tâm bảo hành hãng Xem địa chỉ bảo hành,AMD Ryzen 7 - 7435HS,3.1GHz,32,1024.0,60.0,15.6,Windows 11 Home SL,1920x1080,"Jack tai nghe 3.5 mm
3 x USB 3.2
HDMI
1 x USB-C 3.2 (hỗ trợ truyền dữ liệu, Power Delivery 140W và DisplayPort 1.4)
LAN (RJ45)",TheGioiDiDong,-11%
327980,https://www.thegioididong.com/laptop/dell-latitude-3440-i5-l3440i51235u16g512g,Laptop Dell Latitude 3440 i5 1235U/16GB/512GB/Win11 (L3440-I51235U-16G512G),164900000.0,,Dell,5.0,1.0,"Laptop Dell Latitude 3440 i5 1235U (L3440-I51235U-16G512G) là một trong những chiếc laptop lý tưởng dành cho sinh viên và người đi làm cho mọi tác vụ doanh nghiệp, học tập. Được trang bị bộ vi xử lý Intel Core i5 thế hệ 12, sản phẩm cho hiệu năng ấn tượng cùng thiết kế tinh tế và gọn nhẹ, giúp bạn làm việc thoải mái mọi lúc mọi nơi.",Bảo hành chính hãng laptop 1 năm tại các trung tâm bảo hành hãng Xem địa chỉ bảo hành,Intel Core i5 Alder Lake - 1235U,1.3GHz,32,1024.0,41.0,14.0,Windows 11 Home SL,1920x1080,"Jack tai nghe 3.5 mm
2 x USB 3.2
HDMI
LAN (RJ45)
1 x USB 3.2 (Always on)
1 x USB Type-C 3.2 (hỗ trợ Power Delivery và DisplayPort)",TheGioiDiDong,-13%
326637,https://www.thegioididong.com/laptop/acer-aspire-lite-14-51m-59bn-i5-nxktxsv001,Laptop Acer Aspire Lite 14 51M 59BN i5 1235U/16GB/512GB/Win11 (NX.KTXSV.001),146900000.0,,Acer,4.9,4.0,"Chiếc laptop Acer Aspire Lite 14 51M 59BN i5 1235U (NX.KTXSV.001) không chỉ gây ấn tượng bởi thiết kế thanh lịch, mà còn nổi bật với cấu hình phần cứng mạnh mẽ so với các mẫu laptop cùng phân khúc. Đây là chiếc máy lý tưởng cho việc học tập và làm việc văn phòng, mang lại trải nghiệm sử dụng và giải trí tuyệt vời.",Bảo hành chính hãng laptop 1 năm tại các trung tâm bảo hành hãng Xem địa chỉ bảo hành,Intel Core i5 Alder Lake - 1235U,1.3GHz,32,2048.0,58.0,14.0,Windows 11 Home SL,1920x1200,"Jack tai nghe 3.5 mm
HDMI
3 x USB 3.1
1 x USB Type-C (hỗ trợ USB, Power Delivery và DisplayPort)",TheGioiDiDong,
328950,https://www.thegioididong.com/laptop/asus-vivobook-15-oled-a1505va-i9-ma586ws,Laptop Asus Vivobook 15 OLED A1505VA i9 13900H/16GB/512GB/120Hz/OfficeHS/Win11 (MA586WS),231900000.0,,Asus,5.0,,"Siêu phẩm laptop Asus Vivobook 15 OLED A1505VA i9 13900H (L1386W) nổi bật với thiết kế tinh xảo, sang trọng, cùng cấu hình mạnh mẽ như vi xử lý Intel Core i9 và RAM 16 GB. Sản phẩm hứa hẹn mang đến trải nghiệm làm việc đa nhiệm mượt mà và tiện lợi, phù hợp cho sinh viên, nhân viên văn phòng, thậm chí cả những doanh nhân đòi hỏi sự tinh tế trong công việc.",Bảo hành chính hãng laptop 2 năm tại các trung tâm bảo hành hãng Xem địa chỉ bảo hành,Intel Core i9 Raptor Lake - 13900H,2.6GHz,32,512.0,50.0,15.6,Windows 11 Home SL + Office Home & Student 2021 vĩnh viễn,2x8,"1 x USB 2.0
Jack tai nghe 3.5 mm
2 x USB 3.2
HDMI
1 x USB Type-C (chỉ hỗ trợ Power Delivery)",TheGioiDiDong,-10%
302533,https://www.thegioididong.com/laptop/hp-pavilion-15-eg2082tu-i5-7c0q5pa,Laptop HP Pavilion 15 eg2082TU i5 1240P/8GB/512GB/Win11 (7C0Q5PA),156900000.0,,HP,5.0,51.0,"Laptop HP Pavilion 15 eg2082TU i5 (7C0Q5PA) gây ấn tượng bởi sự đẳng cấp đến từ thiết kế thanh lịch, sang trọng cùng hiệu năng vượt bậc nhờ vào con chip Intel thế hệ 12 mạnh mẽ, đáp ứng đầy đủ mọi nhu cầu của người dùng từ tác vụ văn phòng đến đồ họa.",Bảo hành chính hãng laptop 1 năm tại các trung tâm bảo hành hãng Xem địa chỉ bảo hành,Intel Core i5 Alder Lake - 1240P,1.7GHz,32,512.0,41.04,15.6,Windows 11 Home SL,1920x1080,"Jack tai nghe 3.5 mm
2 x USB 3.2
HDMI
USB Type-C",TheGioiDiDong,-20%
331518,https://www.thegioididong.com/laptop/hp-elitebook-630-g11-ultra-7-a7lc5pt?utm_flashsale=1,Laptop HP Elitebook 630 G11 Ultra 7 155U/16GB/512GB/Win11 (A7LC5PT),269900000.0,,HP,,,"Trong thời đại công nghệ số, việc sở hữu một chiếc laptop không chỉ đơn thuần là để làm việc hay học tập, mà còn là công cụ hỗ trợ sáng tạo và giải trí toàn diện. Với laptop HP Elitebook 630 G11 Ultra 7 155U (A7LC5PT), bạn không chỉ đầu tư vào một thiết bị điện tử, mà còn sở hữu một người bạn đồng hành đáng tin cậy, mạnh mẽ và độ linh hoạt cao.",Bảo hành chính hãng laptop 1 năm tại các trung tâm bảo hành hãng Xem địa chỉ bảo hành,Intel Core Ultra 7 Meteor Lake - 155U,1.7GHz,32,1024.0,56.0,13.3,Windows 11 Home SL,,"2 x USB 3.2
HDMI
1 x Headphone/microphone combo
LAN (RJ45)
2 x Thunderbolt 4 (hỗ trợ Power Delivery, DisplayPort)",TheGioiDiDong,
325588,https://www.thegioididong.com/laptop/msi-stealth-14-ai-studio-a1vfg-ultra-7-085vn,Laptop MSI Gaming Stealth 14 AI Studio A1VFG Ultra 7 155H/32GB/1TB/8GB RTX4060/120Hz/Win11 (085VN),506900000.0,,MSI,4.9,,"Laptop MSI Gaming Stealth 14 AI Studio A1VFG Ultra 7 155H (085VN) là dòng laptop gaming cao cấp của MSI, nổi tiếng với thiết kế mỏng nhẹ, sang trọng cùng hiệu năng mạnh mẽ, kết hợp với chip AI thế hệ mới, chiếc laptop này sẽ mang đến cho bạn những trải nghiệm giải trí, đồ họa đỉnh cao không giới hạn.",Bảo hành chính hãng laptop 2 năm tại các trung tâm bảo hành hãng Xem địa chỉ bảo hành,Intel Core Ultra 7 Meteor Lake - 155H,1.4GHz,32,1024.0,72.0,14.0,Windows 11 Home SL,2x8,"Jack tai nghe 3.5 mm
1 x USB 3.2
HDMI
1 x USB Type-C (hỗ trợ USB, Power Delivery, DisplayPort và Thunderbolt 4)
1 x USB Type-C (hỗ trợ USB 3.2, DisplayPort)",TheGioiDiDong,
338204,https://www.thegioididong.com/laptop/hp-victus-15-fa2731tx-i5-b85lnpa,Laptop HP VICTUS 15 fa2731TX i5 13420H/16GB/512GB/6GB RTX3050/144Hz/Win11 (B85LNPA),221900000.0,,HP,4.9,,,Bảo hành chính hãng laptop 1 năm tại các trung tâm bảo hành hãng Xem địa chỉ bảo hành,Intel Core i5 Raptor Lake - 13420H,2.1GHz,16,2048.0,52.5,15.6,Windows 11 Home SL,1920x1080,"2 x USB 3.2
HDMI
1 x USB Type-C (hỗ trợ DisplayPort 1.4)
1 x Headphone/microphone combo
LAN (RJ45)",TheGioiDiDong,-9%
337470,https://www.thegioididong.com/laptop/dell-inspiron-15-3520-i5-71064798,Laptop Dell Inspiron 15 3520 i5 1235U/16GB/512GB/120Hz/OfficeHS24+365/KYHD/Win11 (71064798),164900000.0,,Dell,4.9,,"Laptop Dell Inspiron 15 3520 i5 1235U (71064798) là một lựa chọn tuyệt vời cho học sinh, sinh viên và nhân viên văn phòng, nổi bật với hiệu năng ổn định và thiết kế thanh lịch. Chiếc laptop này hứa hẹn mang đến trải nghiệm làm việc và học tập mượt mà, đáp ứng tốt nhu cầu hàng ngày. Với mức giá hợp lý, đây là một sản phẩm đáng để bạn cân nhắc.",Bảo hành chính hãng laptop 1 năm tại các trung tâm bảo hành hãng Xem địa chỉ bảo hành,Intel Core i5 Alder Lake - 1235U,1.3GHz,32,2048.0,41.0,15.6,Windows 11 Home SL + Office Home & Student 2024 vĩnh viễn,1920x1080,"1 x USB 2.0
1 x USB 3.2
HDMI
1 x Headphone/microphone combo
LAN (RJ45)
USB Type-C",TheGioiDiDong,
327977,https://www.thegioididong.com/laptop/asus-vivobook-15-x1504za-i5-nj1546w,Laptop Asus Vivobook 15 X1504ZA i5 1235U/16GB/512GB/Win11 (NJ1546W),144900000.0,,Asus,4.9,2.0,"Đừng bỏ lỡ cơ hội sở hữu ngay chiếc laptop Asus Vivobook 15 X1504ZA i5 1235U (NJ1546W) tại Thế Giới Di Động với mức giá niêm yết cực hấp dẫn. Với thiết kế hiện đại, cấu hình hợp lý và cân bằng cho mọi vấn đề từ giải trí đa phương tiện đến học tập và làm việc.",Bảo hành chính hãng laptop 2 năm tại các trung tâm bảo hành hãng Xem địa chỉ bảo hành,Intel Core i5 Alder Lake - 1235U,1.3GHz,32,512.0,42.0,15.6,Windows 11 Home SL,1920x1080,"1 x USB 2.0
Jack tai nghe 3.5 mm
2 x USB 3.2
HDMI
USB Type-C",TheGioiDiDong,-14%
304543,https://www.thegioididong.com/laptop/acer-aspire-3-a315-59-5283-i5-nxk6tsv00b,Laptop Acer Aspire 3 A315 59 5283 i5 1235U/8GB/512GB/Win11 (NX.K6TSV.00B),124900000.0,,Acer,5.0,10.0,"Laptop Acer Aspire 3 A315 59 5283 i5 (NX.K6TSV.00B) là một trong những sản phẩm nổi bật của thương hiệu Acer trong phân khúc tầm trung, được thiết kế để đáp ứng nhu cầu của người dùng về đa nhiệm, hỗ trợ cho các tác vụ làm việc văn phòng, học tập hay giải trí.",Bảo hành chính hãng laptop 1 năm tại các trung tâm bảo hành hãng Xem địa chỉ bảo hành,Intel Core i5 Alder Lake - 1235U,1.3GHz,16,1024.0,40.0,15.6,Windows 11 Home SL,1920x1080,"Jack tai nghe 3.5 mm
3 x USB 3.2
HDMI
LAN (RJ45)",TheGioiDiDong,-21%
313333,https://www.thegioididong.com/laptop/lenovo-ideapad-slim-3-15iah8-i5-83er00evn,Laptop Lenovo Ideapad Slim 3 15IAH8 i5 12450H/16GB/512GB/Win11 (83ER000EVN),146900000.0,,Lenovo,5.0,17.0,"Laptop Lenovo Ideapad Slim 3 15IAH8 i5 12450H (83ER000EVN) một mẫu laptop học tập - văn phòng sở hữu cấu hình mạnh mẽ với con chip Intel dòng H, RAM 16 GB cùng đa dạng các công nghệ hiện đại, hứa hẹn sẽ mang đến cho người dùng những trải nghiệm sử dụng làm việc và giải trí đa phương tiện một cách tối ưu và đầy tiện nghi.",Bảo hành chính hãng laptop 2 năm tại các trung tâm bảo hành hãng Xem địa chỉ bảo hành,Intel Core i5 Alder Lake - 12450H,2GHz,32,1024.0,47.0,15.6,Windows 11 Home SL,1920x1080,"Jack tai nghe 3.5 mm
2 x USB 3.2
HDMI
1x USB-C 3.2 (hỗ trợ truyền dữ liệu, Power Delivery và DisplayPort 1.2)",TheGioiDiDong,-8%
330578,https://www.thegioididong.com/laptop/asus-fa506ncr-r7-hn097w,Laptop Asus TUF Gaming A15 FA506NCR R7 7435HS/16GB/512GB/4GB RTX3050/144Hz/Win11 (HN097W),201900000.0,,Asus,4.9,,,,,,32,,,,,,,TheGioiDiDong,-8%
337420,https://www.thegioididong.com/laptop/hp-245-g10-r5-b8pf9at,Laptop HP 245 G10 R5 7530U/8GB/512GB/Win11 (B8PF9AT),126900000.0,,HP,,,,,,,32,,,,,,,TheGioiDiDong,-13%
323335,https://www.thegioididong.com/laptop/hp-elitebook-630-g10-i5-19j0b4pt?utm_flashsale=1,Laptop HP Elitebook 630 G10 i5 1335U/16GB/512GB/Win11 (9J0B4PT),224900000.0,,HP,5.0,,"Mẫu sản phẩm laptop mỏng nhẹ đến từ HP với ngoại hình thời trang, hiện đại cùng tính cân bằng tuyệt vời, hiệu năng xuất sắc cho bạn sự linh động trong mọi công việc từ đơn giản đến phức tạp. Hãy tham khảo ngay laptop HP Elitebook 630 G10 i5 1335U (9J0B4PT) tại Thế Giới Di Động.",Bảo hành chính hãng laptop 1 năm tại các trung tâm bảo hành hãng Xem địa chỉ bảo hành,,,32,2048.0,42.0,13.3,Windows 11 Home SL,1920x1080,"Jack tai nghe 3.5 mm
2 x USB 3.2
HDMI
1 x Thunderbolt 4 (hỗ trợ display/power delivery)
LAN (RJ45)",TheGioiDiDong,
334690,https://www.thegioididong.com/laptop/gigabyte-g5-mf5-rc555-i7-9rc55mf5fjiinivn000,Laptop GIGABYTE Gaming G5 MF5 RC555 i7 13620H/16GB/512GB/6GB RTX4050/144Hz/Win11 (9RC55MF5FJIINIVN000),236900000.0,,GIGABYTE,5.0,,"Laptop GIGABYTE G5 MF5 RC555 i7 13620H (9RC55MF5FJIINIVN000) là lựa chọn tuyệt vời cho game thủ và người dùng chuyên nghiệp đang tìm kiếm một chiếc laptop gaming mạnh mẽ, đáp ứng tốt mọi nhu cầu từ giải trí đến làm việc. Với hiệu năng vượt trội, màn hình sắc nét và thiết kế ấn tượng, chiếc laptop này hứa hẹn mang đến trải nghiệm tuyệt vời cho người dùng. Đây là một cỗ máy chiến game mạnh mẽ, đồng thời cũng là công cụ làm việc lý tưởng, giúp bạn hoàn thành mọi tác vụ một cách nhanh chóng và hiệu quả.",Bảo hành chính hãng laptop 2 năm tại các trung tâm bảo hành hãng Xem địa chỉ bảo hành,Intel Core i7 Raptor Lake - 13620H,2.4GHz,32,4096.0,54.0,15.6,Windows 11 Home SL,1920x1080,"1 x USB 2.0
1 x USB 3.2
HDMI
1 x Microphone jack
1 x Headphone/microphone combo
LAN (RJ45)
2 x USB Type-C
Mini DisplayPort",TheGioiDiDong,
310447,https://www.thegioididong.com/laptop/msi-katana-15-b13vfk-i7-676vn,Laptop MSI Gaming Katana 15 B13VFK i7 13620H/16GB/1TB/8GB RTX4060/144Hz/Win11 (676VN),280900000.0,,MSI,5.0,4.0,"Laptop MSI Gaming Katana 15 B13VFK i7 13620H (676VN) là cỗ máy chiến game mạnh mẽ dành cho game thủ và người dùng chuyên nghiệp, những người đòi hỏi hiệu năng cao và trải nghiệm mượt mà. Với card đồ họa rời NVIDIA GeForce RTX 4060 và bộ vi xử lý Intel Core i7 thế hệ 13, sản phẩm này sẽ mang đến cho bạn những giờ phút giải trí tuyệt vời và nâng cao hiệu suất làm việc đáng kể. Đây là một sự đầu tư xứng đáng cho những ai tìm kiếm một chiếc laptop gaming toàn diện.",Bảo hành chính hãng laptop 2 năm tại các trung tâm bảo hành hãng Xem địa chỉ bảo hành,,,32,1024.0,53.5,15.6,Windows 11 Home SL,1920x1080,"Jack tai nghe 3.5 mm
2 x USB 3.2
HDMI
1 x USB Type-C (hỗ trợ USB 3.2, DisplayPort)
LAN (RJ45)
USB 2.0",TheGioiDiDong,-12%
338000,https://www.thegioididong.com/laptop/msi-katana-15-b13vek-i5-2416vn,Laptop MSI Katana 15 B13VEK i5 13420H/16GB/512GB/6GB RTX4050/144Hz/Balo/Win11 (2416VN),256900000.0,,MSI,5.0,,"Laptop MSI Katana 15 B13VEK i5 13420H (2416VN) là cỗ máy chiến game mạnh mẽ, thiết kế đậm chất gaming, dành cho các game thủ và người dùng chuyên nghiệp đang tìm kiếm một chiếc laptop hiệu năng cao để chinh phục mọi tựa game và ứng dụng nặng. Với cấu hình ấn tượng và thiết kế hầm hố, đây chắc chắn là một lựa chọn không thể bỏ qua trong phân khúc laptop gaming tầm trung.",Bảo hành chính hãng laptop 2 năm tại các trung tâm bảo hành hãng Xem địa chỉ bảo hành,Intel Core i5 Raptor Lake - 13420H,2.1GHz,16,512.0,53.5,15.6,Windows 11 Home SL,1920x1080,"1 x USB 2.0
2 x USB 3.2
HDMI
1 x USB Type-C (hỗ trợ USB 3.2, DisplayPort)
LAN (RJ45)",TheGioiDiDong,
334999,https://www.thegioididong.com/laptop/acer-aspire-lite-15-al15-41p-r3ql-r7-nxj54sv001,Laptop Acer Aspire Lite 15 AL15 41P R3QL R7 5700U/8GB/512GB/Win11 (NX.J54SV.001),124900000.0,,Acer,5.0,,,Bảo hành chính hãng laptop 1 năm tại các trung tâm bảo hành hãng Xem địa chỉ bảo hành,AMD Ryzen 7 - 5700U,1.8GHz,32,2048.0,58.0,15.6,Windows 11 Home SL,1920x1080,"Jack tai nghe 3.5 mm
3 x USB 3.2
HDMI
1 x USB Type-C (hỗ trợ USB 3.2, DisplayPort)",TheGioiDiDong,
333424,https://www.thegioididong.com/laptop/acer-aspire-16-ai-a16-71m-59l5-ultra-5-nxj4ysv001,Laptop Acer Aspire 16 AI A16 71M 59L5 Ultra 5 125H/16GB/512GB/Win11 (NX.J4YSV.001),186900000.0,,Acer,5.0,,"Laptop Acer Aspire 16 AI A16 71M 59L5 Ultra 5 125H (NX.J4YSV.001) phiên bản năm nay sở hữu những cải tiến vượt bậc về cả phần cứng và trải nghiệm người dùng, màn hình 16 inch đã mắt,... sản phẩm này chắc chắn sẽ chinh phục cả những khách hàng khó tính nhất, từ học sinh sinh viên đến người đi làm, lựa chọn cực lý tưởng trong tầm giá.",Bảo hành chính hãng laptop 1 năm tại các trung tâm bảo hành hãng Xem địa chỉ bảo hành,Intel Core Ultra 5 Meteor Lake - 125H,1.2GHz,16,2048.0,53.0,16.0,Windows 11 Home SL,,"Jack tai nghe 3.5 mm
2 x USB 3.2
HDMI
2 x USB Type-C (hỗ trợ USB 4, Thunderbolt 4)",TheGioiDiDong,-6%
334805,https://www.thegioididong.com/laptop/dell-latitude-3450-i5-l34501335u16512w,Laptop Dell Latitude 3450 i5 1335U/16GB/512GB/Win11 (L3450-1335U-16512W),185900000.0,,Dell,5.0,,,Bảo hành chính hãng laptop 1 năm tại các trung tâm bảo hành hãng Xem địa chỉ bảo hành,,,32,1024.0,42.0,14.0,Windows 11 Home SL,1920x1080,"Jack tai nghe 3.5 mm
2 x USB 3.2
HDMI
1 x USB 3.2 (hỗ trợ PowerShare)
LAN (RJ45)
1 x USB Type-C 3.2 (hỗ trợ Power Delivery và DisplayPort)",TheGioiDiDong,-7%
321468,https://www.thegioididong.com/laptop/asus-zenbook-14-oled-ux3405ma-ultra-7-pp152w,Laptop Asus Zenbook 14 OLED UX3405MA Ultra 7 155H/32GB/1TB/120Hz/Win11 (PP152W),316900000.0,,Asus,5.0,3.0,"Laptop Asus Zenbook 14 OLED UX3405MA Ultra 7 155H (PP152W) một trong những mẫu máy xách tay tiên phong cho phong cách làm việc tương lai với việc sở hữu con chip Intel AI thế hệ mới với nhiều tính năng thông minh được tích hợp, màn hình OLED rực rỡ,... Đây chính xác là mẫu sản phẩm nên được lựa chọn trong năm nay.",Bảo hành chính hãng laptop 2 năm tại các trung tâm bảo hành hãng Xem địa chỉ bảo hành,Intel Core Ultra 7 Meteor Lake - 155H,1.4GHz,32,1024.0,75.0,14.0,Windows 11 Home SL,2x8,"Jack tai nghe 3.5 mm
1 x USB 3.2
HDMI
2 x Thunderbolt 4 (hỗ trợ Power Delivery, DisplayPort)",TheGioiDiDong,-9%
335553,https://www.thegioididong.com/laptop/lenovo-loq-15irx9-i5-83dv00psvn,Laptop Lenovo Gaming LOQ 15IRX9 i5 13450HX/24GB/512GB/6GB RTX3050/144Hz/Win11 (83DV00PSVN),231900000.0,,Lenovo,4.9,,"Laptop Lenovo LOQ 15IRX9 i5 13450HX (83DV00PSVN) là một chiếc laptop gaming mạnh mẽ, hướng đến các nhà thiết kế đồ họa, dựng video và kỹ sư. Với hiệu năng vượt trội, màn hình sắc nét và thiết kế bền bỉ, chiếc laptop này sẽ là một công cụ đắc lực, giúp bạn chinh phục mọi thử thách trong công việc và giải trí.",Bảo hành chính hãng laptop 2 năm tại các trung tâm bảo hành hãng Xem địa chỉ bảo hành,Intel Core i5 Raptor Lake - 13450HX,2.4GHz,16,1024.0,60.0,15.6,Windows 11 Home SL,1920x1080,,TheGioiDiDong,-10%
322003,https://www.thegioididong.com/laptop/acer-aspire-5-a514-56p-54tn-i5-nxkhrsv004,Laptop Acer Aspire 5 A514 56P 54TN i5 1335U/8GB/512GB/Win11 (NX.KHRSV.004),139900000.0,,Acer,5.0,,"Những mẫu máy xách tay Aspire từ Acer luôn là sự lựa chọn thật tuyệt vời cho công việc và giải trí trong phân khúc tầm trung. Phiên bản laptop Acer Aspire 5 A514 56P 54TN i5 1335U (NX.KHRSV.004) sở hữu con chip thế hệ 13 mạnh mẽ, bộ nhớ RAM mượt mà, độ phân giải WUXGA,... mang đến điểm cân bằng lý tưởng cho mọi nhu cầu hàng ngày.",Bảo hành chính hãng laptop 1 năm tại các trung tâm bảo hành hãng Xem địa chỉ bảo hành,Intel Core i5 Raptor Lake - 1335U,1.3GHz,32,1024.0,50.0,14.0,Windows 11 Home SL,,"Jack tai nghe 3.5 mm
2 x USB 3.2
HDMI",TheGioiDiDong,-12%
328951,https://www.thegioididong.com/laptop/asus-gaming-vivobook-k3605zu-i5-rp296w,Laptop Asus Gaming Vivobook K3605ZU i5 12500H/16GB/512GB/6GB RTX4050/144Hz/Win11 (RP296W),221900000.0,,Asus,5.0,1.0,"Mang trong mình sức mạnh của Intel Core i5 thế hệ 12 và card đồ họa RTX 40 Series,... Laptop Asus Gaming Vivobook K3605ZU i5 12500H (RP296W) là người bạn đồng hành lý tưởng cho các game thủ và người dùng cần hiệu suất đồ họa cao. Với thiết kế mỏng nhẹ và tính năng đa nhiệm linh hoạt, mẫu laptop này sẽ mang lại trải nghiệm vượt trội cho cả công việc và giải trí.",Bảo hành chính hãng laptop 2 năm tại các trung tâm bảo hành hãng Xem địa chỉ bảo hành,Intel Core i5 Alder Lake - 12500H,2.5GHz,16,512.0,70.0,16.0,Windows 11 Home SL,,"Jack tai nghe 3.5 mm
2 x USB 3.2
HDMI
1 x Thunderbolt 4 (hỗ trợ display/power delivery)",TheGioiDiDong,-12%
325697,https://www.thegioididong.com/laptop/acer-nitro-v-anv15-51-55ca-i5-nhqn8sv004,Laptop Acer Gaming Nitro V ANV15 51 55CA i5 13420H/16GB/512GB/6GB RTX4050/144Hz/Win11 (NH.QN8SV.004),246900000.0,,Acer,5.0,,"Acer đã mang trở lại dòng sản phẩm Gaming Nitro với diện mạo mới đầy cá tính và hấp dẫn. Chiếc laptop Acer Gaming Nitro V ANV15 51 55CA i5 13420H (NH.QN8SV.004) không chỉ gây ấn tượng mạnh với thiết kế đậm cá tính mà còn được trang bị cấu hình mạnh mẽ, hứa hẹn mang lại nhiều xúc cảm tuyệt vời khi chơi game.",Bảo hành chính hãng laptop 2 năm tại các trung tâm bảo hành hãng Xem địa chỉ bảo hành,Intel Core i5 Raptor Lake - 13420H,2.1GHz,16,2048.0,57.0,15.6,Windows 11 Home SL,1920x1080,"Jack tai nghe 3.5 mm
3 x USB 3.2
HDMI
1 x USB Type-C (hỗ trợ USB, DisplayPort, Thunderbolt 4)
LAN (RJ45)",TheGioiDiDong,-11%
328304,https://www.thegioididong.com/laptop/hp-240-g9-i3-6l1x8pa,Laptop HP 240 G9 i3 1215U/8GB/512GB/Win11 (6L1X8PA),111900000.0,,HP,5.0,,"Laptop HP 240 G9 i3 1215U (6L1X8PA) chắc chắn sẽ là người bạn đồng hành lý tưởng cho mọi học sinh, sinh viên. Cấu hình ổn định với vi xử lý Intel thế hệ 12, RAM, SSD vừa đủ cùng nhiều tiện ích hỗ trợ khác sẽ mang lại nhiều trải nghiệm hữu ích cho bạn trong học tập và công việc thường ngày.",Bảo hành chính hãng laptop 1 năm tại các trung tâm bảo hành hãng Xem địa chỉ bảo hành,Intel Core i3 Alder Lake - 1215U,1.2GHz,32,1024.0,41.04,14.0,Windows 11 Home SL,1920x1080,"2 x USB 3.2
HDMI
1 x Headphone/microphone combo
LAN (RJ45)
USB Type-C",TheGioiDiDong,-18%
337042,https://www.thegioididong.com/laptop/hp-pavilion-16-af0053tu-ultra-7-ay8c2pa,Laptop HP Pavilion 16 af0053TU Ultra 7 155U/16GB/512GB/OfficeHS/Win11 (AY8C2PA),263900000.0,,HP,4.9,,"Laptop HP Pavilion 16 af0053TU Ultra 7 155U (AY8C2PA) là một lựa chọn tuyệt vời cho học sinh, sinh viên và nhân viên văn phòng nhờ sự kết hợp hoàn hảo giữa hiệu năng mạnh mẽ và thiết kế thanh lịch. Chiếc laptop này nổi bật với bộ vi xử lý Intel Core Ultra 7 mới nhất, màn hình lớn 16 inch sắc nét và thời lượng pin ấn tượng, mang đến trải nghiệm làm việc và giải trí tuyệt vời. Đây chắc chắn là một sản phẩm đáng đầu tư cho những ai đang tìm kiếm một chiếc laptop học tập - văn phòng đa năng và hiệu quả.",Bảo hành chính hãng laptop 1 năm tại các trung tâm bảo hành hãng Xem địa chỉ bảo hành,Intel Core Ultra 7 Meteor Lake - 155U,1.7GHz,32,2048.0,59.0,16.0,Windows 11 Home SL + Office Home & Student 2021 vĩnh viễn,,"2 x USB 3.2
HDMI
1 x Headphone/microphone combo
2 x USB Type-C (Power Delivery and DisplayPort)",TheGioiDiDong,
314849,https://www.thegioididong.com/laptop/msi-bravo-15-b7ed-r5-010vn,Laptop MSI Gaming Bravo 15 B7ED R5 7535HS/16GB/512GB/4GB RX6550M/144Hz/Win11 (010VN),171900000.0,,MSI,5.0,12.0,"Laptop MSI Gaming Bravo 15 B7ED R5 7535HS (010VN) không chỉ là một mẫu laptop gaming tầm trung thông thường, mà còn là người bạn đồng hành đáng tin cậy dành cho những game thủ cũng như những người đam mê công việc sáng tạo. Với thiết kế hầm hố, máy trở thành biểu tượng của sức mạnh và sự phong cách, hứa hẹn sẽ tạo nên một trải nghiệm tuyệt vời trên mọi đấu trường ảo.",Bảo hành chính hãng laptop 2 năm tại các trung tâm bảo hành hãng Xem địa chỉ bảo hành,AMD Ryzen 5 - 7535HS,3.3GHz,16,512.0,53.5,15.6,Windows 11 Home SL,1920x1080,"1 x USB 2.0
Jack tai nghe 3.5 mm
2 x USB 3.2
HDMI
1 x USB Type-C (hỗ trợ USB 3.2, DisplayPort)
LAN (RJ45)",TheGioiDiDong,-7%
328443,https://www.thegioididong.com/laptop/hp-victus-16-s0173ax-r5-a9lg9pa?utm_flashsale=1,Laptop HP Gaming VICTUS 16 s0173AX R5 7640HS/16GB/512GB/6GB RTX3050/144Hz/Win11 (A9LG9PA),226900000.0,,HP,5.0,,"Chào mừng bạn đến với thế giới của laptop gaming hiệu năng cao, laptop HP Gaming VICTUS 16 s0173AX R5 7640HS (A9LG9PA) sở hữu thiết kế độc đáo, hiệu năng mạnh mẽ và màn hình siêu lớn 16.1 inch sẽ mang đến cho bạn những trải nghiệm gaming đầy phấn khích và chân thực.",Bảo hành chính hãng laptop 1 năm tại các trung tâm bảo hành hãng Xem địa chỉ bảo hành,AMD Ryzen 5 - 7640HS,4.30 GHz,32,1024.0,70.0,16.1,Windows 11 Home SL,1920x1080,"3 x USB 3.2
HDMI
1 x Headphone/microphone combo
LAN (RJ45)
1 x USB Type-C (hỗ trợ USB Power Delivery, DisplayPort 1.4)",TheGioiDiDong,-17%
333107,https://www.thegioididong.com/laptop/dell-inspiron-14-5440-i5-ndy5v1,Laptop Dell Inspiron 14 5440 i5 1334U/16GB/512GB/OfficeHS/Win11 (NDY5V1),204900000.0,,Dell,5.0,,"Laptop Dell Inspiron 14 5440 i5 1334U (NDY5V1) là một thiết bị công nghệ hiện đại, đáp ứng nhu cầu học tập, làm việc và giải trí của người dùng. Với thiết kế thanh lịch, cấu hình mạnh mẽ và nhiều tính năng tiên tiến, sản phẩm này hứa hẹn mang đến trải nghiệm sử dụng tối ưu. Nếu bạn đang tìm kiếm một chiếc laptop có hiệu suất cao, thiết kế gọn nhẹ và khả năng kết nối linh hoạt, Dell Inspiron 14 5440 chính là lựa chọn lý tưởng dành cho bạn.",Bảo hành chính hãng laptop 1 năm tại các trung tâm bảo hành hãng Xem địa chỉ bảo hành,Intel Core i5 Raptor Lake - 1334U,1.3GHz,16,512.0,41.0,14.0,Windows 11 Home SL + Office Home & Student 2021 vĩnh viễn,1920x1200,,TheGioiDiDong,
337476,https://www.thegioididong.com/laptop/dell-inspiron-15-3520-i5-n3520i5u165w11slubl,Laptop Dell Inspiron 15 3520 i5 1235U/16GB/512GB/120Hz/OfficeHS24+365/Win11 (N3520-i5U165W11SLU-BL),164900000.0,,Dell,5.0,,,Bảo hành chính hãng laptop 1 năm tại các trung tâm bảo hành hãng Xem địa chỉ bảo hành,Intel Core i5 Alder Lake - 1235U,1.3GHz,16,2048.0,41.0,15.6,Windows 11 Home SL + Office Home & Student 2024 vĩnh viễn,1920x1080,"1 x USB 2.0
Jack tai nghe 3.5 mm
2 x USB 3.2
HDMI",TheGioiDiDong,-7%
337233,https://www.thegioididong.com/laptop/lenovo-ideapad-slim-3-oled-14irh10-i5-83k0000cvn,Laptop Lenovo Ideapad Slim 3 OLED 14IRH10 i5 13420H/24GB/512GB/Win11 (83K0000CVN),194900000.0,,Lenovo,5.0,,,Bảo hành chính hãng laptop 2 năm tại các trung tâm bảo hành hãng Xem địa chỉ bảo hành,Intel Core i5 Raptor Lake - 13420H,2.1GHz,32,1024.0,60.0,14.0,Windows 11 Home SL,,"Jack tai nghe 3.5 mm
2 x USB 3.2
HDMI
1 x USB Type-C 3.2 (hỗ trợ USB Power Delivery và DisplayPort 1.2)",TheGioiDiDong,
333421,https://www.thegioididong.com/laptop/acer-aspire-lite-16-g2-al16-52p-76du-i7-nxj2ssv005,Laptop Acer Aspire Lite 16 G2 AL16 52P 76DU i7 1355U/16GB/512GB/Win11 (NX.J2SSV.005),179900000.0,,Acer,5.0,,"Laptop Acer Aspire Lite 16 G2 AL16 52P 76DU i7 1355U (NX.J2SSV.005) sở hữu lối tinh giản trên từng chi tiết, hỗ trợ chuyên nghiệp hơn với cấu hình mạnh mẽ nhờ con chip Intel Core i7, mẫu laptop học tập - văn phòng từ thương hiệu Acer là sự lựa chọn vô cùng phù hợp với các sinh viên, người đi làm cần một công cụ tốt để làm việc và giải trí.",Bảo hành chính hãng laptop 1 năm tại các trung tâm bảo hành hãng Xem địa chỉ bảo hành,Intel Core i7 Raptor Lake - 1355U,1.7GHz,16,2048.0,58.0,16.0,Windows 11 Home SL,,"Jack tai nghe 3.5 mm
3 x USB 3.2
HDMI
1 x USB Type-C (hỗ trợ USB, Power Delivery và DisplayPort)",TheGioiDiDong,
330169,https://www.thegioididong.com/laptop/acer-predator-helios-neo-phn16-71-53m7-i5-nhqlusv005,Laptop Acer Gaming Predator Helios Neo PHN16 71 53M7 i5 13500HX/16GB/512GB/8GB RTX4060/165Hz/Win11 (NH.QLUSV.005),276900000.0,,Acer,5.0,6.0,"Laptop Acer Predator Helios Neo PHN16 71 53M7 i5 13500HX (NH.QLUSV.005) là một cỗ máy chiến game mạnh mẽ, được thiết kế dành riêng cho các game thủ và người dùng chuyên nghiệp đòi hỏi hiệu năng cao. Với cấu hình vượt trội, màn hình sắc nét và hệ thống tản nhiệt hiện đại, chiếc laptop này hứa hẹn mang đến trải nghiệm mượt mà. Đây là một lựa chọn đáng cân nhắc cho những ai đang tìm kiếm một chiếc laptop gaming toàn diện, đáp ứng mọi nhu cầu.",Bảo hành chính hãng laptop 2 năm tại các trung tâm bảo hành hãng Xem địa chỉ bảo hành,Intel Core i5 Raptor Lake - 13500HX,2.5GHz,32,2048.0,90.0,16.0,Windows 11 Home SL,,"Jack tai nghe 3.5 mm
3 x USB 3.2
HDMI
LAN (RJ45)
2 x USB Type-C (hỗ trợ USB, DisplayPort, Thunderbolt 4)",TheGioiDiDong,-27%
327899,https://www.thegioididong.com/laptop/asus-fx507vv-i7-lp151w,Laptop Asus TUF Gaming F15 FX507VV i7 13620H/16GB/512GB/8GB RTX4060/144Hz/Win11 (LP151W),294900000.0,,Asus,5.0,,"Với thiết kế mạnh mẽ, hiệu năng đỉnh cao và những tính năng vượt trội, laptop Asus TUF Gaming F15 FX507VV i7 13620H (LP151W) là một lựa chọn hoàn hảo cho các game thủ và những người đam mê công nghệ. Sản phẩm không chỉ là một công cụ giải trí mà còn là một người bạn đồng hành tin cậy, sẵn sàng cùng bạn chinh phục mọi thử thách.",Bảo hành chính hãng laptop 2 năm tại các trung tâm bảo hành hãng Xem địa chỉ bảo hành,Intel Core i7 Raptor Lake - 13620H,2.4GHz,16,2048.0,90.0,15.6,Windows 11 Home SL,1920x1080,"Jack tai nghe 3.5 mm
1 x USB 3.2 Gen 2 Type-C (hỗ trợ DisplayPort, Power delivery, G-SYNC)
2 x USB 3.2
HDMI
1 x Thunderbolt 4 (hỗ trợ DisplayPort)
LAN (RJ45)",TheGioiDiDong,-7%
311145,https://www.thegioididong.com/laptop/hp-pavilion-15-eg3094tu-i5-8c5l5pa,Laptop HP Pavilion 15 eg3094TU i5 1335U/8GB/512GB/Win11 (8C5L5PA),167900000.0,,HP,5.0,1.0,"Nếu bạn là một nhân viên văn phòng hoặc đang là một học sinh, sinh viên kinh tế tài chính, kế toán đang tìm kiếm cho mình một người bạn đồng hành. Mẫu laptop HP Pavilion 15 eg3094TU i5 1335U (8C5L5PA) sẵn sàng đáp ứng những điều kiện đó với một thiết kế thanh lịch, sang trọng cùng một bộ máy mạnh mẽ và tiết kiệm điện bởi con chip i5 dòng U thế hệ thứ 13.",Bảo hành chính hãng laptop 1 năm tại các trung tâm bảo hành hãng Xem địa chỉ bảo hành,Intel Core i5 Raptor Lake - 1335U,1.3GHz,16,512.0,41.0,15.6,Windows 11 Home SL,1920x1080,"Jack tai nghe 3.5 mm
2 x USB 3.2
HDMI
1 x USB Type-C (hỗ trợ USB, Power Delivery và DisplayPort)",TheGioiDiDong,-16%
327974,https://www.thegioididong.com/laptop/asus-fx507zc4-i7-hn181w,Laptop Asus TUF Gaming F15 FX507ZC4 i7 12700H/16GB/512GB/4GB RTX3050/144Hz/Win11 (HN181W),231900000.0,,Asus,4.9,,"Khám phá không gian giải trí tuyệt vời trên mẫu laptop ASUS TUF Gaming F15 FX507ZC4 i7 12700H (HN181W) vốn đã cực kì quen thuộc với nhiều game thủ hiện nay. Laptop gaming sở hữu mức giá thành hợp lý nhưng lại có cấu hình vượt trội hơn mong đợi cho giải trí, chiến game hay làm việc thường ngày.",Bảo hành chính hãng laptop 2 năm tại các trung tâm bảo hành hãng Xem địa chỉ bảo hành,Intel Core i7 Alder Lake - 12700H,2.30 GHz,16,1024.0,56.0,15.6,Windows 11 Home SL,1920x1080,"Jack tai nghe 3.5 mm
1 x USB Type-C 3.2 (hỗ trợ DisplayPort / G-SYNC)
2 x USB 3.2
HDMI
1 x Thunderbolt 4 (hỗ trợ DisplayPort)
LAN (RJ45)",TheGioiDiDong,-14%
335556,https://www.thegioididong.com/laptop/lenovo-loq-15iax9e-i5-83lk0079vn,Laptop Lenovo Gaming LOQ Essential 15IAX9E i5 12450HX/16GB/512GB/6GB RTX3050/144Hz/Win11 (83LK0079VN),206900000.0,,Lenovo,5.0,,"Laptop Lenovo LOQ 15IAX9E i5 12450HX (83LK0079VN) là chiếc laptop gaming mạnh mẽ, thiết kế hầm hố, dành cho các game thủ và người dùng chuyên nghiệp đòi hỏi hiệu năng cao. Với bộ vi xử lý Intel Core i5 thế hệ 12 và card đồ họa NVIDIA GeForce RTX 3050, chiếc laptop Lenovo này hứa hẹn mang đến trải nghiệm gaming mượt mà và khả năng xử lý tác vụ nặng ấn tượng. Đây là lựa chọn tuyệt vời cho những ai tìm kiếm một chiếc laptop kỹ thuật đáng giá trong phân khúc.",Bảo hành chính hãng laptop 2 năm tại các trung tâm bảo hành hãng Xem địa chỉ bảo hành,Intel Core i5 Alder Lake - 12450HX,Hãng không công bố,16,1024.0,57.0,15.6,Windows 11 Home SL,1920x1080,"Jack tai nghe 3.5 mm
2 x USB 3.2
HDMI
1 x USB Type-C (chỉ hỗ trợ truyền dữ liệu)
LAN (RJ45)",TheGioiDiDong,-8%
337044,https://www.thegioididong.com/laptop/hp-pavilion-16-af0055tu-ultra-5-ay8c4pa,Laptop HP Pavilion 16 af0055TU Ultra 5 125U/16GB/512GB/OfficeHS/Win11 (AY8C4PA),223900000.0,,HP,4.9,,"Laptop HP Pavilion 16 af0055TU Ultra 5 125U (AY8C4PA) là sự lựa chọn tuyệt vời cho học sinh, sinh viên và nhân viên văn phòng đang tìm kiếm một chiếc máy tính xách tay mạnh mẽ, đa năng và đáng tin cậy. Chiếc laptop này nổi bật với hiệu năng ổn định, màn hình lớn sắc nét và thiết kế mỏng nhẹ, đáp ứng tốt mọi nhu cầu từ học tập, làm việc đến giải trí. Đây chắc chắn là một người bạn đồng hành lý tưởng, mang đến trải nghiệm tuyệt vời trong mọi hoạt động hàng ngày.",Bảo hành chính hãng laptop 1 năm tại các trung tâm bảo hành hãng Xem địa chỉ bảo hành,Intel Core Ultra 5 Meteor Lake - 125U,1.3GHz,16,2048.0,59.0,16.0,Windows 11 Home SL + Office Home & Student 2021 vĩnh viễn,,"2 x USB 3.2
HDMI
1 x Headphone/microphone combo
2 x USB Type-C (Power Delivery and DisplayPort)",TheGioiDiDong,
327405,https://www.thegioididong.com/laptop/hp-240-g9-i5-9t2g2pt,Laptop HP 240 G9 i5 1235U/16GB/512GB/Win11 (9T2G2PT),158900000.0,,HP,5.0,,"Bạn là học sinh, sinh viên hoặc nhân viên văn phòng đang tìm kiếm một chiếc laptop học tập và làm việc mạnh mẽ, nhưng với mức giá phải chăng? Laptop HP 240 G9 i5 1235U (9T2G2PT) chính là lựa chọn lý tưởng dành cho bạn, hãy tham khảo ngay độ tiện dụng, tính hữu ích của chiếc laptop này tại Thế Giới Di Động.",Bảo hành chính hãng laptop 1 năm tại các trung tâm bảo hành hãng Xem địa chỉ bảo hành,Intel Core i5 Alder Lake - 1235U,1.3GHz,32,1024.0,41.04,14.0,Windows 11 Home SL,1920x1080,"2 x USB 3.2
HDMI
1 x Headphone/microphone combo
LAN (RJ45)
USB Type-C",TheGioiDiDong,-18%
327506,https://www.thegioididong.com/laptop/acer-swift-go-14-41-r251-r5-nxkg3sv005,Laptop Acer Swift Go 14 41 R251 R5 7430U/16GB/1TB/Win11 (NX.KG3SV.005),186900000.0,,Acer,4.9,,"Laptop Acer Swift Go 14 41 R251 R5 7430U (NX.KG3SV.005) được ví như người bạn đồng hành lý tưởng, sẵn sàng cùng bạn chinh phục mọi thử thách trong học tập, công việc và giải trí. Sở hữu thiết kế thanh lịch, cùng hiệu năng ổn định hỗ trợ người dùng giải quyết tất cả tác vụ văn phòng trong quá trình sử dụng.",Bảo hành chính hãng laptop 1 năm tại các trung tâm bảo hành hãng Xem địa chỉ bảo hành,AMD Ryzen 5 - 7430U,2.30 GHz,16,1024.0,50.0,14.0,Windows 11 Home SL,1920x1080,"Jack tai nghe 3.5 mm
2 x USB 3.2
HDMI
2 x USB Type-C (hỗ trợ USB, DisplayPort, Thunderbolt 4)",TheGioiDiDong,
329787,https://www.thegioididong.com/laptop/msi-prestige-14-ai-studio-c1udxg-ultra-7-058vn,Laptop MSI Prestige 14 AI Studio C1UDXG Ultra 7 155H/16GB/1TB/6GB RTX3050/144Hz/Win11 (058VN),270900000.0,,MSI,5.0,,"Laptop MSI Prestige 14 AI Studio C1UDXG Ultra 7 155H (058VN) không chỉ là thiết bị mạnh mẽ, mà còn mang đến sự đột phá về công nghệ AI, phục vụ tốt cho những nhu cầu đồ họa kỹ thuật và sử dụng thật thông minh trong đời sống. Mẫu máy này cũng sở hữu thiết kế sang trọng, ưu điểm lớn để nâng tầm phong cách người dùng.",Bảo hành chính hãng laptop 2 năm tại các trung tâm bảo hành hãng Xem địa chỉ bảo hành,Intel Core Ultra 7 Meteor Lake - 155H,1.4GHz,32,1024.0,90.0,14.0,Windows 11 Home SL,1920x1200,"1x Headphone-out
1 x USB 3.2
HDMI
1 x USB Type-C (hỗ trợ USB, Power Delivery 3.1 và DisplayPort)
1 x Thunderbolt 4 (hỗ trợ display/power delivery)
LAN (RJ45)",TheGioiDiDong,-12%
326863,https://www.thegioididong.com/laptop/dell-inspiron-16-5640-core-7-n5640c7u161w11ibu,Laptop Dell Inspiron 16 5640 Core 7 150U/16GB/1TB/OfficeHS/Win11 (N5640-C7U161W11IBU),259900000.0,,Dell,5.0,,"Khám phá sức mạnh của laptop Dell Inspiron 16 5640 Core 7 150U (N5640-C7U161W11IBU), mang lại mẫu thiết kế đầy thời trang, hiệu suất đáng kinh ngạc cho mọi tác vụ từ công việc văn phòng đến giải trí đa phương tiện. Trang bị ngay sản phẩm này cho bản thân với mức giá cực kỳ hấp dẫn tại Thế Giới Di Động.",Bảo hành chính hãng laptop 1 năm tại các trung tâm bảo hành hãng Xem địa chỉ bảo hành,Intel Core 7 Raptor Lake - 150U,Hãng không công bố,16,1024.0,54.0,16.0,Windows 11 Home SL + Office Home & Student 2021 vĩnh viễn,,"2 x USB 3.2
HDMI
1 x USB Type-C 3.2 (hỗ trợ Power Delivery và DisplayPort 1.4)
1 x Headphone/microphone combo",TheGioiDiDong,-5%
335171,https://www.thegioididong.com/laptop/asus-vivobook-16-a1607ca-ultra-5-mb038ws,Laptop Asus Vivobook 16 A1607CA Ultra 5 225H/16GB/512GB/OfficeHS24+365/Win11 (MB038WS),209900000.0,,Asus,5.0,,"Laptop Asus Vivobook 16 A1607CA Ultra 5 225H (MB038WS) là sự lựa chọn hoàn hảo cho người dùng chuyên nghiệp và game thủ, mang đến hiệu năng mạnh mẽ và thiết kế tinh tế. Với bộ vi xử lý Intel Core Ultra 5 thế hệ mới, chiếc laptop này không chỉ đáp ứng tốt các tác vụ văn phòng mà còn xử lý mượt mà các ứng dụng đồ họa và game. Đây là một sản phẩm đáng đầu tư cho những ai tìm kiếm sự cân bằng giữa hiệu suất và tính di động.",Bảo hành chính hãng laptop 2 năm tại các trung tâm bảo hành hãng Xem địa chỉ bảo hành,Intel Core Ultra 5 Arrow Lake - 225H,1.7GHz,16,512.0,42.0,16.0,Windows 11 Home SL + Office Home & Student 2024 vĩnh viễn + Microsoft 365 Basic,,"Jack tai nghe 3.5 mm
2 x USB 3.2
HDMI
2 x USB Type-C (Power Delivery and DisplayPort)",TheGioiDiDong,-8%
327409,https://www.thegioididong.com/laptop/hp-elitebook-630-g10-i7-9h1n9pt?utm_flashsale=1,Laptop HP Elitebook 630 G10 i7 1355U/16GB/512GB/Win11 (9H1N9PT),274900000.0,,HP,5.0,1.0,"Nhỏ gọn, sang trọng cho cả ngày dài di chuyển hay tiện dụng và mạnh mẽ cho mọi công việc cá nhân đều được tích hợp trên laptop HP Elitebook 630 G10 i7 1355U (9H1N9PT). Tham khảo ngay mẫu máy tiện dụng này với mức giá thành hợp lý tại Thế Giới Di Động để hoàn thiện thật tốt mọi vấn đề.",Bảo hành chính hãng laptop 1 năm tại các trung tâm bảo hành hãng Xem địa chỉ bảo hành,Intel Core i7 Raptor Lake - 1355U,1.7GHz,32,1024.0,42.0,13.3,Windows 11 Home SL,1920x1080,"2 x USB 3.2
HDMI
1 x Thunderbolt 4 (hỗ trợ display/power delivery)
1 x Headphone/microphone combo
LAN (RJ45)",TheGioiDiDong,
333425,https://www.thegioididong.com/laptop/acer-aspire-16-ai-a16-71m-71u7-ultra-7-nxj4ysv002,Laptop Acer Aspire 16 AI A16 71M 71U7 Ultra 7 155H/16GB/512GB/Win11 (NX.J4YSV.002),199900000.0,,Acer,5.0,,"Nếu bạn đang tìm kiếm một chiếc laptop nhẹ nhàng nhưng sở hữu hiệu năng mạnh mẽ, thiết kế sang trọng và đáp ứng đa dạng nhu cầu từ học tập, làm việc đến sáng tạo nội dung, thì laptop Acer Aspire 16 AI A16 71M 71U7 Ultra 7 155H (NX.J4YSV.002) chính là sự lựa chọn đáng để bạn cân nhắc. Sản phẩm mang trong mình những công nghệ tiên tiến nhất, sẵn sàng đồng hành cùng bạn trên hành trình chinh phục mọi mục tiêu.",Bảo hành chính hãng laptop 1 năm tại các trung tâm bảo hành hãng Xem địa chỉ bảo hành,Intel Core Ultra 7 Meteor Lake - 155H,1.4GHz,16,2048.0,53.0,16.0,Windows 11 Home SL,,"Jack tai nghe 3.5 mm
2 x USB 3.2
HDMI
2 x USB Type-C (hỗ trợ USB 4, Thunderbolt 4)",TheGioiDiDong,-13%
326641,https://www.thegioididong.com/laptop/lenovo-thinkpad-v14-i7-83a00012vn,Laptop Lenovo V14 G4 i7 1355U/16GB/512GB/Win11 (83A00012VN),179900000.0,,Lenovo,4.9,1.0,"Lựa chọn một chiếc laptop vừa hợp túi tiền lại có thể đáp ứng hàng loạt các tác vụ công việc thường ngày luôn là tiêu chí hàng đầu cho người dùng hiện đại. Lenovo V14 G4 sở hữu con chip Intel Gen 13 mạnh mẽ, RAM cùng bộ nhớ lớn hiện đang có mức giá hấp dẫn tại Thế Giới Di Động.",Bảo hành chính hãng laptop 2 năm tại các trung tâm bảo hành hãng Xem địa chỉ bảo hành,Intel Core i7 Raptor Lake - 1355U,1.7GHz,16,1024.0,38.0,14.0,Windows 11 Home SL,1920x1080,"1 x USB 2.0
USB Type-C (hỗ trợ truyền dữ liệu, Power Delivery 3.0 và DisplayPort 1.2)
1 x USB 3.2
HDMI
1 x Headphone/microphone combo
LAN (RJ45)",TheGioiDiDong,-10%
323746,https://www.thegioididong.com/laptop/acer-nitro-v-anv15-51-58an-i5-nhqnasv001,Laptop Acer Gaming Nitro V ANV15 51 58AN i5 13420H/8GB/512GB/4GB RTX2050/144Hz/Win11 (NH.QNASV.001),165900000.0,,Acer,5.0,,"Tận hưởng những trải nghiệm giải trí tuyệt vời cùng bạn bè chỉ với một mức giá vô cùng hấp dẫn tại Thế Giới Di Động. Laptop Acer Gaming Nitro V ANV15 51 58AN i5 13420H (NH.QNASV.001) không chỉ hấp dẫn game thủ bởi vẻ ngoài cá tính, mạnh mẽ mà còn bởi bộ cấu hình vượt trội cùng đa dạng tiện ích hỗ trợ cho quá trình chơi game.",Bảo hành chính hãng laptop 2 năm tại các trung tâm bảo hành hãng Xem địa chỉ bảo hành,Intel Core i5 Raptor Lake - 13420H,2.1GHz,16,2048.0,57.0,15.6,Windows 11 Home SL,1920x1080,"Jack tai nghe 3.5 mm
3 x USB 3.2
HDMI
1 x USB Type-C (hỗ trợ USB, DisplayPort, Thunderbolt 4)
LAN (RJ45)",TheGioiDiDong,-22%
323587,https://www.thegioididong.com/laptop/acer-aspire-5-a515-58m-56yx-i5-nxkq8sv005,Laptop Acer Aspire 5 A515 58M 56YX i5 13420H/16GB/512GB/Win11 (NX.KQ8SV.005),149900000.0,,Acer,4.9,4.0,"Laptop Acer Aspire 5 A515 58M 56YX i5 13420H (NX.KQ8SV.005) là một trong những sự lựa chọn đáng chú ý trong phân khúc laptop cận trung cấp hiện nay. Với thiết kế tinh tế, hiệu suất mạnh mẽ và giá cả phải chăng, sản phẩm này hứa hẹn mang lại trải nghiệm đáng giá cho bạn.",Bảo hành chính hãng laptop 1 năm tại các trung tâm bảo hành hãng Xem địa chỉ bảo hành,Intel Core i5 Raptor Lake - 13420H,2.1GHz,32,1024.0,50.0,15.6,Windows 11 Home SL,1920x1080,"Jack tai nghe 3.5 mm
2 x USB 3.2
HDMI
1 x USB Type-C (hỗ trợ USB 4, DisplayPort và Thunderbolt 4)",TheGioiDiDong,-14%
336031,https://www.thegioididong.com/laptop/asus-zenbook-14-ux3405ca-ultra-9-pz204ws,Laptop Asus Zenbook 14 UX3405CA Ultra 9 285H/32GB/1TB/120Hz/OfficeHS24+365/Win11 (PZ204WS),349900000.0,,Asus,4.9,,"Laptop Asus Zenbook 14 UX3405CA Ultra 9 285H (PZ204WS) - Chiếc laptop hoàn hảo cho học sinh, sinh viên và nhân viên văn phòng, nay đã có mặt tại thegioididong.com. Với thiết kế mỏng nhẹ, hiệu năng vượt trội cùng màn hình OLED sắc nét, đây chắc chắn là người bạn đồng hành lý tưởng cho mọi tác vụ. Đây là chiếc laptop hứa hẹn mang đến trải nghiệm làm việc và giải trí tuyệt vời, xứng đáng là một khoản đầu tư thông minh.",Bảo hành chính hãng laptop 2 năm tại các trung tâm bảo hành hãng Xem địa chỉ bảo hành,Intel Core Ultra 9 Arrow Lake - 285H,2.9GHz,16,1024.0,75.0,14.0,Windows 11 Home SL + Office Home & Student 2024 vĩnh viễn + Microsoft 365 Basic,2x8,"Jack tai nghe 3.5 mm
1 x USB 3.2
HDMI
2 x Thunderbolt 4 (hỗ trợ Power Delivery, DisplayPort)",TheGioiDiDong,-10%
328483,https://www.thegioididong.com/laptop/lenovo-loq-15iax9-i5-83gs00dbvn,Laptop Lenovo Gaming LOQ 15IAX9 i5 12450HX/24GB/512GB/4GB RTX2050/144Hz/Win11 (83GS00DBVN),198900000.0,,Lenovo,4.9,,"Từng chi tiết của laptop Lenovo LOQ 15IAX9 i5 12450HX (83GS00DBVN) đều được thiết kế để chinh phục thế giới game thật hấp dẫn với sức mạnh vượt trội cùng đa tính năng hữu ích. Hãy tham khảo ngay mẫu laptop gaming với thiết kế độc đáo, lạ mắt này với mức giá lý tưởng ở kệ hàng Thế Giới Di Động.",Bảo hành chính hãng laptop 2 năm tại các trung tâm bảo hành hãng Xem địa chỉ bảo hành,Intel Core i5 Alder Lake - 12450HX,Hãng không công bố,16,1024.0,60.0,15.6,Windows 11 Home SL,1920x1080,"3 x USB 3.2
HDMI
1 x USB-C 3.2 (hỗ trợ truyền dữ liệu, Power Delivery 140W và DisplayPort 1.4)
1 x Headphone/microphone combo
LAN (RJ45)",TheGioiDiDong,-15%
313974,https://www.thegioididong.com/laptop/hp-gaming-victus-16-s0077ax-r7-8c5n6pa?utm_flashsale=1,Laptop HP Gaming VICTUS 16 s0077AX R7 7840HS/16GB/512GB/144Hz/6GB RTX3050/Win11 (8C5N6PA),289900000.0,,HP,5.0,,"Đón chào mẫu laptop gaming dòng Victus đến nhà HP, với diện mạo hoàn toàn mới, hiệu năng khủng cùng khung hình mở rộng lên đến 16.1 inch. Laptop HP Gaming VICTUS 16 s0077AX R7 7840HS (8C5N6PA) chắc chắn sẽ cho bạn những trải nghiệm giải trí tuyệt vời, đã mắt nhất.",Bảo hành chính hãng laptop 1 năm tại các trung tâm bảo hành hãng Xem địa chỉ bảo hành,AMD Ryzen 7 - 7840HS,3.8GHz,32,512.0,70.0,16.1,Windows 11 Home SL,1920x1080,"Jack tai nghe 3.5 mm
3 x USB 3.2
HDMI
LAN (RJ45)
1 x USB Type-C (hỗ trợ USB Power Delivery, DisplayPort 1.4)",TheGioiDiDong,-8%
329789,https://www.thegioididong.com/laptop/msi-prestige-14-ai-studio-c1veg-ultra-7-056vn,Laptop MSI Prestige 14 AI Studio C1VEG Ultra 7 155H/32GB/1TB/6GB RTX4050/Win11 (056VN),325900000.0,,MSI,4.9,1.0,"Định nghĩa lại chuẩn mực laptop làm việc với tích hợp trí tuệ nhân tạo, laptop MSI Prestige 14 AI Studio C1VEG Ultra 7 155H (056VN) không chỉ là một chiếc ultrabook mạnh mẽ mà còn là công cụ hoàn hảo cho những ai đam mê sáng tạo và hiệu suất. Với thiết kế sang trọng, tinh tế, dòng sản phẩm này nhanh chóng khẳng định vị thế ""on top"" trong phân khúc laptop chuyên nghiệp trên thị trường hiện nay.",Bảo hành chính hãng laptop 2 năm tại các trung tâm bảo hành hãng Xem địa chỉ bảo hành,Intel Core Ultra 7 Meteor Lake - 155H,1.4GHz,32,1024.0,90.0,14.0,Windows 11 Home SL,2x8,"1x Headphone-out
1 x USB 3.2
HDMI
1 x Thunderbolt 4 ( hỗ trợ DisplayPort, Power Delivery 3.1)
LAN (RJ45)
1 x USB Type-C (hỗ trợ USB, Power Delivery và DisplayPort)",TheGioiDiDong,-11%
338206,https://www.thegioididong.com/laptop/hp-240-g10-i3-b73tjat,Laptop HP 240 G10 i3 1315U/8GB/512GB/Win11 (B73TJAT),124900000.0,,HP,5.0,,,Bảo hành chính hãng laptop 1 năm tại các trung tâm bảo hành hãng Xem địa chỉ bảo hành,Intel Core i3 Raptor Lake - 1315U,1.2GHz,32,2048.0,41.0,14.0,Windows 11 Home SL,1920x1080,"2 x USB 3.2
HDMI
1 x Headphone/microphone combo
USB Type-C",TheGioiDiDong,-10%
315906,https://www.thegioididong.com/laptop/hp-probook-450-g10-i5-873d1pa?utm_flashsale=1,Laptop HP Probook 450 G10 i5 1335U/16GB/512GB/Win11 (873D1PA),214900000.0,,HP,5.0,1.0,"Laptop HP Probook 450 G10 i5 1335U (873D1PA) đến từ thương hiệu nổi tiếng HP, được trang bị không chỉ ngoại hình bắt mắt, thu hút mà còn đi kèm những thông số tính năng vượt trội cho mọi công việc và nhu cầu giải trí của người dùng, hoàn toàn xứng đáng với số tiền mà bạn bỏ ra.",Bảo hành chính hãng laptop 1 năm tại các trung tâm bảo hành hãng Xem địa chỉ bảo hành,Intel Core i5 Raptor Lake - 1335U,1.3GHz,16,512.0,51.0,15.6,Windows 11 Home SL,1920x1080,"Jack tai nghe 3.5 mm
2 x USB Type-A
HDMI
LAN (RJ45)
2 x USB Type-C (hỗ trợ USB Power Delivery, DisplayPort 2.1)",TheGioiDiDong,
337471,https://www.thegioididong.com/laptop/dell-inspiron-15-3530-i5-71053696,Laptop Dell Inspiron 15 3530 i5 1334U/16GB/512GB/120Hz/OfficeHS24+365/KYHD/Win11 (71053696),184900000.0,,Dell,5.0,,,Bảo hành chính hãng laptop 1 năm tại các trung tâm bảo hành hãng Xem địa chỉ bảo hành,Intel Core i5 Raptor Lake - 1334U,1.3GHz,16,512.0,41.0,15.6,Windows 11 Home SL + Office Home & Student 2024 vĩnh viễn,1920x1080,"1 x USB 2.0
1 x USB 3.2
HDMI
1 x Headphone/microphone combo
LAN (RJ45)
USB Type-C",TheGioiDiDong,-6%
327981,https://www.thegioididong.com/laptop/dell-inspiron-15-3530-i5-n3530i5u165w11slu,Laptop Dell Inspiron 15 3530 i5 1334U/16GB/512GB/120Hz/OfficeHS/Win11 (N3530-i5U165W11SLU),184900000.0,,Dell,5.0,1.0,,Bảo hành chính hãng laptop 1 năm tại các trung tâm bảo hành hãng Xem địa chỉ bảo hành,Intel Core i5 Raptor Lake - 1334U,1.3GHz,32,2048.0,41.0,15.6,Windows 11 Home SL + Office Home & Student 2021 vĩnh viễn,1920x1080,"1 x USB 2.0
Jack tai nghe 3.5 mm
1 x USB 3.2
HDMI
USB Type-C",TheGioiDiDong,-7%
331508,https://www.thegioididong.com/laptop/dell-inspiron-15-3530-i7-n3530i7u161w11blufp,Laptop Dell Inspiron 15 3530 i7 1355U/16GB/1TB/120Hz/OfficeHS/Win11 (N3530-i7U161W11BLU-FP),224900000.0,,Dell,5.0,,"Laptop Dell Inspiron 15 3530 i7 1355U (N3530-i7U161W11BLU-FP) được thiết kế từ trong ra ngoài hoàn toàn lý tưởng cho nhu cầu học tập, công việc văn phòng và giải trí. Với bộ vi xử lý Intel Core i7 thế hệ 13, RAM đến 16 GB, SSD 1 TB,... sản phẩm này tự tin đáp ứng mọi yêu cầu về hiệu suất và tính linh hoạt, giúp bạn dễ dàng vượt qua mọi thử thách trong học tập và công việc hàng ngày.",Bảo hành chính hãng laptop 1 năm tại các trung tâm bảo hành hãng Xem địa chỉ bảo hành,Intel Core i7 Raptor Lake - 1355U,1.7GHz,16,1024.0,54.0,15.6,Windows 11 Home SL + Office Home & Student 2021 vĩnh viễn,1920x1080,"1 x USB 2.0
Jack tai nghe 3.5 mm
1 x USB 3.2
HDMI
USB Type-C",TheGioiDiDong,
313177,https://www.thegioididong.com/laptop/acer-aspire-7-gaming-a715-76g-5806-i5-nhqmfsv002,Laptop Acer Gaming Aspire 7 A715 76G 5806 i5 12450H/16GB/512GB/4GB RTX3050/144Hz/Win11 (NH.QMFSV.002),186900000.0,,Acer,5.0,3.0,"Laptop Acer Aspire 7 Gaming A715 76G 5806 i5 12450H (NH.QMFSV.002) đến từ nhà Acer với các thông số cấu hình đầy mạnh mẽ, card rời RTX 30 series cũng như sở hữu một mức giá thành lý tưởng, chắc chắn sẽ mang đến cho anh em những trải nghiệm tuyệt vời.",Bảo hành chính hãng laptop 1 năm tại các trung tâm bảo hành hãng Xem địa chỉ bảo hành,Intel Core i5 Alder Lake - 12450H,2GHz,16,1024.0,50.0,15.6,Windows 11 Home SL,1920x1080,"Jack tai nghe 3.5 mm
3 x USB 3.2
HDMI
1 x USB Type-C (hỗ trợ USB, DisplayPort, Thunderbolt 4)
LAN (RJ45)",TheGioiDiDong,-18%
320431,https://www.thegioididong.com/laptop/asus-zenbook-14-oled-ux3405ma-ultra-5-pp151w,Laptop Asus Zenbook 14 OLED UX3405MA Ultra 5 125H/16GB/512GB/Win11,266900000.0,,Asus,4.9,7.0,"Mở đầu cho kỷ nguyên laptop mới, hiện đại, thông minh, laptop Asus Zenbook 14 OLED UX3405MA Ultra 5 (PP151W) sở hữu con chip Intel Meteor Lake hoàn toàn mới, được tích hợp hàng loạt những tính năng AI hữu ích, màn hình chuẩn sắc nét. Mẫu sản phẩm này chắc chắn sẽ nâng tầm đáng kể cho phong cách làm việc của bạn.",Bảo hành chính hãng laptop 2 năm tại các trung tâm bảo hành hãng Xem địa chỉ bảo hành,Intel Core Ultra 5 Meteor Lake - 125H,1.2GHz,32,512.0,75.0,14.0,Windows 11 Home SL,2x8,"Jack tai nghe 3.5 mm
1 x USB 3.2
HDMI
2 x Thunderbolt 4 (hỗ trợ Power Delivery, DisplayPort)",TheGioiDiDong,-7%
310839,https://www.thegioididong.com/laptop/asus-vivobook-15-oled-a1505va-i5-l1341w,Laptop Asus Vivobook 15 OLED A1505VA i5 13500H/16GB/512GB/Win11 (L1341W),176900000.0,,Asus,4.9,22.0,"Bạn đang tìm kiếm cho mình một mẫu laptop học tập - văn phòng mang hiệu năng xử lý mạnh mẽ, khung hình hiển thị sắc nét cùng đa dạng các tính năng hiện đại. Laptop Asus Vivobook 15 OLED A1505VA i5 13500H (L1341W) là một trong những lựa chọn hàng đầu cho việc đáp ứng hoàn hảo nhu cầu công việc, học tập cũng như giải trí thường ngày.",Bảo hành chính hãng laptop 2 năm tại các trung tâm bảo hành hãng Xem địa chỉ bảo hành,Intel Core i5 Raptor Lake - 13500H,2.6GHz,32,512.0,50.0,15.6,Windows 11 Home SL,1920x1080,"1 x USB 2.0
Jack tai nghe 3.5 mm
2 x USB 3.2
HDMI
1 x USB Type-C (chỉ hỗ trợ Power Delivery)",TheGioiDiDong,-11%
334441,https://www.thegioididong.com/laptop/lenovo-ideapad-5-2in1-14irh9-i7-83kx003xvn,Laptop Lenovo IdeaPad 5 2in1 14IRH9 i7 13620H/16GB/512GB/Win11 (83KX003XVN),239900000.0,,Lenovo,4.9,,"Laptop Lenovo IdeaPad 5 2in1 14IRH9 i7 13620H (83KX003XVN) không chỉ là một chiếc laptop mạnh mẽ mà còn là công cụ sáng tạo linh hoạt. Với hiệu suất vượt trội, thiết kế tinh tế và màn hình chất lượng cao, đây chắc chắn là lựa chọn lý tưởng cho những ai cần một thiết bị đa năng để làm việc, học tập và giải trí.",Bảo hành chính hãng laptop 2 năm tại các trung tâm bảo hành hãng Xem địa chỉ bảo hành,Intel Core i7 Raptor Lake - 13620H,2.4GHz,32,1024.0,57.0,14.0,Windows 11 Home SL,,"1 x USB 3.2
HDMI
1 x Headphone/microphone combo
2 x USB-C (hỗ trợ USB 3.2, USB Power Delivery 3.1 và DisplayPort 1.4)
1 x USB 3.2 (Always on)",TheGioiDiDong,
296921,https://www.thegioididong.com/laptop/dell-inspiron-15-3520-i5u085w11blu,Laptop Dell Inspiron 15 3520 i5 1235U/8GB/512GB/120Hz/OfficeHS/Win11 (i5U085W11BLU),144900000.0,,Dell,5.0,24.0,"Laptop Dell Inspiron 15 3520 i5 1235U (i5U085W11BLU) là phiên bản laptop học tập - văn phòng của nhà Dell khi sở hữu phong cách thiết kế tối giản nhưng không kém phần trẻ trung, bộ vi xử lý Intel Gen 12 và bộ Office bản quyền vĩnh viễn đáp ứng đầy đủ mọi nhu cầu học tập, văn phòng của người dùng.",Bảo hành chính hãng laptop 1 năm tại các trung tâm bảo hành hãng Xem địa chỉ bảo hành,Intel Core i5 Alder Lake - 1235U,1.3GHz,32,2048.0,41.0,15.6,Windows 11 Home SL + Office Home & Student 2021 vĩnh viễn,1920x1080,"1 x USB 2.0
Jack tai nghe 3.5 mm
2 x USB 3.2
HDMI",TheGioiDiDong,-6%
332367,https://www.thegioididong.com/laptop/lenovo-thinkbook-14-g6-i7-21kg00bqvn,Laptop Lenovo ThinkBook 14 G6 i7 1355U/16GB/512GB/Win11 (21KG00BQVN),211900000.0,,Lenovo,5.0,,"Nếu bạn đang tìm kiếm một chiếc laptop học tập - văn phòng chuyên nghiệp, hiệu năng mạnh mẽ, thiết kế tinh tế nhưng vẫn hợp túi tiền thì laptop Lenovo ThinkBook 14 G6 i7 1355U (21KG00BQVN) không thể nằm ngoài ""danh sách lựa chọn"". Với cấu hình vượt trội, các công nghệ hiện đại và mức giá cạnh tranh, đây là công cụ hỗ trợ không thể thiếu cho học sinh, sinh viên và nhân viên văn phòng.",Bảo hành chính hãng laptop 2 năm tại các trung tâm bảo hành hãng Xem địa chỉ bảo hành,Intel Core i7 Raptor Lake - 1355U,1.7GHz,16,1024.0,45.0,14.0,Windows 11 Home SL,,"1 x USB 3.2
HDMI
1 x USB Type-C (hỗ trợ truyền dữ liệu, Power Delivery 3.0 và DisplayPort 1.4)
1 x Thunderbolt 4 / USB 4 (hỗ trợ truyền dữ liệu, Power Delivery 3.0 và DisplayPort 1.4)
1 x Headphone/microphone combo
LAN (RJ45)
1 x USB 3.2 (Always on)",TheGioiDiDong,-7%
328815,https://www.thegioididong.com/laptop/hp-envy-x360-14-fa0050au-r5-a29h8pa,Laptop HP Envy X360 14 fa0050AU R5 8640HS/16GB/512GB/Win11 (A29H8PA),265900000.0,,HP,4.9,,"Laptop HP Envy X360 14 fa0050AU R5 8640HS (A29H8PA) là một tuyệt tác công nghệ, hòa quyện hoàn hảo giữa hiệu suất mạnh mẽ và thiết kế tinh tế, mang đến trải nghiệm đỉnh cao cho cả công việc lẫn giải trí. Cho dù bạn là một nhà sáng tạo nội dung, lập trình viên hay đơn giản là một người đam mê công nghệ, chiếc laptop này sẽ đáp ứng mọi yêu cầu theo cách chuyên nghiệp và khắt khe nhất.",Bảo hành chính hãng laptop 1 năm tại các trung tâm bảo hành hãng Xem địa chỉ bảo hành,AMD Ryzen 5 - 8640HS,3.5 GHz,16,512.0,59.0,14.0,Windows 11 Home SL,2x8,"2 x USB Type-A
HDMI
1 x Headphone/microphone combo
2 x USB Type-C (hỗ trợ USB Power Delivery, DisplayPort 1.4)",TheGioiDiDong,-8%
315909,https://www.thegioididong.com/laptop/hp-elitebook-630-g10-i7-873f2pa?utm_flashsale=1,Laptop HP Elitebook 630 G10 i7 1355U/16GB/512GB/Win11 (873F2PA),274900000.0,,HP,4.9,1.0,"Nếu bạn đang tìm kiếm một mẫu laptop học tập - văn phòng đáp ứng tất tần tật mọi nhu cầu làm việc, học tập và giải trí thường ngày thì hãy tham khảo ngay laptop HP Elitebook 630 G10 i7 1355U (873F2PA) sở hữu hiệu năng vượt trội, thiết kế tinh tế, mỏng nhẹ cùng đa dạng các tính năng tân tiến đi kèm.",Bảo hành chính hãng laptop 1 năm tại các trung tâm bảo hành hãng Xem địa chỉ bảo hành,Intel Core i7 Raptor Lake - 1355U,1.7GHz,32,512.0,42.0,13.3,Windows 11 Home SL,1920x1080,"Jack tai nghe 3.5 mm
2 x USB 3.2
HDMI
1 x Thunderbolt 4 (hỗ trợ display/power delivery)
LAN (RJ45)",TheGioiDiDong,
322959,https://www.thegioididong.com/laptop/msi-prestige-13-ai-evo-a1mg-ultra-7-062vn,Laptop MSI Prestige 13 AI Evo A1MG Ultra 7 155H/32GB/1TB/Win11 (062VN),336900000.0,,MSI,5.0,,"Bắt kịp ngay với xu thế làm việc thông minh từ tương lai với hàng loạt những tính năng AI tích hợp trên dòng chip mới, không chỉ thế laptop MSI Prestige 13 AI Evo A1MG Ultra 7 155H (062VN) còn sở hữu dáng vẻ cao cấp chuẩn doanh nhân, nhiều tiện ích hiện đại miễn bàn dành riêng cho các chuyên gia.",Bảo hành chính hãng laptop 2 năm tại các trung tâm bảo hành hãng Xem địa chỉ bảo hành,Intel Core Ultra 7 Meteor Lake - 155H,1.4GHz,16,1024.0,75.0,13.3,Windows 11 Home SL,2x8,"Jack tai nghe 3.5 mm
1 x USB 3.2
HDMI
2 x USB Type-C (hỗ trợ USB, Power Delivery, DisplayPort và Thunderbolt 4)",TheGioiDiDong,
329429,https://www.thegioididong.com/laptop/hp-victus-16-r0283tx-i5-ad9t3pa,Laptop HP Gaming VICTUS 16 r0283TX i5 13500H/16GB/512GB/144Hz/6GB RTX3050/Win11 (AD9T3PA),215900000.0,,HP,5.0,,"Laptop HP VICTUS 16 r0283TX i5 13500H (AD9T3PA) là một lựa chọn lý tưởng không chỉ cho game thủ mà còn dành cho những ai làm công việc sáng tạo nội dung hay xử lý đồ họa. Với cấu hình mạnh mẽ, thiết kế đa năng, chiếc laptop này đáp ứng tốt mọi nhu cầu, từ giải trí đến công việc chuyên nghiệp.",Bảo hành chính hãng laptop 1 năm tại các trung tâm bảo hành hãng Xem địa chỉ bảo hành,Intel Core i5 Raptor Lake - 13500H,2.6GHz,16,512.0,70.0,16.1,Windows 11 Home SL,1920x1080,"HDMI
1 x Headphone/microphone combo
LAN (RJ45)
1 x USB Type-C (hỗ trợ USB Power Delivery, DisplayPort 1.4)
3 x USB A",TheGioiDiDong,-27%
328946,https://www.thegioididong.com/laptop/dell-inspiron-15-3530-i7-71043888,Laptop Dell Inspiron 15 3530 i7 1355U/16GB/512GB/120Hz/OfficeHS/Win11 (71043888),214900000.0,,Dell,5.0,1.0,"Laptop Dell Inspiron 15 3530 i7 1355U (71043888) - một giải pháp tuyệt vời không chỉ cho công việc mà còn đáp ứng hoàn hảo nhu cầu giải trí đa phương tiện. Khám phá ngay siêu phẩm này tại Thế Giới Di Động, sản phẩm với những tính năng vượt trội cùng thiết kế tinh tế nhưng lại sở hữu mức giá cực kỳ hấp dẫn.",Bảo hành chính hãng laptop 1 năm tại các trung tâm bảo hành hãng Xem địa chỉ bảo hành,Intel Core i7 Raptor Lake - 1355U,1.7GHz,32,512.0,54.0,15.6,Windows 11 Home SL + Office Home & Student 2021 vĩnh viễn,1920x1080,"1 x USB 2.0
HDMI
1 x Headphone/microphone combo
USB 3.0
USB Type-C",TheGioiDiDong,
328473,https://www.thegioididong.com/laptop/dell-vostro-3530-i5-80gg93,Laptop Dell Vostro 3530 i5 1335U/16GB/512GB/120Hz/OfficeHS/Win11 (80GG93),184900000.0,,Dell,4.9,1.0,"Laptop Dell Vostro 3530 i5 1335U (80GG93) được định hình thiết kế riêng biệt cho dân văn phòng và sinh viên trong phân khúc giá tầm trung. Sản phẩm này không chỉ mang lại hiệu suất tuyệt vời cho nhiều tác vụ mà còn sở hữu ngoại hình hiện đại, thời thượng, hứa hẹn sẽ chinh phục ngay cả những người dùng khó tính nhất.",Bảo hành chính hãng laptop 1 năm tại các trung tâm bảo hành hãng Xem địa chỉ bảo hành,Intel Core i5 Raptor Lake - 1335U,1.3GHz,16,512.0,41.0,15.6,Windows 11 Home SL + Office Home & Student 2021 vĩnh viễn,1920x1080,"1 x USB 2.0
1 x USB 3.2
HDMI
1 x Headphone/microphone combo
LAN (RJ45)
USB Type-C",TheGioiDiDong,-7%
313627,https://www.thegioididong.com/laptop/lenovo-ideapad-1-15alc7-r7-82r400c1vn,Laptop Lenovo Ideapad 1 15ALC7 R7 5700U/16GB/512GB/Win11 (82R400C1VN),131900000.0,,Lenovo,5.0,9.0,"Laptop Lenovo Ideapad 1 15ALC7 R7 5700U (82R400C1VN) không chỉ là một sản phẩm phù hợp cho sinh viên mà còn dành cho những người đi làm. Hội tụ từ cấu hình ổn định, thiết kế thanh lịch cùng vô vàn tính năng nổi bật. Với tất cả những ưu điểm trên, thiết bị này thực sự là một sự lựa chọn lý tưởng cho mọi người trong việc đáp ứng nhu cầu làm việc, giải trí hàng ngày.",Bảo hành chính hãng laptop 2 năm tại các trung tâm bảo hành hãng Xem địa chỉ bảo hành,,,32,1024.0,42.0,15.6,Windows 11 Home SL,1920x1080,"1 x USB 2.0
Jack tai nghe 3.5 mm
1 x USB 3.2
HDMI
1 x USB Type-C (chỉ hỗ trợ truyền dữ liệu)",TheGioiDiDong,-8%
317709,https://www.thegioididong.com/laptop/asus-tuf-gaming-f15-fx507zc4-i5-hn229w,Laptop Asus TUF Gaming F15 FX507ZC4 i5 12500H/16GB/1TB/4GB RTX3050/144Hz/Win11 (HN229W),221900000.0,,Asus,4.9,14.0,"Laptop Asus TUF Gaming F15 FX507ZC4 i5 12500H (HN229W) với cấu trúc mạnh mẽ, hiệu năng vượt trội cùng mức giá hoàn toàn ưu đãi tại Thế Giới Di Động. Đây chính xác là mẫu laptop gaming được thiết kế dành riêng cho những anh em đam mê thể thao điện tử, đáp ứng đầy đủ đến cả những công việc thiết kế, sáng tạo.",Bảo hành chính hãng laptop 2 năm tại các trung tâm bảo hành hãng Xem địa chỉ bảo hành,Intel Core i5 Alder Lake - 12500H,2.5GHz,32,1024.0,56.0,15.6,Windows 11 Home SL,1920x1080,"Jack tai nghe 3.5 mm
1 x USB Type-C 3.2 (hỗ trợ DisplayPort / G-SYNC)
2 x USB 3.2
HDMI
1 x Thunderbolt 4 (hỗ trợ DisplayPort)
LAN (RJ45)",TheGioiDiDong,-14%
327896,https://www.thegioididong.com/laptop/asus-fa507nvr-r7-lp007w,Laptop Asus TUF Gaming A15 FA507NVR R7 7435HS/16GB/512GB/8GB RTX4060/144Hz/Win11 (LP007W),266900000.0,,Asus,4.9,,"Laptop Asus Gaming TUF A15 FA507NVR R7 7435HS (LP007W) sở hữu hiệu năng mạnh mẽ không chỉ mang đến khả năng chiến game cực đỉnh mà còn hỗ trợ tốt trong các công việc đồ họa hay lập trình. Kiểu dáng của chiếc laptop này cũng cực ngầu, thể hiện được phong cách mạnh mẽ của các game thủ.",Bảo hành chính hãng laptop 2 năm tại các trung tâm bảo hành hãng Xem địa chỉ bảo hành,AMD Ryzen 7 - 7435HS,3.1GHz,16,2048.0,90.0,15.6,Windows 11 Home SL,1920x1080,"Jack tai nghe 3.5 mm
1 x USB 3.2 Gen 2 Type-C (hỗ trợ DisplayPort, Power delivery, G-SYNC)
2 x USB 3.2
HDMI
1 x USB Type-C USB 4 (hỗ trợ DisplayPort)
LAN (RJ45)",TheGioiDiDong,-9%
326059,https://www.thegioididong.com/laptop/hp-victus-16-s0078ax-r5-8c5n7pa?utm_flashsale=1,Laptop HP Gaming VICTUS 16 s0078AX R5 7640HS/16GB/512GB/6GB RTX3050/144Hz/Win11 (8C5N7PA),226900000.0,,HP,5.0,,"Việc sở hữu một chiếc laptop gaming mạnh mẽ là điều không thể thiếu để các game thủ chinh phục mọi trận chiến. Nắm bắt được điều đó HP đã cho ra mắt sản phẩm laptop HP Gaming VICTUS 16 s0078AX R5 7640HS (8C5N7PA) - cỗ máy chiến game được trang bị cấu hình ấn tượng, thiết kế thời thượng cùng khả năng tản nhiệt vượt trội, sẵn sàng cùng bạn bứt phá mọi giới hạn.",Bảo hành chính hãng laptop 1 năm tại các trung tâm bảo hành hãng Xem địa chỉ bảo hành,AMD Ryzen 5 - 7640HS,4.30 GHz,16,1024.0,70.0,16.1,Windows 11 Home SL,1920x1080,"3 x USB 3.2
HDMI
1 x Headphone/microphone combo
LAN (RJ45)
1 x USB Type-C (hỗ trợ USB Power Delivery, DisplayPort 1.4)",TheGioiDiDong,-17%
327507,https://www.thegioididong.com/laptop/acer-aspire-5-a515-58m-79r7-i7-nxkq8sv007,Laptop Acer Aspire 5 A515 58M 79R7 i7 13620H/16GB/512GB/Win11 (NX.KQ8SV.007),182900000.0,,Acer,5.0,2.0,"Acer không ngừng gây ấn tượng với những dòng sản phẩm mới đáp ứng hoàn hảo nhu cầu khách hàng. Laptop Acer Aspire 5 A515 58M 79R7 i7 13620H (NX.KQ8SV.007) với cấu hình ""độc lạ"" bất ngờ nhưng vô cùng mạnh mẽ, RAM cơ bản cao 16 GB, ngoại hình đẹp mắt,... là những thông số vô cùng tốt để giải quyết các công việc phức tạp và nhu cầu giải trí đa phương tiện.",Bảo hành chính hãng laptop 1 năm tại các trung tâm bảo hành hãng Xem địa chỉ bảo hành,Intel Core i7 Raptor Lake - 13620H,2.4GHz,16,1024.0,50.0,15.6,Windows 11 Home SL,1920x1080,"Jack tai nghe 3.5 mm
2 x USB 3.2
HDMI
1 x USB Type-C (hỗ trợ USB 4, DisplayPort và Thunderbolt 4)",TheGioiDiDong,-12%
313332,https://www.thegioididong.com/laptop/acer-nitro-5-an515-58-769j-i7-nhqfhsv003,Laptop Acer Gaming Nitro 5 Tiger AN515 58 769J i7 12700H/8GB/512GB/4GB RTX3050/144Hz/Win11 (NH.QFHSV.003),214900000.0,,Acer,5.0,12.0,"Trải nghiệm giải trí đỉnh cao nhờ hiệu năng từ con chip Intel Core i7 dòng H series hiệu năng cao cùng ngoại hình độc đáo, laptop Acer Gaming Nitro 5 AN515 58 769J i7 12700H (NH.QFHSV.003) chắc chắn sẽ trở thành trợ thủ đắc lực cho người dùng trong những chiến trường ảo đầy kịch tính hay những tác vụ văn phòng và đồ hoạ chuyên nghiệp.",Bảo hành chính hãng laptop 1 năm tại các trung tâm bảo hành hãng Xem địa chỉ bảo hành,Intel Core i7 Alder Lake - 12700H,2.30 GHz,32,1024.0,,15.6,,1920x1080,"Jack tai nghe 3.5 mm
3 x USB 3.2
HDMI
1 x USB Type-C (hỗ trợ USB, DisplayPort, Thunderbolt 4)
LAN (RJ45)",TheGioiDiDong,-32%
325586,https://www.thegioididong.com/laptop/msi-cyborg-14-a13ve-i7-090vn,Laptop MSI Gaming Cyborg 14 A13VE i7 13620H/16GB/512GB/6GB RTX4050/144Hz/Win11 (090VN),271900000.0,,MSI,5.0,,Laptop MSI Gaming Cyborg 14 A13VE i7 13620H (090VN) không chỉ là sở hữu ngoại hình mạnh mẽ mà còn là một cộng sự đáng tin cậy cho cả game thủ và những chuyên gia thiết kế đồ họa chuyên nghiệp. Với một mức giá hợp lý bạn đã có thể sở hữu ngay một bộ cấu hình hoàn hảo cho những trận game bất tận đầy giải trí.,Bảo hành chính hãng laptop 2 năm tại các trung tâm bảo hành hãng Xem địa chỉ bảo hành,,,16,512.0,53.5,14.0,Windows 11 Home SL,1920x1200,"Jack tai nghe 3.5 mm
2 x USB 3.2
HDMI
1 x USB Type-C (hỗ trợ USB 3.2, DisplayPort)
LAN (RJ45)",TheGioiDiDong,
328947,https://www.thegioididong.com/laptop/dell-inspiron-16-5640-core-7-khpf5,Laptop Dell Inspiron 16 5640 Core 7 150U/16GB/1TB/2GB MX570A/OfficeHS/Win11 (KHPF5),269900000.0,,Dell,5.0,,"Được trang bị vi xử lý Intel Core 7 thế hệ 14 và card đồ họa rời MX, laptop Dell Inspiron 16 5640 Core 7 150U (KHPF5) hứa hẹn sẽ trở thành người bạn đồng hành đáng tin cậy cho cả công việc và giải trí. Chiếc laptop này đáp ứng mọi yêu cầu tác vụ, từ những công việc cơ bản đến các nhiệm vụ đồ họa.",Bảo hành chính hãng laptop 1 năm tại các trung tâm bảo hành hãng Xem địa chỉ bảo hành,,,16,1024.0,54.0,16.0,Windows 11 Home SL + Office Home & Student 2021 vĩnh viễn,1920x1200,"2 x USB 3.2
HDMI
1 x USB Type-C 3.2 (hỗ trợ Power Delivery và DisplayPort 1.4)
1 x Headphone/microphone combo",TheGioiDiDong,-8%
319657,https://www.thegioididong.com/laptop/acer-nitro-v-anv15-51-53ne-i5-nhqnasv002,Laptop Acer Gaming Nitro V ANV15 51 53NE i5 13420H/16GB/512GB/4GB RTX2050/144Hz/Win11 (NH.QNASV.002),206900000.0,,Acer,5.0,,"Laptop Acer Gaming Nitro V ANV15 51 53NE i5 13420H (NH.QNASV.002) sở hữu diện mạo ""thoát ly"" hoàn toàn so với thế hệ tiền nhiệm, sắc sảo và cá tính hơn, đi kèm với đó là hiệu năng vượt trội từ con chip Intel Gen 13 dòng H để bạn chinh phục các tựa game đỉnh cao.",Bảo hành chính hãng laptop 2 năm tại các trung tâm bảo hành hãng Xem địa chỉ bảo hành,Intel Core i5 Raptor Lake - 13420H,2.1GHz,32,2048.0,57.0,15.6,Windows 11 Home SL,1920x1080,"Jack tai nghe 3.5 mm
3 x USB 3.2
HDMI
1 x USB Type-C (hỗ trợ USB, DisplayPort, Thunderbolt 4)
LAN (RJ45)",TheGioiDiDong,-13%
326194,https://www.thegioididong.com/laptop/dell-vostro-3520-i5-71030559,Laptop Dell Vostro 3520 i5 1235U/16GB/512GB/120Hz/OfficeHS/Win11 (71030559),164900000.0,,Dell,5.0,1.0,"Laptop Dell Vostro 3520 i5 1235U (71030559) sở hữu ngoại hình thanh lịch, hiện đại với gam màu xám trang nhã, cùng viền màn hình mỏng tạo nên tổng thể gọn nhẹ, tinh tế. Laptop được trang bị con chip Intel thế hệ 12 có khả năng xử lý mượt mà mọi tác vụ học tập, văn phòng, thậm chí cả đồ họa cơ bản.",Bảo hành chính hãng laptop 1 năm tại các trung tâm bảo hành hãng Xem địa chỉ bảo hành,,,16,512.0,41.0,15.6,Windows 11 Home SL + Office Home & Student 2021 vĩnh viễn,1920x1080,"1 x USB 2.0
Jack tai nghe 3.5 mm
2 x USB 3.2
HDMI
LAN (RJ45)",TheGioiDiDong,
331749,https://www.thegioididong.com/laptop/asus-s5507qa-x1e-78-100-ma090ws,Laptop Asus Vivobook S 15 S5507QA X1E 78 100/32GB/1TB/OfficeHS/Win11 (MA090WS),289900000.0,,Asus,5.0,,"Trong phân khúc laptop cao cấp, laptop Asus Vivobook S 15 S5507QA X1E 78 100 (MA090WS) hội tụ khá nhiều yếu tố như đồ hoạ tốt, thiết kế đẹp mắt cùng hiệu năng cao. Với sự góp mặt của chip Snapdragon mới, màn hình OLED ngập sắc màu, đây chính là công cụ hoàn hảo cho những ai đam mê sáng tạo, cần một thiết bị không chỉ mạnh mà còn thẩm mỹ và linh hoạt.",Bảo hành chính hãng laptop 2 năm tại các trung tâm bảo hành hãng Xem địa chỉ bảo hành,,,32,,70.0,15.6,Windows 11 Home SL + Office Home & Student 2021 vĩnh viễn,2x8,"Jack tai nghe 3.5 mm
2 x USB 3.2
HDMI
2 x USB Type-C with USB 4.0 (hỗ trợ DisplayPort, Power Delivery)",TheGioiDiDong,-17%
325699,https://www.thegioididong.com/laptop/acer-aspire-a515-58gm-53pz-i5-nxkq4sv008,Laptop Acer Gaming Aspire 5 A515 58GM 53PZ i5 13420H/8GB/512GB/4GB RTX2050/Win11 (NX.KQ4SV.008),156900000.0,,Acer,5.0,1.0,"Laptop Acer Gaming Aspire 5 A515 58GM 53PZ i5 13420H (NX.KQ4SV.008) nổi lên như một ""ngôi sao sáng"" trong phân khúc laptop cận trung cấp, thu hút sự chú ý của đông đảo người dùng. Sở hữu thiết kế tinh tế, hiệu năng ấn tượng từ chip Intel thế hệ 13 cùng mức giá hợp lý, sản phẩm này hứa hẹn sẽ mang đến cho bạn trải nghiệm giải trí và làm việc tuyệt vời.",Bảo hành chính hãng laptop 1 năm tại các trung tâm bảo hành hãng Xem địa chỉ bảo hành,,,32,2048.0,50.0,15.6,Windows 11 Home SL,1920x1080,"Jack tai nghe 3.5 mm
2 x USB 3.2
HDMI
1 x USB Type-C (hỗ trợ USB, Thunderbolt 4)
LAN (RJ45)",TheGioiDiDong,-23%
313973,https://www.thegioididong.com/laptop/hp-gaming-victus-16-r0130tx-i5-8c5n5pa,Laptop HP Gaming VICTUS 16 r0130TX i5 13500H/16GB/512GB/144Hz/6GB RTX3050/Win11 (8C5N5PA),215900000.0,,HP,5.0,2.0,"Laptop HP Gaming VICTUS 16 r0130TX i5 13500H (8C5N5PA) là phiên bản cải tiến mới từ dòng HP Gaming VICTUS 15, mang trong mình sự mạnh mẽ với card đồ họa RTX 3050 mới và thiết kế đặc biệt, chắc chắn sẽ đánh bại mọi kỳ vọng của các game thủ.",Bảo hành chính hãng laptop 1 năm tại các trung tâm bảo hành hãng Xem địa chỉ bảo hành,,,16,512.0,70.0,16.1,Windows 11 Home SL,1920x1080,"Jack tai nghe 3.5 mm
3 x USB 3.2
HDMI
LAN (RJ45)
1 x USB Type-C (hỗ trợ USB Power Delivery, DisplayPort 1.4)",TheGioiDiDong,-27%
327710,https://www.thegioididong.com/laptop/msi-modern-14-c13m-i5-611vn,Laptop MSI Modern 14 C13M i5 1335U/16GB/512GB/Win11 (611VN),141900000.0,,MSI,5.0,,"Laptop MSI Modern 14 C13M i5 1335U (611VN) sẽ là một người cộng sự lý tưởng cho bạn trong phân khúc laptop học tập - văn phòng khi sở hữu cấu hình mạnh mẽ từ CPU Intel Core i5 cùng những tính năng thiết kế nổi bật. Laptop còn sở hữu kiểu dáng thời thượng, gọn nhẹ phù hợp với người dùng cần một thiết bị có tính di động.",Bảo hành chính hãng laptop 2 năm tại các trung tâm bảo hành hãng Xem địa chỉ bảo hành,Intel Core i5 Raptor Lake - 1335U,1.3GHz,32,512.0,39.3,14.0,Windows 11 Home SL,1920x1080,"Jack tai nghe 3.5 mm
1 x USB 3.2
HDMI
1 x USB Type-C (hỗ trợ USB 3.2, DisplayPort)
2 x USB 2.0",TheGioiDiDong,-23%
332371,https://www.thegioididong.com/laptop/lenovo-thinkpad-e14-ultra-7-21m70051vn,Laptop Lenovo ThinkPad E14 Ultra 7 155H/32GB/1TB/Win11 (21M70051VN),317900000.0,,Lenovo,5.0,,"Trong thế giới của công nghệ, hiệu suất và tính linh hoạt luôn là yếu tố hàng đầu, laptop Lenovo ThinkPad E14 Ultra 7 155H (21M70051VN) đã khẳng định vị thế của mình như một cỗ máy hoàn hảo cho dân kỹ thuật và thiết kế. Với cấu hình mạnh mẽ, thiết kế tinh tế cùng màn hình 2.2K ""cực thuyết phục"", chiếc laptop này mang lại những trải nghiệm vượt trội, đáp ứng nhu cầu của các chuyên gia trong những lĩnh vực đòi hỏi hiệu suất cao.",Bảo hành chính hãng laptop 2 năm tại các trung tâm bảo hành hãng Xem địa chỉ bảo hành,,,16,1024.0,47.0,14.0,Windows 11 Home SL,2x2,"1 x USB 3.2
HDMI
1 x USB-C (hỗ trợ Thunderbolt 4/USB 4, USB Power Delivery 3.0 và DisplayPort 2.1)
1 x USB Type-C (hỗ trợ truyền dữ liệu, Power Delivery 3.0 và DisplayPort 1.4)
1 x Headphone/microphone combo
LAN (RJ45)
1 x USB 3.2 (Always on)",TheGioiDiDong,-5%
333101,https://www.thegioididong.com/laptop/asus-tuf-gaming-f15-fx507zc4-i7-hni7mw?utm_flashsale=1,Laptop Asus TUF Gaming F15 FX507ZC4 i7 12700H/16GB/512GB/4GB RTX3050/144Hz/Win11 (HNi7MW),236900000.0,,Asus,5.0,,"Nếu bạn đang tìm kiếm một chiếc laptop gaming đáng giá trong phân khúc tầm trung thì laptop Asus TUF Gaming F15 FX507ZC4 i7 12700H (HNi7MW) chính là lựa chọn không thể bỏ qua. Với cấu hình mạnh mẽ, thiết kế hiện đại và nhiều tính năng hỗ trợ tối ưu, chiếc máy này không chỉ dành riêng cho game thủ mà còn là công cụ đắc lực cho các tác vụ sáng tạo và công việc hàng ngày.",Bảo hành chính hãng laptop 2 năm tại các trung tâm bảo hành hãng Xem địa chỉ bảo hành,,,32,1024.0,56.0,15.6,Windows 11 Home SL,1920x1080,"Jack tai nghe 3.5 mm
1 x USB Type-C 3.2 (hỗ trợ DisplayPort / G-SYNC)
2 x USB 3.2
HDMI
1 x Thunderbolt 4 (hỗ trợ DisplayPort)
LAN (RJ45)",TheGioiDiDong,-12%
326823,https://www.thegioididong.com/laptop/hp-envy-x360-14-fc0094tu-ultra-5-a19c4pa?utm_flashsale=1,Laptop HP Envy x360 14 fc0094TU Ultra 5 125U/16GB/512GB/Win11 (A19C4PA),282900000.0,,HP,4.9,,"Laptop HP Envy x360 14 fc0094TU Ultra 5 125U (A19C4PA) được thừa hưởng nét cao cấp sang trọng qua nhiều thế hệ máy. Laptop còn được tích hợp với vi xử lý AI Intel Core Ultra mới nhất, đem lại hiệu suất vượt trội, màn hình OLED 2.8K sắc nét cùng đa dạng các tính năng hữu ích khác cho nhu cầu công việc và sinh hoạt của người dùng.",Bảo hành chính hãng laptop 1 năm tại các trung tâm bảo hành hãng Xem địa chỉ bảo hành,,,32,512.0,59.0,14.0,Windows 11 Home SL,2x8,"2 x USB Type-A
HDMI
1 x USB Type-C (USB Power Delivery, DisplayPort 2.1)
1 x Thunderbolt 4 with USB Type-C (hỗ trợ USB Power Delivery, DisplayPort 2.1)
1 x Headphone/microphone combo",TheGioiDiDong,
326280,https://www.thegioididong.com/laptop/msi-katana-a15-ai-b8vg-r7-465vn,Laptop MSI Gaming Katana A15 AI B8VG R7 8845HS/16GB/1TB/8GB RTX4070/144Hz/Win11 (465VN),326900000.0,,MSI,4.9,,"MSI - gã khổng lồ trong làng laptop gaming, một lần nữa khẳng định vị thế tiên phong của mình với siêu phẩm laptop MSI Gaming Katana A15 AI B8VG R7 8845HS (465VN). Chiếc laptop này không chỉ là một cỗ máy chiến game mạnh mẽ mà còn là một kiệt tác nghệ thuật với thiết kế đỉnh cao.",Bảo hành chính hãng laptop 2 năm tại các trung tâm bảo hành hãng Xem địa chỉ bảo hành,,,32,1024.0,53.5,15.6,Windows 11 Home SL,1920x1080,"1 x USB 2.0
Jack tai nghe 3.5 mm
2 x USB 3.2
HDMI
1 x USB Type-C (hỗ trợ USB 3.2, DisplayPort)
LAN (RJ45)",TheGioiDiDong,-18%
328945,https://www.thegioididong.com/laptop/dell-inspiron-15-3530-i5-71043885,Laptop Dell Inspiron 15 3530 i5 1334U/16GB/512GB/120Hz/OfficeHS/KYHD/Win11 (71043885),184900000.0,,Dell,4.9,,"Bạn đang tìm kiếm chiếc laptop giải quyết được nhiều tác vụ từ học tập đến công việc nhưng chỉ với mức giá dưới 20 triệu thì laptop Dell Inspiron 15 3530 i5 1334U (71043885) là sản phẩm phù hợp với bạn. Máy không những sở hữu hiệu năng mạnh mẽ từ chip Intel thế hệ 13, thiết kế hiện đại mà còn đi kèm Office Home & Student vĩnh viễn và Keep Your Hard Drive tiện lợi.",Bảo hành chính hãng laptop 1 năm tại các trung tâm bảo hành hãng Xem địa chỉ bảo hành,Intel Core i5 Raptor Lake - 1334U,1.3GHz,32,512.0,41.0,15.6,Windows 11 Home SL + Office Home & Student 2021 vĩnh viễn,1920x1080,"1 x USB 2.0
1 x USB 3.2
HDMI
1 x Headphone/microphone combo
USB Type-C",TheGioiDiDong,-7%
330165,https://www.thegioididong.com/laptop/dell-inspiron-15-3530-i5-p16wd2,Laptop Dell Inspiron 15 3530 i5 1334U/16GB/512GB/120Hz/OfficeHS/Win11 (P16WD2),174900000.0,,Dell,5.0,,"Nếu bạn đang tìm kiếm một chiếc laptop với mức giá hợp lý, hiệu năng ổn định và kiểu dáng hiện đại, laptop Dell Inspiron 15 3530 i5 1334U (P16WD2) là lựa chọn đáng cân nhắc. Với giá dưới 20 triệu đồng, chiếc laptop này mang đến sự cân bằng hoàn hảo giữa công nghệ tiên tiến và sự tinh tế trong thiết kế, hứa hẹn đáp ứng mọi nhu cầu từ học tập, làm việc đến giải trí đa phương tiện ở nhiều nền tảng khác nhau.",Bảo hành chính hãng laptop 1 năm tại các trung tâm bảo hành hãng Xem địa chỉ bảo hành,,,32,512.0,41.0,15.6,Windows 11 Home SL + Office Home & Student 2021 vĩnh viễn,1920x1080,"1 x USB 2.0
1 x USB 3.2
HDMI
1 x Headphone/microphone combo
USB Type-C",TheGioiDiDong,-8%
334440,https://www.thegioididong.com/laptop/lenovo-ideapad-5-2in1-14irh9-i5-83kx003wvn,Laptop Lenovo IdeaPad 5 2in1 14IRH9 i5 13420H/16GB/512GB/Win11 (83KX003WVN),209900000.0,,Lenovo,4.9,,"Laptop Lenovo IdeaPad 5 2in1 14IRH9 i5 13420H (83KX003WVN) là sự kết hợp hoàn hảo giữa tính di động và hiệu năng mạnh mẽ. Màn hình cảm ứng sắc nét đi kèm bút cảm ứng cho phép bạn thỏa sức sáng tạo và làm việc một cách linh hoạt. Bản lề xoay gập 360 độ biến chiếc laptop thành máy tính bảng chỉ trong tích tắc, đáp ứng mọi nhu cầu sử dụng. Bên trong, vi xử lý Intel thế hệ mới nhất mang đến hiệu suất vượt trội cho mọi tác vụ. Đây chính là người bạn đồng hành lý tưởng cho công việc, học tập và giải trí.",Bảo hành chính hãng laptop 2 năm tại các trung tâm bảo hành hãng Xem địa chỉ bảo hành,Intel Core i5 Raptor Lake - 13420H,2.1GHz,16,1024.0,57.0,14.0,Windows 11 Home SL,,"1 x USB 3.2
HDMI
1 x Headphone/microphone combo
2 x USB-C (hỗ trợ USB 3.2, USB Power Delivery 3.1 và DisplayPort 1.4)
1 x USB 3.2 (Always on)",TheGioiDiDong,
326574,https://www.thegioididong.com/laptop/lenovo-ideapad-slim-5-15iru9-core-5-83d0000evn,Laptop Lenovo Ideapad Slim 5 15IRU9 Core 5 120U/16GB/512GB/Win11 (83D0000EVN),176900000.0,,Lenovo,5.0,,"Nổi bật trong phân khúc laptop học tập - văn phòng, chiếc laptop Lenovo IdeaPad Slim 5 15IRU9 Core 5 120U (83D0000EVN) sở hữu ngoại hình thanh lịch, hiện đại, mang đến phong cách thời thượng cho học sinh, sinh viên và nhân viên văn phòng.",Bảo hành chính hãng laptop 2 năm tại các trung tâm bảo hành hãng Xem địa chỉ bảo hành,,,32,1024.0,57.0,15.3,Windows 11 Home SL,,"2 x USB Type-C 3.2 (hỗ trợ Power Delivery 3.0 và DisplayPort 1.4)
1 x USB 3.2
HDMI
1 x Headphone/microphone combo
1 x USB 3.2 (Always on)",TheGioiDiDong,-18%
327508,https://www.thegioididong.com/laptop/acer-aspire-lite-al16-51p-596h-i5-nxkwzsv002,Laptop Acer Aspire Lite AL16 51P 596H i5 1235U/8GB/512GB/Win11 (NX.KWZSV.002),126900000.0,,Acer,4.9,,"Bạn đang tìm kiếm một chiếc laptop đáp ứng tốt nhu cầu học tập, văn phòng và giải trí nhẹ nhàng? Laptop Acer Aspire Lite AL16 51P 596H i5 1235U (NX.KWZSV.002) là lựa chọn hoàn hảo dành cho bạn với hiệu năng mạnh mẽ, màn hình đẹp, thiết kế thanh lịch và giá cả hợp lý. Sự cân bằng hoàn hảo nhưng hiện tại đang có một mức giá vô cùng tốt tại Thế Giới Di Động.",Bảo hành chính hãng laptop 1 năm tại các trung tâm bảo hành hãng Xem địa chỉ bảo hành,Intel Core i5 Alder Lake - 1235U,1.3GHz,16,2048.0,58.0,16.0,Windows 11 Home SL,,"Jack tai nghe 3.5 mm
3 x USB 3.2
HDMI
1 x USB Type-C (hỗ trợ USB 3.2, DisplayPort)",TheGioiDiDong,-9%
329786,https://www.thegioididong.com/laptop/msi-thin-15-b13ucx-i5-2080vn,Laptop MSI Gaming Thin 15 B13UCX i5 13420H/16GB/512GB/4GB RTX2050/144Hz/Win11 (2080VN),166900000.0,,MSI,5.0,,"Trong phân khúc laptop gaming tầm trung, MSI Thin 15 B13UCX i5 13420H (2080VN) nổi bật như một lựa chọn ""quốc dân"" cho học sinh, sinh viên và những game thủ không cần phải chi quá nhiều mà vẫn muốn trải nghiệm hiệu suất ấn tượng. Với thiết kế tinh tế, hiệu năng mạnh mẽ, các tính năng được tối ưu hóa cho chơi game, đây là công cụ lý tưởng cho cả giải trí và vận hành trong học tập, công việc.",Bảo hành chính hãng laptop 2 năm tại các trung tâm bảo hành hãng Xem địa chỉ bảo hành,,,32,4096.0,52.4,15.6,Windows 11 Home SL,1920x1080,"1x Mic-in
1x Headphone-out
3 x USB 3.2
HDMI
1 x USB Type-C (hỗ trợ USB 3.2, DisplayPort)
LAN (RJ45)",TheGioiDiDong,-16%
329867,https://www.thegioididong.com/laptop/acer-swift-lite-14-ai-sfl14-51m-56hs-ultra-5-nxj1hsv002,Laptop Acer Swift Lite 14 AI SFL14 51M 56HS Ultra 5 125U/16GB/512GB/Win11 (NX.J1HSV.002),189900000.0,,Acer,5.0,,"Trong kỷ nguyên AI hiện đại, Acer đã mang đến một phiên bản laptop mới đầy ấn tượng, laptop Acer Swift Lite 14 AI SFL14 51M 56HS Ultra 5 125U (NX.J1HSV.002). Đây là một sản phẩm thuộc phân khúc tầm trung với mức giá ""dễ tiếp cận"" hướng đến đối tượng người dùng học sinh, sinh viên và nhân viên văn phòng. Với sự kết hợp của công nghệ AI tiên tiến và thiết kế tinh gọn, chiếc laptop này hứa hẹn đem lại hiệu suất tốt trong mọi tác vụ hàng ngày.",Bảo hành chính hãng laptop 1 năm tại các trung tâm bảo hành hãng Xem địa chỉ bảo hành,Intel Core Ultra 5 Meteor Lake - 125U,1.3GHz,16,2048.0,58.0,14.0,Windows 11 Home SL,1920x1200,"Jack tai nghe 3.5 mm
3 x USB 3.2
HDMI
1 x USB Type-C (hỗ trợ USB 3.2, DisplayPort)",TheGioiDiDong,-5%
333098,https://www.thegioididong.com/laptop/asus-vivobook-s-14-s5406sa-ultra-5-pp060ws,Laptop Asus Vivobook S 14 S5406SA Ultra 5 226V/16GB/512GB/120Hz/OfficeHS/Win11 (PP060WS),257900000.0,,Asus,5.0,,"Asus tiếp tục khẳng định vị thế dẫn đầu trong lĩnh vực công nghệ khi ra mắt laptop Asus Vivobook S 14 S5406SA Ultra 5 226V (PP060WS). Đây là sản phẩm không chỉ mang lại hiệu suất vượt trội mà còn mở ra một kỷ nguyên mới về trí tuệ nhân tạo (AI), đáp ứng toàn diện nhu cầu làm việc và giải trí trong thời đại số. Với thiết kế sang trọng, linh hoạt cùng màn hình OLED chất lượng cao, chiếc laptop này là sự lựa chọn lý tưởng cho người dùng hiện đại.",Bảo hành chính hãng laptop 2 năm tại các trung tâm bảo hành hãng Xem địa chỉ bảo hành,,,32,512.0,75.0,14.0,Windows 11 Home SL + Office Home & Student 2021 vĩnh viễn,2x8,"Jack tai nghe 3.5 mm
2 x USB 3.2
HDMI
2 x Thunderbolt 4 (hỗ trợ Power Delivery, DisplayPort)",TheGioiDiDong,-11%
311117,https://www.thegioididong.com/laptop/asus-vivobook-14x-oled-k3405vc-i5-km006w,Laptop Asus Vivobook 14X OLED K3405VC i5 13500H/16GB/512GB/4GB RTX3050/Win11 (KM006W),244900000.0,,Asus,5.0,10.0,"Mỏng nhẹ, di động nhưng không đánh đổi về hiệu năng luôn là những ưu điểm mà người dùng mong đợi ở những chiếc Vivobook từ nhà Asus. Laptop Asus Vivobook 14X OLED K3405VC i5 13500H (KM006W) cũng không ngoại lệ với sức mạnh vượt trội từ con chip Intel Gen 13 thế hệ mới, card RTX 30 series cùng sự nhẹ nhàng về khối lượng, chắc chắn sẽ nâng tầm hơn nữa mọi trải nghiệm của bạn.",Bảo hành chính hãng laptop 2 năm tại các trung tâm bảo hành hãng Xem địa chỉ bảo hành,Intel Core i5 Raptor Lake - 13500H,2.6GHz,16,512.0,63.0,14.0,Windows 11 Home SL,2x8,"Jack tai nghe 3.5 mm
2 x USB 3.2
HDMI
USB Type-C",TheGioiDiDong,-14%
326148,https://www.thegioididong.com/laptop/dell-inspiron-15-3530-i7-71026454,Laptop Dell Inspiron 15 3530 i7 1355U/16GB/512GB/120Hz/OfficeHS/Win11 (71026454),214900000.0,,Dell,4.9,1.0,"Mẫu laptop Dell Inspiron 15 3530 i7 1355U (71026454) là sự lựa chọn tuyệt vời cho nhu cầu làm việc và giải trí. Máy sở hữu vi xử lý Intel Core i7 thế hệ 13, thiết kế thời trang cùng với màn hình rõ nét, laptop sẵn sàng đáp ứng mọi nhu cầu học tập và làm việc.",Bảo hành chính hãng laptop 1 năm tại các trung tâm bảo hành hãng Xem địa chỉ bảo hành,,,16,512.0,54.0,15.6,Windows 11 Home SL + Office Home & Student 2021 vĩnh viễn,1920x1080,"1 x USB 2.0
Jack tai nghe 3.5 mm
1 x USB 3.2
HDMI
USB Type-C",TheGioiDiDong,
329075,https://www.thegioididong.com/laptop/acer-aspire-3-a315-58-529v-i5-nxaddsv00n,Laptop Acer Aspire 3 A315 58 529V i5 1135G7/8GB/256GB/Win11 (NX.ADDSV.00N),109900000.0,,Acer,4.9,5.0,"Khám phá sự kết hợp hoàn hảo giữa sự sang trọng và hiệu suất ổn định với mẫu laptop Acer Aspire 3 A315 58 529V i5 1135G7 (NX.ADDSV.00N). Với thiết kế thanh lịch và tinh tế, chiếc laptop này không chỉ thu hút mọi ánh nhìn mà còn hứa hẹn mang đến những trải nghiệm làm việc và giải trí phù hợp với nhiều người dùng hiện nay.",Bảo hành chính hãng laptop 1 năm tại các trung tâm bảo hành hãng Xem địa chỉ bảo hành,,,16,1024.0,36.7,15.6,Windows 11 Home SL,1920x1080,"1 x USB 2.0
Jack tai nghe 3.5 mm
2 x USB 3.2
HDMI
LAN (RJ45)",TheGioiDiDong,
327900,https://www.thegioididong.com/laptop/dell-g15-5530-i7-i7hx161w11gr4060,Laptop Dell G15 5530 i7 13650HX/16GB/1TB/8GB RTX4060/165Hz/OfficeHS/Win11 (i7HX161W11GR4060),369900000.0,,Dell,5.0,,"Với laptop Dell G15 5530 i7 13650HX (i7HX161W11GR4060) bạn không chỉ là một game thủ mà còn là một nhà sáng tạo thực thụ. CPU Intel Core i7 thế hệ 13 và card đồ họa RTX 4060 mang đến hiệu năng vượt trội, giúp bạn chinh phục mọi thử thách, từ những trận game căng thẳng đến các dự án sáng tạo đòi hỏi cao. Thiết kế hiện đại và màn hình chất lượng cao sẽ làm bạn hài lòng ngay từ cái nhìn đầu tiên.",Bảo hành chính hãng laptop 1 năm tại các trung tâm bảo hành hãng Xem địa chỉ bảo hành,Intel Core i7 Raptor Lake - 13650HX,2.6GHz,32,1024.0,86.0,15.6,Windows 11 Home SL + Office Home & Student 2021 vĩnh viễn,1920x1080,"Jack tai nghe 3.5 mm
3 x USB 3.2
HDMI
1 x USB Type-C (hỗ trợ DisplayPort)
LAN (RJ45)",TheGioiDiDong,-11%
328135,https://www.thegioididong.com/laptop/lenovo-ideapad-slim-5-14imh9-ultra-7-83da0020vn,Laptop Lenovo IdeaPad Slim 5 14IMH9 Ultra 7 155H/32GB/1TB/Win11 (83DA0020VN),261900000.0,,Lenovo,4.9,1.0,"Tìm kiếm một chiếc laptop đáp ứng mọi nhu cầu học tập và giải trí với hiệu năng mạnh mẽ, màn hình đẹp và giá thành hợp lý? Laptop Lenovo IdeaPad Slim 5 14IMH9 Ultra 7 155H (83DA0020VN) chính là lựa chọn hoàn hảo dành cho bạn với đầy đủ tiêu chí được yêu cầu, mẫu chip thế hệ mới trên máy còn được tích hợp đa dạng AI hữu ích.",Bảo hành chính hãng laptop 2 năm tại các trung tâm bảo hành hãng Xem địa chỉ bảo hành,,,32,1024.0,57.0,14.0,Windows 11 Home SL,,"2 x USB Type-C 3.2 (hỗ trợ Power Delivery 3.0 và DisplayPort 1.4)
1 x USB 3.2
HDMI
1 x Headphone/microphone combo
1 x USB 3.2 (Always on)",TheGioiDiDong,-8%
335555,https://www.thegioididong.com/laptop/lenovo-ideapad-slim-5-oled-14irh10-i5-83hr005yvn,Laptop Lenovo IdeaPad Slim 5 OLED 14IRH10 i5 13420H/16GB/1TB/OfficeHS24+365 (83HR005YVN),196900000.0,,Lenovo,5.0,,"Laptop Lenovo IdeaPad Slim 5 OLED 14IRH10 i5 13420H (83HR005YVN) là sự lựa chọn lý tưởng cho học sinh, sinh viên và nhân viên văn phòng nhờ thiết kế mỏng nhẹ, màn hình OLED sống động và hiệu năng ổn định. Chiếc laptop này mang đến trải nghiệm làm việc và giải trí tuyệt vời, đáp ứng mọi nhu cầu hàng ngày của bạn. Đây là một chiếc laptop đáng mua trong phân khúc, mang lại giá trị vượt trội cho người dùng.",Bảo hành chính hãng laptop 2 năm tại các trung tâm bảo hành hãng Xem địa chỉ bảo hành,,,16,1024.0,60.0,14.0,Windows 11 Home SL + Office Home & Student 2024 vĩnh viễn + Microsoft 365 Basic,,"Jack tai nghe 3.5 mm
2 x USB Type-C 3.2 (hỗ trợ Power Delivery 3.0 và DisplayPort 1.4)
1 x USB 3.2
HDMI
1 x USB 3.2 (Always on)",TheGioiDiDong,-10%
303835,https://www.thegioididong.com/laptop/dell-vostro-15-3520-i5-5m2tt2?utm_flashsale=1,Laptop Dell Vostro 15 3520 i5 1235U/8GB/512GB/120Hz/OfficeHS/Win11 (5M2TT2),144900000.0,,Dell,5.0,21.0,"Laptop Dell Vostro 15 3520 i5 1235U (5M2TT2) mới nhất đến từ nhà Dell sẽ khiến bạn thực sự ấn tượng với kiểu dáng hiện đại, sở hữu những thông số kỹ thuật mạnh mẽ có thể chạy mượt những tác vụ học tập, văn phòng.",Bảo hành chính hãng laptop 1 năm tại các trung tâm bảo hành hãng Xem địa chỉ bảo hành,Intel Core i5 Alder Lake - 1235U,1.3GHz,16,512.0,41.0,15.6,Windows 11 Home SL + Office Home & Student 2021 vĩnh viễn,1920x1080,"1 x USB 2.0
Jack tai nghe 3.5 mm
2 x USB 3.2
HDMI
LAN (RJ45)",TheGioiDiDong,-6%
327509,https://www.thegioididong.com/laptop/dell-inspiron-15-3530-i5-n5i5340w1,Laptop Dell Inspiron 15 3530 i5 1334U/16GB/512GB/120Hz/OfficeHS/Win11 (N5I5340W1),179900000.0,,Dell,4.9,,"Với phân khúc giá gần 20 triệu, laptop Dell Inspiron 15 3530 i5 1334U (N5I5340W1) mang đến cho người dùng sự kết hợp hoàn hảo giữa hiệu năng mạnh mẽ, nhiều tính năng hiện đại và có một ngoại hình sang trọng. Đây là chiếc laptop lý tưởng dành cho sinh viên và nhân viên văn phòng, đáp ứng toàn diện các nhu cầu từ học tập, làm việc đến giải trí.",Bảo hành chính hãng laptop 1 năm tại các trung tâm bảo hành hãng Xem địa chỉ bảo hành,Intel Core i5 Raptor Lake - 1334U,1.3GHz,32,2048.0,41.0,15.6,Windows 11 Home SL + Office Home & Student 2021 vĩnh viễn,1920x1080,"1 x USB 2.0
Jack tai nghe 3.5 mm
1 x USB 3.2
HDMI
USB Type-C",TheGioiDiDong,-10%
315911,https://www.thegioididong.com/laptop/hp-pavilion-15-eg3095tu-i5-8c5l6pa,Laptop HP Pavilion 15 eg3095TU i5 1335U/8GB/512GB/Win11 (8C5L6PA),167900000.0,,HP,5.0,2.0,"Laptop HP Pavilion 15 eg3095TU i5 1335U (8C5L6PA) sẽ là lựa chọn tốt cho học sinh hay người đi làm muốn tìm một mẫu laptop học tập - văn phòng đa năng, vừa sở hữu hiệu năng vượt trội vừa có thiết kế thời trang, lại phục vụ tốt cho mọi nhu cầu hàng ngày của người dùng.",Bảo hành chính hãng laptop 1 năm tại các trung tâm bảo hành hãng Xem địa chỉ bảo hành,Intel Core i5 Raptor Lake - 1335U,1.3GHz,16,512.0,41.0,15.6,Windows 11 Home SL,1920x1080,"Jack tai nghe 3.5 mm
2 x USB 3.2
HDMI
1 x USB Type-C (hỗ trợ USB, Power Delivery và DisplayPort)",TheGioiDiDong,-16%
322949,https://www.thegioididong.com/laptop/msi-gaming-katana-a15-ai-b8vf-r7-419vn,Laptop MSI Gaming Katana A15 AI B8VF R7 8845HS/16GB/512GB/8GB RTX4060/144Hz/Win11 (419VN),286900000.0,,MSI,5.0,,"Trong dòng sản phẩm laptop gaming, MSI luôn nổi tiếng với sự đổi mới và hiệu suất vượt trội. Và giờ đây, bước tiếp theo trong hành trình này đã được chứng minh qua sự ra đời của dòng laptop MSI Gaming Katana A15 AI B8VF R7 8845HS (419VN) - một kiệt tác về công nghệ và hiệu năng. Với sự kết hợp hoàn hảo giữa thiết kế đỉnh cao và hiệu suất đa nhiệm ấn tượng, chiếc laptop này hứa hẹn sẽ đưa trải nghiệm gaming và làm việc đến một tầm cao mới.",Bảo hành chính hãng laptop 2 năm tại các trung tâm bảo hành hãng Xem địa chỉ bảo hành,,,16,512.0,53.5,15.6,Windows 11 Home SL,1920x1080,"1 x USB 2.0
Jack tai nghe 3.5 mm
2 x USB 3.2
HDMI
1 x USB Type-C (hỗ trợ USB 3.2, DisplayPort)
LAN (RJ45)",TheGioiDiDong,-7%
326829,https://www.thegioididong.com/laptop/hp-envy-x360-14-fa0048au-r7-a19bqpa?utm_flashsale=1,Laptop HP Envy X360 14 fa0048AU R7 8840HS/16GB/512GB/Win11 (A19BQPA),287900000.0,,HP,5.0,,"Laptop HP Envy X360 14 fa0048AU R7 8840HS (A19BQPA) định hình lối thiết kế chuẩn doanh nhân khi sở hữu thiết kế sang trọng trên từng đường nét, hiệu năng tích hợp mạnh mẽ cũng như có khối lượng vô cùng nhẹ nhàng. Sắm laptop ngay tại Thế Giới Di Động để có phong cách làm việc như chuyên gia.",Bảo hành chính hãng laptop 1 năm tại các trung tâm bảo hành hãng Xem địa chỉ bảo hành,,,16,,59.0,14.0,Windows 11 Home SL,2x8,"2 x USB Type-A
HDMI
1 x Headphone/microphone combo
2 x USB Type-C (hỗ trợ USB Power Delivery, DisplayPort 1.4)",TheGioiDiDong,-9%
328239,https://www.thegioididong.com/laptop/asus-vivobook-s-14-oled-s5406ma-ultra-5-pp136w,Laptop Asus Vivobook S 14 OLED S5406MA Ultra 5 125H/16GB/1TB/120Hz/Win11 (PP136W),246900000.0,,Asus,5.0,1.0,"Trong bối cảnh thị trường laptop ngày càng sôi động và cạnh tranh khốc liệt, laptop Asus Vivobook S 14 OLED S5406MA Ultra 5 125H (PP136W) xuất hiện thật nổi bật dành riêng cho những ai yêu thích sự thông minh từ chip AI, tinh tế và hiệu suất mạnh mẽ. Đây không chỉ là một chiếc laptop, mà còn là người bạn đồng hành lý tưởng cho nhiều vấn đề trong học tập, làm việc và giải trí đa dạng của bạn.",Bảo hành chính hãng laptop 2 năm tại các trung tâm bảo hành hãng Xem địa chỉ bảo hành,Intel Core Ultra 5 Meteor Lake - 125H,1.2GHz,32,1024.0,75.0,14.0,Windows 11 Home SL,2x8,"Jack tai nghe 3.5 mm
2 x USB 3.2
HDMI
2 x Thunderbolt 4 (hỗ trợ Power Delivery, DisplayPort)",TheGioiDiDong,-8%
271044,https://www.thegioididong.com/laptop/acer-aspire-a514-54-5127-i5-nxa28sv007,Laptop Acer Aspire 5 A514 54 5127 i5 1135G7/8GB/512GB/Win11 (NX.A28SV.007),154900000.0,,Acer,5.0,27.0,"Laptop Acer Aspire A514 54 5127 i5 (NX.A28SV.007) sở hữu diện mạo đơn giản, thanh lịch cùng cấu hình mạnh mẽ đến từ con chip Intel gen 11 sẵn sàng đáp ứng các nhu cầu học tập, làm việc và giải trí cơ bản của người dùng.",Bảo hành chính hãng laptop 1 năm tại các trung tâm bảo hành hãng Xem địa chỉ bảo hành,Intel Core i5 Tiger Lake - 1135G7,2.4GHz,32,1024.0,48.0,14.0,Windows 11 Home SL,1920x1080,"Jack tai nghe 3.5 mm
3 x USB 3.2
HDMI
LAN (RJ45)
USB Type-C",TheGioiDiDong,
322568,https://www.thegioididong.com/laptop/asus-tuf-gaming-a15-fa506nc-r5-hn017w,Laptop Asus TUF Gaming A15 FA506NC R5 7535HS/16GB/512GB/4GB RTX3050/144Hz/Win11 (HN017W),191900000.0,,Asus,5.0,1.0,"Laptop Asus TUF Gaming A15 FA506NC R5 7535HS (HN017W) với sự trang bị hiệu năng mạnh mẽ từ card RTX 30 series, khung hình mượt mà với tần số quét 144 Hz. Chiếc laptop gaming này chắc chắn sẽ giúp bạn tận hưởng những giây phút đỉnh cao trong chiến trường ảo.",Bảo hành chính hãng laptop 2 năm tại các trung tâm bảo hành hãng Xem địa chỉ bảo hành,AMD Ryzen 5 - 7535HS,3.3GHz,16,1024.0,48.0,15.6,Windows 11 Home SL,1920x1080,"Jack tai nghe 3.5 mm
3 x USB 3.2
HDMI
1 x USB Type-C (hỗ trợ DisplayPort)
LAN (RJ45)",TheGioiDiDong,-16%
322070,https://www.thegioididong.com/laptop/dell-vostro-15-3520-i5-v5i5610w1,Laptop Dell Vostro 15 3520 i5 1235U/8GB/512GB/120Hz/OfficeHS/KYHD/Win11 (V5I5610W1),144900000.0,,Dell,5.0,6.0,"Bạn đang muốn tìm kiếm một mẫu laptop học tập - văn phòng mang hiệu năng ổn định, thiết kế tinh gọn, hiện đại lại còn sở hữu một mức giá phù hợp kinh tế thì hãy tham khảo ngay laptop Dell Vostro 15 3520 i5 1235U (V5I5610W1) từ thương hiệu Dell nổi tiếng, đáp ứng cho bạn đầy đủ các nhu cầu từ làm việc đến giải trí đa phương tiện.",Bảo hành chính hãng laptop 1 năm tại các trung tâm bảo hành hãng Xem địa chỉ bảo hành,Intel Core i5 Alder Lake - 1235U,1.3GHz,16,2048.0,41.0,15.6,Windows 11 Home SL + Office Home & Student 2021 vĩnh viễn,1920x1080,"1 x USB 2.0
Jack tai nghe 3.5 mm
2 x USB 3.2
HDMI
LAN (RJ45)",TheGioiDiDong,-6%
325050,https://www.thegioididong.com/laptop/acer-swift-go-14-ai-73-53x7-ultra-5-nxkslsv001,Laptop Acer Swift Go 14 AI SFG14 73 53X7 Ultra 5 125H/16GB/512GB/Win11 (NX.KSLSV.001),229900000.0,,Acer,5.0,2.0,"Trong bối cảnh ngày càng phát triển của công nghệ, việc lựa chọn một chiếc laptop phù hợp không chỉ đòi hỏi hiệu năng mạnh mẽ mà còn yêu cầu thiết kế thời trang, tiện ích và độ bền. Laptop Acer Swift Go 14 AI 73 53X7 Ultra 5 125H (NX.KSLSV.001) chính là sự lựa chọn lý tưởng với cấu hình ấn tượng, thiết kế đẹp mắt và màn hình chất lượng cao, mẫu laptop này hứa hẹn sẽ mang đến trải nghiệm làm việc và giải trí tốt nhất.",Bảo hành chính hãng laptop 1 năm tại các trung tâm bảo hành hãng Xem địa chỉ bảo hành,Intel Core Ultra 5 Meteor Lake - 125H,Hãng không công bố,16,2048.0,65.0,14.0,Windows 11 Home SL,2x8,"Jack tai nghe 3.5 mm
2 x USB 3.2
HDMI
2 x USB Type-C (hỗ trợ USB 4, Thunderbolt 4)",TheGioiDiDong,
318354,https://www.thegioididong.com/laptop/acer-nitro-v-anv15-51-57b2-i5-nhqn8sv001,Laptop Acer Gaming Nitro V ANV15 51 57B2 i5 13420H/8GB/512GB/6GB RTX4050/144Hz/Win11 (NH.QN8SV.001),231900000.0,,Acer,5.0,,"Sự quay trở lại với diện mạo mới, cá tính và thu hút hơn của dòng Gaming Nitro từ thương hiệu Acer nổi tiếng, laptop Acer Gaming Nitro V ANV15 51 57B2 i5 13420H (NH.QN8SV.001) với cấu hình đầy hấp dẫn đến từ con chip Intel Gen 13 dòng H, card rời RTX 40 series hứa hẹn sẽ cho bạn trải nghiệm những trận game đầy xuất thần.",Bảo hành chính hãng laptop 2 năm tại các trung tâm bảo hành hãng Xem địa chỉ bảo hành,Intel Core i5 Raptor Lake - 13420H,2.1GHz,16,2048.0,57.0,15.6,Windows 11 Home SL,1920x1080,"Jack tai nghe 3.5 mm
3 x USB 3.2
HDMI
1 x USB Type-C (hỗ trợ USB, DisplayPort, Thunderbolt 4)
LAN (RJ45)",TheGioiDiDong,-14%
321193,https://www.thegioididong.com/laptop/dell-inspiron-15-3520-i5-71027003?utm_flashsale=1,Laptop Dell Inspiron 15 3520 i5 1235U/8GB/512GB/120Hz/OfficeHS/KYHD/Win11 (71027003),144900000.0,,Dell,5.0,2.0,"Laptop Dell Inspiron 15 3520 i5 1235U (71027003) luôn nằm trong top những mẫu máy xách tay văn phòng tầm trung được ưa thích bởi tính tiện dụng đến từ hiệu năng ổn định, màn hình to, rõ nét cùng ngoại hình hiện đại và cực kì phù hợp với xu thế thị trường.",Bảo hành chính hãng laptop 1 năm tại các trung tâm bảo hành hãng Xem địa chỉ bảo hành,Intel Core i5 Alder Lake - 1235U,1.3GHz,16,2048.0,41.0,15.6,Windows 11 Home SL + Office Home & Student 2021 vĩnh viễn,1920x1080,"1 x USB 2.0
Jack tai nghe 3.5 mm
2 x USB 3.2
HDMI",TheGioiDiDong,-6%
326824,https://www.thegioididong.com/laptop/hp-envy-x360-14-fc0089tu-ultra-7-a19bzpa?utm_flashsale=1,Laptop HP Envy x360 14 fc0089TU Ultra 7 155U/16GB/512GB/Win11 (A19BZPA),321900000.0,,HP,5.0,,"Nếu bạn đang tìm kiếm một chiếc laptop cao cấp đa năng, mạnh mẽ để phục vụ cho việc học tập, công việc văn phòng và cả thiết kế đồ họa, hãy xem ngay laptop HP Envy x360 14 fc0089TU Ultra 7 155U (A19BZPA). Với thiết kế 2 trong 1 tiện lợi, hiệu năng vượt trội và nhiều tính năng ưu việt, chiếc laptop này chắc chắn sẽ làm thoả mãn mọi đối tượng người dùng.",Bảo hành chính hãng laptop 1 năm tại các trung tâm bảo hành hãng Xem địa chỉ bảo hành,Intel Core Ultra 7 Meteor Lake - 155U,1.7GHz,16,512.0,59.0,14.0,Windows 11 Home SL,2x8,"2 x USB Type-A
HDMI
1 x USB Type-C (USB Power Delivery, DisplayPort 2.1)
1 x Thunderbolt 4 with USB Type-C (hỗ trợ USB Power Delivery, DisplayPort 2.1)
1 x Headphone/microphone combo",TheGioiDiDong,
328944,https://www.thegioididong.com/laptop/dell-inspiron-15-3520-i5-71043883,Laptop Dell Inspiron 15 3520 i5 1235U/16GB/512GB/120Hz/OfficeHS/KYHD/Win11 (71043883),159900000.0,,Dell,5.0,,"Nếu bạn đang tìm kiếm một chiếc laptop dành cho học tập và công việc văn phòng với cấu hình ổn định, thiết kế hiện đại và mức giá hợp lý, laptop Dell Inspiron 15 3520 i5 1235U (71043883) là sự lựa chọn không thể bỏ qua. Đây là sản phẩm từ thương hiệu Dell danh tiếng, mang đến trải nghiệm toàn diện từ công việc cho đến giải trí.",Bảo hành chính hãng laptop 1 năm tại các trung tâm bảo hành hãng Xem địa chỉ bảo hành,Intel Core i5 Alder Lake - 1235U,1.3GHz,16,512.0,41.0,15.6,Windows 11 Home SL + Office Home & Student 2021 vĩnh viễn,1920x1080,"1 x USB 2.0
HDMI
1 x Headphone/microphone combo
2 x USB 3.0",TheGioiDiDong,-5%
333094,https://www.thegioididong.com/laptop/asus-rog-strix-g16-g614ju-i7-n3509w,Laptop Asus Gaming ROG Strix G16 G614JU i7 13650HX/32GB/1TB/6GB RTX4050/165Hz/Win11 (N3509W),357900000.0,,Asus,5.0,,"Khi nhắc đến laptop gaming, mẫu laptop Asus ROG Strix G16 G614JU i7 13650HX (N3509W) luôn nằm trong top danh sách những lựa chọn hàng đầu của nhiều game thủ bởi không chỉ nét cá tính mà còn là về trải nghiệm. Hiệu năng mạnh mẽ, chinh phục người dùng với màn hình sắc nét, hệ thống tản nhiệt hiệu quả và các tính năng tối ưu hoàn toàn đáp ứng và cân tuốt các tựa game hàng đầu.",Bảo hành chính hãng laptop 2 năm tại các trung tâm bảo hành hãng Xem địa chỉ bảo hành,Intel Core i7 Raptor Lake - 13650HX,2.6GHz,32,1024.0,90.0,16.0,Windows 11 Home SL,1920x1200,"Jack tai nghe 3.5 mm
1 x USB 3.2 Gen 2 Type-C (hỗ trợ DisplayPort, Power delivery, G-SYNC)
2 x USB 3.2
HDMI
1 x Thunderbolt 4 (hỗ trợ DisplayPort)
LAN (RJ45)",TheGioiDiDong,-12%
325512,https://www.thegioididong.com/laptop/lenovo-yoga-7-14imh9-ultra7-83cv001vvn,Laptop Lenovo Yoga Slim 7 14IMH9 Ultra 7 155H/32GB/1TB/OfficeHS/Win11 (83CV001VVN),304900000.0,,Lenovo,5.0,,"Laptop Lenovo Yoga Slim 7 14IMH9 Ultra 7 155H (83CV001VVN) là sự lựa chọn hoàn hảo cho học sinh, sinh viên và nhân viên văn phòng, những người cần một chiếc laptop học tập - văn phòng mỏng nhẹ, thời trang và hiệu năng ổn định. Với thiết kế tinh tế, màn hình sắc nét và cấu hình mạnh mẽ, chiếc laptop này sẽ là người bạn đồng hành lý tưởng trong công việc và học tập.",Bảo hành chính hãng laptop 2 năm tại các trung tâm bảo hành hãng Xem địa chỉ bảo hành,Intel Core Ultra 7 Meteor Lake - 155H,1.4GHz,16,1024.0,65.0,14.0,Windows 11 Home SL + Office Home & Student 2021 vĩnh viễn,,"Jack tai nghe 3.5 mm
HDMI
2 x USB Type-C (hỗ trợ Thunderbolt 4 / USB4, Power Delivery 3.1 và DisplayPort 1.4)
1 x USB 3.2 (Always on)",TheGioiDiDong,
327408,https://www.thegioididong.com/laptop/hp-probook-450-g10-i7-9h8h1pt?utm_flashsale=1,Laptop HP Probook 450 G10 i7 1355U/16GB/512GB/Win11 (9H8H1PT),249900000.0,,HP,5.0,,"Laptop HP Probook 450 G10 i7 1355U (9H8H1PT) sở hữu thiết kế hiện đại, thanh lịch với lớp vỏ kim loại nguyên khối và tông màu bạc sáng. Hiệu năng xử lý đến từ con chip Intel Core i7 thế hệ 13 mạnh mẽ, RAM và ổ cứng ổn định mang đến trải nghiệm vượt trội trong học tập và giải trí.",Bảo hành chính hãng laptop 1 năm tại các trung tâm bảo hành hãng Xem địa chỉ bảo hành,Intel Core i7 Raptor Lake - 1355U,1.7GHz,16,1024.0,51.0,15.6,Windows 11 Home SL,1920x1080,"2 x USB 3.2
HDMI
1 x Headphone/microphone combo
LAN (RJ45)
2 x USB Type-C (Power Delivery and DisplayPort)",TheGioiDiDong,-7%
332370,https://www.thegioididong.com/laptop/lenovo-thinkbook-16-g7-ultra-7-21ms007hvn,Laptop Lenovo ThinkBook 16 G7 Ultra 7 155U/32GB/1TB/Win11 (21MS007HVN),285900000.0,,Lenovo,5.0,,"Không thể bỏ qua mẫu laptop Lenovo ThinkBook 16 G7 Ultra 7 155U (21MS007HVN) khi lựa chọn riêng cho mình một công cụ làm việc thật hiệu quả. Sản phẩm sở hữu cấu hình vượt trội từ con chip Intel Ultra thế hệ mới có nhân AI tân tiến, màn hình 16 inch thoải mái, kết cấu bền bỉ, bảo mật vượt trội,...",Bảo hành chính hãng laptop 2 năm tại các trung tâm bảo hành hãng Xem địa chỉ bảo hành,Intel Core Ultra 7 Meteor Lake - 155U,1.7GHz,32,1024.0,45.0,16.0,Windows 11 Home SL,,"1 x USB 3.2
HDMI
1 x USB-C (hỗ trợ Thunderbolt 4/USB 4, USB Power Delivery 3.0 và DisplayPort 2.1)
1 x USB Type-C (hỗ trợ truyền dữ liệu, Power Delivery 3.0 và DisplayPort 1.4)
1 x Headphone/microphone combo
LAN (RJ45)
1 x USB 3.2 (Always on)",TheGioiDiDong,-5%
330579,https://www.thegioididong.com/laptop/asus-ux5406sa-ultra-7-pv140ws,Laptop Asus Zenbook S 14 UX5406SA Ultra 7 258V/32GB/1TB/120Hz/OfficeHS/Win11 (PV140WS),409900000.0,,Asus,5.0,1.0,"Laptop Asus Zenbook S 14 UX5406SA Ultra 7 258V (PV140WS) là lựa chọn tuyệt vời cho những ai tìm kiếm một chiếc laptop hội tụ sức mạnh từ chip AI Ultra 7 nhà Intel, thiết kế tinh tế và trải nghiệm nội dung vượt trội với màn hình OLED 2.8K sắc nét. Tất cả tạo nên một sản phẩm không thể bỏ qua trong phân khúc laptop cao cấp.",Bảo hành chính hãng laptop 2 năm tại các trung tâm bảo hành hãng Xem địa chỉ bảo hành,Intel Core Ultra 7 Lunar Lake - 258V,2.2GHz,16,1024.0,72.0,14.0,Windows 11 Home SL + Office Home & Student 2021 vĩnh viễn,2x8,"Jack tai nghe 3.5 mm
1 x USB 3.2
HDMI
2 x Thunderbolt 4 (hỗ trợ Power Delivery, DisplayPort)",TheGioiDiDong,-8%
327406,https://www.thegioididong.com/laptop/hp-probook-450-g10-i5-9h1n5pt?utm_flashsale=1,Laptop HP Probook 450 G10 i5 1335U/16GB/512GB/Win11 (9H1N5PT),214900000.0,,HP,5.0,,"Laptop HP Probook 450 G10 i5 1335U (9H1N5PT) là một sản phẩm của thương hiệu HP danh tiếng, mang đến sự kết hợp hoàn hảo giữa hiệu năng và thiết kế. Đây là sự lựa chọn lý tưởng cho học sinh, sinh viên và nhân viên văn phòng, với nhiều tính năng tiên tiến và giá trị vượt trội so với số tiền bạn bỏ ra.",Bảo hành chính hãng laptop 1 năm tại các trung tâm bảo hành hãng Xem địa chỉ bảo hành,Intel Core i5 Raptor Lake - 1335U,1.3GHz,32,1024.0,51.0,15.6,Windows 11 Home SL,1920x1080,"2 x USB 3.2
HDMI
1 x Headphone/microphone combo
LAN (RJ45)
2 x USB Type-C (Power Delivery and DisplayPort)",TheGioiDiDong,
325051,https://www.thegioididong.com/laptop/acer-swift-go-14-ai-73-71zx-ultra-7-nxkslsv002,Laptop Acer Swift Go 14 AI SFG14 73 71ZX Ultra 7 155H/16GB/512GB/Win11 (NX.KSLSV.002),257900000.0,,Acer,5.0,,"Laptop Acer Swift Go 14 AI SFG14 73 71ZX Ultra 7 155H (NX.KSLSV.002) là một chiếc laptop gọn nhẹ nhưng vẫn đảm bảo hiệu suất mạnh mẽ, phù hợp với nhiều nhu cầu sử dụng khác nhau, từ công việc văn phòng cho đến xử lý đồ họa, nhờ vào việc sử dụng chip Ultra 7 thế hệ mới.",Bảo hành chính hãng laptop 1 năm tại các trung tâm bảo hành hãng Xem địa chỉ bảo hành,Intel Core Ultra 7 Meteor Lake - 155H,1.4GHz,32,2048.0,65.0,14.0,Windows 11 Home SL,2x8,"Jack tai nghe 3.5 mm
2 x USB 3.2
HDMI
2 x USB Type-C (hỗ trợ USB 4, Thunderbolt 4)",TheGioiDiDong,
331514,https://www.thegioididong.com/laptop/hp-probook-460-g11-ultra-5-a74btpt?utm_flashsale=1,Laptop HP Probook 460 G11 Ultra 5 125U/16GB/512GB/Win11 (A74BTPT),229900000.0,,HP,5.0,,"Laptop HP Probook 460 G11 Ultra 5 125U (A74BTPT) là một lựa chọn tuyệt vời cho doanh nghiệp và người dùng văn phòng với thiết kế tinh tế, hiệu năng vượt trội và khả năng linh hoạt đáp ứng đa dạng các yêu cầu công việc chuyên nghiệp. Sở hữu ngay sản phẩm với mức giá hấp dẫn tại Thế Giới Di Động.",Bảo hành chính hãng laptop 1 năm tại các trung tâm bảo hành hãng Xem địa chỉ bảo hành,Intel Core Ultra 5 Meteor Lake - 125U,1.3GHz,16,1024.0,56.0,16.0,Windows 11 Home SL,,"2 x USB 3.2
HDMI
1 x Headphone/microphone combo
LAN (RJ45)
2 x USB Type-C (Power Delivery and DisplayPort)",TheGioiDiDong,
322098,https://www.thegioididong.com/laptop/msi-gaming-katana-a15-ai-b8ve-r7-402vn,Laptop MSI Gaming Katana A15 AI B8VE R7 8845HS/16GB/512GB/6GB RTX4050/144Hz/Win11 (402VN),245900000.0,,MSI,5.0,,"Laptop MSI Gaming Katana A15 AI B8VE R7 8845HS (402VN) sở hữu thiết kế độc đáo mang cảm hứng từ thanh kiếm Samurai - một biểu tượng lớn của Nhật Bản. Máy có hiệu năng vượt trội từ con chip Ryzen 7, GPU RTX 40 series,... mang đến cho bạn những giây phút giải trí tuyệt vời.",Bảo hành chính hãng laptop 2 năm tại các trung tâm bảo hành hãng Xem địa chỉ bảo hành,AMD Ryzen 7 - 8845HS,3.8GHz,32,512.0,53.5,15.6,Windows 11 Home SL,1920x1080,"1 x USB 2.0
Jack tai nghe 3.5 mm
2 x USB 3.2
HDMI
1 x USB Type-C (hỗ trợ USB 3.2, DisplayPort)
LAN (RJ45)",TheGioiDiDong,-15%
322099,https://www.thegioididong.com/laptop/msi-gaming-cyborg-15-ai-a1vek-ultra-7-053vn,Laptop MSI Gaming Cyborg 15 AI A1VEK Ultra 7 155H/16GB/512GB/6GB RTX4050/144Hz/Win11 (053VN),309900000.0,,MSI,,,,Bảo hành chính hãng laptop 2 năm tại các trung tâm bảo hành hãng Xem địa chỉ bảo hành,Intel Core Ultra 7 Meteor Lake - 155H,1.4GHz,32,512.0,53.5,15.6,Windows 11 Home SL,1920x1080,"Jack tai nghe 3.5 mm
2 x USB 3.2
HDMI
1 x USB Type-C (hỗ trợ USB 3.2, DisplayPort)
LAN (RJ45)",TheGioiDiDong,
332364,https://www.thegioididong.com/laptop/lenovo-ideapad-slim-5-14q8x9-x1p-42-100-83hl000kvn,Laptop Lenovo IdeaPad Slim 5 14Q8X9 X1P 42 100/16GB/512GB/Win11 (83HL000KVN),193900000.0,,Lenovo,5.0,,"Thông minh hơn trong mọi việc với trí tuệ nhân tạo thế hệ mới hay lượng tài nguyên ổn định cho công việc cũng như học tập. Hãy tham khảo ngay laptop Lenovo IdeaPad Slim 5 14Q8X9 X1P 42 100 (83HL000KVN) sở hữu mẫu chip thế hệ mới, thiết kế đẹp mắt cùng mức giá lý tưởng tại Thế Giới Di Động.",Bảo hành chính hãng laptop 2 năm tại các trung tâm bảo hành hãng Xem địa chỉ bảo hành,Snapdragon X Plus - X1P 42 100,Hãng không công bố,32,1024.0,57.0,14.0,Windows 11 Home SL,,"2 x USB Type-C 3.2 (hỗ trợ Power Delivery 3.0 và DisplayPort 1.4)
1 x USB 3.2
HDMI
1 x Headphone/microphone combo
1 x USB 3.2 (Always on)",TheGioiDiDong,-22%
328474,https://www.thegioididong.com/laptop/dell-inspiron-15-3530-i7-n5i7301w1,Laptop Dell Inspiron 15 3530 i7 1355U/16GB/512GB/120Hz/Office365/KYHD/Win11 (N5I7301W1),214900000.0,,Dell,5.0,,"Mẫu máy tính xách tay quốc dân, laptop Dell Inspiron 15 3530 i7 1355U (N5I7301W1) - một công cụ làm việc hữu ích không chỉ đáp ứng mọi nhu cầu làm việc mà còn hỗ trợ cho giải trí đa phương tiện hoàn hảo. Hãy khám phá chiếc laptop này với những tính năng vượt trội và thiết kế ấn tượng chỉ với mức giá cực lý tưởng tại Thế Giới Di Động.",Bảo hành chính hãng laptop 1 năm tại các trung tâm bảo hành hãng Xem địa chỉ bảo hành,Intel Core i7 Raptor Lake - 1355U,1.7GHz,16,2048.0,54.0,15.6,Windows 11 Home SL + Microsoft 365 Personal,1920x1080,"1 x USB 2.0
Jack tai nghe 3.5 mm
1 x USB 3.2
HDMI
USB Type-C",TheGioiDiDong,
327901,https://www.thegioididong.com/laptop/dell-g15-5530-i9-i9hx161w11gr4060,Laptop Dell G15 5530 i9 13900HX/16GB/1TB/8GB RTX4060/165Hz/OfficeHS/Win11 (i9HX161W11GR4060),409900000.0,,Dell,4.9,,"Các game thủ không còn phải bó buộc mình ở một chỗ với một chiếc máy tính để bàn cồng kềnh nữa. Với laptop Dell G15 5530 i9 13900HX (i9HX161W11GR4060) bạn có thể chơi game ở bất kỳ đâu với hiệu năng đến từ con chip Intel Core i9. Thiết kế gọn nhẹ, hiệu năng mạnh mẽ, chiếc laptop này là người bạn đồng hành hoàn hảo trong mọi tác vụ.",Bảo hành chính hãng laptop 1 năm tại các trung tâm bảo hành hãng Xem địa chỉ bảo hành,Intel Core i9 Raptor Lake - 13900HX,3.90 GHz,32,1024.0,86.0,15.6,Windows 11 Home SL + Office Home & Student 2021 vĩnh viễn,1920x1080,"Jack tai nghe 3.5 mm
3 x USB 3.2
HDMI
1 x USB Type-C (hỗ trợ DisplayPort)
LAN (RJ45)",TheGioiDiDong,-11%
326723,https://www.thegioididong.com/laptop/lenovo-legion-5-16irx9-i7-83dg0051vn,Laptop Lenovo Gaming Legion 5 16IRX9 i7 14650HX/16GB/1TB/8GB RTX4060/165Hz/Win11 (83DG0051VN),406900000.0,,Lenovo,5.0,,"Lenovo Legion 5 là một sản phẩm đỉnh cao dành cho game thủ và những người yêu thích công nghệ, mang đến sự kết hợp hoàn hảo giữa hiệu suất mạnh mẽ và thiết kế độc đáo. Đây không chỉ là một công cụ giải trí tuyệt vời mà còn là một cộng sự đáng tin cậy cho đa dạng yêu cầu đồ họa nặng của bạn.",Bảo hành chính hãng laptop 2 năm tại các trung tâm bảo hành hãng Xem địa chỉ bảo hành,Intel Core i7 Raptor Lake - 14650HX,2.2GHz,32,1024.0,80.0,16.0,Windows 11 Home SL,2560x1600,"2 x USB 3.2
HDMI
1 x USB-C 3.2 (hỗ trợ truyền dữ liệu, Power Delivery 140W và DisplayPort 1.4)
1 x USB Type-C (hỗ trợ DisplayPort 1.4)
1 x Headphone/microphone combo
LAN (RJ45)
1 x USB 3.2 (Always on)",TheGioiDiDong,-11%
329337,https://www.thegioididong.com/laptop/acer-nitro-an515-58-773y-i7-12700h-nhqfksv00116g,Laptop Acer Gaming Nitro AN515 58 773Y i7 12700H/16GB/512GB/4GB RTX3050Ti/144Hz/Win11 (NH.QFKSV.001.16G),219900000.0,,Acer,5.0,1.0,"Laptop Acer Gaming Nitro AN515 58 773Y i7 12700H (NH.QFKSV.001.16G) không chỉ đáp ứng hoàn hảo mọi nhu cầu mà còn vượt trội hơn với hàng loạt tính năng tiên tiến, mang lại trải nghiệm tuyệt vời cho người dùng ở mọi khía cạnh. Từ sức mạnh phần cứng đến thiết kế, chiếc máy này chắc chắn sẽ trở thành ""vũ khí"" giúp bạn thăng hoa trong từng trận đấu.",Bảo hành chính hãng laptop 1 năm tại các trung tâm bảo hành hãng Xem địa chỉ bảo hành,Intel Core i7 Alder Lake - 12700H,2.30 GHz,32,1024.0,57.5,15.6,Windows 11 Home SL,1920x1080,"Jack tai nghe 3.5 mm
3 x USB 3.2
HDMI
1 x USB Type-C (hỗ trợ cổng Thunderbolt 4)
LAN (RJ45)",TheGioiDiDong,-34%
326497,https://www.thegioididong.com/laptop/lenovo-legion-pro-5-16irx9-i9-83df0047vn,Laptop Lenovo Gaming Legion Pro 5 16IRX9 i9 14900HX/32GB/1TB/8GB RTX4060/240Hz/Win11 (83DF0047VN),456900000.0,,Lenovo,5.0,,"Laptop gaming Lenovo Gaming Legion Pro 5 16IRX9 i9 14900HX (83DF0047VN) là một cỗ máy chiến game mạnh mẽ, được thiết kế dành cho các game thủ chuyên nghiệp và người dùng đòi hỏi hiệu năng cao trong công việc. Với cấu hình vượt trội và thiết kế đậm chất gaming, chiếc laptop này hứa hẹn mang đến trải nghiệm mượt mà và sống động trong mọi tác vụ. Đây là lựa chọn lý tưởng để bạn chinh phục mọi thử thách trong thế giới ảo và hiện thực.",Bảo hành chính hãng laptop 2 năm tại các trung tâm bảo hành hãng Xem địa chỉ bảo hành,Intel Core i9 Raptor Lake - 14900HX,2.2GHz,32,1024.0,80.0,16.0,Windows 11 Home SL,2560x1600,"Jack tai nghe 3.5 mm
3 x USB 3.2
HDMI
1 x USB-C 3.2 (hỗ trợ truyền dữ liệu, Power Delivery 140W và DisplayPort 1.4)
1 x USB Type-C (hỗ trợ DisplayPort 1.4)
LAN (RJ45)
1 x USB 3.2 (Always on)",TheGioiDiDong,-8%
327902,https://www.thegioididong.com/laptop/dell-latitude-3440-i7-71038103,Laptop Dell Latitude 3440 i7 1355U/16GB/512GB/Win11 (71038103),239900000.0,,Dell,5.0,,,Bảo hành chính hãng laptop 1 năm tại các trung tâm bảo hành hãng Xem địa chỉ bảo hành,Intel Core i7 Raptor Lake - 1355U,1.7GHz,16,512.0,42.0,14.0,Windows 11 Home SL,1920x1080,"Jack tai nghe 3.5 mm
3 x USB 3.2
HDMI
LAN (RJ45)
1 x USB Type-C 3.2 (hỗ trợ Power Delivery và DisplayPort)",TheGioiDiDong,-11%
333099,https://www.thegioididong.com/laptop/asus-vivobook-s-14-s5406sa-ultra-7-pp059ws,Laptop Asus Vivobook S 14 S5406SA Ultra 7 258V/32GB/1TB/120Hz/OfficeHS/Win11 (PP059WS),319900000.0,,Asus,5.0,,,Bảo hành chính hãng laptop 2 năm tại các trung tâm bảo hành hãng Xem địa chỉ bảo hành,Intel Core Ultra 7 Lunar Lake - 258V,2.2GHz,32,1024.0,75.0,14.0,Windows 11 Home SL + Office Home & Student 2021 vĩnh viễn,2x8,"Jack tai nghe 3.5 mm
2 x USB 3.2
HDMI
2 x Thunderbolt 4 (hỗ trợ Power Delivery, DisplayPort)",TheGioiDiDong,-11%
325002,https://www.thegioididong.com/laptop/hp-victus-16-r0127tx-i7-8c5n2pa?utm_flashsale=1,Laptop HP Gaming VICTUS 16 r0127TX i7 13700H/16GB/512GB/8GB RTX4060/144Hz/Win11 (8C5N2PA),347900000.0,,HP,4.9,,,Bảo hành chính hãng laptop 1 năm tại các trung tâm bảo hành hãng Xem địa chỉ bảo hành,Intel Core i7 Raptor Lake - 13700H,Hãng không công bố,32,1024.0,70.0,16.1,Windows 11 Home SL,1920x1080,"Jack tai nghe 3.5 mm
HDMI
LAN (RJ45)
1 x USB Type-C (hỗ trợ USB Power Delivery, DisplayPort 1.4)
3 x USB A",TheGioiDiDong,-9%
334796,https://www.thegioididong.com/laptop/asus-zenbook-14-ux3405ca-ultra-5-pz187ws,Laptop Asus Zenbook 14 UX3405CA Ultra 5 225H/16GB/512GB/120Hz/OfficeHS24+365/Win11 (PZ187WS),294900000.0,,Asus,5.0,,,Bảo hành chính hãng laptop 2 năm tại các trung tâm bảo hành hãng Xem địa chỉ bảo hành,Intel Core Ultra 5 Arrow Lake - 225H,1.7GHz,32,512.0,75.0,14.0,Windows 11 Home SL + Office Home & Student 2024 vĩnh viễn + Microsoft 365 Basic,2x8,"Jack tai nghe 3.5 mm
1 x USB 3.2
HDMI
2 x Thunderbolt 4 (hỗ trợ Power Delivery, DisplayPort)",TheGioiDiDong,-7%
325575,https://www.thegioididong.com/laptop/msi-creator-z17-hx-studio-a14vgt-i7-272vn,Laptop MSI Creator Z17 HX Studio A14VGT i7 14700HX/32GB/2TB/8GB RTX4070/165Hz/Win11 (272VN),719900000.0,,MSI,5.0,,,Bảo hành chính hãng laptop 2 năm tại các trung tâm bảo hành hãng Xem địa chỉ bảo hành,Intel Core i7 Raptor Lake - 14700HX,2.1GHz,32,2048.0,90.0,17.0,Windows 11 Home SL,2560x1600,"Jack tai nghe 3.5 mm
1 x USB 3.2
HDMI
1 x USB Type-C (hỗ trợ USB, Power Delivery, DisplayPort và Thunderbolt 4)
1 x USB Type-C (hỗ trợ USB, DisplayPort, Thunderbolt 4)",TheGioiDiDong,
332397,https://www.thegioididong.com/laptop/acer-swift-ai-sf14-51-53p9-ultra-5-nxj2ksv002,Laptop Acer Swift AI SF14 51 53P9 Ultra 5 226V/16GB/1TB/Win11 (NX.J2KSV.002),338900000.0,,Acer,5.0,,,Bảo hành chính hãng laptop 1 năm tại các trung tâm bảo hành hãng Xem địa chỉ bảo hành,Intel Core Ultra 5 Lunar Lake - 226V,2.1GHz,32,1024.0,65.0,14.0,Windows 11 Home SL,2x8,"2 x USB 3.2
HDMI
1 x Headphone/microphone combo
2 x USB Type-C ( hỗ trợ USB 4, DisplayPort, Power Delivery 3.0 và Thunderbolt 4)",TheGioiDiDong,
329852,https://www.thegioididong.com/laptop/dell-inspiron-7440-core-7-n7440c7u161w11ibu,Laptop Dell Inspiron 7440 Core 7 150U/16GB/1TB/OfficeHS/Win11 (N7440-C7U161W11IBU),309900000.0,,Dell,4.9,,,Bảo hành chính hãng laptop 1 năm tại các trung tâm bảo hành hãng Xem địa chỉ bảo hành,Intel Core 7 Raptor Lake - 150U,Hãng không công bố,32,1024.0,64.0,14.0,Windows 11 Home SL + Office Home & Student 2021 vĩnh viễn,,"2 x USB 3.2
HDMI
1 x USB Type-C 3.2 (hỗ trợ Power Delivery và DisplayPort 1.4)
1 x USB Type C (chỉ hỗ trợ Power Delivery)
1 x Headphone/microphone combo",TheGioiDiDong,-7%
309243,https://www.thegioididong.com/laptop/dell-inspiron-3530-i5-1335u-i5u085w11blu,Laptop Dell Inspiron 15 3530 i5 1335U/8GB/512GB/120Hz/OfficeHS/Win11 (N3530-i5U085W11BLU),169900000.0,,Dell,5.0,10.0,"Laptop Dell Inspiron 3530 i5 1335U (N3530-i5U085W11BLU) sở hữu kiểu dáng thiết kế thanh lịch, hiệu năng mạnh mẽ đến từ chip Intel Gen 13 hoàn toàn mới cùng màn hình với tần số quét cao 120 Hz, chắc chắn sẽ thỏa mãn đa nhu cầu từ làm việc đến giải trí cho người dùng.",Bảo hành chính hãng laptop 1 năm tại các trung tâm bảo hành hãng Xem địa chỉ bảo hành,Intel Core i5 Raptor Lake - 1335U,1.3GHz,16,2048.0,41.0,15.6,Windows 11 Home SL + Office Home & Student 2021 vĩnh viễn,1920x1080,"1 x USB 2.0
Jack tai nghe 3.5 mm
1 x USB 3.2
HDMI
USB Type-C",TheGioiDiDong,-8%
325244,https://www.thegioididong.com/laptop/dell-inspiron-14-5440-core-7-n4i7204w1,Laptop Dell Inspiron 14 5440 Core 7 150U/16GB/512GB/OfficeHS/Win11 (N4I7204W1),249900000.0,,Dell,5.0,,"Được trang bị bộ vi xử lý Intel Core 7 mạnh mẽ cùng 16 GB RAM, laptop Dell Inspiron 14 5440 Core 7 150U (N4I7204W1) hứa hẹn đem đến một công cụ làm việc đáng tin cậy. Mang lại sự mượt mà, nhanh chóng trong mọi thao tác, từ các tác vụ học tập, làm việc cho đến đồ họa cơ bản.",Bảo hành chính hãng laptop 1 năm tại các trung tâm bảo hành hãng Xem địa chỉ bảo hành,Intel Core 7 Raptor Lake - 150U,Hãng không công bố,32,512.0,54.0,14.0,Windows 11 Home SL + Office Home & Student 2021 vĩnh viễn,1920x1200,"Jack tai nghe 3.5 mm
2 x USB 3.2
HDMI
1 x USB Type-C 3.2 (hỗ trợ Power Delivery và DisplayPort 1.4)",TheGioiDiDong,-5%
329736,https://www.thegioididong.com/laptop/lenovo-v14-core-5-83hd0001vn,Laptop Lenovo V14 Core 5 120U/16GB/512GB/Win11 (83HD0001VN),176900000.0,,Lenovo,5.0,,"Trong thời đại công nghệ ngày càng phát triển, việc lựa chọn một chiếc laptop phù hợp với túi tiền và đáp ứng đầy đủ nhu cầu công việc trở nên quan trọng hơn bao giờ hết. Laptop Lenovo V14 Core 5 120U (83HD0001VN) là một trong những mẫu laptop nổi bật trong phân khúc học tập - văn phòng, với thiết kế hiện đại, cấu hình mạnh mẽ và tính năng vượt trội. Đây chính là người bạn đồng hành không thể thiếu cho những ai đang tìm kiếm một thiết bị hiệu quả và đáng tin cậy.",Bảo hành chính hãng laptop 2 năm tại các trung tâm bảo hành hãng Xem địa chỉ bảo hành,Intel Core 5 Raptor Lake - 120U,1.4GHz,16,1024.0,47.0,14.0,Windows 11 Home SL,1920x1080,"Jack tai nghe 3.5 mm
2 x USB 3.2
HDMI
1 x USB Type-C 3.2 (hỗ trợ USB Power Delivery và DisplayPort 1.2)
LAN (RJ45)",TheGioiDiDong,-9%
328130,https://www.thegioididong.com/laptop/lenovo-thinkbook-14-ultra-7-21mr0072vn,Laptop Lenovo ThinkBook 14 Ultra 7 155U/16GB/512GB/Win11 (21MR0072VN),256900000.0,,Lenovo,5.0,,"Bạn đang tìm kiếm một chiếc laptop mạnh mẽ, đa nhiệm và giá cả phải chăng? Laptop Lenovo ThinkBook 14 Ultra 7 (21MR0072VN) chắc chắn là một lựa chọn đáng cân nhắc. Với cấu hình ấn tượng và thiết kế tiện dụng, chiếc laptop học tập - văn phòng này sẽ giúp người dùng vượt qua mọi thử thách từ công việc đến giải trí.",Bảo hành chính hãng laptop 2 năm tại các trung tâm bảo hành hãng Xem địa chỉ bảo hành,Intel Core Ultra 7 Meteor Lake - 155U,1.7GHz,16,2048.0,45.0,14.0,Windows 11 Home SL,,"1 x USB 3.2
HDMI
1 x USB-C (hỗ trợ Thunderbolt 4 / USB4, USB Power Delivery 3.1 and DisplayPort 2.1)
1 x USB-C ( hỗ trợ USB 3.2, USB Power Delivery 3.1 và DisplayPort 1.4)
1 x Headphone/microphone combo
LAN (RJ45)
1 x USB 3.2 (Always on)",TheGioiDiDong,-6%
325583,https://www.thegioididong.com/laptop/msi-creator-m16-hx-c14vfg-i7-040vn,Laptop MSI Creator M16 HX C14VFG i7 14700HX/32GB/1TB/8GB RTX4060/240Hz/Win11 (040VN),459900000.0,,MSI,5.0,,"Laptop MSI Creator M16 HX C14VFG i7 14700HX (040VN) - chiếc laptop hội tụ tinh hoa thiết kế đỉnh cao cùng cấu hình mạnh mẽ từ CPU thế hệ 14, sẽ là trợ thủ đắc lực dành riêng cho các nhà sáng tạo nghệ thuật và thiết kế đồ họa.",Bảo hành chính hãng laptop 2 năm tại các trung tâm bảo hành hãng Xem địa chỉ bảo hành,Intel Core i7 Raptor Lake - 14700HX,Hãng không công bố,16,1024.0,65.0,16.0,Windows 11 Home SL,2560x1600,"Jack tai nghe 3.5 mm
3 x USB 3.2
HDMI
LAN (RJ45)
1 x USB Type-C (hỗ trợ USB, Power Delivery và DisplayPort)",TheGioiDiDong,
326864,https://www.thegioididong.com/laptop/dell-inspiron-16-5640-core-7-n6i7512w1,Laptop Dell Inspiron 16 5640 Core 7 150U/16GB/1TB/2GB MX570A/120Hz/OfficeHS/Win11 (N6I7512W1),324900000.0,,Dell,5.0,,"Được gắn với vi xử lý Intel Core 7 thế hệ mới mạnh mẽ cùng khả năng xử lý vượt trội với card rời, laptop Dell Inspiron 16 5640 Core 7 150U (N6I7512W1) hứa hẹn sẽ là công cụ làm việc, giải trí đáng tin cậy cho mọi đối tượng người dùng. Laptop đồ hoạ này sẽ hoàn thiện mọi tác vụ được yêu cầu từ cơ bản đến nâng cao nhất.",Bảo hành chính hãng laptop 1 năm tại các trung tâm bảo hành hãng Xem địa chỉ bảo hành,Intel Core 7 Raptor Lake - 150U,Hãng không công bố,32,1024.0,54.0,16.0,Windows 11 Home SL + Office Home & Student 2021 vĩnh viễn,2x5,"2 x USB 3.2
HDMI
1 x USB Type-C 3.2 (hỗ trợ Power Delivery và DisplayPort 1.4)
1 x Headphone/microphone combo",TheGioiDiDong,-6%
320434,https://www.thegioididong.com/laptop/asus-tuf-gaming-f15-fx507vu-i7-lp167w,Laptop Asus TUF Gaming F15 FX507VU i7 13620H/16GB/512GB/6GB RTX4050/144Hz/Win11 (LP167W),271900000.0,,Asus,,1.0,"Ngoại hình hầm hố, mạnh mẽ cùng cấu hình vượt trội đến từ con chip Intel dòng H hiệu năng cao, card RTX 40 series,... cũng như được tích hợp với các công nghệ hiện đại khác. Laptop Asus TUF Gaming F15 FX507VU i7 13620H (LP167W) hứa hẹn sẽ cho các anh em gamer được trải nghiệm những đấu trường ảo thật hấp dẫn.",Bảo hành chính hãng laptop 2 năm tại các trung tâm bảo hành hãng Xem địa chỉ bảo hành,Intel Core i7 Raptor Lake - 13620H,2.4GHz,32,2048.0,90.0,15.6,Windows 11 Home SL,1920x1080,"Jack tai nghe 3.5 mm
1 x USB 3.2 Gen 2 Type-C (hỗ trợ DisplayPort, Power delivery, G-SYNC)
2 x USB 3.2
HDMI
1 x Thunderbolt 4 (hỗ trợ DisplayPort)
LAN (RJ45)",TheGioiDiDong,-9%
332579,https://www.thegioididong.com/laptop/acer-nitro-v-16-propanel-anv16-41-r6zy-r5-nhqp2sv002,Laptop Acer Gaming Nitro V 16 ProPanel ANV16 41 R6ZY R5 8645HS/16GB/512GB/6GB RTX3050/165Hz/Win11 (NH.QP2SV.002),239900000.0,,Acer,5.0,,"Acer tiếp tục khẳng định vị thế trong thị trường laptop gaming với mẫu laptop Acer Nitro V 16 ProPanel ANV16 41 R6ZY R5 8645HS (NH.QP2SV.002), một sự kết hợp tuyệt vời giữa hiệu năng mạnh mẽ, thiết kế đột phá và các công nghệ tiên tiến. Chiếc laptop này không chỉ là công cụ đắc lực cho game thủ mà còn là lựa chọn hoàn hảo cho các nhà sáng tạo nội dung và những người dùng yêu thích hiệu suất nâng cao, hứa hẹn sẽ là mẫu máy quốc dân phù hợp với mọi anh em.",Bảo hành chính hãng laptop 2 năm tại các trung tâm bảo hành hãng Xem địa chỉ bảo hành,AMD Ryzen 5 - 8645HS,4.30 GHz,16,4096.0,57.0,16.0,Windows 11 Home SL,,"Jack tai nghe 3.5 mm
2 x USB 3.2
HDMI
1 x USB Type-C USB 4 (hỗ trợ DisplayPort)
LAN (RJ45)",TheGioiDiDong,-12%
334802,https://www.thegioididong.com/laptop/asus-zenbook-14-oled-um3406ka-r7-ai-350-pp555ws,Laptop Asus Zenbook 14 OLED UM3406KA R7 AI 350/32GB/512GB/120Hz/OfficeHS24+365/Win11 (PP555WS),289900000.0,,Asus,5.0,,"Laptop Asus Zenbook 14 OLED UM3406KA R7 AI 350 (PP555WS) – chiếc laptop cao cấp với thiết kế sang trọng, hiệu năng mạnh mẽ cùng màn hình OLED ấn tượng, hứa hẹn sẽ là sự lựa chọn lý tưởng cho người dùng yêu cầu sự linh hoạt và hiệu suất vượt trội. Với cấu hình tiên tiến và nhiều tính năng hiện đại, sản phẩm này phù hợp với dân văn phòng, sinh viên và cả những nhà sáng tạo nội dung.",Bảo hành chính hãng laptop 2 năm tại các trung tâm bảo hành hãng Xem địa chỉ bảo hành,AMD Ryzen AI 7 - 350,2GHz,16,512.0,75.0,14.0,Windows 11 Home SL + Office Home & Student 2024 vĩnh viễn + Microsoft 365 Basic,2x8,"Jack tai nghe 3.5 mm
1 x USB 3.2
HDMI
1 x USB Type-C USB 4 (hỗ trợ DisplayPort và Power Delivery)
1 x USB Type-C 3.2 (hỗ trợ Power Delivery và DisplayPort)",TheGioiDiDong,-9%
328134,https://www.thegioididong.com/laptop/lenovo-thinkpad-x13-ultra-5-21lu004nvn,Laptop Lenovo Thinkpad X13 Ultra 5 125U/16GB/512GB/Win11 Pro (21LU004NVN),339900000.0,,Lenovo,4.9,,"Laptop Lenovo Thinkpad X13 Ultra 5 125U (21LU004NVN) - dòng sản phẩm dành riêng cho những bản thiết kế, công trình nhờ hiệu suất xử lý mạnh mẽ cùng nhiều tính năng bảo mật hàng đầu. Với những thông số kỹ thuật ấn tượng, đây chắc chắn là một trong những lựa chọn hàng đầu cho các chuyên gia và nhà thiết kế.",Bảo hành chính hãng laptop 3 năm tại các trung tâm bảo hành hãng Xem địa chỉ bảo hành,Intel Core Ultra 5 Meteor Lake - 125U,1.3GHz,16,2048.0,54.7,13.3,Windows 11 Pro,,"1 x USB 3.2
HDMI
1 x Headphone/microphone combo
2 x USB-C (hỗ trợ Thunderbolt 4/USB 4, USB Power Delivery và DisplayPort 2.1)
1 x USB 3.2 (Always on)",TheGioiDiDong,
327982,https://www.thegioididong.com/laptop/dell-vostro-15-3520-i5-v3520i5u165w11gru,Laptop Dell Vostro 15 3520 i5 1235U/16GB/512GB/120Hz/OfficeHS/Win11 (V3520-i5U165W11GRU),164900000.0,,Dell,5.0,1.0,"Laptop Dell Vostro 15 3520 i5 1235U (V3520-i5U165W11GRU) mang đến sự cân nhắc hoàn hảo cho học sinh, sinh viên và người đi làm nhờ sự kết hợp hoàn hảo giữa hiệu năng mạnh mẽ và thiết kế tinh tế. Với việc sở hữu mức giá thành vô cùng phù hợp cũng là điểm cộng vô cùng sáng giá cho mẫu sản phẩm này.",Bảo hành chính hãng laptop 1 năm tại các trung tâm bảo hành hãng Xem địa chỉ bảo hành,Intel Core i5 Alder Lake - 1235U,1.3GHz,32,2048.0,41.0,15.6,Windows 11 Home SL + Office Home & Student 2021 vĩnh viễn,1920x1080,"1 x USB 2.0
Jack tai nghe 3.5 mm
2 x USB 3.2
HDMI
LAN (RJ45)",TheGioiDiDong,
332368,https://www.thegioididong.com/laptop/lenovo-thinkbook-14-g7-ultra-7-21mr0070vn,Laptop Lenovo ThinkBook 14 G7 Ultra 7 155U/32GB/1TB/Win11 (21MR0070VN),282900000.0,,Lenovo,5.0,,"Nếu bạn đang tìm kiếm một chiếc laptop học tập - văn phòng mạnh mẽ, tiện lợi và mang lại giá trị cao, laptop Lenovo ThinkBook 14 G7 Ultra 7 155U (21MR0070VN) chắc chắn là một ứng viên sáng giá. Với sự kết hợp hài hòa giữa hiệu năng mạnh mẽ, thiết kế cao cấp và tính năng tiên tiến, chiếc laptop này hứa hẹn sẽ là trợ thủ đắc lực cho cả công việc lẫn giải trí.",Bảo hành chính hãng laptop 2 năm tại các trung tâm bảo hành hãng Xem địa chỉ bảo hành,,,16,1024.0,45.0,14.0,Windows 11 Home SL,,"1 x USB 3.2
HDMI
1 x USB-C (hỗ trợ Thunderbolt 4/USB 4, USB Power Delivery 3.0 và DisplayPort 2.1)
1 x USB Type-C (hỗ trợ truyền dữ liệu, Power Delivery 3.0 và DisplayPort 1.4)
1 x Headphone/microphone combo
LAN (RJ45)
1 x USB 3.2 (Always on)",TheGioiDiDong,-5%
326558,https://www.thegioididong.com/laptop/lenovo-ideapad-slim-5-14imh9-ultra-7-83da001yvn,Laptop Lenovo Ideapad Slim 5 14IMH9 Ultra 7 155H/32GB/512GB/Win11 (83DA001YVN),248900000.0,,Lenovo,4.9,,"Laptop Lenovo Ideapad Slim 5 14IMH9 Ultra 7 155H (83DA001YVN) mang đến sự kết hợp hoàn hảo giữa tính di động và hiệu năng mạnh mẽ, đáp ứng mọi nhu cầu sử dụng của bạn. Với thiết kế mỏng nhẹ ấn tượng, cùng bộ vi xử lý Intel Core Ultra 7 thế hệ mới, chiếc laptop này sẵn sàng đồng hành cùng bạn trong mọi hành trình, từ công việc văn phòng hằng ngày đến những tác vụ đồ họa phức tạp.",Bảo hành chính hãng laptop 2 năm tại các trung tâm bảo hành hãng Xem địa chỉ bảo hành,,,16,1024.0,57.0,14.0,Windows 11 Home SL,,"2 x USB Type-C 3.2 (hỗ trợ Power Delivery 3.0 và DisplayPort 1.4)
1 x USB 3.2
HDMI
1 x Headphone/microphone combo
1 x USB 3.2 (Always on)",TheGioiDiDong,-10%
334799,https://www.thegioididong.com/laptop/asus-vivobook-16-m1607ka-r7-ai-350-mb091ws,Laptop Asus Vivobook 16 M1607KA R7 AI 350/16GB/512GB/OfficeHS24+365/Win11 (MB091WS),194900000.0,,Asus,5.0,,"Laptop Asus Vivobook 16 M1607KA R7 AI 350 (MB091WS) là một chiếc laptop lý tưởng cho những ai cần một thiết bị mạnh mẽ, bền bỉ nhưng vẫn linh hoạt. Với cấu hình ấn tượng, màn hình rộng rãi và nhiều tính năng hiện đại, đây là sự lựa chọn hoàn hảo cho sinh viên, nhân viên văn phòng và những người yêu thích sáng tạo nội dung.",Bảo hành chính hãng laptop 2 năm tại các trung tâm bảo hành hãng Xem địa chỉ bảo hành,,,16,512.0,42.0,16.0,Windows 11 Home SL + Office Home & Student 2024 vĩnh viễn + Microsoft 365 Basic,,"Jack tai nghe 3.5 mm
2 x USB 3.2
HDMI
2 x USB Type-C (Power Delivery and DisplayPort)",TheGioiDiDong,-15%
329851,https://www.thegioididong.com/laptop/dell-inspiron-7440-core-5-n4i5006w1,Laptop Dell Inspiron 7440 Core 5 120U/16GB/1TB/OfficeHS/Win11 (N4I5006W1),284900000.0,,Dell,5.0,,"Laptop Dell Inspiron 7440 Core 5 120U (N4I5006W1) không chỉ là chiếc laptop cao cấp, mà còn là một công cụ mạnh mẽ được thiết kế riêng cho các chuyên gia đồ họa, lập trình viên và người dùng sáng tạo. Mang dáng vẻ tinh tế và khả năng vận hành vượt trội, chiếc laptop này định nghĩa lại tiêu chuẩn của dòng máy doanh nhân, mở ra trải nghiệm làm việc và giải trí đỉnh cao.",Bảo hành chính hãng laptop 1 năm tại các trung tâm bảo hành hãng Xem địa chỉ bảo hành,,,16,1024.0,54.0,14.0,Windows 11 Home SL + Office Home & Student 2021 vĩnh viễn,,"Jack tai nghe 3.5 mm
2 x USB 3.2
HDMI
1 x USB Type-C 3.2 (hỗ trợ Power Delivery và DisplayPort 1.4)
1 x USB Type-C (chỉ hỗ trợ Power Delivery)",TheGioiDiDong,-8%
333095,https://www.thegioididong.com/laptop/asus-rog-strix-g16-g614jv-i7-n3515w,Laptop Asus Gaming ROG Strix G16 G614JV i7 13650HX/32GB/1TB/8GB RTX4060/165Hz/Win11 (N3515W),376900000.0,,Asus,4.9,,"Nhắc đến laptop gaming cao cấp, laptop Asus ROG Strix G16 G614JV i7 13650HX (N3515W) là một tên tuổi đủ để làm ""xao xuyến"" tâm trí các game thủ khó tính nhất. Được trang bị công nghệ tiên tiến, hiệu suất vượt trội và thiết kế đậm chất tương lai, sản phẩm này sẵn sàng cùng bạn chinh phục mọi thử thách trên đấu trường ảo.",Bảo hành chính hãng laptop 2 năm tại các trung tâm bảo hành hãng Xem địa chỉ bảo hành,,,32,1024.0,90.0,16.0,Windows 11 Home SL,1920x1200,"Jack tai nghe 3.5 mm
1 x USB 3.2 Gen 2 Type-C (hỗ trợ DisplayPort, Power delivery, G-SYNC)
2 x USB 3.2
HDMI
1 x Thunderbolt 4 (hỗ trợ DisplayPort)
LAN (RJ45)",TheGioiDiDong,-12%
327401,https://www.thegioididong.com/laptop/msi-cyborg-15-a13vfk-i7-876vn,Laptop MSI Gaming Cyborg 15 A13VFK i7 13620H/16GB/512GB/8GB RTX4060/144Hz/Win11 (876VN),299900000.0,,MSI,5.0,,"Nếu bạn là một game thủ đam mê thể thao điện tử, muốn sở hữu một cỗ máy mạnh mẽ để chinh chiến trong các trận đấu đỉnh cao thì không thể bỏ qua chiếc laptop MSI Cyborg 15 A13VFK i7 13620H (876VN). Đây chính là người bạn đồng hành hoàn hảo giúp bạn ""chiến"" hết mình trong mọi tựa game từ nhẹ nhàng đến đồ họa nặng.",Bảo hành chính hãng laptop 2 năm tại các trung tâm bảo hành hãng Xem địa chỉ bảo hành,,,32,512.0,53.5,15.6,Windows 11 Home SL,1920x1080,"Jack tai nghe 3.5 mm
2 x USB 3.2
HDMI
1 x USB Type-C (hỗ trợ USB 3.2, DisplayPort)
LAN (RJ45)",TheGioiDiDong,
332398,https://www.thegioididong.com/laptop/acer-swift-ai-sf14-51-75vp-ultra-7-nxj2ksv001,Laptop Acer Swift AI SF14 51 75VP Ultra 7 258V/32GB/1TB/Win11 (NX.J2KSV.001),388900000.0,,Acer,5.0,,"Trong bối cảnh công nghệ ngày càng phát triển, việc sở hữu một thiết bị mạnh mẽ, thông minh và linh hoạt là nhu cầu không thể thiếu. Laptop Acer Swift AI SF14 51 75VP Ultra 7 258V (NX.J2KSV.001) nổi bật giữa thị trường nhờ sự kết hợp giữa thiết kế thanh lịch, hiệu năng vượt trội và các công nghệ tiên tiến được tối ưu hóa với trí tuệ nhân tạo AI.",Bảo hành chính hãng laptop 1 năm tại các trung tâm bảo hành hãng Xem địa chỉ bảo hành,,,32,1024.0,65.0,14.0,Windows 11 Home SL,2x8,"2 x USB 3.2
HDMI
1 x Headphone/microphone combo
2 x USB Type-C ( hỗ trợ USB 4, DisplayPort, Power Delivery 3.0 và Thunderbolt 4)",TheGioiDiDong,
327049,https://www.thegioididong.com/laptop/lenovo-ideapad-slim-5-14imh9-ultra-5-83da001nvn,Laptop Lenovo IdeaPad Slim 5 14IMH9 Ultra 5 125H/16GB/512GB/Win11 (83DA001NVN),209900000.0,,Lenovo,5.0,1.0,"Laptop Lenovo IdeaPad Slim 5 14IMH9 Ultra 5 125H (83DA001NVN) không chỉ mạnh mẽ về hiệu năng mà còn tinh tế trong thiết kế, là sự lựa chọn hoàn hảo cho cả công việc và giải trí. Với các tính năng hiện đại và hiệu suất ấn tượng từ dòng chip mới nhất, chiếc laptop học tập - văn phòng này sẽ là cộng sự hoàn hảo cho các bạn học sinh, sinh viên và cả người đi làm.",Bảo hành chính hãng laptop 2 năm tại các trung tâm bảo hành hãng Xem địa chỉ bảo hành,,,32,1024.0,57.0,14.0,Windows 11 Home SL,,"2 x USB Type-C 3.2 (hỗ trợ Power Delivery 3.0 và DisplayPort 1.4)
1 x USB 3.2
HDMI
1 x Headphone/microphone combo
1 x USB 3.2 (Always on)",TheGioiDiDong,-7%
334803,https://www.thegioididong.com/laptop/dell-inspiron-15-3530-i5-n5i5530w1,Laptop Dell Inspiron 15 3530 i5 1334U/16GB/512GB/120Hz/OfficeHS24+365/Win11 (N5I5530W1),184900000.0,,Dell,5.0,,"Laptop Dell Inspiron 15 3530 i5 1334U (N5I5530W1) là sự lựa chọn hoàn hảo cho học sinh, sinh viên và nhân viên văn phòng, là sản phẩm đáng tin cậy. Với hiệu năng ổn định, thiết kế thanh lịch và các tính năng tiện dụng, chiếc laptop này hứa hẹn sẽ là người bạn đồng hành lý tưởng trong công việc và học tập. Đây là một lựa chọn tuyệt vời trong phân khúc giá tầm trung.",Bảo hành chính hãng laptop 1 năm tại các trung tâm bảo hành hãng Xem địa chỉ bảo hành,,,16,2048.0,41.0,15.6,Windows 11 Home SL + Office Home & Student 2024 vĩnh viễn + Microsoft 365 Basic,1920x1080,"1 x USB 2.0
Jack tai nghe 3.5 mm
1 x USB 3.2
HDMI
USB Type-C",TheGioiDiDong,-7%
322269,https://www.thegioididong.com/laptop/asus-tuf-gaming-a15-fa506nf-r5-hn012w,Laptop Asus TUF Gaming A15 FA506NF R5 7535HS/16GB/512GB/4GB RTX2050/144Hz/Win11 (HN012W),176900000.0,,Asus,5.0,7.0,"Một mẫu laptop chiến game đến từ thương hiệu Asus vừa được lên kệ tại Thế Giới Di Động, sở hữu những thông số cấu hình vượt trội với AMD Ryzen 5 dòng HS mạnh mẽ, card rời RTX 2050 và có một mức giá cân đối. Laptop Asus TUF Gaming A15 FA506NF R5 7535HS (HN012W) chắc chắn sẽ là công cụ tuyệt vời để thoả mãn mọi nhu cầu giải trí của anh em.",Bảo hành chính hãng laptop 2 năm tại các trung tâm bảo hành hãng Xem địa chỉ bảo hành,AMD Ryzen 5 - 7535HS,3.3GHz,32,1024.0,48.0,15.6,Windows 11 Home SL,1920x1080,"Jack tai nghe 3.5 mm
3 x USB 3.2
HDMI
1 x USB Type-C (hỗ trợ DisplayPort)
LAN (RJ45)",TheGioiDiDong,-15%
326496,https://www.thegioididong.com/laptop/lenovo-legion-pro-5-16irx9-i9-83df0046vn,Laptop Lenovo Gaming Legion Pro 5 16IRX9 i9 14900HX/32GB/1TB/8GB RTX4070/240Hz/Win11 (83DF0046VN),521900000.0,,Lenovo,,,"Sở hữu cấu hình ""quái vật"" khi được trang bị vi xử lý Intel Core thế hệ 14 cùng những cải tiến vượt bậc, Lenovo Legion 5 Pro sẵn sàng mang đến cho bạn những trải nghiệm chiến game, thiết kế đồ họa đỉnh cao, thỏa mãn mọi đam mê chinh phục thế giới ảo và những công việc khó nhằn.",Bảo hành chính hãng laptop 2 năm tại các trung tâm bảo hành hãng Xem địa chỉ bảo hành,,,16,1024.0,80.0,16.0,Windows 11 Home SL,2560x1600,"Jack tai nghe 3.5 mm
3 x USB 3.2
HDMI
1 x USB-C 3.2 (hỗ trợ truyền dữ liệu, Power Delivery 140W và DisplayPort 1.4)
1 x USB Type-C (hỗ trợ DisplayPort 1.4)
LAN (RJ45)
1 x USB 3.2 (Always on)",TheGioiDiDong,-8%
326640,https://www.thegioididong.com/laptop/lenovo-thinkbook-16-g7-ultra-5-21ms007gvn,Laptop Lenovo ThinkBook 16 G7 Ultra 5 125U/16GB/512GB/Win11 (21MS007GVN),216900000.0,,Lenovo,5.0,,"Nếu bạn đang cần một người bạn đồng hành học tập, làm việc hiệu quả, linh động nhưng lại sở hữu một mức giá thành cân đối thì đừng bỏ qua laptop Lenovo ThinkBook 16 G7 Ultra 5 125U (21MS007GVN). Máy với hiệu năng tích hợp cao, màn hình 16 inch sắc nét hỗ trợ người dùng mọi việc từ cơ bản đến nâng cao.",Bảo hành chính hãng laptop 2 năm tại các trung tâm bảo hành hãng Xem địa chỉ bảo hành,,,32,2048.0,45.0,16.0,Windows 11 Home SL,,"1 x USB 3.2
HDMI
1 x USB-C (hỗ trợ USB 3.2, USB Power Delivery and DisplayPort 1.4)
1 x USB-C (hỗ trợ Thunderbolt 4 / USB4, USB Power Delivery 3.1 and DisplayPort 2.1)
1 x Headphone/microphone combo
LAN (RJ45)
1 x USB 3.2 (Always on)",TheGioiDiDong,-6%
305009,https://www.thegioididong.com/laptop/asus-vivobook-15-x1504va-nj023w,Laptop Asus Vivobook 15 X1504VA i7 1355U/16GB/512GB/Win11 (NJ023W),202900000.0,,Asus,,16.0,"Laptop Asus Vivobook 15 X1504VA i7 1355U (NJ023W) được trang bị bộ vi xử lý thế hệ thứ 13 mới nhất của Intel, mang lại hiệu suất cao có thể xử lý đa tác vụ mượt mà hay vận hành trơn tru các tác vụ như chỉnh sửa hình ảnh, lập trình và chơi game cơ bản.",Bảo hành chính hãng laptop 2 năm tại các trung tâm bảo hành hãng Xem địa chỉ bảo hành,Intel Core i7 Raptor Lake - 1355U,1.7GHz,32,1024.0,42.0,15.6,Windows 11 Home SL,1920x1080,"1 x USB 2.0
Jack tai nghe 3.5 mm
2 x USB 3.2
HDMI
USB Type-C",TheGioiDiDong,-11%
338280,https://www.thegioididong.com/laptop/lenovo-yoga-slim-7-oled-14ill10-ultra-7-83jx0037vn,Laptop Lenovo Yoga Slim 7 OLED 14ILL10 Ultra 7 258V/32GB/1TB/120Hz/OfficeHS24+365/Win11 (83JX0037VN),379900000.0,,Lenovo,,,,Bảo hành chính hãng laptop 2 năm tại các trung tâm bảo hành hãng Xem địa chỉ bảo hành,,,32,1024.0,70.0,14.0,Windows 11 Home SL + Office Home & Student 2024 vĩnh viễn + Microsoft 365 Basic,2x8,"HDMI
1 x Headphone/microphone combo
2 x USB-C (hỗ trợ Thunderbolt 4/USB 4, USB Power Delivery và DisplayPort 2.1)
1 x USB 3.2 (Always on)",TheGioiDiDong,
335010,https://www.thegioididong.com/laptop/msi-titan-18-hx-ai-a2xwig-ultra-9-090vn,Laptop MSI Gaming Titan 18 HX AI A2XWIG Ultra 9 285HX/64GB/6TB/16GB RTX5080/120Hz/Win11 (090VN),1499900000.0,,MSI,4.9,,"Laptop MSI Titan 18 HX AI A2XWIG Ultra 9 285HX (090VN) là sự kết hợp hoàn hảo giữa công nghệ đột phá và thiết kế cao cấp, mang đến trải nghiệm gaming và sáng tạo không giới hạn. Với sức mạnh từ vi xử lý Intel Core Ultra 9 kết hợp cùng GPU NVIDIA RTX 5000 series hiệu suất đỉnh cao, giúp máy xử lý mọi tác vụ từ gaming chuyên nghiệp đến đồ họa AI. Màn hình 18 inch UHD+ với tần số quét 120 Hz lý tưởng cho mọi game thủ và nhà sáng tạo bứt phá mọi giới hạn.",,,,16,,99.9,,Windows 11 Home SL,,"3 x USB 3.2
HDMI
1 x Headphone/microphone combo
LAN (RJ45)
2 x Thunderbolt 5 (hỗ trợ DisplayPort và Power Delivery 3.1)",TheGioiDiDong,
324340,https://www.thegioididong.com/laptop/dell-vostro-15-3520-i5-i5u165w11gru,Laptop Dell Vostro 15 3520 i5 1235U/16GB/512GB/120Hz/OfficeHS/KYHD/Win11 (i5U165W11GRU),164900000.0,,Dell,4.9,1.0,"Laptop Dell Vostro 15 3520 i5 1235U (i5U165W11GRU) mang vẻ ngoài sang trọng, bền bỉ, hiệu năng xử lý trơn tru mọi yêu cầu thường ngày trong doanh nghiệp hay giải trí đa phương tiện. Mẫu laptop học tập - văn phòng tuyệt vời mà chắc chắn các bạn học sinh, sinh viên và người đi làm không thể bỏ qua.",Bảo hành chính hãng laptop 1 năm tại các trung tâm bảo hành hãng Xem địa chỉ bảo hành,Intel Core i5 Alder Lake - 1235U,1.3GHz,16,2048.0,41.0,15.6,Windows 11 Home SL + Office Home & Student 2021 vĩnh viễn,1920x1080,,TheGioiDiDong,
326639,https://www.thegioididong.com/laptop/lenovo-thinkpad-e14-ultra-7-21m7004uvn,Laptop Lenovo ThinkPad E14 Gen 6 Ultra 7 155U/16GB/512GB/Win11 (21M7004UVN),277900000.0,,Lenovo,5.0,,"Laptop Lenovo ThinkPad E14 Gen 6 Ultra 7 155U (21M7004UVN) là sự lựa chọn lý tưởng cho học sinh, sinh viên và nhân viên văn phòng, những người cần một chiếc laptop mạnh mẽ, bền bỉ và bảo mật cao. Với thiết kế thanh lịch, hiệu năng ổn định và màn hình sắc nét, chiếc laptop này sẽ là người bạn đồng hành đáng tin cậy trong công việc và học tập. Đây là một chiếc máy tính xách tay mang đến giá trị vượt trội so với mức giá.",Bảo hành chính hãng laptop 2 năm tại các trung tâm bảo hành hãng Xem địa chỉ bảo hành,Intel Core Ultra 7 Meteor Lake - 155U,1.7GHz,16,1024.0,47.0,14.0,Windows 11 Home SL,,"1 x USB 3.2
HDMI
1 x USB-C (hỗ trợ USB 3.2, USB Power Delivery and DisplayPort 1.4)
1 x USB-C (hỗ trợ Thunderbolt 4 / USB4, USB Power Delivery 3.1 and DisplayPort 2.1)
1 x Headphone/microphone combo
LAN (RJ45)
1 x USB 3.2 (Always on)",TheGioiDiDong,
324821,https://www.thegioididong.com/laptop/asus-zenbook-14-oled-ux3405ma-ultra-9-pp475w,Laptop Asus Zenbook 14 OLED UX3405MA Ultra 9 185H/32GB/1TB/120Hz/Win11 (PP475W),339900000.0,,Asus,,2.0,"Mẫu sản phẩm doanh nhân dẫn đầu tương lai, laptop Asus Zenbook 14 OLED UX3405MA Ultra 9 185H (PP475W) với dòng chip Intel Ultra 9 tích hợp AI hiện đại, nội dung hiển thị xuất sắc trên khung hình 2.8K,... sẽ mang đến cho bạn nhiều trải nghiệm sử dụng thật tuyệt vời.",Bảo hành chính hãng laptop 2 năm tại các trung tâm bảo hành hãng Xem địa chỉ bảo hành,Intel Core Ultra 9 Meteor Lake - 185H,Hãng không công bố,16,1024.0,75.0,14.0,Windows 11 Home SL,2x8,"Jack tai nghe 3.5 mm
1 x USB 3.2
HDMI
2 x Thunderbolt 4 (hỗ trợ Power Delivery, DisplayPort)",TheGioiDiDong,-8%
334797,https://www.thegioididong.com/laptop/asus-zenbook-14-ux3405ca-ultra-7-pz368ws,Laptop Asus Zenbook 14 UX3405CA Ultra 7 255H/16GB/512GB/120Hz/OfficeHS24+365/Win11 (PZ368WS),305900000.0,,Asus,4.9,,"Laptop Asus Zenbook 14 UX3405CA Ultra 7 255H (PZ368WS) là một cỗ máy đa năng, lý tưởng cho những ai cần một chiếc laptop mỏng nhẹ, mạnh mẽ để đáp ứng mọi nhu cầu công việc, học tập và sáng tạo. Với thiết kế sang trọng, màn hình cảm ứng tiện lợi cùng cấu hình vượt trội, chiếc laptop này sẽ là người bạn đồng hành đáng tin cậy của bạn trong mọi tác vụ.",Bảo hành chính hãng laptop 2 năm tại các trung tâm bảo hành hãng Xem địa chỉ bảo hành,Intel Core Ultra 7 Arrow Lake - 255H,2GHz,16,512.0,75.0,14.0,Windows 11 Home SL + Office Home & Student 2024 vĩnh viễn + Microsoft 365 Basic,2x8,"Jack tai nghe 3.5 mm
1 x USB 3.2
HDMI
2 x Thunderbolt 4 (hỗ trợ Power Delivery, DisplayPort)",TheGioiDiDong,-12%
327907,https://www.thegioididong.com/laptop/dell-xps-13-9340-ultra-7-hxrgt,Laptop Dell XPS 13 9340 Ultra 7 155H/16GB/1TB/OfficeHS/Win11 (HXRGT),534900000.0,,Dell,4.9,,"Laptop Dell XPS 13 9340 Ultra 7 155H (HXRGT) là một tuyệt tác đột phá cho sáng tạo không giới hạn với dòng chip Ultra thế hệ mới mạnh mẽ, đa tính năng tân tiến. Nhờ sự kết hợp hoàn hảo giữa hiệu suất và thẩm mỹ, đây chắc chắn là lựa chọn lý tưởng cho những chuyên gia.",Bảo hành chính hãng laptop 1 năm tại các trung tâm bảo hành hãng Xem địa chỉ bảo hành,Intel Core Ultra 7 Meteor Lake - 155H,Hãng không công bố,16,1024.0,55.0,13.4,Windows 11 Home SL + Office Home & Student 2021 vĩnh viễn,2560x1600,2 x Thunderbolt 4 (hỗ trợ Power Delivery),TheGioiDiDong,-10%
323585,https://www.thegioididong.com/laptop/hp-omen-16-xf0071ax-r7-8w946pa,Laptop HP Gaming OMEN 16 xf0071AX R7 7840HS/32GB/1TB/8GB RTX4060/240Hz/Win11 (8W946PA),501900000.0,,HP,5.0,,"Laptop HP OMEN 16 xf0071AX R7 7840HS (8W946PA) đáp ứng ""nhiệt tình"" cho nhiều con game đồ hoạ của anh em, sáng tạo và giải trí tuyệt đỉnh với bộ cấu hình gồm chip AMD Ryzen 7 dòng HS, card rời RTX 40 series và hơn hết là khung hình 2K sống động.",Bảo hành chính hãng laptop 1 năm tại các trung tâm bảo hành hãng Xem địa chỉ bảo hành,AMD Ryzen 7 - 7840HS,3.8GHz,16,1024.0,83.0,16.1,Windows 11 Home SL,,"Jack tai nghe 3.5 mm
2 x USB 3.2
HDMI
LAN (RJ45)
2 x USB Type-C (hỗ trợ USB Power Delivery, DisplayPort 1.4)",TheGioiDiDong,-14%
328131,https://www.thegioididong.com/laptop/lenovo-thinkpad-e16-ultra-7-21ma004pvn,Laptop Lenovo ThinkPad E16 Ultra 7 155H/32GB/1TB/Win11 (21MA004PVN),333900000.0,,Lenovo,5.0,,"Khi nói đến dòng laptop cao cấp với hiệu năng mạnh mẽ và thiết kế hiện đại, không thể không nhắc đến laptop Lenovo ThinkPad E16 Ultra 7 155H (21MA004PVN). Đây là một trong những chiếc laptop hàng đầu dành cho những người dùng thường xuyên tiếp xúc với các công việc đồ hoạ, lập trình,... tìm kiếm sự hoàn hảo trong công việc và giải trí.",Bảo hành chính hãng laptop 2 năm tại các trung tâm bảo hành hãng Xem địa chỉ bảo hành,Intel Core Ultra 7 Meteor Lake - 155H,1.4GHz,16,1024.0,47.0,16.0,Windows 11 Home SL,2560x1600,"1 x USB 3.2
HDMI
1 x USB-C (hỗ trợ Thunderbolt 4/USB 4, USB Power Delivery 3.0 và DisplayPort 2.1)
1 x USB Type-C (hỗ trợ truyền dữ liệu, Power Delivery 3.0 và DisplayPort 1.4)
1 x Headphone/microphone combo
LAN (RJ45)
1 x USB 3.2 (Always on)",TheGioiDiDong,
335112,https://www.thegioididong.com/laptop/msi-raider-18-hx-ai-a2xwig-ultra-9-033vn,Laptop MSI Gaming Raider 18 HX AI A2XWIG Ultra 9 285HX/64GB/4TB/16GB RTX5080/120Hz/Win11 (033VN),1299900000.0,,MSI,5.0,,"Hiểu được bạn tìm kiếm cho mình một chiếc laptop gaming đỉnh cao với thiết kế tương lai, hiệu suất mạnh mẽ và công nghệ tiên tiến nhất. MSI đã cho ra mắt laptop MSI Raider 18 HX AI A2XWIG Ultra 9 285HX (033VN) chính là cỗ máy được sinh ra để thống trị mọi trận đấu và đáp ứng mọi nhu cầu sáng tạo. Với chip AI Ultra 9 và card rời RTX 5000 series cùng màn hình lớn 18 inch 4K sắc nét cho bạn trải nghiệm một chân trời sức mạnh mới.",,Intel Core Ultra 9 Arrow Lake - 285HX,2.8GHz,16,2048.0,99.9,18.0,Windows 11 Home SL,4x3840,"Jack tai nghe 3.5 mm
3 x USB 3.2
HDMI
LAN (RJ45)
2 x Thunderbolt 5 (hỗ trợ DisplayPort và Power Delivery 3.1)",TheGioiDiDong,
334800,https://www.thegioididong.com/laptop/asus-zenbook-a14-ux3407qa-x1-26-100-qd299ws,Laptop Asus Zenbook A14 UX3407QA X1 26 100/16GB/512GB/OfficeHS24+365/Win11 (QD299WS),284900000.0,,Asus,5.0,,"Laptop Asus Zenbook A14 UX3407QA X1 26 100 (QD299WS) là một sự lựa chọn lý tưởng cho những ai cần một chiếc laptop AI thông minh, mạnh mẽ nhưng vẫn đảm bảo tính linh hoạt. Với cấu hình cao cấp, thiết kế sang trọng và màn hình chất lượng, đây chắc chắn là một thiết bị đáng sở hữu cho sinh viên, dân văn phòng và những người yêu thích sáng tạo nội dung.",Bảo hành chính hãng laptop 2 năm tại các trung tâm bảo hành hãng Xem địa chỉ bảo hành,Snapdragon X - X1 26 100,Hãng không công bố,16,512.0,70.0,14.0,Windows 11 Home SL + Office Home & Student 2024 vĩnh viễn + Microsoft 365 Basic,,"Jack tai nghe 3.5 mm
1 x USB 3.2
HDMI
2 x USB Type-C with USB 4.0 (hỗ trợ DisplayPort, Power Delivery)",TheGioiDiDong,-5%
335172,https://www.thegioididong.com/laptop/asus-vivobook-s-16-m5606ka-r7-ai-350-ri016ws,Laptop Asus Vivobook S 16 M5606KA R7 AI 350/24GB/512GB/OfficeHS24+365/Win11 (RI016WS),279900000.0,,Asus,5.0,,"Laptop Asus Vivobook S 16 M5606KA R7 AI 350 (RI016WS) là chiếc laptop lý tưởng cho học sinh, sinh viên và nhân viên văn phòng, nổi bật với hiệu năng mạnh mẽ từ bộ vi xử lý AMD Ryzen AI 7, thiết kế mỏng nhẹ và màn hình OLED sắc nét. Đây là một lựa chọn tuyệt vời cho những ai tìm kiếm một chiếc laptop đa năng, đáp ứng tốt cả nhu cầu học tập, làm việc và giải trí.",Bảo hành chính hãng laptop 2 năm tại các trung tâm bảo hành hãng Xem địa chỉ bảo hành,AMD Ryzen AI 7 - 350,2GHz,32,512.0,75.0,16.0,Windows 11 Home SL + Office Home & Student 2024 vĩnh viễn + Microsoft 365 Basic,2x8,"Jack tai nghe 3.5 mm
2 x USB 3.2
HDMI
1 x USB Type-C USB 4 (hỗ trợ DisplayPort và Power Delivery)
1 x USB Type-C 3.2 (hỗ trợ Power Delivery và DisplayPort)",TheGioiDiDong,-9%
329111,https://www.thegioididong.com/laptop/lenovo-legion-slim-5-16ahp9-r7-83dh003bvn,Laptop Lenovo Gaming Legion Slim 5 16AHP9 R7 8845HS/32GB/1TB/8GB RTX4060/165Hz/Win11 (83DH003BVN),406900000.0,,Lenovo,5.0,,"Laptop Lenovo Gaming Legion Slim 5 16AHP9 R7 8845HS (83DH003BVN) là một chiếc laptop gaming cao cấp, hội tụ sức mạnh vượt trội từ chip AMD R7 8000 series, card rời RTX 40 series cùng thiết kế cá tính, hiện đại. Sản phẩm này không chỉ đáp ứng nhu cầu chiến game mượt mà mà còn là công cụ hỗ trợ đắc lực trong công việc sáng tạo và đa nhiệm.",Bảo hành chính hãng laptop 2 năm tại các trung tâm bảo hành hãng Xem địa chỉ bảo hành,AMD Ryzen 7 - 8845HS,3.8GHz,16,1024.0,80.0,16.0,Windows 11 Home SL,2560x1600,"1 x USB 3.2
HDMI
1 x USB-C 3.2 (hỗ trợ truyền dữ liệu, Power Delivery 140W và DisplayPort 1.4)
1 x USB Type-C (hỗ trợ DisplayPort 1.4)
1 x Headphone/microphone combo
LAN (RJ45)
1 x USB 3.2 (Always on)",TheGioiDiDong,-9%
335113,https://www.thegioididong.com/laptop/msi-stealth-18-hx-ai-a2xwig-ultra-9-017vn,Laptop MSI Gaming Stealth 18 HX AI A2XWIG Ultra 9 275HX/32GB/2TB/16GB RTX5080/120Hz/Win11 (017VN),999900000.0,,MSI,5.0,,"Laptop MSI Stealth 18 HX AI A2XWIG Ultra 9 275HX (017VN) là bước đột phá công nghệ, kết hợp hoàn hảo giữa thiết kế hiện đại và sức mạnh hiệu suất đỉnh cao. Sinh ra để tối ưu cho AI, chiếc laptop này không chỉ là công cụ mạnh mẽ cho game thủ mà còn là trợ thủ đắc lực cho doanh nhân và nhà sáng tạo nội dung. Dù bạn đang làm việc, sáng tạo hay chinh phục những thử thách mới, Stealth 18 HX luôn đồng hành cùng bạn, mang lại trải nghiệm vượt trội ở mọi nơi.",Bảo hành chính hãng laptop 3 năm tại các trung tâm bảo hành hãng Xem địa chỉ bảo hành,Intel Core Ultra 9 Arrow Lake - 275HX,2.7GHz,32,2048.0,99.9,18.0,Windows 11 Home SL,4x3840,"2 x USB 3.2
HDMI
LAN (RJ45)
2 x Thunderbolt 4 (hỗ trợ Power Delivery, DisplayPort)",TheGioiDiDong,
334798,https://www.thegioididong.com/laptop/asus-zenbook-duo-ux8406ca-ultra-9-pz109ws,Laptop Asus Zenbook DUO UX8406CA Ultra 9 285H/32GB/1TB/120Hz/OfficeHS24+365/Win11 (PZ109WS),549900000.0,,Asus,5.0,,"Dành cho những người dùng chuyên nghiệp đòi hỏi sự linh hoạt và hiệu suất tối đa, laptop Asus Zenbook DUO UX8406CA Ultra 9 285H (PZ109WS) sẽ là lựa chọn hàng đầu khi sở hữu màn hình kép cảm ứng 120 Hz, bộ cấu hình khủng gồm vi xử lý Intel Ultra 9 285H, 32 GB RAM và 1 TB SSD,... mang đến trải nghiệm làm việc và giải trí đỉnh cao.",Bảo hành chính hãng laptop 2 năm tại các trung tâm bảo hành hãng Xem địa chỉ bảo hành,Intel Core Ultra 9 Arrow Lake - 285H,2.9GHz,32,1024.0,75.0,,Windows 11 Home SL + Office Home & Student 2024 vĩnh viễn + Microsoft 365 Basic,2x8,"Jack tai nghe 3.5 mm
1 x USB 3.2
HDMI
2 x Thunderbolt 4 (hỗ trợ Power Delivery, DisplayPort)",TheGioiDiDong,-11%
284343,https://www.thegioididong.com/laptop/asus-tuf-gaming-fx517ze-i5-hn045w,Laptop Asus TUF Gaming Dash F15 FX517ZE i5 12450H/8GB/512GB/4GB RTX3050Ti/144Hz/Win11 (HN045W),216900000.0,,Asus,5.0,41.0,"Laptop Asus Gaming TUF Dash F15 FX517ZE i5 (HN045W) không chỉ cùng mình chinh phục mọi đấu trường ảo nhờ bộ vi xử lý Intel Gen 12 và card đồ họa rời NVIDIA GeForce RTX 3050 Ti 4 GB mà còn là một chiếc laptop đồ họa - kỹ thuật lý tưởng, sẵn sàng hỗ trợ mình xử lý mọi công việc.",Bảo hành chính hãng laptop 2 năm tại các trung tâm bảo hành hãng Xem địa chỉ bảo hành,Intel Core i5 Alder Lake - 12450H,2GHz,32,,76.0,15.6,Windows 11 Home SL,1920x1080,"Thunderbolt 4
Jack tai nghe 3.5 mm
2 x USB 3.2
HDMI
LAN (RJ45)
USB Type-C",TheGioiDiDong,-13%
305008,https://www.thegioididong.com/laptop/asus-vivobook-15-x1504va-i5-nj025w,Laptop Asus Vivobook 15 X1504VA i5 1335U/8GB/512GB/Win11 (NJ025W),156900000.0,,Asus,5.0,19.0,"Laptop Asus Vivobook 15 X1504VA i5 (NJ025W) được trang bị những thông số cấu hình mạnh mẽ và thiết kế đẹp mắt, một sản phẩm lý tưởng cho người dùng cần một chiếc laptop học tập - văn phòng đáp ứng nhu cầu làm việc và giải trí hàng ngày.",Bảo hành chính hãng laptop 2 năm tại các trung tâm bảo hành hãng Xem địa chỉ bảo hành,Intel Core i5 Raptor Lake - 1335U,1.3GHz,16,1024.0,42.0,15.6,Windows 11 Home SL,1920x1080,"1 x USB 2.0
Jack tai nghe 3.5 mm
2 x USB 3.2
HDMI
USB Type-C",TheGioiDiDong,-12%
329112,https://www.thegioididong.com/laptop/lenovo-v15-g5-irl-core-5-83hf0000vn,Laptop Lenovo V15 G5 IRL Core 5 120U/16GB/512GB/Win11 (83HF0000VN),178900000.0,,Lenovo,5.0,,"Laptop Lenovo V15 G5 IRL Core 5 120U (83HF0000VN) là sự kết hợp hoàn hảo giữa hiệu suất mạnh mẽ và thiết kế hiện đại, phù hợp cho học sinh, sinh viên và nhân viên văn phòng. Với cấu hình ổn định, dung lượng lưu trữ rộng rãi và vẻ ngoài cuốn hút, sản phẩm này đang được bán với mức giá hấp dẫn tại Thế Giới Di Động.",Bảo hành chính hãng laptop 2 năm tại các trung tâm bảo hành hãng Xem địa chỉ bảo hành,Intel Core 5 Raptor Lake - 120U,1.4GHz,16,1024.0,47.0,15.6,Windows 11 Home SL,1920x1080,"2 x USB 3.2
HDMI
1x USB-C 3.2 (hỗ trợ truyền dữ liệu, Power Delivery và DisplayPort 1.2)
1 x Headphone/microphone combo
LAN (RJ45)",TheGioiDiDong,-10%
332352,https://www.thegioididong.com/laptop/msi-prestige-13-ai-a2vmg-ultra-7-258v-040vn,Laptop MSI Prestige 13 AI+ A2VMG Ultra 7 258V/32GB/1TB/Win11 (040VN),389900000.0,,MSI,5.0,,"Trong thời kỳ công nghệ hiện đại, lựa chọn một chiếc laptop không chỉ dừng lại ở những tiêu chí cơ bản về cấu hình và hiệu năng, mà còn phải đáp ứng các yêu cầu khắt khe về thiết kế, tính di động và tính năng thông minh. Dòng laptop MSI Prestige 13 AI+ A2VMG Ultra 7 258V (040VN) lý tưởng cho những người dùng đòi hỏi không chỉ về hiệu suất mà còn về tính thẩm mỹ và tiện ích AI thông minh tích hợp.",Bảo hành chính hãng laptop 2 năm tại các trung tâm bảo hành hãng Xem địa chỉ bảo hành,Intel Core Ultra 7 Lunar Lake - 258V,2.2GHz,16,1024.0,75.0,13.3,Windows 11 Home SL,2x8,"1 x USB 3.2
HDMI
1 x Headphone/microphone combo
2 x Thunderbolt 4 (hỗ trợ Power Delivery, DisplayPort)",TheGioiDiDong,
333197,https://www.thegioididong.com/laptop/lenovo-yoga-slim-7-15ill9-ultra-7-83hm000gvn,Laptop Lenovo Yoga Slim 7 15ILL9 Ultra 7 258V/32GB/1TB/120Hz/OfficeHS/Win11 (83HM000GVN),417900000.0,,Lenovo,5.0,,"Dòng Yoga Slim từ lâu đã nổi tiếng bởi tính gọn nhẹ, thiết kế cao cấp, bền bỉ và hiệu năng ấn tượng cho người dùng có thể mang theo đến bất cứ đâu. Mẫu laptop Lenovo Yoga Slim 7 15ILL9 Ultra 7 258V (83HM000GVN) ""tuân theo"" nghiêm chỉnh những tiêu chuẩn vốn có của dòng máy, nay còn được hỗ trợ thế hệ chip AI hoàn toàn mới, nhiều công năng hơn để nâng cao mức trải nghiệm cho người dùng.",Bảo hành chính hãng laptop 2 năm tại các trung tâm bảo hành hãng Xem địa chỉ bảo hành,Intel Core Ultra 7 Lunar Lake - 258V,2.2GHz,16,1024.0,70.0,15.3,Windows 11 Home SL + Office Home & Student 2021 vĩnh viễn,2x8,"Jack tai nghe 3.5 mm
1 x USB 3.2
HDMI
2 x USB-C (hỗ trợ Thunderbolt 4/USB 4, USB Power Delivery và DisplayPort 2.1)",TheGioiDiDong,
335015,https://www.thegioididong.com/laptop/msi-vector-16-hx-ai-a2xwig-ultra-9-062vn,Laptop MSI Gaming Vector 16 HX AI A2XWIG Ultra 9 275HX/16GB/1TB/16GB RTX5080/240Hz/Win11 (062VN),749900000.0,,MSI,5.0,,"Là cỗ máy tối ưu dành cho chuyên gia về khoa học, công nghệ, kỹ thuật và toán học khi sở hữu hiệu suất đỉnh cao với độ ổn định ấn tượng, laptop MSI Vector 16 HX AI A2XWIG Ultra 9 275HX (062VN) như một bộ não siêu việt, xử lý dữ liệu phức tạp với tốc độ vượt trội và độ chính xác tuyệt đối. Dù trong lĩnh vực phát triển phần mềm, phân tích dữ liệu hay mô phỏng, thiết bị luôn đảm bảo sức mạnh tính toán mạnh mẽ và sự tin cậy tối đa, giúp các kỹ sư hiện thực hóa những ý tưởng đột phá.",,Intel Core Ultra 9 Arrow Lake - 275HX,2.7GHz,16,1024.0,90.0,16.0,Windows 11 Home SL,2560x1600,"Jack tai nghe 3.5 mm
2 x USB 3.2
HDMI
LAN (RJ45)
2 x Thunderbolt 5 (hỗ trợ DisplayPort và Power Delivery 3.1)",TheGioiDiDong,
333195,https://www.thegioididong.com/laptop/lenovo-yoga-pro-7-14asp9-r9-83hn0022vn,Laptop Lenovo Yoga Pro 7 14ASP9 R9 AI 365/32GB/1TB/120Hz/OfficeHS/Win11 (83HN0022VN),386900000.0,,Lenovo,5.0,,"Hoàn hảo cho phong cách cá nhân với độ gọn nhẹ bất ngờ, vừa phục vụ cả về hiệu suất sử dụng AMD thế hệ mới với AI cùng vô vàn các công nghệ tiện ích khác. Laptop Lenovo Yoga Pro 7 14ASP9 R9 AI 365 (83HN0022VN) siêu phẩm nhà Lenovo nổi bật như một tác phẩm nghệ thuật thể hiện sự tinh tế và cá nhân hóa cao.",Bảo hành chính hãng laptop 2 năm tại các trung tâm bảo hành hãng Xem địa chỉ bảo hành,AMD Ryzen AI 9 - 365,2GHz,16,1024.0,73.0,14.5,Windows 11 Home SL + Office Home & Student 2021 vĩnh viễn,2x8,"Jack tai nghe 3.5 mm
HDMI
1 x USB Type-C USB 4 (hỗ trợ DisplayPort và Power Delivery)
1 x USB Type-C (hỗ trợ USB Power Delivery, DisplayPort 1.4)
1 x USB 3.2 (Always on)",TheGioiDiDong,-7%
315892,https://www.thegioididong.com/laptop/asus-tuf-gaming-a15-fa507nv-r7-lp031w,Laptop Asus TUF Gaming A15 FA507NV R7 7735HS/16GB/512GB/8GB RTX4060/144Hz/Win11 (LP031W),271900000.0,,Asus,5.0,6.0,"Laptop Asus TUF Gaming A15 FA507NV R7 7735HS (LP031W) sở hữu thông số cấu hình đầy hứa hẹn với con chip AMD Ryzen 7 7735HS, GPU RTX 40 series cùng các tính năng tân tiến, sự trang bị hoàn hảo để game thủ có thể toả sáng trong bất cứ trận chiến nào.",Bảo hành chính hãng laptop 2 năm tại các trung tâm bảo hành hãng Xem địa chỉ bảo hành,AMD Ryzen 7 - 7735HS,3.2GHz,32,2048.0,90.0,15.6,Windows 11 Home SL,1920x1080,"Jack tai nghe 3.5 mm
1 x USB 3.2 Gen 2 Type-C (hỗ trợ DisplayPort, Power delivery, G-SYNC)
2 x USB 3.2
HDMI
1 x USB Type-C USB 4 (hỗ trợ DisplayPort)
LAN (RJ45)",TheGioiDiDong,-12%
321059,https://www.thegioididong.com/laptop/asus-tuf-gaming-a15-fa507nu-r5-lp105w,Laptop Asus TUF Gaming A15 FA507NU R5 7535HS/16GB/512GB/6GB RTX4050/144Hz/Win11 (LP105W),236900000.0,,Asus,5.0,7.0,"Laptop Asus TUF Gaming A15 FA507NU R5 7535HS (LP105W) là một cỗ máy chiến game mạnh mẽ, được thiết kế dành riêng cho các game thủ và người dùng chuyên nghiệp đòi hỏi hiệu năng cao. Với bộ vi xử lý AMD Ryzen 5 và card đồ họa NVIDIA GeForce RTX 4050, chiếc laptop này sẽ mang đến trải nghiệm gaming mượt mà và khả năng xử lý đồ họa ấn tượng. Đây là một lựa chọn đáng giá trong phân khúc laptop 20 - 25 triệu, hứa hẹn sẽ là người bạn đồng hành đáng tin cậy trên mọi chiến trường ảo.",Bảo hành chính hãng laptop 2 năm tại các trung tâm bảo hành hãng Xem địa chỉ bảo hành,AMD Ryzen 5 - 7535HS,3.3GHz,16,1024.0,90.0,15.6,Windows 11 Home SL,1920x1080,"Jack tai nghe 3.5 mm
1 x USB 3.2 Gen 2 Type-C (hỗ trợ DisplayPort, Power delivery, G-SYNC)
2 x USB 3.2
HDMI
1 x USB Type-C USB 4 (hỗ trợ DisplayPort)
LAN (RJ45)",TheGioiDiDong,-10%
332350,https://www.thegioididong.com/laptop/msi-prestige-16-ai-b2vmg-ultra-9-288v-016vn,Laptop MSI Prestige 16 AI+ B2VMG Ultra 9 288V/32GB/1TB/Win11 (016VN),459900000.0,,MSI,,,"Trong thời đại công nghệ phát triển vượt bậc, việc chọn một chiếc laptop không chỉ đáp ứng nhu cầu cơ bản mà còn hỗ trợ sáng tạo, tối ưu hóa hiệu suất làm việc và đồng hành trong những trải nghiệm giải trí là yêu cầu ngày càng cao. Laptop MSI Prestige 16 AI+ B2VMG Ultra 9 288V (016VN) chính là sự lựa chọn lý tưởng, vượt xa tiêu chuẩn bạn trông chờ không chỉ trong thiết kế mà còn hiệu suất xử lý.",Bảo hành chính hãng laptop 2 năm tại các trung tâm bảo hành hãng Xem địa chỉ bảo hành,Intel Core Ultra 9 Lunar Lake - 288V,3.3GHz,16,1024.0,99.9,16.0,Windows 11 Home SL,4x3840,"1 x USB 3.2
HDMI
1 x Headphone/microphone combo
LAN (RJ45)
2 x Thunderbolt 4 (hỗ trợ Power Delivery, DisplayPort)",TheGioiDiDong,
333106,https://www.thegioididong.com/laptop/dell-xps-13-9340-ultra-7-hxrgt2,Laptop Dell XPS 13 9340 Ultra 7 155H/16GB/1TB/OfficeHS/Win11 (HXRGT2),544900000.0,,Dell,,,"Laptop Dell XPS 13 9340 Ultra 7 155H (HXRGT2) là lựa chọn hoàn hảo cho những ai cần một thiết bị mạnh mẽ nhưng vẫn giữ được sự tinh tế trong thiết kế. Với sức mạnh từ dòng chip Ultra mới nhất, màn hình sắc nét với nhiều công nghệ hỗ trợ cùng các tính năng bảo mật tiên tiến, chiếc laptop này sẽ là trợ thủ đắc lực cho công việc lẫn giải trí.",Bảo hành chính hãng laptop 1 năm tại các trung tâm bảo hành hãng Xem địa chỉ bảo hành,Intel Core Ultra 7 Meteor Lake - 155H,3.8GHz,32,1024.0,55.0,13.4,Windows 11 Home SL + Office Home & Student 2021 vĩnh viễn,2560x1600,2 x Thunderbolt 4 (hỗ trợ Power Delivery),TheGioiDiDong,-9%
331564,https://www.thegioididong.com/laptop/macbook-pro-14-inch-m4-16gb-512gb,Laptop MacBook Pro 14 inch M4 16GB/512GB,395900000.0,,MacBook,5.0,,"Không rầm rộ ra mắt như những năm trước nhưng Macbook Pro 14 inch M4 16GB/512GB vẫn ""xuất hiện"" không kém sự nổi trội. Sự kết hợp giữa thiết kế thanh thoát và sức mạnh vượt trội của chip Apple M4 đã nâng MacBook Pro lên một tầm cao mới. Đây không còn đơn thuần là một thiết bị làm việc, mà là công cụ sáng tạo đột phá làm thay đổi cách chúng ta tiếp cận và khai thác công nghệ trong các lĩnh vực theo mong muốn từ nhà Táo.",Bảo hành chính hãng laptop 1 năm tại các trung tâm bảo hành hãng Xem địa chỉ bảo hành,Apple M4 - Hãng không công bố,120 GB/s memory bandwidth,16,512.0,72.4,14.2,macOS Sequoia,3024x1964,"Jack tai nghe 3.5 mm
MagSafe 3
HDMI
3 x Thunderbolt 4 ( hỗ trợ DisplayPort, Thunderbolt 4 (up to 40Gb/s), USB 4 (up to 40Gb/s))",TheGioiDiDong,
335372,https://www.thegioididong.com/laptop/macbook-air-15-inch-m4-16gb-256gb,Laptop MacBook Air 15 inch M4 16GB/256GB,319900000.0,,MacBook,5.0,,"Nếu bạn yêu thích sự linh hoạt và tiện ích của MacBook Air nhưng mong muốn một không gian hiển thị rộng rãi hơn, MacBook Air 15 inch M4 16GB/256GB chính là lựa chọn lý tưởng. Được trang bị con chip M4 mới nhất cùng màn hình lớn 15.3 inch, chiếc laptop này mang đến trải nghiệm thị giác tối ưu, hiệu suất mạnh mẽ và thiết kế siêu mỏng nhẹ.",Bảo hành chính hãng laptop 1 năm tại các trung tâm bảo hành hãng Xem địa chỉ bảo hành,Apple M4 - Hãng không công bố,120 GB/s memory bandwidth,32,256.0,66.5,15.3,macOS Sequoia,,"Jack tai nghe 3.5 mm
MagSafe 3
2 x Thunderbolt 4.0 (hỗ trợ USB 4, USB Type-C, DisplayPort và Power Delivery)",TheGioiDiDong,
331568,https://www.thegioididong.com/laptop/macbook-pro-14-inch-m4-pro-24gb-512gb,Laptop MacBook Pro 14 inch M4 Pro 24GB/512GB,486900000.0,,MacBook,5.0,,"Khi nói đến máy tính xách tay cho các tác vụ đồ họa và kỹ thuật, Apple luôn giữ vững vị thế hàng đầu và Macbook Pro 14 inch M4 Pro 24GB/512GB - mẫu sản phẩm máy tính xách tay ""mới toanh"" từ nhà Táo trong năm nay là minh chứng rõ nhất. Với thiết kế sang trọng, hiệu năng vượt trội và các tính năng hiện đại, sản phẩm này được thiết kế đặc biệt cho những người dùng chuyên nghiệp, đòi hỏi sự mạnh mẽ và chuyên nghiệp nhất trong từng thao tác.",Bảo hành chính hãng laptop 1 năm tại các trung tâm bảo hành hãng Xem địa chỉ bảo hành,Apple M4 Pro - Hãng không công bố,273 GB/s memory bandwidth,32,512.0,72.4,14.2,macOS Sequoia,3024x1964,"Jack tai nghe 3.5 mm
MagSafe 3
HDMI
3 x Thunderbolt 5 (USB-C) (hỗ trợ Charging, DisplayPort, Thunderbolt 4 và USB 4 (up to 40Gb/s))",TheGioiDiDong,
335366,https://www.thegioididong.com/laptop/macbook-air-13-inch-m4-24gb-256gb,Laptop MacBook Air 13 inch M4 24GB/256GB,319900000.0,,MacBook,,,"Apple tiếp tục chinh phục giới công nghệ với MacBook Air 13 inch M4 24GB/256GB – chiếc laptop không chỉ siêu mỏng nhẹ, sang trọng mà còn sở hữu hiệu năng vượt trội. Mang trong mình chip Apple M4 thế hệ mới, MacBook Air M4 không đơn thuần là một thiết bị làm việc, mà còn là một trợ thủ đắc lực giúp bạn bứt phá giới hạn trong mọi tác vụ. Từ thiết kế đến công nghệ, sản phẩm này hứa hẹn làm hài lòng ngay cả những người dùng khó tính nhất.",Bảo hành chính hãng laptop 1 năm tại các trung tâm bảo hành hãng Xem địa chỉ bảo hành,Apple M4 - Hãng không công bố,120 GB/s memory bandwidth,16,256.0,53.8,13.6,macOS Sequoia,2560x1664,"Jack tai nghe 3.5 mm
MagSafe 3
2 x Thunderbolt 4.0 (hỗ trợ USB 4, USB Type-C, DisplayPort và Power Delivery)",TheGioiDiDong,
337469,https://www.thegioididong.com/laptop/dell-inspiron-15-3520-i5-71054775,Laptop Dell Inspiron 15 3520 i5 1235U/16GB/512GB/120Hz/OfficeHS24+365/KYHD/Win11 (71054775),164900000.0,,Dell,5.0,,"Laptop Dell Inspiron 15 3520 i5 1235U (71054775) là chiếc laptop lý tưởng cho học sinh, sinh viên và nhân viên văn phòng nhờ sự kết hợp hoàn hảo giữa hiệu năng ổn định và thiết kế thanh lịch. Máy nổi bật với bộ vi xử lý Intel Core i5 thế hệ 12, màn hình 120Hz sắc nét và thời lượng pin ấn tượng, hứa hẹn mang đến trải nghiệm làm việc và giải trí tuyệt vời. Với mức giá hợp lý, đây chắc chắn là một lựa chọn đáng cân nhắc trong phân khúc laptop học tập - văn phòng.",Bảo hành chính hãng laptop 1 năm tại các trung tâm bảo hành hãng Xem địa chỉ bảo hành,Intel Core i5 Alder Lake - 1235U,1.3GHz,16,512.0,41.0,15.6,Windows 11 Home SL + Office Home & Student 2024 vĩnh viễn,1920x1080,"1 x USB 2.0
1 x USB 3.2
HDMI
1 x Headphone/microphone combo
LAN (RJ45)
USB Type-C",TheGioiDiDong,
331566,https://www.thegioididong.com/laptop/macbook-pro-14-inch-m4-16gb-1tb,Laptop MacBook Pro 14 inch M4 16GB/1TB,449900000.0,,MacBook,5.0,,"Với mỗi thế hệ sản phẩm mới, Apple luôn đặt ra những tiêu chuẩn cao hơn cho thị trường công nghệ và Macbook Pro 14 inch M4 16GB/1TB là minh chứng rõ nét nhất cho điều này. Từ thiết kế, hiệu năng đến các tính năng hỗ trợ công việc, mọi chi tiết trên sản phẩm này đều được chăm chút cẩn thận, khẳng định vị thế của một dòng máy tính xách tay hàng đầu.",Bảo hành chính hãng laptop 1 năm tại các trung tâm bảo hành hãng Xem địa chỉ bảo hành,Apple M4 - Hãng không công bố,120 GB/s memory bandwidth,16,1024.0,72.4,14.2,macOS Sequoia,3024x1964,"Jack tai nghe 3.5 mm
MagSafe 3
HDMI
3 x Thunderbolt 4 ( hỗ trợ DisplayPort, Thunderbolt 4 (up to 40Gb/s), USB 4 (up to 40Gb/s))",TheGioiDiDong,
331577,https://www.thegioididong.com/laptop/macbook-pro-16-inch-m4-pro-48gb-512gb,Laptop MacBook Pro 16 inch M4 Pro 48GB/512GB,744900000.0,,MacBook,,,"Trong những sự kiện ra mắt hàng năm của Apple, các iFan luôn được trải nghiệm những công nghệ mới mẻ, bùng nổ nhất trên những sản phẩm của họ. Và năm 2024 này, với sự ra mắt của phiên bản Macbook Pro 16 inch M4 Pro 48GB/512GB với nhiều công nghệ tiên tiến, nhiều tiện ích hơn, mạnh hơn trên dòng chip Apple M4 mới đi cùng với sự cải tiến cao cấp của hệ điều hành và nguyên vẹn những giá trị thẩm mỹ vốn có của dòng máy.",Bảo hành chính hãng laptop 1 năm tại các trung tâm bảo hành hãng Xem địa chỉ bảo hành,Apple M4 Pro - Hãng không công bố,273 GB/s memory bandwidth,16,512.0,100.0,16.2,macOS Sequoia,3456x2234,"Jack tai nghe 3.5 mm
MagSafe 3
HDMI
3 x Thunderbolt 5 (USB-C) (hỗ trợ Charging, DisplayPort, Thunderbolt 4 và USB 4 (up to 40Gb/s))",TheGioiDiDong,
332450,https://www.thegioididong.com/laptop/macbook-pro-14-nano-m4-pro-24-512,Laptop MacBook Pro 14 inch Nano M4 Pro 24GB/512GB,523900000.0,,MacBook,,,"Khi nhắc đến máy tính xách tay dành riêng cho công việc sáng tạo và kỹ thuật, cái tên MacBook luôn giữ một vị trí khó thay thế. Năm nay, laptop Macbook Pro 14 Nano M4 Pro 24GB/512GB đã chứng minh Apple vẫn luôn đi trước một bước, mang đến một thiết bị không chỉ mạnh mẽ mà còn sang trọng, tinh tế. Với thiết kế vượt trội cùng hiệu năng ""nâng cấp"" không đối thủ, đây thực sự là sản phẩm lý tưởng cho các nhà sáng tạo chuyên nghiệp và những người dùng yêu cầu cao.",Bảo hành chính hãng laptop 1 năm tại các trung tâm bảo hành hãng Xem địa chỉ bảo hành,Apple M4 Pro - Hãng không công bố,273 GB/s memory bandwidth,16,512.0,72.4,14.2,macOS Sequoia,3024x1964,"Jack tai nghe 3.5 mm
MagSafe 3
HDMI
3 x Thunderbolt 5 (USB-C) (hỗ trợ Charging, DisplayPort, Thunderbolt 4 và USB 4 (up to 40Gb/s))",TheGioiDiDong,
331569,https://www.thegioididong.com/laptop/macbook-pro-14-inch-m4-pro-24gb-1tb,Laptop MacBook Pro 14 inch M4 Pro 24GB/1TB,549900000.0,,MacBook,5.0,,"Apple một lần nữa chứng minh sức mạnh công nghệ của mình với sự ra mắt của Macbook Pro 14 inch M4 Pro 24GB/1TB – một chiếc laptop đỉnh cao không chỉ thách thức mà còn tái định nghĩa mọi tiêu chuẩn về hiệu năng, thiết kế và khả năng sáng tạo. Với con chip Apple M4 Pro, màn hình Liquid Retina XDR thế hệ mới, cùng các công nghệ tiên tiến nhất, sản phẩm là công cụ lý tưởng cho các chuyên gia sáng tạo, doanh nhân, lập trình viên và kỹ sư.",Bảo hành chính hãng laptop 1 năm tại các trung tâm bảo hành hãng Xem địa chỉ bảo hành,Apple M4 Pro - Hãng không công bố,273 GB/s memory bandwidth,16,1024.0,72.4,14.2,macOS Sequoia,3024x1964,"Jack tai nghe 3.5 mm
MagSafe 3
HDMI
3 x Thunderbolt 5 (USB-C) (hỗ trợ Charging, DisplayPort, Thunderbolt 4 và USB 4 (up to 40Gb/s))",TheGioiDiDong,
332448,https://www.thegioididong.com/laptop/macbook-pro-14-nano-m4-16-512,Laptop MacBook Pro 14 inch Nano M4 16GB/512GB,425900000.0,,MacBook,5.0,,"Apple luôn là biểu tượng của sự sáng tạo và đổi mới không ngừng. Với mỗi sản phẩm mới, hãng không chỉ vượt qua giới hạn của chính mình mà còn định nghĩa lại các tiêu chuẩn cho toàn bộ ngành công nghệ hàng năm. MacBook Pro 14 inch Nano M4 16GB/512GB chính là minh chứng rõ nét nhất cho triết lý này. Từ hiệu năng mạnh mẽ đến thiết kế tinh tế, từ những tính năng vượt trội đến khả năng tối ưu hóa trải nghiệm, chiếc laptop này thực sự là ""giấc mơ"" của người dùng chuyên nghiệp.",Bảo hành chính hãng laptop 1 năm tại các trung tâm bảo hành hãng Xem địa chỉ bảo hành,Apple M4 - Hãng không công bố,120 GB/s memory bandwidth,16,512.0,72.4,14.2,macOS Sequoia,3024x1964,"Jack tai nghe 3.5 mm
MagSafe 3
HDMI
3 x Thunderbolt 4 ( hỗ trợ DisplayPort, Thunderbolt 4 (up to 40Gb/s), USB 4 (up to 40Gb/s))",TheGioiDiDong,
335181,https://www.thegioididong.com/laptop/dell-latitude-5350-ultra-7-165u-vpro-l5350165u16512w,Laptop Dell Latitude 5350 Ultra 7 165U/16GB/512GB/Win11 (L5350-165U-16512W),299900000.0,,Dell,5.0,,"Dell Latitude 5350 Ultra 7 165U (L5350-165U-16512W) là một chiếc laptop lý tưởng cho học sinh, sinh viên và nhân viên văn phòng nhờ sự kết hợp hoàn hảo giữa hiệu năng mạnh mẽ, thiết kế nhỏ gọn và độ bền bỉ ấn tượng. Chiếc laptop Dell này hứa hẹn mang đến trải nghiệm làm việc và học tập mượt mà, hiệu quả, đáp ứng tốt mọi nhu cầu hàng ngày.",Bảo hành chính hãng laptop 1 năm tại các trung tâm bảo hành hãng Xem địa chỉ bảo hành,Intel Core Ultra 7 Meteor Lake - 165U,1.7GHz,16,2048.0,54.0,13.3,Windows 11 Home SL,1920x1080,"Jack tai nghe 3.5 mm
1 x USB 3.2
HDMI
1 x USB 3.2 (hỗ trợ PowerShare)
2 x Thunderbolt 4.0 (hỗ trợ USB 4, USB Type-C, DisplayPort và Power Delivery)",TheGioiDiDong,-6%
331527,https://www.thegioididong.com/laptop/hp-envy-x360-14-fc0153tu-ultra-7-ay8v4pa?utm_flashsale=1,Laptop HP Envy X360 14 fc0153TU Ultra 7 155U/32GB/512GB/OfficeHS/Win11 (AY8V4PA),345900000.0,,HP,,,"Laptop HP Envy X360 14 fc0153TU Ultra 7 155U (AY8V4PA) vừa sở hữu ngoại hình ""nịnh mắt"", sang trọng, cấu hình mạnh mẽ, màn hình 2.8K sắc nét cùng nhiều tính năng và tiện ích tân tiến khác. Sản phẩm có thể nói là hội tụ đầy đủ nhất những gì trên một chiếc ultrabook thuộc phân khúc cao cấp.",Bảo hành chính hãng laptop 1 năm tại các trung tâm bảo hành hãng Xem địa chỉ bảo hành,Intel Core Ultra 7 Meteor Lake - 155U,1.7GHz,16,1024.0,59.0,14.0,Windows 11 Home SL + Office Home & Student 2021 vĩnh viễn,2x8,"2 x USB Type-A
HDMI
1 x USB Type-C (USB Power Delivery, DisplayPort 2.1)
1 x Thunderbolt 4 with USB Type-C (hỗ trợ USB Power Delivery, DisplayPort 2.1)
1 x Headphone/microphone combo",TheGioiDiDong,
335180,https://www.thegioididong.com/laptop/dell-latitude-5450-ultra-5-l5450125u16512w,Laptop Dell Latitude 5450 Ultra 5 125U/16GB/512GB/Win11 (L5450-125U-16512W),249900000.0,,Dell,,,"Dell Latitude 5450 Ultra 5 125U (L5450-125U-16512W) là chiếc laptop lý tưởng cho học sinh, sinh viên và nhân viên văn phòng đang tìm kiếm một thiết bị mạnh mẽ, bền bỉ và có tính di động cao. Với bộ vi xử lý Intel Core Ultra thế hệ mới nhất, thiết kế thanh lịch và hàng loạt tính năng bảo mật tiên tiến, chiếc laptop này hứa hẹn sẽ là người bạn đồng hành đáng tin cậy trong công việc và học tập, mang đến trải nghiệm sử dụng tuyệt vời trong tầm giá.",Bảo hành chính hãng laptop 1 năm tại các trung tâm bảo hành hãng Xem địa chỉ bảo hành,Intel Core Ultra 5 Meteor Lake - 125U,1.3GHz,32,2048.0,42.0,14.0,Windows 11 Home SL,1920x1080,"Jack tai nghe 3.5 mm
1 x USB 3.2
HDMI
1 x USB 3.2 (hỗ trợ PowerShare)
LAN (RJ45)
2 x Thunderbolt 4.0 (hỗ trợ USB 4, USB Type-C, DisplayPort và Power Delivery)",TheGioiDiDong,-5%
328599,https://www.thegioididong.com/laptop/samsung-galaxy-chromebook-go-xe310xda-n4500,Laptop Samsung Galaxy Chromebook Go XE310XDA N4500/4GB/32GB/ChromeOS,79900000.0,,Samsung,,,"Bạn muốn tìm một mẫu laptop cho con trẻ học tập, sinh viên sử dụng hay nhân viên văn phòng trong mọi việc hàng ngày có cấu hình ổn định nhưng lại không có mức giá thành quá cao. Laptop Samsung Galaxy Chromebook Go XE310XDA N4500 chắc chắn là sự lựa chọn đáng cân nhắc nhất trong phân khúc.",Bảo hành chính hãng laptop 1 năm tại các trung tâm bảo hành hãng Xem địa chỉ bảo hành,Intel Celeron - N4500,1.1GHz,32,32.0,40.2,11.6,Chrome OS,1366x768,"Jack tai nghe 3.5 mm
1 x USB 3.2
1 x USB Type-C (chỉ hỗ trợ Power Delivery)",TheGioiDiDong,-20%
331575,https://www.thegioididong.com/laptop/macbook-pro-16-inch-m4-pro-24gb-1tb,Laptop MacBook Pro 16 inch M4 Pro 24GB/1TB,694900000.0,,MacBook,,1.0,"Sau thành công vang dội của MacBook M3, Apple tiếp tục chinh phục thị trường công nghệ với phiên bản Macbook Pro 16 inch M4 Pro 24GB/1TB. Mẫu laptop mới không chỉ cải thiện mạnh mẽ về hiệu năng mà còn mang đến những trải nghiệm tối ưu nhờ tích hợp công nghệ tiên tiến, màn hình sắc nét cùng tính đa dụng cao. Nếu là một iFan chính hiệu thì chắc chắn bạn sẽ không thể bỏ qua mẫu sản phẩm này.",Bảo hành chính hãng laptop 1 năm tại các trung tâm bảo hành hãng Xem địa chỉ bảo hành,Apple M4 Pro - Hãng không công bố,273 GB/s memory bandwidth,32,1024.0,100.0,16.2,macOS Sequoia,3456x2234,"Jack tai nghe 3.5 mm
MagSafe 3
HDMI
3 x Thunderbolt 5 (USB-C) (hỗ trợ Charging, DisplayPort, Thunderbolt 4 và USB 4 (up to 40Gb/s))",TheGioiDiDong,
331986,https://www.thegioididong.com/laptop/macbook-air-13-m2-24gb-512gb,Laptop MacBook Air 13 inch M2 24GB/512GB,307900000.0,,MacBook,,,"Người dùng yêu thích những thiết kế nhẹ nhàng và thanh lịch của dòng MacBook Air chắc chắn không thể bỏ qua phiên bản Macbook Air 13 M2 24GB/512GB. Với vi xử lý M2 mạnh mẽ, thiết kế nhỏ gọn, sản phẩm hứa hẹn sẽ tạo nên một làn sóng mạnh mẽ trên thị trường công nghệ, mang đến trải nghiệm linh hoạt vượt trội cho cả công việc lẫn giải trí.",Bảo hành chính hãng laptop 1 năm tại các trung tâm bảo hành hãng Xem địa chỉ bảo hành,Apple M2 - Hãng không công bố,100GB/s,16,512.0,,13.6,macOS,2560x1664,"Jack tai nghe 3.5 mm
MagSafe 3
2 x Thunderbolt 3",TheGioiDiDong,-12%
332451,https://www.thegioididong.com/laptop/macbook-pro-14-nano-m4-max-36-1t,Laptop MacBook Pro 14 inch Nano M4 Max 36GB/1TB,820900000.0,,MacBook,5.0,,"Đón đầu xu thế công nghệ với Macbook Pro 14 inch Nano M4 Max 36GB/1TB. Sản phẩm được nhà Táo cho ra mắt với mong muốn tìm kiếm sự tiến bộ, phát triển về công nghệ theo thời gian. Với sức mạnh vượt trội của chip M4 Max cùng những cải tiến vượt bậc về thiết kế, màn hình và hệ thống phần mềm, ""hoàn hảo"" dành cho các chuyên gia sáng tạo, kỹ sư phần mềm, nhà nghiên cứu AI và những ai tìm kiếm sự đột phá trong công việc.",Bảo hành chính hãng laptop 1 năm tại các trung tâm bảo hành hãng Xem địa chỉ bảo hành,Apple M4 Max - Hãng không công bố,410 GB/s memory bandwidth,32,1024.0,72.4,14.2,macOS Sequoia,3024x1964,"Jack tai nghe 3.5 mm
MagSafe 3
HDMI
3 x Thunderbolt 5 (USB-C) (hỗ trợ Charging, DisplayPort, Thunderbolt 4 và USB 4 (up to 40Gb/s))",TheGioiDiDong,
335550,https://www.thegioididong.com/laptop/lenovo-ideapad-slim-3-14irh10-i5-83k0000avn,Laptop Lenovo IdeaPad Slim 3 14IRH10 i5 13420H/24GB/512GB/Win11 (83K0000AVN),171900000.0,,Lenovo,5.0,,"Laptop Lenovo IdeaPad Slim 3 14IRH10 i5 13420H (83K0000AVN) là sản phẩm lý tưởng cho học sinh, sinh viên và nhân viên văn phòng, nổi bật với hiệu năng ổn định và thiết kế mỏng nhẹ. Đây là một lựa chọn tuyệt vời cho những ai tìm kiếm một chiếc laptop đa năng, đáp ứng tốt nhu cầu học tập, làm việc và giải trí hàng ngày. Với mức giá hợp lý, sản phẩm này hứa hẹn mang đến trải nghiệm sử dụng tuyệt vời.",Bảo hành chính hãng laptop 2 năm tại các trung tâm bảo hành hãng Xem địa chỉ bảo hành,Intel Core i5 Raptor Lake - 13420H,2.1GHz,32,1024.0,60.0,14.0,Windows 11 Home SL,,"Jack tai nghe 3.5 mm
2 x USB 3.2
HDMI
1 x USB Type-C 3.2 (hỗ trợ USB Power Delivery và DisplayPort 1.2)",TheGioiDiDong,
335834,https://www.thegioididong.com/laptop/hp-omnibook-uf-14-fh0038tu-ultra-9-b2cp4pa,Laptop HP OmniBook Ultra Flip 14 fh0038TU Ultra 9 288V/32GB/1TB/120Hz/OfficeHS/Win11 (B2CP4PA),562900000.0,,HP,,,"Laptop HP OmniBook UF 14 fh0038TU Ultra 9 288V (B2CP4PA) hướng đến đối tượng học sinh, sinh viên và nhân viên văn phòng, nổi bật với hiệu năng mạnh mẽ và thiết kế sang trọng. Đây là một lựa chọn đáng cân nhắc cho những ai tìm kiếm một chiếc laptop cao cấp, đa năng để phục vụ cho cả công việc và giải trí.",Bảo hành chính hãng laptop 1 năm tại các trung tâm bảo hành hãng Xem địa chỉ bảo hành,Intel Core Ultra 9 Arrow Lake - 288V,3.3GHz,32,1024.0,64.0,14.0,Windows 11 Home SL + Office Home & Student 2021 vĩnh viễn,2x8,"Jack tai nghe 3.5 mm
1 x USB Type-C 3.2 (hỗ trợ Power Delivery và DisplayPort)
2 x Thunderbolt 4 (hỗ trợ Power Delivery, DisplayPort)",TheGioiDiDong,
323337,https://www.thegioididong.com/laptop/hp-elitebook-630-g10-i5-9j0b5pt,Laptop HP Elitebook 630 G10 i5 1335U/16GB/512GB/Win11 (9J0B5PT),232900000.0,,HP,,,"Sự tích hợp nhỏ gọn bất ngờ qua thiết kế giao diện máy, luồng hiệu năng mạnh mẽ trong mọi công việc lập trình, soạn thảo hay đồ hoạ của bạn cùng đa dạng tiện ích hiện đại, tất cả đều được gói gọn bên trong mẫu laptop HP Elitebook 630 G10 i5 1335U (9J0B5PT) đến từ thương hiệu HP nổi tiếng.",Bảo hành chính hãng laptop 1 năm tại các trung tâm bảo hành hãng Xem địa chỉ bảo hành,Intel Core i5 Raptor Lake - 1335U,1.3GHz,16,2048.0,42.0,13.3,Windows 11 Home SL,1920x1080,"Jack tai nghe 3.5 mm
2 x USB 3.2
HDMI
1 x Thunderbolt 4 (hỗ trợ display/power delivery)
LAN (RJ45)",TheGioiDiDong,
331570,https://www.thegioididong.com/laptop/macbook-pro-14-inch-m4-pro-48gb-512gb,Laptop MacBook Pro 14 inch M4 Pro 48GB/512GB,599900000.0,,MacBook,,,"Apple tiếp tục khẳng định vị thế dẫn đầu trong ngành công nghệ với sản phẩm mới nhất - Macbook Pro 14 inch M4 Pro 48GB/512GB. Chiếc máy tính xách tay cao cấp này là sự kết hợp hoàn hảo giữa thiết kế sang trọng, hiệu năng vượt trội và những cải tiến công nghệ tiên tiến nhất. Với nhiều điểm nhấn ấn tượng từ con chip M4 mới đến màn hình Liquid Retina XDR thế hệ mới,... máy sẽ hoàn thiện thật hoàn hảo mọi nhu cầu người dùng.",Bảo hành chính hãng laptop 1 năm tại các trung tâm bảo hành hãng Xem địa chỉ bảo hành,Apple M4 Pro - Hãng không công bố,273 GB/s memory bandwidth,16,512.0,72.4,14.2,macOS Sequoia,3024x1964,"Jack tai nghe 3.5 mm
MagSafe 3
HDMI
3 x Thunderbolt 5 (USB-C) (hỗ trợ Charging, DisplayPort, Thunderbolt 4 và USB 4 (up to 40Gb/s))",TheGioiDiDong,
333813,https://www.thegioididong.com/laptop/lg-gram-16z90s-ultra-7-16z90sgah76a5,Laptop LG Gram 16Z90S Ultra 7 155H/16GB/512GB/Win11 (16Z90S-G.AH76A5),394900000.0,,LG,,,"Laptop LG Gram 16Z90S Ultra 7 155H (16Z90S-G.AH76A5) không chỉ là một thiết bị công nghệ mà còn là người bạn đồng hành lý tưởng, vừa là ""phụ kiện thời trang"" phong cách hiện đại, sang trọng. Với sự kết hợp hoàn hảo giữa hiệu năng mạnh mẽ, thiết kế siêu nhẹ và tích hợp hàng loạt công nghệ tân tiến thúc đẩy toàn diện về tính ứng dụng, là sự lựa chọn hàng đầu cho các chuyên gia và doanh nhân.",Bảo hành chính hãng laptop 1 năm tại các trung tâm bảo hành hãng Xem địa chỉ bảo hành,Intel Core Ultra 7 Meteor Lake - 155H,1.4GHz,16,512.0,77.0,16.0,Windows 11 Home SL,2560x1600,"Jack tai nghe 3.5 mm
2 x USB 3.2
HDMI
2 x USB-C with USB 4.0/ Thunderbolt 4",TheGioiDiDong,-13%
333873,https://www.thegioididong.com/laptop/hp-elitebook-635-aero-g11-r7-a8ws7pt,Laptop HP Elitebook 635 Aero G11 R7 8840HS/16GB/512GB/Win11 (A8WS7PT),269900000.0,,HP,5.0,,"Cỗ máy công việc mạnh mẽ với con chip AMD Ryzen 7 tân tiến, hàng loạt các tính năng hiện đại cùng thiết kế độc đáo cho phong cách sang trọng sẽ khiến bạn không thể rời mắt. Hãy sắm ngay chiếc laptop HP Elitebook 635 Aero G11 R7 8840HS (A8WS7PT) với mức giá ưu đãi tại Thế Giới Di Động.",Bảo hành chính hãng laptop 1 năm tại các trung tâm bảo hành hãng Xem địa chỉ bảo hành,AMD Ryzen 7 - 8840HS,3.3GHz,16,1024.0,43.0,13.3,Windows 11 Home SL,,"2 x USB 3.2
HDMI
1 x Headphone/microphone combo
2 x Thunderbolt 4 (hỗ trợ Power Delivery, DisplayPort)",TheGioiDiDong,
334444,https://www.thegioididong.com/laptop/lenovo-ideapad-slim-3-15irh10-i7-83k1000jvn,Laptop Lenovo IdeaPad Slim 3 15IRH10 i7 13620H/16GB/512GB/Win11 (83K1000JVN),191900000.0,,Lenovo,5.0,,"Laptop Lenovo IdeaPad Slim 3 15IRH10 i7 13620H (83K1000JVN) là chiếc laptop Lenovo IdeaPad lý tưởng cho học sinh, sinh viên và nhân viên văn phòng nhờ sự kết hợp hoàn hảo giữa hiệu năng mạnh mẽ và thiết kế mỏng nhẹ. Với bộ vi xử lý Intel Core i7 thế hệ 13, chiếc laptop này không chỉ đáp ứng tốt nhu cầu làm việc, học tập mà còn mang đến trải nghiệm giải trí tuyệt vời. Đây là một lựa chọn đáng cân nhắc trong phân khúc laptop tầm trung.",Bảo hành chính hãng laptop 2 năm tại các trung tâm bảo hành hãng Xem địa chỉ bảo hành,Intel Core i7 Raptor Lake - 13620H,2.4GHz,32,1024.0,60.0,15.3,Windows 11 Home SL,,"USB Type-C (hỗ trợ truyền dữ liệu, Power Delivery 3.0 và DisplayPort 1.2)
2 x USB 3.2
HDMI
1 x Headphone/microphone combo",TheGioiDiDong,
334692,https://www.thegioididong.com/laptop/gigabyte-g6-kf-rc56-i7-9rc56kf0hjjanivn000,Laptop GIGABYTE Gaming G6 KF RC56 i7 13620H/16GB/1TB/8GB RTX4060/165Hz/Win11 (9RC56KF0HJJANIVN000),274900000.0,,GIGABYTE,5.0,,"Chiếc laptop GIGABYTE G6 KF RC56 i7 13620H (9RC56KF0HJJANIVN000) là cỗ máy chiến game lý tưởng, đồng thời đáp ứng tốt nhu cầu làm việc và sáng tạo nội dung chuyên nghiệp. Với hiệu năng mạnh mẽ, màn hình sắc nét và thiết kế hầm hố đậm chất gaming, hứa hẹn mang đến trải nghiệm tuyệt vời cho game thủ và người dùng chuyên nghiệp. Đây là sự lựa chọn hoàn hảo để bạn chinh phục mọi thử thách, từ những trận game đỉnh cao đến các tác vụ thiết kế đồ họa phức tạp.",Bảo hành chính hãng laptop 2 năm tại các trung tâm bảo hành hãng Xem địa chỉ bảo hành,Intel Core i7 Raptor Lake - 13620H,2.4GHz,32,1024.0,54.0,16.0,Windows 11 Home SL,,"1 x USB 2.0
1 x USB 3.2
HDMI
1 x Microphone jack
1 x Headphone/microphone combo
LAN (RJ45)
2 x USB Type-C
Mini DisplayPort",TheGioiDiDong,
335179,https://www.thegioididong.com/laptop/asus-vivobook-s-16-s5606ca-ultra-7-ri115ws,Laptop Asus Vivobook S 16 S5606CA Ultra 7 255H/32GB/1TB/120Hz/OfficeHS24+365/Win11 (RI115WS),322900000.0,,Asus,5.0,,,Bảo hành chính hãng laptop 2 năm tại các trung tâm bảo hành hãng Xem địa chỉ bảo hành,Intel Core Ultra 7 Lunar Lake - 255H,2GHz,32,1024.0,75.0,16.0,Windows 11 Home SL + Office Home & Student 2024 vĩnh viễn + Microsoft 365 Basic,2x8,"Jack tai nghe 3.5 mm
2 x USB 3.2
HDMI
2 x Thunderbolt 4 (hỗ trợ Power Delivery, DisplayPort)",TheGioiDiDong,-10%
335829,https://www.thegioididong.com/laptop/hp-elitebook-x360-1040-g11-ultra-7-am9h3pt,Laptop HP Elitebook X360 1040 G11 Ultra 7 165H/32GB/1TB/Win11 Pro (AM9H3PT),610900000.0,,HP,5.0,,,Bảo hành chính hãng laptop 3 năm tại các trung tâm bảo hành hãng Xem địa chỉ bảo hành,Intel Core Ultra 7 Meteor Lake - 165H,1.4GHz,16,1024.0,68.0,14.0,Windows 11 Pro,,"Jack tai nghe 3.5 mm
1 x USB 3.2
HDMI
1 x USB Type-C 3.2 (hỗ trợ Power Delivery và DisplayPort)
2 x Thunderbolt 4 (hỗ trợ Power Delivery, DisplayPort)",TheGioiDiDong,
335835,https://www.thegioididong.com/laptop/hp-omnibook-x-14-fe1010qu-x1p-42-100-b53kbpa,Laptop HP OmniBook X 14 fe1010QU X1P 42 100/16GB/512GB/OfficeHS/Win11 (B53KBPA),310900000.0,,HP,5.0,,,Bảo hành chính hãng laptop 1 năm tại các trung tâm bảo hành hãng Xem địa chỉ bảo hành,Snapdragon X Plus - X1P 42 100,Hãng không công bố,32,2048.0,59.0,14.0,Windows 11 Home SL + Office Home & Student 2021 vĩnh viễn,2x2,"1 x USB 3.2
1 x USB Type-C USB 4 (hỗ trợ DisplayPort và Power Delivery)
1 x Headphone/microphone combo
1 x USB Type-C 3.2 (hỗ trợ Power Delivery và DisplayPort)",TheGioiDiDong,
336445,https://www.thegioididong.com/laptop/asus-rog-strix-scar-18-g835lw-ultra-9-sa172w,Laptop Asus Gaming ROG Strix SCAR 18 G835LW Ultra 9 275HX/64GB/4TB/16GB RTX5080/240Hz/Win11 (SA172W),1219900000.0,,Asus,5.0,,,Bảo hành chính hãng laptop 2 năm tại các trung tâm bảo hành hãng Xem địa chỉ bảo hành,Intel Core Ultra 9 Arrow Lake - 275HX,2.7GHz,16,2048.0,90.0,18.0,Windows 11 Home SL,2560x1600,"Jack tai nghe 3.5 mm
3 x USB 3.2
HDMI
LAN (RJ45)
2 x Thunderbolt 5 (hỗ trợ DisplayPort, Power Delivery và G-SYNC)",TheGioiDiDong,
315955,https://www.thegioididong.com/laptop/dell-inspiron-14-5430-i5-i5p165w11sl2050,Laptop Dell Inspiron 14 5430 i5 1340P/16GB/512GB/4GB RTX2050/120Hz/OfficeHS/Win11 (N5430-i5P165W11SL2050),274900000.0,,Dell,5.0,,"Laptop Dell Inspiron 14 5430 i5 1340P (N5430-i5P165W11SL2050) với sự định hình thời thượng về thiết kế, hiệu năng mạnh mẽ với con chip Intel thế hệ 13 cùng card rời RTX, hứa hẹn mang đến những trải nghiệm làm việc và giải trí trọn vẹn nhất cho người dùng là sinh viên, nhân viên hay doanh nhân.",Bảo hành chính hãng laptop 1 năm tại các trung tâm bảo hành hãng Xem địa chỉ bảo hành,Intel Core i5 Raptor Lake - 1340P,1.9GHz,16,2048.0,54.0,14.0,Windows 11 Home SL + Office Home & Student 2021 vĩnh viễn,2560x1600,"Jack tai nghe 3.5 mm
2 x USB 3.2
HDMI
1 x USB Type-C Thunderbolt 4.0 (hỗ trợ DisplayPort và Power Delivery)",TheGioiDiDong,-7%
323338,https://www.thegioididong.com/laptop/hp-elitebook-630-g10-i7-9j0b7pt,Laptop HP Elitebook 630 G10 i7 1355U/16GB/512GB/Win11 (9J0B7PT),259900000.0,,HP,5.0,1.0,"Laptop HP Elitebook 630 G10 i7 1355U (9J0B7PT) mang ngôn ngữ thiết kế đơn giản, tinh tế và cực kì sang trọng. Máy cũng được trang bị bộ thông số cấu hình vượt trội nhằm phục vụ người dùng trọn vẹn hơn trong những công việc cần thiết.",Bảo hành chính hãng laptop 1 năm tại các trung tâm bảo hành hãng Xem địa chỉ bảo hành,Intel Core i7 Raptor Lake - 1355U,1.7GHz,16,2048.0,42.0,13.3,Windows 11 Home SL,1920x1080,"Jack tai nghe 3.5 mm
2 x USB 3.2
HDMI
1 x Thunderbolt 4 (hỗ trợ display/power delivery)
LAN (RJ45)",TheGioiDiDong,-9%
323586,https://www.thegioididong.com/laptop/hp-omen-16-xf0070ax-r9-8w945pa,Laptop HP Gaming OMEN 16 xf0070AX R9 7940HS/32GB/1TB/8GB RTX4070/240Hz/Win11 (8W945PA),628900000.0,,HP,5.0,,"Đón chào sự trở lại của siêu phẩm laptop gaming OMEN đến từ nhà HP sau khoảng thời gian dài vắng bóng trên đường đua công nghệ, laptop HP OMEN 16 xf0070AX R9 7940HS (8W945PA) với bộ cấu hình vượt trội, màn hình 2K sắc nét có tốc độ quét cao,... đảm bảo cung cấp đầy đủ những yếu tố cần thiết nhất cho hành trình chiến game chuyên nghiệp của bạn.",Bảo hành chính hãng laptop 1 năm tại các trung tâm bảo hành hãng Xem địa chỉ bảo hành,AMD Ryzen 9 - 7940HS,4GHz,32,1024.0,83.0,16.1,Windows 11 Home SL,,"Jack tai nghe 3.5 mm
2 x USB 3.2
HDMI
LAN (RJ45)
2 x USB Type-C (hỗ trợ USB Power Delivery, DisplayPort 1.4)",TheGioiDiDong,
331507,https://www.thegioididong.com/laptop/dell-inspiron-15-3530-i7-n5i7240w1,Laptop Dell Inspiron 15 3530 i7 1355U/16GB/512GB/120Hz/OfficeHS/Win11 (N5I7240W1),209900000.0,,Dell,5.0,,"Laptop Dell Inspiron 15 3530 i7 1355U (N5I7240W1) là sự kết hợp hoàn hảo giữa hiệu năng mạnh mẽ, thiết kế tiện dụng và khả năng hỗ trợ đa tác vụ từ công việc văn phòng đến nhu cầu sáng tạo như chỉnh sửa hình ảnh và video. Sở hữu cấu hình ấn tượng với bộ vi xử lý Intel Core i7 thế hệ 13, RAM 16 GB DDR4, ổ cứng SSD dung lượng 512 GB chắc chắn sẽ là người bạn đồng hành đáng tin cậy cho mọi đối tượng người dùng.",Bảo hành chính hãng laptop 1 năm tại các trung tâm bảo hành hãng Xem địa chỉ bảo hành,Intel Core i7 Raptor Lake - 1355U,1.7GHz,32,2048.0,54.0,15.6,Windows 11 Home SL + Office Home & Student 2021 vĩnh viễn,1920x1080,"1 x USB 2.0
Jack tai nghe 3.5 mm
1 x USB 3.2
HDMI
USB Type-C",TheGioiDiDong,-6%
331522,https://www.thegioididong.com/laptop/hp-elitebook-x360-830-g11-ultra-5-a7rb9pt,Laptop HP Elitebook X360 830 G11 Ultra 5 135U/16GB/512GB/Win11 Pro (A7RB9PT),407900000.0,,HP,5.0,,"Nếu bạn đang tìm kiếm một chiếc laptop cao cấp sang trọng, tiện lợi và mạnh mẽ, laptop HP Elitebook X360 830 G11 Ultra 5 135U (A7RB9PT) chính là lựa chọn lý tưởng. Với thiết kế thanh lịch, tính năng gập mở 2 trong 1 độc đáo, hiệu năng vượt trội từ bộ vi xử lý Intel Core Ultra thế hệ mới,... sẽ phát huy tối đa khả năng làm việc và tính ứng dụng trong sinh hoạt hàng ngày của người dùng.",Bảo hành chính hãng laptop 3 năm tại các trung tâm bảo hành hãng Xem địa chỉ bảo hành,Intel Core Ultra 5 Meteor Lake - 135U,1.6GHz,32,1024.0,56.0,13.3,Windows 11 Home SL,,"2 x USB 3.2
HDMI
1 x Headphone/microphone combo
2 x Thunderbolt 4 (hỗ trợ Power Delivery, DisplayPort)",TheGioiDiDong,-7%
331523,https://www.thegioididong.com/laptop/hp-elitebook-x360-830-g11-ultra-7-a7rc0pt,Laptop HP Elitebook X360 830 G11 Ultra 7 165U/16GB/512GB/Win11 Pro (A7RC0PT),452900000.0,,HP,5.0,,"Laptop HP Elitebook X360 830 G11 Ultra 7 165U (A7RC0PT) là một kiệt tác công nghệ đỉnh cao, thiết kế tinh tế cùng hiệu năng vượt trội. Với vẻ ngoài sang trọng, độ hoàn thiện tỉ mỉ đến từng chi tiết và sự linh hoạt trong sử dụng, chiếc ultrabook này không chỉ là người bạn đồng hành lý tưởng cho công việc mà còn mang đến trải nghiệm giải trí đa phương tiện đỉnh cao, phù hợp với người dùng chuyên nghiệp ở đa lĩnh vực.",Bảo hành chính hãng laptop 3 năm tại các trung tâm bảo hành hãng Xem địa chỉ bảo hành,Intel Core Ultra 7 Meteor Lake - 165U,1.7GHz,16,1024.0,,13.3,,,"2 x USB 3.2
HDMI
1 x Headphone/microphone combo
2 x Thunderbolt 4 (hỗ trợ Power Delivery, DisplayPort)",TheGioiDiDong,-7%
331526,https://www.thegioididong.com/laptop/hp-envy-x360-14-fa0097au-r5-ay8u7pa,Laptop HP Envy X360 14 fa0097AU R5 8640HS/16GB/512GB/OfficeHS/Win11 (AY8U7PA),266900000.0,,HP,5.0,,"Nếu bạn đang tìm kiếm một chiếc laptop cao cấp với thiết kế sang trọng, hiệu năng mạnh mẽ và tính linh hoạt vượt trội thì laptop HP Envy X360 14 fa0097AU R5 8640HS (AY8U7PA) sẽ là một lựa chọn không thể bỏ qua. Được ra mắt như một thiết bị công nghệ tối ưu cho người dùng doanh nhân và những ai đam mê sáng tạo, chiếc máy tính xách tay này không chỉ gây ấn tượng bởi hiệu suất mà còn bởi sự tinh tế, nhẹ nhàng trên từng chi tiết.",Bảo hành chính hãng laptop 1 năm tại các trung tâm bảo hành hãng Xem địa chỉ bảo hành,AMD Ryzen 5 - 8640HS,1.3GHz,16,1024.0,59.0,14.0,Windows 11 Home SL + Office Home & Student 2021 vĩnh viễn,2x8,"2 x USB Type-A
HDMI
1 x Headphone/microphone combo
2 x USB Type-C (hỗ trợ USB Power Delivery, DisplayPort 1.4)",TheGioiDiDong,-9%
332274,https://www.thegioididong.com/laptop/hp-omen-14-fb0135tx-ultra-7-ay8v1pa,Laptop HP Gaming OMEN Transcend 14 fb0135TX Ultra 7 155H/16GB/1TB/8GB RTX4060/120Hz/Win11 (AY8V1PA),589900000.0,,HP,5.0,,"Tạo hình độc đáo cho một chiếc laptop gaming kết hợp ultrabook với thiết kế mỏng gọn, sang trọng nhưng lại sở hữu cấu hình siêu phàm dành cho dân chuyên. Laptop HP OMEN Transcend 14 fb0135TX Ultra 7 155H (AY8V1PA) đáp ứng hoàn hảo các tựa game đình đám, các file xử lý đồ hoạ chuyên sâu.",Bảo hành chính hãng laptop 1 năm tại các trung tâm bảo hành hãng Xem địa chỉ bảo hành,Intel Core Ultra 7 Meteor Lake - 155H,1.4GHz,32,1024.0,71.0,14.0,Windows 11 Home SL,2x8,"2 x USB Type-A
HDMI
1 x Thunderbolt 4 with USB Type-C (hỗ trợ USB Power Delivery, DisplayPort 2.1)
1 x Headphone/microphone combo
1 x USB Type-C (hỗ trợ USB Power Delivery, DisplayPort 1.4)",TheGioiDiDong,-10%
333187,https://www.thegioididong.com/laptop/lenovo-ideapad-slim-5-14imh9-ultra-5-83da006tvn,Laptop Lenovo IdeaPad Slim 5 14IMH9 Ultra 5 125H/16GB/1TB/Win11 (83DA006TVN),236900000.0,,Lenovo,5.0,,"Laptop Lenovo IdeaPad Slim 5 14IMH9 Ultra 5 125H (83DA006TVN) là phiên bản laptop gọn nhẹ tiện lợi cho mọi nhu cầu dịch chuyển của bạn. Không chỉ đem đến thiết kế ấn tượng, hiệu suất vượt trội mà Lenovo còn trang bị cho đứa con tinh thần của mình nhiều tính năng hiện đại cùng độ bền đạt chuẩn quân đội.",,Intel Core Ultra 5 Meteor Lake - 125H,1.2GHz,32,1024.0,57.0,14.0,Windows 11 Home SL,,"Jack tai nghe 3.5 mm
2 x USB Type-C 3.2 (hỗ trợ Power Delivery 3.0 và DisplayPort 1.4)
1 x USB 3.2
HDMI
1 x USB 3.2 (Always on)",TheGioiDiDong,
333196,https://www.thegioididong.com/laptop/lenovo-yoga-pro-7-14imh9-ultra-7-83e2006mvn,Laptop Lenovo Yoga Pro 7 14IMH9 Ultra 7 155H/32GB/1TB/6GB RTX4050/120Hz/OfficeHS/Win11 (83E2006MVN),462900000.0,,Lenovo,5.0,,"Lenovo Yoga Pro 7 14IMH9 Ultra 7 155H (83E2006MVN) mang kiểu dáng thanh lịch, nhỏ gọn đi kèm bộ vi xử lý Intel Ultra thế hệ với AI đầy mạnh mẽ, vô vàn tính năng cao cấp sẽ là lựa chọn lý tưởng cho phân khúc người dùng hiện đại có nhu cầu muốn tìm dòng máy gọn nhẹ mà vẫn đảm bảo cấu hình ổn định.",Bảo hành chính hãng laptop 2 năm tại các trung tâm bảo hành hãng Xem địa chỉ bảo hành,Intel Core Ultra 7 Meteor Lake - 155H,1.4GHz,16,1024.0,73.0,14.5,Windows 11 Home SL + Office Home & Student 2021 vĩnh viễn,2x8,"Jack tai nghe 3.5 mm
HDMI
1 x USB-C (hỗ trợ Thunderbolt 4/USB 4, USB Power Delivery 3.0 and DisplayPort 1.4)
1 x USB Type-C (hỗ trợ USB Power Delivery, DisplayPort 1.4)
1 x USB 3.2 (Always on)",TheGioiDiDong,
333811,https://www.thegioididong.com/laptop/lg-gram-14z90s-ultra-5-14z90sgah55a5,Laptop LG Gram 14Z90S Ultra 5 125H/16GB/512GB/Win11 (14Z90S-G.AH55A5),284900000.0,,LG,5.0,,"Hoàn hảo ở từng đường nét luôn là tôn chỉ thiết kế của những mẫu máy tính xách tay từ nhà LG, mẫu laptop LG Gram 14Z90S Ultra 5 125H (14Z90S-G.AH55A5) mới mẻ lần này cũng không ngoại lệ, sở hữu ngoại hình sang trọng ấn tượng, công năng sử dụng thì tuyệt vời và hơn hết là con chip Intel thế hệ AI mới được trang bị sẽ nâng tầm làm việc của bạn lên đáng kể.",Bảo hành chính hãng laptop 1 năm tại các trung tâm bảo hành hãng Xem địa chỉ bảo hành,Intel Core Ultra 5 Meteor Lake - 125H,1.2GHz,32,512.0,72.0,14.0,Windows 11 Home SL,,"Jack tai nghe 3.5 mm
2 x USB 3.2
HDMI
1 x USB Type-C USB 4 (hỗ trợ Power Delivery và Thunderbolt 4)
1 x USB Type-C (chỉ hỗ trợ Power Delivery)",TheGioiDiDong,-21%
333812,https://www.thegioididong.com/laptop/lg-gram-14z90s-ultra-7-14z90sgah75a5,Laptop LG Gram 14Z90S Ultra 7 155H/16GB/512GB/Win11 (14Z90S-G.AH75A5),309900000.0,,LG,5.0,,"Laptop LG Gram 14Z90S Ultra 7 155H(14Z90S-G.AH75A5) là sự lựa chọn lý tưởng dành cho người dùng hiện đại, những khách hàng tìm kiếm độ ""đỉnh cao"" và tiện dụng đến từ những chiếc Ultrabook hiện nay. Máy được chăm chút vẻ ngoài đẹp mắt, cân nặng nhẹ nhàng cho di chuyển, hiệu năng thì mạnh mẽ,... chắc chắn sẽ là sản phẩm cực thu hút trong số các sản phẩm công nghệ hiện nay.",Bảo hành chính hãng laptop 1 năm tại các trung tâm bảo hành hãng Xem địa chỉ bảo hành,Intel Core Ultra 7 Meteor Lake - 155H,1.4GHz,32,512.0,72.0,14.0,Windows 11 Home SL,,"Jack tai nghe 3.5 mm
2 x USB 3.2
HDMI
1 x USB Type-C USB 4 (hỗ trợ Power Delivery và Thunderbolt 4)
1 x USB Type-C (chỉ hỗ trợ Power Delivery)",TheGioiDiDong,-25%
333814,https://www.thegioididong.com/laptop/lg-gram-17z90s-ultra-7-17z90sgah78a5,Laptop LG Gram 17Z90S Ultra 7 155H/16GB/1TB/Win11 (17Z90S-G.AH78A5),429900000.0,,LG,5.0,,"Nếu bạn đang tìm kiếm một chiếc laptop cao cấp kết hợp giữa hiệu năng mạnh mẽ, thiết kế sang trọng và những tính năng vượt trội hỗ trợ học tập, làm việc hay sáng tạo nội dung, laptop LG Gram 17Z90S Ultra 7 155H (17Z90S-G.AH78A5) sẽ là một lựa chọn không thể tuyệt vời hơn. Sản phẩm không chỉ đáp ứng các tiêu chuẩn công nghệ hiện đại, chip AI tân tiến, màn hình 17 inch ấn tượng,... mà còn mang lại những tiêu chuẩn đẳng cấp cho người sử dụng.",Bảo hành chính hãng laptop 1 năm tại các trung tâm bảo hành hãng Xem địa chỉ bảo hành,Intel Core Ultra 7 Meteor Lake - 155H,1.4GHz,16,1024.0,77.0,17.0,Windows 11 Home SL,2560x1600,"Jack tai nghe 3.5 mm
2 x USB 3.2
HDMI
2 x USB-C with USB 4.0/ Thunderbolt 4",TheGioiDiDong,-12%
333872,https://www.thegioididong.com/laptop/hp-elitebook-635-aero-g11-r5-a8ws6pt,Laptop HP Elitebook 635 Aero G11 R5 8640U/16GB/512GB/Win11 (A8WS6PT),244900000.0,,HP,5.0,,"Nếu bạn đang tìm kiếm một chiếc laptop không chỉ đáp ứng nhu cầu công việc mà còn mang lại cảm hứng sáng tạo và phong cách sống hiện đại, thì chắc chắn không thể bỏ qua laptop HP Elitebook 635 Aero G11 R5 8640U (A8WS6PT). Với sự kết hợp hoàn hảo giữa thiết kế sang trọng, hiệu năng linh hoạt mạnh mẽ và loạt tính năng đột phá, định dạng lại phong cách sống và làm việc cho người dùng.",Bảo hành chính hãng laptop 1 năm tại các trung tâm bảo hành hãng Xem địa chỉ bảo hành,AMD Ryzen 5 - 8640U,3.5 GHz,16,1024.0,43.0,13.3,Windows 11 Home SL,,"2 x USB 3.2
HDMI
1 x Headphone/microphone combo
2 x Thunderbolt 4 (hỗ trợ Power Delivery, DisplayPort)",TheGioiDiDong,
334694,https://www.thegioididong.com/laptop/gigabyte-aorus-16x-x6lag-i7-9rx6lasgddjixdvn010,Laptop GIGABYTE Gaming AORUS 16X X6LAG i7 14650HX/16GB/1TB/8GB RTX4070/165Hz/Win11 (9RX6LASGDDJIXDVN010),390900000.0,,GIGABYTE,5.0,,"Khám phá kho game đa dạng và hấp dẫn với hiệu năng mạnh mẽ từ vi xử lý Intel dòng H và card đồ họa rời RTX 40 series trên laptop GIGABYTE AORUS 16X X6LAG i7 14650HX (9RX6LASGDDJIXDVN010). Với loạt tính năng hiện đại, mẫu laptop gaming tầm trung này hứa hẹn mang đến trải nghiệm giải trí đỉnh cao cho các game thủ.",Bảo hành chính hãng laptop 2 năm tại các trung tâm bảo hành hãng Xem địa chỉ bảo hành,Intel Core i7 Raptor Lake - 14650HX,2.2GHz,16,1024.0,99.0,16.0,Windows 11 Home SL,2560x1600,"2 x USB 3.2
HDMI
1 x USB Type-C (hỗ trợ DisplayPort)
1 x Thunderbolt 4 (hỗ trợ display/power delivery)
1 x Headphone/microphone combo
LAN (RJ45)",TheGioiDiDong,-6%
334804,https://www.thegioididong.com/laptop/dell-inspiron-15-3530-i7-n5i7305w1,Laptop Dell Inspiron 15 3530 i7 1355U/16GB/512GB/120Hz/OfficeHS24+365/Win11 (N5I7305W1),224900000.0,,Dell,5.0,,"Laptop Dell Inspiron 15 3530 i7 1355U (N5I7305W1) là sự lựa chọn hoàn hảo cho game thủ và người dùng chuyên nghiệp đang tìm kiếm một chiếc máy tính xách tay mạnh mẽ, đáng tin cậy. Với hiệu năng ấn tượng và thiết kế tinh tế, chiếc laptop này hứa hẹn mang đến trải nghiệm làm việc và giải trí tuyệt vời. Đây là một sản phẩm đáng đầu tư cho những ai coi trọng hiệu suất và tính di động.",Bảo hành chính hãng laptop 1 năm tại các trung tâm bảo hành hãng Xem địa chỉ bảo hành,Intel Core i7 Raptor Lake - 1355U,1.7GHz,32,2048.0,54.0,15.6,Windows 11 Home SL + Office Home & Student 2024 vĩnh viễn + Microsoft 365 Basic,1920x1080,"1 x USB 2.0
Jack tai nghe 3.5 mm
1 x USB 3.2
HDMI
USB Type-C",TheGioiDiDong,
334806,https://www.thegioididong.com/laptop/asus-vivobook-14-a1407ca-ultra-5-ly008ws,Laptop Asus Vivobook 14 A1407CA Ultra 5 225H/16GB/512GB/OfficeHS24+365/Win11 (LY008WS),204900000.0,,Asus,5.0,,"Laptop Asus Vivobook 14 A1407CA Ultra 5 225H (LY008WS) không chỉ là một chiếc laptop thông thường mà còn là trợ thủ đắc lực cho công việc, học tập và giải trí. Với hiệu suất mạnh mẽ, màn hình chất lượng cao cùng thiết kế bền bỉ, đây chính là lựa chọn lý tưởng cho người dùng yêu thích sự linh hoạt và hiệu quả.",Bảo hành chính hãng laptop 2 năm tại các trung tâm bảo hành hãng Xem địa chỉ bảo hành,Intel Core Ultra 5 Arrow Lake - 225H,1.7GHz,16,512.0,42.0,14.0,Windows 11 Home SL + Office Home & Student 2024 vĩnh viễn + Microsoft 365 Basic,,"Jack tai nghe 3.5 mm
2 x USB 3.2
HDMI
2 x USB Type-C (Power Delivery and DisplayPort)",TheGioiDiDong,-8%
335173,https://www.thegioididong.com/laptop/asus-vivobook-s-16-s5606ca-ultra-5-ri114ws,Laptop Asus Vivobook S 16 S5606CA Ultra 5 225H/16GB/512GB/120Hz/OfficeHS24+365/Win11 (RI114WS),259900000.0,,Asus,5.0,,"Laptop Asus Vivobook S 16 S5606CA Ultra 5 225H (RI114WS) là chiếc laptop Asus Vivobook lý tưởng cho học sinh, sinh viên và nhân viên văn phòng, nổi bật với hiệu năng mạnh mẽ từ chip Intel thế hệ mới và thiết kế mỏng nhẹ, thanh lịch. Đây là một lựa chọn tuyệt vời cho những ai tìm kiếm sự cân bằng giữa hiệu suất và tính di động.",Bảo hành chính hãng laptop 2 năm tại các trung tâm bảo hành hãng Xem địa chỉ bảo hành,Intel Core Ultra 5 Lunar Lake - 225H,1.7GHz,16,512.0,75.0,16.0,Windows 11 Home SL + Office Home & Student 2024 vĩnh viễn + Microsoft 365 Basic,2x8,"Jack tai nghe 3.5 mm
2 x USB 3.2
HDMI
2 x Thunderbolt 4 (hỗ trợ Power Delivery, DisplayPort)",TheGioiDiDong,-10%
335182,https://www.thegioididong.com/laptop/dell-xps-13-9350-ultra-7-xpsu7016w1,Laptop Dell XPS 13 9350 Ultra 7 256V/16GB/512GB/OfficeHS24+365/Win11 (XPSU7016W1),569900000.0,,Dell,5.0,,"Dell XPS từ lâu đã khẳng định vị thế là dòng laptop cao cấp dành cho học sinh, sinh viên và nhân viên văn phòng, và phiên bản Dell XPS 13 9350 Ultra 7 256V (XPSU7016W1) không phải là ngoại lệ. Chiếc laptop này nổi bật với hiệu năng mạnh mẽ nhờ chip Intel Core Ultra 7 thế hệ mới, thiết kế mỏng nhẹ sang trọng, màn hình QHD+ sắc nét và thời lượng pin ấn tượng, hứa hẹn sẽ là người bạn đồng hành lý tưởng cho công việc và học tập. Với sự kết hợp hoàn hảo giữa hiệu năng và tính di động, đây chắc chắn là một lựa chọn đáng cân nhắc trong phân khúc laptop cao cấp.",Bảo hành chính hãng laptop 1 năm tại các trung tâm bảo hành hãng Xem địa chỉ bảo hành,Intel Core Ultra 7 Lunar Lake - 256V,2.2GHz,16,4096.0,55.0,13.4,Windows 11 Home SL + Office Home & Student 2024 vĩnh viễn + Microsoft 365 Basic,2560x1600,2 x Thunderbolt 4 (hỗ trợ Power Delivery),TheGioiDiDong,-8%
335548,https://www.thegioididong.com/laptop/lenovo-ideapad-slim-5-oled-14irh10-i5-83hr0001vn,Laptop Lenovo IdeaPad Slim 5 OLED 14IRH10 i5 13420H/32GB/1TB/Win11 (83HR0001VN),218900000.0,,Lenovo,5.0,,,,,,32,,,,,,,TheGioiDiDong,-6%
335549,https://www.thegioididong.com/laptop/lenovo-ideapad-slim-5-oled-15arp10-r7-83j3001dvn,Laptop Lenovo IdeaPad Slim 5 OLED 15ARP10 R7 7735HS/16GB/512GB/165Hz/Win11 (83J3001DVN),211900000.0,,Lenovo,5.0,,,,,,32,,,,,,,TheGioiDiDong,
335832,https://www.thegioididong.com/laptop/hp-omnibook-uf-14-fh0040tu-ultra-7-b13vhpa,Laptop HP OmniBook Ultra Flip 14 fh0040TU Ultra 7 258V/32GB/1TB/120Hz/OfficeHS/Win11 (B13VHPA),522900000.0,,HP,5.0,,"Laptop HP OmniBook UF 14 fh0040TU Ultra 7 258V (B13VHPA) là một chiếc laptop cao cấp, thiết kế mỏng nhẹ, hiệu năng mạnh mẽ và màn hình OLED cảm ứng siêu đẹp, phù hợp cho học sinh, sinh viên và nhân viên văn phòng. Với thiết kế 2 trong 1, chiếc laptop này sẽ là người bạn đồng hành lý tưởng cho công việc và giải trí. Đây chắc chắn là một lựa chọn đáng cân nhắc trong phân khúc laptop cao cấp hiện nay.",Bảo hành chính hãng laptop 1 năm tại các trung tâm bảo hành hãng Xem địa chỉ bảo hành,Intel Core Ultra 7 Lunar Lake - 258V,2.2GHz,32,1024.0,64.0,14.0,Windows 11 Home SL + Office Home & Student 2021 vĩnh viễn,2x8,"Jack tai nghe 3.5 mm
1 x USB Type-C 3.2 (hỗ trợ Power Delivery và DisplayPort)
2 x Thunderbolt 4 (hỗ trợ Power Delivery, DisplayPort)",TheGioiDiDong,
335963,https://www.thegioididong.com/laptop/acer-predator-helios-18-ai-ph18-73-98aq-ultra-9-nhqvwsv001,Laptop Acer Gaming Predator Helios 18 AI PH18 73 98AQ Ultra 9 275HX/192GB/6TB/24GB RTX5090/120Hz/Win11 Pro (NH.QVWSV.001),1499900000.0,,Acer,5.0,,,,,,32,,,,,,,TheGioiDiDong,
335964,https://www.thegioididong.com/laptop/acer-predator-helios-18-ai-ph18-73-93p0-ultra-9-nhqvysv001,Laptop Acer Gaming Predator Helios 18 AI PH18 73 93P0 Ultra 9 275HX/64GB/3TB/16GB RTX5080/250Hz/Win11 Pro (NH.QVYSV.001),999900000.0,,Acer,5.0,,,,,,32,,,,,,,TheGioiDiDong,
335966,https://www.thegioididong.com/laptop/acer-predator-helios-neo-16s-ai-phn16s-71-95ms-ultra-9-nhqx7sv002,Laptop Acer Gaming Predator Helios Neo 16S AI PHN16S 71 95MS Ultra 9 275HX/64GB/2TB/12GB 5070Ti/240Hz/Win11 (NH.QX7SV.002),699900000.0,,Acer,5.0,,,,,,32,,,,,,,TheGioiDiDong,
335968,https://www.thegioididong.com/laptop/acer-predator-helios-neo-16s-ai-phn16s-71-94t0-ultra-9-nhqx7sv001,Laptop Acer Gaming Predator Helios Neo 16S AI PHN16S 71 94T0 Ultra 9 275HX/32GB/2TB/12GB RTX5070Ti/240Hz/Win11 (NH.QX7SV.001),644900000.0,,Acer,5.0,,,,,,16,,,,,,,TheGioiDiDong,
336032,https://www.thegioididong.com/laptop/asus-zenbook-s16-um5606ka-r7-ai-350-rk113ws,Laptop Asus Zenbook S16 UM5606KA R7 AI 350/24GB/1TB/120Hz/OfficeHS24+365/Win11 (RK113WS),394900000.0,,Asus,5.0,,"Laptop Asus Zenbook S16 UM5606KA R7 AI 350 (RK113WS) là chiếc laptop hoàn hảo cho học sinh, sinh viên và nhân viên văn phòng đang tìm kiếm một thiết bị mỏng nhẹ, hiệu năng mạnh mẽ và tích hợp công nghệ AI tiên tiến. Với thiết kế sang trọng, màn hình OLED sắc nét và thời lượng pin ấn tượng, chiếc laptop này hứa hẹn mang đến trải nghiệm làm việc và giải trí tuyệt vời. Đây chắc chắn là một lựa chọn đáng cân nhắc trong phân khúc laptop cao cấp.",Bảo hành chính hãng laptop 2 năm tại các trung tâm bảo hành hãng Xem địa chỉ bảo hành,AMD Ryzen AI 7 - 350,2GHz,32,1024.0,78.5,16.0,Windows 11 Home SL + Office Home & Student 2024 vĩnh viễn + Microsoft 365 Basic,2x8,"Jack tai nghe 3.5 mm
1 x USB 3.2
HDMI
2 x USB Type-C with USB 4.0 (hỗ trợ DisplayPort, Power Delivery)",TheGioiDiDong,-8%
336035,https://www.thegioididong.com/laptop/asus-rog-strix-g16-g614ju-i7-n4450w,Laptop Asus Gaming ROG Strix G16 G614JU i7 13650HX/16GB/1TB/6GB RTX4050/240Hz/Win11 (N4450W),361900000.0,,Asus,5.0,,"Laptop Asus ROG Strix G16 G614JU i7 13650HX (N4450W) là cỗ máy chiến game mạnh mẽ, đồng thời là công cụ đắc lực cho dân thiết kế đồ họa, dựng video và kỹ thuật. Với hiệu năng vượt trội, màn hình sắc nét và thiết kế hầm hố, chiếc laptop này hứa hẹn mang đến trải nghiệm làm việc và giải trí đỉnh cao, xứng đáng là khoản đầu tư thông minh cho những ai tìm kiếm sự hoàn hảo.",Bảo hành chính hãng laptop 2 năm tại các trung tâm bảo hành hãng Xem địa chỉ bảo hành,Intel Core i7 Raptor Lake - 13650HX,2.6GHz,32,1024.0,90.0,16.0,Windows 11 Home SL,2560x1600,"Jack tai nghe 3.5 mm
1 x USB 3.2 Gen 2 Type-C (hỗ trợ DisplayPort, Power delivery, G-SYNC)
2 x USB 3.2
HDMI
1 x Thunderbolt 4 (hỗ trợ DisplayPort)
LAN (RJ45)",TheGioiDiDong,-11%
336443,https://www.thegioididong.com/laptop/asus-rog-strix-scar-16-g635lw-ultra-9-w175w,Laptop Asus Gaming ROG Strix SCAR 16 G635LW Ultra 9 275HX/64GB/4TB/16GB RTX5080/240Hz/Win11 (RW175W),1179900000.0,,Asus,5.0,,"Laptop Asus ROG Strix SCAR 16 G635LW Ultra 9 275HX (RW175W) là cỗ máy chiến game đỉnh cao, đồng thời là trợ thủ đắc lực cho người dùng chuyên nghiệp, mang đến trải nghiệm vượt trội nhờ hiệu năng khủng, thiết kế hầm hố và màn hình siêu mượt. Với sức mạnh đáng kinh ngạc và vẻ ngoài đậm chất gaming, đây là lựa chọn không thể bỏ qua cho những ai tìm kiếm sự hoàn hảo trong từng trận chiến ảo và công việc sáng tạo.",Bảo hành chính hãng laptop 2 năm tại các trung tâm bảo hành hãng Xem địa chỉ bảo hành,Intel Core Ultra 9 Arrow Lake - 275HX,2.7GHz,16,2048.0,90.0,16.0,Windows 11 Home SL,2560x1600,"Jack tai nghe 3.5 mm
3 x USB 3.2
HDMI
LAN (RJ45)
2 x Thunderbolt 5 (hỗ trợ DisplayPort, Power Delivery và G-SYNC)",TheGioiDiDong,
336444,https://www.thegioididong.com/laptop/asus-rog-strix-scar-16-g635lx-ultra-9-rw179w,Laptop Asus Gaming ROG Strix SCAR 16 G635LX Ultra 9 275HX/64GB/4TB/24GB RTX5090/240Hz/Win11 (RW179W),1419900000.0,,Asus,5.0,,"Chào mừng đến với bài đánh giá chi tiết về chiếc laptop Asus ROG Strix SCAR 16 G635LX Ultra 9 275HX (RW179W) - một ""quái vật"" gaming thực thụ, được thiết kế dành riêng cho các game thủ chuyên nghiệp và người dùng đòi hỏi hiệu năng đỉnh cao. Với sức mạnh vượt trội, thiết kế hầm hố và màn hình siêu mượt, chiếc laptop này hứa hẹn mang đến những trải nghiệm chiến game và làm việc tuyệt vời nhất. Đây chắc chắn là một khoản đầu tư xứng đáng cho những ai tìm kiếm sự hoàn hảo.",Bảo hành chính hãng laptop 2 năm tại các trung tâm bảo hành hãng Xem địa chỉ bảo hành,Intel Core Ultra 9 Arrow Lake - 275HX,2.7GHz,16,2048.0,90.0,16.0,Windows 11 Home SL,2560x1600,"Jack tai nghe 3.5 mm
3 x USB 3.2
HDMI
LAN (RJ45)
2 x Thunderbolt 5 (hỗ trợ DisplayPort, Power Delivery và G-SYNC)",TheGioiDiDong,
336446,https://www.thegioididong.com/laptop/asus-rog-strix-scar-18-g835lx-ultra-9-sa193w,Laptop Asus Gaming ROG Strix SCAR 18 G835LX Ultra 9 275HX/64GB/4TB/24GB RTX5090/240Hz/Win11 (SA193W),1459900000.0,,Asus,5.0,,"Chào mừng đến với bài đánh giá chi tiết về chiếc laptop Asus ROG Strix SCAR 18 G835LX Ultra 9 275HX (SA193W), một cỗ máy chiến game thực thụ dành cho game thủ chuyên nghiệp và những người dùng đòi hỏi hiệu năng đỉnh cao. Với sức mạnh vượt trội, thiết kế hầm hố đậm chất gaming và màn hình siêu mượt, chiếc laptop này hứa hẹn mang đến trải nghiệm chiến game và làm việc tuyệt vời. Đây chắc chắn là một khoản đầu tư xứng đáng cho những ai tìm kiếm sự hoàn hảo.",,Intel Core Ultra 9 Arrow Lake - 275HX,2.7GHz,32,2048.0,90.0,18.0,Windows 11 Home SL,2560x1600,"Jack tai nghe 3.5 mm
3 x USB 3.2
HDMI
LAN (RJ45)
2 x Thunderbolt 5 (hỗ trợ DisplayPort, Power Delivery và G-SYNC)",TheGioiDiDong,
336447,https://www.thegioididong.com/laptop/asus-rog-zephyrus-g16-gu605cx-ultra-9-qr083w,Laptop Asus Gaming ROG Zephyrus G16 GU605CX Ultra 9 285H/64GB/2TB/24GB RTX5090/240Hz/Win11 (QR083W),1319900000.0,,Asus,5.0,,"Chiếc laptop Asus ROG Zephyrus G16 GU605CX Ultra 9 285H (QR083W) sinh ra để phục vụ các game thủ chuyên nghiệp và người dùng sáng tạo nội dung, những người đòi hỏi hiệu năng đỉnh cao trong một thiết kế di động. Với sức mạnh vượt trội đến từ bộ vi xử lý Intel Core Ultra 9 thế hệ mới nhất và card đồ họa RTX 5090, chiếc laptop này không chỉ đáp ứng mọi tựa game AAA mà còn xử lý mượt mà các tác vụ đồ họa nặng. Đây chắc chắn là một ""cỗ máy chiến"" đáng gờm mà bạn không thể bỏ qua.",,Intel Core Ultra 9 Arrow Lake - 285H,2.9GHz,32,2048.0,90.0,16.0,Windows 11 Home SL,2560x1600,"Jack tai nghe 3.5 mm
1 x USB 3.2 Gen 2 Type-C (hỗ trợ DisplayPort, Power delivery, G-SYNC)
2 x USB 3.2
HDMI
1 x Thunderbolt 4 (hỗ trợ display/power delivery)",TheGioiDiDong,
337040,https://www.thegioididong.com/laptop/hp-elitebook-ultra-g1q-x1e-78-100-b4py1pt,Laptop HP Elitebook Ultra G1q X1E 78 100/32GB/1TB/Win11 Pro (B4PY1PT),460900000.0,,HP,5.0,,"Laptop HP Elitebook Ultra G1q X1E 78 100 (B4PY1PT) là chiếc laptop lý tưởng cho học sinh, sinh viên và nhân viên văn phòng, những người đòi hỏi sự mỏng nhẹ, hiệu năng ổn định và thời lượng pin dài. Với thiết kế siêu mỏng nhẹ và bộ vi xử lý Snapdragon X Elite mạnh mẽ, đây là một công cụ làm việc và giải trí di động tuyệt vời, mang đến trải nghiệm cao cấp cho người dùng.",Bảo hành chính hãng laptop 3 năm tại các trung tâm bảo hành hãng Xem địa chỉ bảo hành,Snapdragon X Elite - X1E 78 100,Hãng không công bố,32,1024.0,59.0,14.0,Windows 11 Pro,2x2,"1 x USB 3.2
1 x USB Type-C USB 4 (hỗ trợ DisplayPort và Power Delivery)
1 x Headphone/microphone combo
1 x USB Type-C 3.2 (hỗ trợ Power Delivery và DisplayPort)",TheGioiDiDong,
337234,https://www.thegioididong.com/laptop/lenovo-yoga-slim-7-oled-14imh9-ultra-5-83cv008evn,Laptop Lenovo Yoga Slim 7 OLED 14IMH9 Ultra 5 125H/16GB/1TB/OfficeHS24+365/Win11 (83CV008EVN),241900000.0,,Lenovo,5.0,,,Bảo hành chính hãng laptop 2 năm tại các trung tâm bảo hành hãng Xem địa chỉ bảo hành,Intel Core Ultra 5 Meteor Lake - 125H,1.2GHz,16,1024.0,65.0,14.0,Windows 11 Home SL + Office Home & Student 2024 vĩnh viễn + Microsoft 365 Basic,,"Jack tai nghe 3.5 mm
HDMI
2 x USB Type-C (hỗ trợ Thunderbolt 4 / USB4, Power Delivery 3.1 và DisplayPort 1.4)
1 x USB 3.2 (Always on)",TheGioiDiDong,-6%
337236,https://www.thegioididong.com/laptop/lenovo-yoga-slim-9-oled-14ill10-ultra-7-83cx001avn,Laptop Lenovo Yoga Slim 9 OLED 14ILL10 Ultra 7 258V/32GB/1TB/120Hz/OfficeHS24+365/Win11 (83CX001AVN),561900000.0,,Lenovo,5.0,,,Bảo hành chính hãng laptop 2 năm tại các trung tâm bảo hành hãng Xem địa chỉ bảo hành,Intel Core Ultra 7 Lunar Lake - 258V,2.2GHz,32,1024.0,75.0,14.0,Windows 11 Home SL + Office Home & Student 2024 vĩnh viễn + Microsoft 365 Basic,4x3840,"2 x USB-C (hỗ trợ Thunderbolt 4/USB 4, USB Power Delivery và DisplayPort 2.1)",TheGioiDiDong,-6%
337239,https://www.thegioididong.com/laptop/lenovo-ideapad-slim-5-oled-14akp10-r7-ai-350-83hx001jvn,Laptop Lenovo Ideapad Slim 5 OLED 14AKP10 R7 AI 350/32GB/1TB/Win11 (83HX001JVN),264900000.0,,Lenovo,5.0,,,Bảo hành chính hãng laptop 2 năm tại các trung tâm bảo hành hãng Xem địa chỉ bảo hành,AMD Ryzen AI 7 - 350,2GHz,16,1024.0,60.0,14.0,Windows 11 Home SL,,"Jack tai nghe 3.5 mm
2 x USB Type-C 3.2 (hỗ trợ Power Delivery 3.0 và DisplayPort 1.4)
1 x USB 3.2
HDMI
1 x USB 3.2 (Always on)",TheGioiDiDong,
337240,https://www.thegioididong.com/laptop/lenovo-ideapad-slim-5-oled-14akp10-r5-ai-340-83hx001kvn,Laptop Lenovo Ideapad Slim 5 OLED 14AKP10 R5 AI 340/24GB/512GB/Win11 (83HX001KVN),218900000.0,,Lenovo,5.0,,,Bảo hành chính hãng laptop 2 năm tại các trung tâm bảo hành hãng Xem địa chỉ bảo hành,AMD Ryzen AI 5 - 340,2GHz,16,1024.0,60.0,14.0,Windows 11 Home SL,,"Jack tai nghe 3.5 mm
2 x USB Type-C 3.2 (hỗ trợ Power Delivery 3.0 và DisplayPort 1.4)
1 x USB 3.2
HDMI
1 x USB 3.2 (Always on)",TheGioiDiDong,
337241,https://www.thegioididong.com/laptop/lenovo-ideapad-slim-3-14irh10-i7-83k00009vn,Laptop Lenovo IdeaPad Slim 3 14IRH10 i7 13620H/24GB/512GB/Win11 (83K00009VN),199900000.0,,Lenovo,5.0,,,Bảo hành chính hãng laptop 2 năm tại các trung tâm bảo hành hãng Xem địa chỉ bảo hành,Intel Core i7 Raptor Lake - 13620H,2.4GHz,32,1024.0,60.0,14.0,Windows 11 Home SL,,"Jack tai nghe 3.5 mm
2 x USB 3.2
HDMI
1 x USB Type-C 3.2 (hỗ trợ USB Power Delivery và DisplayPort 1.2)",TheGioiDiDong,
337242,https://www.thegioididong.com/laptop/lenovo-ideapad-slim-3-14irh10-i7-83k00007vn,Laptop Lenovo IdeaPad Slim 3 14IRH10 i7 13620H/16GB/512GB/Win11 (83K00007VN),189900000.0,,Lenovo,5.0,,,Bảo hành chính hãng laptop 2 năm tại các trung tâm bảo hành hãng Xem địa chỉ bảo hành,Intel Core i7 Raptor Lake - 13620H,2.4GHz,16,1024.0,60.0,14.0,Windows 11 Home SL,,"Jack tai nghe 3.5 mm
2 x USB 3.2
HDMI
1 x USB Type-C 3.2 (hỗ trợ USB Power Delivery và DisplayPort 1.2)",TheGioiDiDong,
337473,https://www.thegioididong.com/laptop/dell-inspiron-15-3520-i5-1235u-n3520i5u085w11blufp,Laptop Dell Inspiron 15 3520 i5 1235U/8GB/512GB/120Hz/OfficeHS24+365/Win11 (N3520-i5U085W11BLU-FP),144900000.0,,Dell,5.0,,"Chiếc laptop Dell Inspiron 15 3520 i5 1235U (N3520-i5U085W11BLU-FP) - một lựa chọn sáng giá cho học sinh, sinh viên và nhân viên văn phòng đang tìm kiếm một chiếc laptop ổn định, mạnh mẽ và đa năng. Với thiết kế thanh lịch, hiệu năng ấn tượng và mức giá hợp lý, chiếc laptop này hứa hẹn sẽ là người bạn đồng hành đáng tin cậy trong công việc và học tập. Nếu bạn đang phân vân tìm kiếm một chiếc laptop đáp ứng tốt các nhu cầu trên thì đây chính là sản phẩm bạn không nên bỏ qua.",Bảo hành chính hãng laptop 1 năm tại các trung tâm bảo hành hãng Xem địa chỉ bảo hành,Intel Core i5 Alder Lake - 1235U,1.3GHz,32,1024.0,41.0,15.6,Windows 11 Home SL + Office Home & Student 2024 vĩnh viễn,1920x1080,"1 x USB 2.0
2 x USB 3.2
HDMI",TheGioiDiDong,-9%
337841,https://www.thegioididong.com/laptop/gigabyte-aorus-master-16-ultra-9-16-byhc5vne64sh,Laptop GIGABYTE AORUS MASTER 16 Ultra 9 275HX/32GB/1TB/16GB RTX5080/240Hz/Win11 (AORUS-MASTER-16-BYHC5VNE64SH),994900000.0,,GIGABYTE,5.0,,"Laptop GIGABYTE AORUS MASTER 16 Ultra 9 275HX (AORUS-MASTER-16-BYHC5VNE64SH) là cỗ máy gaming đỉnh cao, sinh ra để chinh phục mọi thử thách dành cho game thủ chuyên nghiệp và người dùng sáng tạo nội dung. Với sức mạnh vượt trội từ bộ vi xử lý Intel Core Ultra 9 thế hệ mới nhất và card đồ họa NVIDIA GeForce RTX 5080, chiếc laptop này hứa hẹn mang đến trải nghiệm mượt mà, sống động trong mọi tác vụ. Đây chắc chắn là một khoản đầu tư xứng đáng cho những ai tìm kiếm hiệu năng tối thượng.",Bảo hành chính hãng laptop 2 năm tại các trung tâm bảo hành hãng Xem địa chỉ bảo hành,Intel Core Ultra 9 Arrow Lake - 275HX,2.7GHz,16,1024.0,99.0,16.0,Windows 11 Home SL,2560x1600,"Jack tai nghe 3.5 mm
2 x USB 3.2
HDMI
1 x Thunderbolt 4 / USB 4 (hỗ trợ truyền dữ liệu, Power Delivery 3.0 và DisplayPort 1.4)
LAN (RJ45)
1 x USB Type-C with Thunderbolt 5 (hỗ trợ USB 4, DisplayPort 2.1 và Power Delivery 3.0)",TheGioiDiDong,
337842,https://www.thegioididong.com/laptop/gigabyte-g6-mf-rc56-i7-9rc56mf0hjiixivn000,Laptop GIGABYTE G6 MF RC56 i7 13620H/16GB/512GB/6GB RTX4050/165Hz/Win11 (9RC56MF0HJIIXIVN000),254900000.0,,GIGABYTE,5.0,,,Bảo hành chính hãng laptop 2 năm tại các trung tâm bảo hành hãng Xem địa chỉ bảo hành,Intel Core i7 Raptor Lake - 13620H,2.4GHz,16,4096.0,54.0,16.0,Windows 11 Home SL,,"1 x USB 2.0
1 x USB 3.2
HDMI
1 x Microphone jack
1 x Headphone/microphone combo
LAN (RJ45)
2 x USB Type-C
Mini DisplayPort",TheGioiDiDong,
337843,https://www.thegioididong.com/laptop/gigabyte-a16-ga6h-i5-gaminga16cmhh2vn893sh,Laptop GIGABYTE A16 GA6H i5 13420H/16GB/512GB/6GB RTX4050/165Hz/Win11 (GAMING-A16-CMHH2VN893SH),244900000.0,,GIGABYTE,5.0,,"Chào mừng đến với bài giới thiệu chi tiết về chiếc laptop GIGABYTE G6 MF RC56 i7 13620H (9RC56MF0HJIIXIVN000)! Đây là một cỗ máy gaming mạnh mẽ, được thiết kế dành riêng cho các game thủ và người dùng chuyên nghiệp đang tìm kiếm hiệu năng vượt trội trong một thiết kế di động. Với cấu hình ấn tượng và nhiều tính năng hấp dẫn, chiếc laptop này hứa hẹn mang đến những trải nghiệm tuyệt vời. Nếu bạn đang cân nhắc một chiếc laptop gaming đáng giá, thì đây chắc chắn là một lựa chọn không thể bỏ qua.",Bảo hành chính hãng laptop 2 năm tại các trung tâm bảo hành hãng Xem địa chỉ bảo hành,Intel Core i5 Raptor Lake - 13420H,2.1GHz,16,4096.0,76.0,16.0,Windows 11 Home SL,,"1 x USB 2.0
Jack tai nghe 3.5 mm
2 x USB 3.2
HDMI
1 x USB Type-C (hỗ trợ truyền dữ liệu, Power Delivery 3.0 và DisplayPort 1.4)
LAN (RJ45)",TheGioiDiDong,
337844,https://www.thegioididong.com/laptop/gigabyte-g6x-9kg-c6lg-i7-9rc6l9kghsjix1vn000,Laptop GIGABYTE G6X 9KG C6LG i7 13650HX/16GB/1TB/8GB RTX4060/165Hz/Win11 (9RC6L9KGHSJIX1VN000),319900000.0,,GIGABYTE,5.0,,"Laptop GIGABYTE G6X 9KG C6LG i7 13650HX (9RC6L9KGHSJIX1VN000) là một cỗ máy chiến game mạnh mẽ, được thiết kế dành riêng cho game thủ và những người dùng chuyên nghiệp đòi hỏi hiệu năng cao. Với bộ vi xử lý Intel Core i7 thế hệ 13, card đồ họa RTX 4060 và màn hình 165 Hz siêu mượt, chiếc laptop này hứa hẹn mang đến trải nghiệm gaming đỉnh cao và khả năng xử lý tác vụ nặng mượt mà. Đây là một lựa chọn đáng cân nhắc cho những ai đang tìm kiếm một chiếc laptop gaming mạnh mẽ và đa năng trong tầm giá.",Bảo hành chính hãng laptop 2 năm tại các trung tâm bảo hành hãng Xem địa chỉ bảo hành,Intel Core i7 Raptor Lake - 13650HX,2.6GHz,32,1024.0,73.0,16.0,Windows 11 Home SL,,"2 x USB 3.2
HDMI
1 x USB Type-C (hỗ trợ DisplayPort)
1 x Headphone/microphone combo
LAN (RJ45)
1 x USB Type-C (chỉ hỗ trợ Power Delivery)",TheGioiDiDong,
338279,https://www.thegioididong.com/laptop/lenovo-ideapad-slim-5-oled-15arp10-r7-83j3002svn,Laptop Lenovo IdeaPad Slim 5 OLED 15ARP10 R7 7735HS/32GB/512GB/165Hz//Win11 (83J3002SVN),234900000.0,,Lenovo,5.0,,,Bảo hành chính hãng laptop 2 năm tại các trung tâm bảo hành hãng Xem địa chỉ bảo hành,AMD Ryzen 7 - 7735HS,3.2GHz,16,1024.0,70.0,15.1,Windows 11 Home SL,2560x1600,"2 x USB Type-C 3.2 (hỗ trợ Power Delivery 3.0 và DisplayPort 1.4)
1 x USB 3.2
HDMI
1 x Headphone/microphone combo
1 x USB 3.2 (Always on)",TheGioiDiDong,
