Link,Name,Brand,DiscountedPrice,DiscountedPercent,SoldQuantity,BatteryCapacity,FrontCamera,BackCamera,GPU,ChargingPort,RAM,Resolution,ROM,ScreenSize,WarrantyDuration,Rating,NumberOfReview,Description,data_source,ID,Discounted Price,Discount Precent,Sold Quanity,Origin,Charging Port,Screen Size,Warranty Duration,Number Review
https://cellphones.com.vn/iphone-16-pro-max.html,iPhone 16 Pro Max 256GB | Chính hãng VN/A,Apple,30490000,Giảm 13%,,,"12MP, ƒ/1.9, Tự động lấy nét theo pha Focus Pixels","Camera chính: 48MP, f/1.78, 24mm, 2µm, chống rung quang học dịch chuyển cảm biến thế hệ thứ hai, Focus Pixels 100%
Telephoto 2x 12MP: 52 mm, ƒ/1.6
Camera góc siêu rộng: 48MP, 13 mm,ƒ/2.2 và trường ảnh 120°, Hybrid Focus Pixels, ảnh có độ phân giải",CPU 6 lõi mới với 2 lõi hiệu năng và 4 lõi hiệu suất,,,2868x1320,,6.9,"Máy mới 100% , chính hãng Apple Việt Nam.
CellphoneS hiện là đại lý bán lẻ uỷ quyền iPhone chính hãng VN/A của Apple Việt Nam",4.9/5,293.0,"Màn hình Super Retina XDR 6,9 inch lớn hơn có viền mỏng hơn, đem đến cảm giác tuyệt vời khi cầm trên tay.
Điều khiển Camera - Chỉ cần trượt ngón tay để điều chỉnh camera giúp chụp ảnh hoặc quay video đẹp hoàn hảo và siêu nhanh.
iPhone 16 Pro Max có thiết kế titan cấp 5 với lớp hoàn thiện mới, tinh tế được xử lý bề mặt vi điểm.
iPhone 16 Pro Max được cài đặt sẵn hệ điều hành iOS 18, cho giao diện trực quan, dễ sử dụng và nhiều tính năng hữu ích.",CellphoneS,,,,,,,,,
https://cellphones.com.vn/dien-thoai-samsung-galaxy-s25.html,Samsung Galaxy S25 256GB,Samsung,19690000,Giảm 14%,,,12MP,"Camera siêu rộng 12MP
Camera góc rộng 50MP
Camera Tele 10MP","Tốc độ CPU 4.47GHz, 3.5GHz
8 nhân",,,2340x1080,,6.2,"Mới, đầy đủ phụ kiện từ nhà sản xuất",5.0/5,1.0,"Màn hình Dynamic AMOLED 2X 6.2 inch 120Hz – Hiển thị sắc nét, mượt mà, tiết kiệm pin.
Chip Snapdragon 8 Elite – Hiệu năng mạnh mẽ, tối ưu AI, tiết kiệm năng lượng.
Camera 50MP + Zoom quang 3X – Cảm biến lớn, chụp đêm tốt, quay video 8K.
Thiết kế cao cấp, IP68 – Chống nước, chống bụi, bền bỉ và sang trọng.",CellphoneS,,,,,,,,,
https://cellphones.com.vn/xiaomi-14t-pro.html,Xiaomi 14T Pro 12GB 512GB,Xiaomi,16990000,Giảm 6%,,,"32MPƒ/2,0
Độ dài tiêu cự tương đương 25 mm
FOV 80,8˚
Chế độ ban đêm
HDR
Tính năng chụp ảnh bằng lòng bàn tay","Máy ảnh chính: 50MP, 23mm, ƒ/1 6
Máy ảnh góc siêu rộng: 12MP, 15mm, ƒ/2 2
Máy ảnh tele: 50MP, 60mm, ƒ/2 0","1 x Cortex-X4, tối đa 3,4GHz; 3 x Cortex-X4, lên đến 2,85GHz; 4 x Cortex-A720, lên đến 2.0GHz",,,1220x2712,,6.67,"Mới, đầy đủ phụ kiện từ nhà sản xuất",4.9/5,58.0,"Hiệu năng Xiaomi 14T Pro 5G mạnh mẽ với chip MediaTek Dimensity 9300+ - Hiệu suất tối ưu cho các tác vụ nặng như chơi game, xử lý đồ họa và đa nhiệm mượt mà.
Màn hình AMOLED 6.67 inch 144Hz siêu mượt - Trải nghiệm hình ảnh sắc nét, mọi thao tác trở nên mượt mà hơn, từ lướt web đến chơi game.
Pin 5.000mAh và sạc nhanh 120W - Điện thoại Xiaomi 14T Pro 5G giúp bạn sạc đầy chỉ trong vòng chưa đến 20 phút, đảm bảo thời lượng sử dụng lâu dài suốt cả ngày.
Hỗ trợ 5G và Wi-Fi 7 - Tốc độ kết nối siêu nhanh, giúp bạn trải nghiệm mượt mà từ xem video trực tuyến đến chơi game mà không lo bị gián đoạn.",CellphoneS,,,,,,,,,
https://cellphones.com.vn/oppo-reno10-pro-plus.html,OPPO Reno10 Pro+ 5G 12GB 256GB,OPPO,10990000,Giảm 45%,,,"Camera góc rộng: 32 MP, f/2.4","Camera góc rộng: 50 MP
Kính tiềm vọng: 64 MP, PDAF, 5x optical zoom
Camera góc siêu rộng: 8 MP, f/2.2",1x3.0 GHz Cortex-X2 & 3x2.75 GHz Cortex-A710 & 4x2.0 GHz Cortex-A510,,,1240x2772,,6.74,"Mới, đầy đủ phụ kiện từ nhà sản xuất",4.9/5,11.0,"Trải nghiệm hình ảnh sống động, rực rỡ và sắc nét với tấm nền AMOLED 6.74 inch cùng tần số quét 120Hz mượt mà.
Hiệu năng mạnh mẽ cho khả năng xử lý đa nhiệm mượt mà, chơi game cấu hình cao.
Chụp ảnh chuyên nghiệp, sắc nét và ấn tượng với camera sau AI 50MP (chính) & Phụ 64 MP, 8 MP
Sử dụng thoải mái cả ngày dài với pin dung lượng cao 4700mAh, hỗ trợ sạc nhanh SuperVOOC 100W.",CellphoneS,,,,,,,,,
https://cellphones.com.vn/xiaomi-14t.html,Xiaomi 14T 12GB 512GB,Xiaomi,12490000,Giảm 11%,,,"32MPƒ/2,0
FOV 80,8˚
Chế độ ban đêm
HDR
Tính năng chụp ảnh bằng lòng bàn tay","Camera chính: 50MP, 23mm, ƒ/1 7 Cảm biến hình ảnh IMX906 của Sony 2 0 m Super Pixel
Máy ảnh tele: 50MP, 50mm, ƒ/1 9
Máy ảnh góc siêu rộng: 12MP, 15mm, ƒ/2 2","1x Cortex-A715, Lên đến 3,35GHz; 3x Cortex-A715, Lên đến 3,2GHz; 4x Cortex-A510 lên đến 2,2GHz",,,1220x2712,,6.67,"Mới, đầy đủ phụ kiện từ nhà sản xuất",5.0/5,40.0,"Hiệu năng mạnh mẽ với chip MediaTek Dimensity 8300-Ultra - Mang lại hiệu năng tốt cho các tác vụ hàng ngày, từ lướt web, xem video đến chơi game với độ ổn định cao.
Thấu kính quang học Leica Summilux - Ghi lại những bức ảnh chi tiết, sắc nét phù hợp với nhu cầu nhiếp ảnh di động và quay phim chất lượng cao.
Màn hình 144Hz AMOLED cho màu sắc sống động, độ sáng cao và khả năng tái hiện hình ảnh chân thực, mang lại trải nghiệm xem phim, chơi game tuyệt vời.
Xiaomi 14T trang bị pin lớn 5.000mAh, kết hợp với công nghệ sạc nhanh 67W - Sạc đầy nhanh chóng và duy trì thời gian sử dụng suốt cả ngày.",CellphoneS,,,,,,,,,
https://cellphones.com.vn/iphone-15.html,iPhone 15 128GB | Chính hãng VN/A,Apple,15790000,Giảm 21%,,,"12MP, ƒ/1.9",Chính 48 MP & Phụ 12 MP,CPU 6 lõi với 2 lõi hiệu năng và 4 lõi tiết kiệm điện,,,2556x1179,,6.1,"Máy mới 100% , chính hãng Apple Việt Nam.
CellphoneS hiện là đại lý bán lẻ uỷ quyền iPhone chính hãng VN/A của Apple Việt Nam",4.9/5,72.0,"Thiết kế thời thượng và bền bỉ - Mặt lưng kính được pha màu xu hướng cùng khung viền nhôm bền bỉ
Dynamic Island hiển thị linh động mọi thông báo ngay lập tức giúp bạn nắm bắt mọi thông tin
Chụp ảnh đẹp nức lòng - Camera chính 48MP, Độ phân giải lên đến 4x và Tele 2x chụp chân dung hoàn hảo
Pin dùng cả ngày không lắng lo - Thời gian xem video lên đến 20 giờ và sạc nhanh qua cổng USB-C tiện lợi
Cải tiến hiệu năng vượt bậc - A16 Bionic mạnh mẽ giúp bạn cân mọi tác vụ dù có yêu cầu đồ hoạ cao",CellphoneS,,,,,,,,,
https://cellphones.com.vn/dien-thoai-samsung-galaxy-s24-fe.html,Samsung Galaxy S24 FE 5G 8GB 128GB,Samsung,12790000,Giảm 25%,,,10MP,50MP + 12vMP + 8MP,,,,1080x2400,,6.7,"Mới, đầy đủ phụ kiện từ nhà sản xuất",4.8/5,6.0,"Màn hình Dynamic AMOLED 120Hz - Mang lại trải nghiệm hình ảnh siêu mượt mà, màu sắc sống động.
Chip Exynos 2400e (4nm) cung cấp hiệu năng vượt trội, xử lý mượt mà mọi tác vụ từ chơi game đồ họa cao cho đến đa nhiệm ứng dụng.
Camera 50MP chuyên nghiệp với tính năng AI vượt trội giúp bạn chụp ảnh chất lượng cao trong mọi điều kiện ánh sáng.
Với viên pin dung lượng 4700mAh và công nghệ sạc nhanh 25W - Galaxy S24 FE đảm bảo sử dụng bền bỉ suốt ngày dài.",CellphoneS,,,,,,,,,
https://cellphones.com.vn/dien-thoai-xiaomi-redmi-note-14.html,Xiaomi Redmi Note 14 6GB 128GB,Xiaomi,4790000,Giảm 4%,,,Camera trước 20MP - f/2.2,"Hệ thống camera AI 108MP
Camera đo chiều sâu 2MP - f/2.4
Camera cận cảnh 2MP - f/2.4","8 nhân, lên đến 2.2GHz",,,1080x2400,,6.67,"Mới, đầy đủ phụ kiện từ nhà sản xuất",4.9/5,104.0,"Redmi Note 14 sở hữu camera AI 108MP kết hợp với zoom trong cảm biến 3x, cho ra những bức ảnh sắc nét, chi tiết dù chụp chủ thể ở xa hay cận cảnh phức tạp.
Sản phẩm được trang bị bộ xử lý MediaTek Helio G99-Ultra 6nm, mang đến hiệu suất mượt mà, phản hồi nhanh, dù là đa nhiệm, chơi game hay phát trực tuyến.
Màn hình Xiaomi Redmi Note 14 6,67 inch, tốc độ làm mới lên đến 120Hz đảm bảo dù ở trong nhà hay ngoài trời mang đến trải nghiệm xem thú vị, đắm chìm.
Thiết kế với các cạnh bo tròn, tiện dụng giúp bạn dễ dàng cầm nắm, dù đang di chuyển trong ngày làm việc bận rộn hay thư giãn vào buổi tối.",CellphoneS,,,,,,,,,
https://cellphones.com.vn/dien-thoai-oppo-find-n5.html,OPPO FIND N5,OPPO,44990000,,,,"Màn hình chính: 8MP, ƒ/2.4
Màn hình ngoài: 8MP, ƒ/2.4","50MP, ƒ/1.8 OIS (Chính) + 8MP, ƒ/2.2 (Góc rộng) + 50MP, ƒ/2.7 (Tele)",,,,2x480,,8.12,"Mới, đầy đủ phụ kiện từ nhà sản xuất",5.0/5,6.0,"Chip Snapdragon 8 Elite, RAM 16GB, bộ nhớ trong 512GB, xử lý mượt mà mọi tác vụ
Màn hình AMOLED 8.12"" (trong) & 6.62"" (ngoài), tần số quét 120Hz, hiển thị sắc nét
Camera chính & tele 50MP, góc rộng 8MP, chụp ảnh sắc nét, zoom quang học ấn tượng
Dung lượng 5,600mAh, sạc nhanh 80W, sử dụng cả ngày dài",CellphoneS,,,,,,,,,
https://cellphones.com.vn/iphone-16-pro.html,iPhone 16 Pro 128GB | Chính hãng VN/A,Apple,24990000,Giảm 14%,,,"12MP, ƒ/1.9, Tự động lấy nét theo pha Focus Pixels","Camera chính: 48MP, f/1.78, 24mm, chống rung quang học dịch chuyển cảm biến thế hệ thứ hai, Focus Pixels 100%, hỗ trợ ảnh có độ phân giải siêu cao
Hỗ trợ Telephoto 2x 12MP: 52 mm, ƒ/1.6
Camera góc siêu rộng: 48MP, 13 mm, ƒ/2.2 và trường ảnh 120°, H",CPU 6 lõi mới với 2 lõi hiệu năng và 4 lõi tiết kiệm điện,,,2622x1206,,6.3,"Máy mới 100% , chính hãng Apple Việt Nam.
CellphoneS hiện là đại lý bán lẻ uỷ quyền iPhone chính hãng VN/A của Apple Việt Nam",5.0/5,39.0,"Màn hình Super Retina XDR 6,3 inch lớn hơn có viền mỏng hơn, đem đến cảm giác tuyệt vời khi cầm trên tay.
Điều khiển Camera - Chỉ cần trượt ngón tay để điều chỉnh camera giúp chụp ảnh hoặc quay video đẹp hoàn hảo và siêu nhanh. 
Tính năng quay video đẳng cấp với 4K Dolby Vision tốc độ 120 fps — độ phân giải và tốc độ khung hình cao nhất hiện nay của Apple.
iPhone 16 Pro được cài đặt sẵn hệ điều hành iOS 18, cho giao diện trực quan, dễ sử dụng và nhiều tính năng hữu ích.",CellphoneS,,,,,,,,,
https://cellphones.com.vn/iphone-13.html,iPhone 13 128GB | Chính hãng VN/A,Apple,11590000,Giảm 17%,,,"12MP, f/2.2","Camera góc rộng: 12MP, f/1.6
Camera góc siêu rộng: 12MP, ƒ/2.4",3.22 GHz,,,2532x1170,,6.1,"Máy mới 100% , chính hãng Apple Việt Nam.
CellphoneS hiện là đại lý bán lẻ uỷ quyền iPhone chính hãng VN/A của Apple Việt Nam",5.0/5,320.0,"Hiệu năng vượt trội - Chip Apple A15 Bionic mạnh mẽ, hỗ trợ mạng 5G tốc độ cao
Không gian hiển thị sống động - Màn hình 6.1"" Super Retina XDR độ sáng cao, sắc nét
Trải nghiệm điện ảnh đỉnh cao - Camera kép 12MP, hỗ trợ ổn định hình ảnh quang học
Tối ưu điện năng - Sạc nhanh 20 W, đầy 50% pin trong khoảng 30 phút",CellphoneS,,,,,,,,,
https://cellphones.com.vn/iphone-15-pro-max.html,iPhone 15 Pro Max 256GB | Chính hãng VN/A,Apple,27990000,Giảm 20%,,,"12MP, ƒ/1.9","Camera chính: 48MP, 24 mm, ƒ/1.78
Camera góc siêu rộng: 12 MP, 13 mm, ƒ/2.2
Camera Tele: 12 MP",CPU 6 lõi mới với 2 lõi hiệu năng và 4 lõi hiệu suất,,,2796x1290,,6.7,"Máy mới 100% , chính hãng Apple Việt Nam.
CellphoneS hiện là đại lý bán lẻ uỷ quyền iPhone chính hãng VN/A của Apple Việt Nam",4.9/5,186.0,"Thiết kế khung viền từ titan chuẩn hàng không vũ trụ - Cực nhẹ, bền cùng viền cạnh mỏng cầm nắm thoải mái
Hiệu năng Pro chiến game thả ga - Chip A17 Pro mang lại hiệu năng đồ họa vô cùng sống động và chân thực
Thoả sức sáng tạo và quay phim chuyên nghiệp - Cụm 3 camera sau đến 48MP và nhiều chế độ tiên tiến
Nút tác vụ mới giúp nhanh chóng kích hoạt tính năng yêu thích của bạn",CellphoneS,,,,,,,,,
https://cellphones.com.vn/dien-thoai-xiaomi-redmi-note-14-5g.html,Xiaomi Redmi Note 14 5G 8GB 256GB,Xiaomi,7290000,,,,"20MP, ƒ/2.2","108MP, ƒ/1.7
8MP góc siêu rộng, ƒ/2.2
2MP Macro, ƒ/2.4","Octa-core processor, up to 2.5GHz
Tiền trình 6nm",,,1080x2400,,6.67,"Mới, đầy đủ phụ kiện từ nhà sản xuất",4.7/5,3.0,"Thiết kế Xiaomi Redmi Note 14 5G mỏng với khả năng kháng bụi và nước IP642 cùng kính Gorilla Glass 5, sử dụng bền bỉ hơn
Hiệu suất mạnh mẽ với vi xử lý MediaTek Dimensity 7025-Ultra và pin 5110mAh đảm bảo hiệu suất mượt mà suốt cả ngày
Màn hình 120Hz sáng rõ, độ sáng tối đa 2100 nits, mang lại trải nghiệm xem sắc nét ngay cả dưới ánh nắng
Redmi Note 14 5G với camera AI 108MP ấn tượng hệ thống camera với OIS và tính năng chụp ban đêm, nâng tầm nhiếp ảnh và video
Tiện lợi và an toàn, mở khóa nhanh với cảm biến vân tay trong màn hình",CellphoneS,,,,,,,,,
https://cellphones.com.vn/dien-thoai-nothing-phone-2a-plus.html,Nothing Phone 2A Plus 5G 12GB 256GB - Chỉ có tại CellphoneS,Chuẩn NFC,8490000,Giảm 26%,,,"50 MP, f/2.2, 1/2.76""","Camera chính: 50 MP, f/1.88, 1/1.57""
Camera góc siêu rộng: 50 MP, f/2.2, 1/2.76""",Up to 3.0 GHz,,,1080x2412,,6.7,"Mới, đầy đủ phụ kiện từ nhà sản xuất",5.0/5,5.0,"Màn hình lớn, sắc nét, hỗ trợ tần số quét 120Hz mang lại trải nghiệm mượt mà cho cả việc xem nội dung và chơi game.
Chip MediaTek Dimensity 7350 Pro 5G, Nothing Phone 2 mang đến hiệu suất cao, hỗ trợ tốt các tác vụ đa nhiệm và chơi game nặng.
Hệ thống camera kép với cảm biến chính 50MP và một cảm biến siêu rộng 50MP đem lại những ảnh chụp và video siêu chất lượng.
Pin dung lượng cao 5000 mAh, hỗ trợ sạc nhanh 50W giúp người dùng yên tâm sử dụng cả ngày mà không lo gián đoạn.",CellphoneS,,,,,,,,,
https://cellphones.com.vn/samsung-galaxy-z-flip-6.html,Samsung Galaxy Z Flip6 12GB 256GB,Samsung,20990000,Giảm 28%,,,"10.0 MP, f/2.2","Camera góc chụp rộng: 50.0 MP, f/1.8, thu phóng quang học 2x
Góc chụp siêu rộng: 12.0 MP, f/2.2","8 nhân 3.39 GHz, 3.1GHz, 2.9GHz, 2.2GHz",,,1080x2640,,6.7,"Mới, đầy đủ phụ kiện từ nhà sản xuất",5.0/5,20.0,"Chip Snapdragon 8 Gen 3 8 nhân mang đến hiệu năng mạnh mẽ, cho phép bạn xử lý các tác vụ hàng ngày một cách mượt mà.
Màn hình gập 6.7 inch Dynamic AMOLED 2X 120Hz mang đến trải nghiệm hình ảnh tuyệt vời, với độ phân giải cao.
Camera sau 50MP + 12MP cho phép bạn chụp ảnh chất lượng cao, với độ chi tiết cao và màu sắc rực rỡ. 
Pin dung lượng 4000 mAh cho phép bạn sử dụng điện thoại cả ngày dài mà không cần lo lắng về việc hết pin. ",CellphoneS,,,,,,,,,
https://cellphones.com.vn/dien-thoai-nubia-neo-3-4g.html,Nubia Neo 3 4G 8GB 128GB,Nubia,3990000,Giảm 11%,,,16MP,50MP + 2MP,Octa-Core (4*Cortex-A76 @ 2.2GHz + 4*Cortex-A55 @2.0GHz),,,,,6.8,"Mới, đầy đủ phụ kiện từ nhà sản xuất",5.0/5,13.0,"RAM 8GB & Bộ nhớ 128GB hỗ trợ đa nhiệm mượt mà và lưu trữ dữ liệu thoải mái cho người dùng
Hệ thống làm mát tiên tiến, giảm thiểu quá nhiệt khi chơi game lâu, đảm bảo hiệu suất ổn định
Pin 6000mAh thời gian sử dụng dài, cho phép chơi game liên tục từ 7-8 giờ hoặc xem video 10-12 giờ
Công nghệ sạc nhanh 33W đảm bảo thiết bị luôn sẵn sàng hoạt động nhanh chóng
Camera 50MP & Màn hình 6.8 inch 120Hz cải thiện chất lượng ảnh và tối ưu hóa trải nghiệm với thao tác mượt mà",CellphoneS,,,,,,,,,
https://cellphones.com.vn/samsung-galaxy-s24-ultra.html,Samsung Galaxy S24 Ultra 12GB 256GB,Samsung,23990000,Giảm 29%,,,"12 MP, f/2.2","Camera chính: 200MP, Laser AF, OIS
Camera: 50MP, PDAF, OIS, zoom quang học 5x
Camera tele: 10MP
Camera góc siêu rộng: 12 MP, f/2.2, 13mm, 120˚","3.39GHz,3.1GHz,2.9GHz,2.2GHz",,,1440x3120,,6.8,"Mới, đầy đủ phụ kiện từ nhà sản xuất",4.9/5,59.0,"Trải nghiệm đỉnh cao trên Samsung S24 Ultra với hiệu năng mạnh mẽ từ vi xử lý tân tiến, kết hợp cùng RAM 12GB cho khả năng đa nhiệm mượt mà.
Lưu trữ thoải mái mọi ứng dụng, hình ảnh và video với bộ nhớ trong 256GB.
Nâng tầm nhiếp ảnh di động với hệ thống camera S24 Ultra 5G tiên tiến, cho ra đời những bức ảnh và video chất lượng chuyên nghiệp.
Thiết kế sang trọng, đẳng cấp, khẳng định phong cách thời thượng.",CellphoneS,,,,,,,,,
https://cellphones.com.vn/dien-thoai-nothing-phone-2a.html,Nothing Phone 2A 5G 8GB 128GB - Chỉ có tại CellphoneS,Chuẩn NFC,6690000,Giảm 26%,,,"32 MP, f/2.2, 1/2.74""","50 MP, f/1.88, 1/1.56""
50 MP, f/2.2, 1/2.76"", 114° FOV",Up to 2.8 GHz,,,1080x2412,,6.7,"Mới, đầy đủ phụ kiện từ nhà sản xuất",4.9/5,8.0,"Màn hình 6.7 inch AMOLED, tần số quét 120Hz, hiển thị mượt mà, màu sắc rực rỡ.
Chip MediaTek Dimensity 7200 Pro mạnh mẽ với chip hàng đầu, xử lý đa nhiệm và game nặng mượt mà.
Camera kép với cảm biến 50MP, chụp ảnh sắc nét, quay video 4K ấn tượng.
Pin 5000mAh, sạc nhanh - Dung lượng pin lớn, hỗ trợ sạc nhanh, đáp ứng nhu cầu dùng cả ngày dài.",CellphoneS,,,,,,,,,
https://cellphones.com.vn/dien-thoai-samsung-galaxy-a56.html,Samsung Galaxy A56 5G 8GB 128GB,Samsung,9690000,Giảm 3%,,,"12.0 MP, F/2.2","50.0 MP, F/1.8 + 12.0 MP, F/2.2 + 5.0 MP, F/2.4","8 nhân 2.9GHz, 2.6GHz, 1.9GHz",,,1080x2340,,6.7,"Mới, đầy đủ phụ kiện từ nhà sản xuất",4.5/5,4.0,"Màn hình Samsung A56 6.7 inch FHD+ Super AMOLED, tần số quét 120Hz cho trải nghiệm hiển thị mượt mà, màu sắc sống động.
Camera chính 50MP OIS, hỗ trợ chống rung quang học giúp chụp ảnh và quay video sắc nét trong mọi điều kiện.
Pin 5000mAh bền bỉ, sạc nhanh 45W đáp ứng nhu cầu sử dụng cả ngày dài.
Hiệu năng mạnh mẽ trên Samsung Galaxy A56 5G với chip Exynos 1580, RAM 8GB đa nhiệm mượt mà.",CellphoneS,,,,,,,,,
https://cellphones.com.vn/dien-thoai-poco-x7-pro-5g.html,Xiaomi POCO X7 Pro 5G 12GB 256GB - Chỉ có tại CellphoneS,Chuẩn NFC,9190000,Giảm 8%,,,,50MP,,,,1220x2712,,6.67,Xiaomi POCO X7 Pro / Bộ sạc / Cáp USB Type-C / Dụng cụ tháo SIM / Ốp bảo vệ / Thông tin an toàn / Hướng dẫn bắt đầu nhanh / Thẻ bảo hành,5.0/5,30.0,"Hiệu năng vượt trội với Dimensity 8400-Ultra: Bộ vi xử lý hàng đầu mang lại tốc độ xử lý mạnh mẽ, tối ưu hóa cho mọi tác vụ từ chơi game nặng đến làm việc đa nhiệm.
Pin siêu lớn 6000mAh, sạc nhanh HyperCharge 90W, cùng công nghệ sạc nhanh tiên tiến giúp bạn sử dụng thoải mái cả ngày mà không lo gián đoạn.
Màn hình AMOLED CrystalRes 1.5K, tần số quét 120Hz mang lại hình ảnh sắc nét, màu sắc sống động và chuyển động mượt mà.
Camera chất lượng cao 50MP tích hợp OIS với tính năng chống rung quang học (OIS) cho ra những bức ảnh và video sắc nét.
Độ bền cao với khả năng chống bụi, chống nước chuẩn IP68 giúp bạn yên tâm sử dụng trong nhiều điều kiện môi trường khác nhau.",CellphoneS,,,,,,,,,
https://cellphones.com.vn/dien-thoai-nubia-neo-3-gt-12gb-256gb.html,Nubia Neo 3 GT 12GB 256GB,Nubia,6590000,Giảm 6%,,,16MP,50MP + 2MP,,,,1080x2392,,6.8,"Mới, đầy đủ phụ kiện từ nhà sản xuất",5.0/5,22.0,"Hiệu suất mạnh mẽ Chip Unisoc T9100 6nm 5G với tốc độ lên đến 2.7GHz, hiệu suất liền mạch và tốc độ nhanh chóng
Hệ thống tản nhiệt hiệu quả VC lớn 4083 mm² đảm bảo quản lý nhiệt tốt, duy trì hiệu suất tối ưu cho trải nghiệm chơi game
Pin khủng 6000mAh với công nghệ sạc nhanh 80W, người dùng có thể nạp đầy pin nhanh chóng và sử dụng lâu dài
Hệ thống chụp ảnh AI Neovision tạo điều kiện chụp ảnh và video chất lượng cao với nhiều tính năng AI thông minh
Màn hình OLED 120Hz và độ sáng tối đa 1300 nits, mang đến trải nghiệm hình ảnh sống động và chân thực",CellphoneS,,,,,,,,,
https://cellphones.com.vn/iphone-14.html,iPhone 14 128GB | Chính hãng VN/A,Apple,12590000,Giảm 16%,,,"12MP, ƒ/1.9","Camera góc rộng: 12MP, ƒ/1.5
Camera góc siêu rộng: 12MP, ƒ/2.4",3.22 GHz,,,2532x1170,,6.1,"Máy mới 100% , chính hãng Apple Việt Nam.
CellphoneS hiện là đại lý bán lẻ uỷ quyền iPhone chính hãng VN/A của Apple Việt Nam",4.9/5,42.0,"Tuyệt đỉnh thiết kế, tỉ mỉ từng đường nét - Nâng cấp toàn diện với kiểu dáng mới, nhiều lựa chọn màu sắc trẻ trung
Nâng tầm trải ngiệm giải trí đỉnh cao - Màn hình 6,1"""" cùng tấm nền OLED có công nghệ Super Retina XDR cao cấp
Chụp ảnh chuyên nghiệp hơn - Cụm 2 camera 12 MP đi kèm nhiều chế độ và chức năng chụp hiện đại
Hiệu năng hàng đầu thế giới - Apple A15 Bionic 6 nhân xử lí nhanh, ổn định",CellphoneS,,,,,,,,,
https://cellphones.com.vn/iphone-16.html,iPhone 16 128GB | Chính hãng VN/A,Apple,18990000,Giảm 17%,,,"12MP, ƒ/1.9, Tự động lấy nét theo pha Focus Pixels","Camera chính: 48MP, f/1.6, 26mm, Focus Pixels 100%, hỗ trợ ảnh có độ phân giải siêu cao
Camera góc siêu rộng: 12MP, ƒ/2.2, 13 mm, Focus Pixels 100%, Độ phóng đại quang học 2x, độ thu nhỏ quang học 2x; phạm vi thu phóng quang học 4x Độ thu phóng kỹ thu",CPU 6 lõi mới với 2 lõi hiệu năng và 4 lõi tiết kiệm điện,,,2556x1179,,6.1,"Máy mới 100% , chính hãng Apple Việt Nam.
CellphoneS hiện là đại lý bán lẻ uỷ quyền iPhone chính hãng VN/A của Apple Việt Nam",4.8/5,32.0,"iPhone 16 được trang bị vi xử lý Apple A18, cho hiệu năng mạnh mẽ, đáp ứng tốt các tác vụ nặng như chơi game, thiết kế đồ họa và chạy đa nhiệm.
Điều khiển Camera - Giúp bạn truy cập nhanh các công cụ camera dễ dàng hơn chỉ cần trượt ngón tay.
Hệ thống camera mới - Chụp ảnh và quay video macro cực kỳ chi tiết và sắc nét dù từ xa hay gần.
Vỏ máy iPhone 16 được làm từ nhôm chuẩn hàng không vũ trụ cứng cáp và kính pha màu ở mặt sau vừa đẹp vừa bền bỉ.",CellphoneS,,,,,,,,,
https://cellphones.com.vn/dien-thoai-nothing-phone-2a-12gb-256gb.html,Nothing Phone 2A 5G 12GB 256GB - Chỉ có tại CellphoneS,Chuẩn NFC,7690000,Giảm 25%,,,"32 MP, f/2.2, 1/2.74""","50 MP, f/1.88, 1/1.56""
50 MP, f/2.2, 1/2.76"", 114° FOV",Up to 2.8 GHz,,,1080x2412,,6.7,"Mới, đầy đủ phụ kiện từ nhà sản xuất",5.0/5,3.0,"Màn hình 6.7 inch AMOLED, tần số quét 120Hz, hiển thị mượt mà, màu sắc rực rỡ.
Chip MediaTek Dimensity 7200 Pro mạnh mẽ với chip hàng đầu, xử lý đa nhiệm và game nặng mượt mà.
Camera kép với cảm biến 50MP, chụp ảnh sắc nét, quay video 4K ấn tượng.
Pin 5000mAh, sạc nhanh - Dung lượng pin lớn, hỗ trợ sạc nhanh, đáp ứng nhu cầu dùng cả ngày dài.",CellphoneS,,,,,,,,,
https://cellphones.com.vn/iphone-15-plus.html,iPhone 15 Plus 128GB | Chính hãng VN/A,Apple,19290000,Giảm 16%,,,"12MP, ƒ/1.9",Chính 48 MP & Phụ 12 MP,CPU 6 lõi với 2 lõi hiệu năng và 4 lõi tiết kiệm điện,,,2796x1290,,6.7,"Hộp, Sách hướng dẫn, Cây lấy sim, Cáp Type C",4.8/5,54.0,"Thiết kế dẫn đầu xu hướng - Nhiều màu sắc trendy cùng chất liệu kính pha màu và khung nhôm vô cùng bền bỉ
Nắm bắt và tương tác mọi thông tin dễ dàng hơn với Dynamic Island mở rộng
Chụp ảnh chân dung xuất sắc mọi khoảnh khắc - Camera chính 48MP với tele 2X và chế độ chỉnh sửa đa dạng
Hiệu năng cân mọi tác vụ - A16 Bionic mạnh mẽ cho mọi thao tác mượt mà và nhanh chóng",CellphoneS,,,,,,,,,
https://cellphones.com.vn/iphone-16-pro-512gb.html,iPhone 16 Pro 512GB | Chính hãng VN/A,Apple,34690000,Giảm 9%,,,"12MP, ƒ/1.9, Tự động lấy nét theo pha Focus Pixels","Camera chính: 48MP, f/1.78, 24mm, chống rung quang học dịch chuyển cảm biến thế hệ thứ hai, Focus Pixels 100%, hỗ trợ ảnh có độ phân giải siêu cao
Hỗ trợ Telephoto 2x 12MP: 52 mm, ƒ/1.6
Camera góc siêu rộng: 48MP, 13 mm, ƒ/2.2 và trường ảnh 120°, H",CPU 6 lõi mới với 2 lõi hiệu năng và 4 lõi tiết kiệm điện,,,2622x1206,,6.3,"Máy mới 100% , chính hãng Apple Việt Nam.
CellphoneS hiện là đại lý bán lẻ uỷ quyền iPhone chính hãng VN/A của Apple Việt Nam",,,"Màn hình Super Retina XDR 6,3 inch lớn hơn có viền mỏng hơn, đem đến cảm giác tuyệt vời khi cầm trên tay.
Điều khiển Camera - Chỉ cần trượt ngón tay để điều chỉnh camera giúp chụp ảnh hoặc quay video đẹp hoàn hảo và siêu nhanh.
Tính năng quay video đẳng cấp với 4K Dolby Vision tốc độ 120 fps — độ phân giải và tốc độ khung hình cao nhất hiện nay của Apple.
iPhone 16 Pro được cài đặt sẵn hệ điều hành iOS 18, cho giao diện trực quan, dễ sử dụng và nhiều tính năng hữu ích.",CellphoneS,,,,,,,,,
https://cellphones.com.vn/dien-thoai-samsung-galaxy-m55-5g-8gb-256gb.html,Samsung Galaxy M55 5G 8GB 256GB,Samsung,7390000,Giảm 27%,,,"Camera góc rộng: 50 MP, f/2.4","Camera góc rộng: 50 MP, f/1.8, 1/1.56"", 1.0µm, PDAF, OIS
Camera góc siêu rộng: 8 MP, f/2.2, 123˚
Camera macro: 2 MP, f/2.4",1x2.4 GHz Cortex-A710 & 3x2.36 GHz Cortex-A710 & 4x1.8 GHz Cortex-A510,,,1080x2400,,6.7,"Mới, đầy đủ phụ kiện từ nhà sản xuất",5.0/5,3.0,"Trải nghiệm hình ảnh sống động và sắc nét với màn hình AMOLED 6.7 inch, độ phân giải Super AMOLED+.
Ghi lại những bức ảnh tuyệt đẹp với camera chính 50MP, khẩu độ f/1.8, cùng nhiều tính năng chụp ảnh thông minh.
Qualcomm Snapdragon 7 Gen 1 nhân kết hợp với RAM 8GB mang đến hiệu suất mạnh mẽ cho mọi tác vụ, từ chơi game đến chỉnh sửa video.
Pin khủng 5000mAh - Sử dụng điện thoại cả ngày dài mà không lo hết pin nhờ viên pin.",CellphoneS,,,,,,,,,
https://cellphones.com.vn/dien-thoai-xiaomi-poco-m6.html,Xiaomi POCO M6 6GB 128GB - Chỉ có tại CellphoneS,Chuẩn NFC,3190000,Giảm 26%,,,"13MP, f/2,45","Camera chính: 108MP siêu rõ ống kính 6P, f/1,75
Camera macro: 2MP f/2,4","Cortex-A75+Cortex-A55
Tần số tối đa của CPU: 2.0GHz",,,2460x1080,,6.79,"Mới, đầy đủ phụ kiện từ nhà sản xuất",4.9/5,35.0,"Màn hình 6.79 inch với tần số quét 90Hz cho trải nghiệm xem phim, chơi game mượt mà và sống động.
Pin 5030mAh cho phép bạn sử dụng điện thoại cả ngày dài mà không lo hết pin.
Hỗ trợ sạc nhanh 33W và Xiaomi POCO M6 cũng hỗ trợ sạc nhanh chóng và hiệu quả, tiết kiệm thời gian.
Với thiết kế trẻ trung, năng động, POCO M6 phù hợp với những người dùng yêu thích sự cá tính và nổi bật.",CellphoneS,,,,,,,,,
https://cellphones.com.vn/iphone-14-pro-max.html,iPhone 14 Pro Max 128GB | Chính hãng VN/A,Apple,25590000,Giảm 15%,,,"Camera selfie: 12 MP, f/1.9, 23mm, 1/3.6"", PDAF","Camera chính: 48 MP, f/1.8, 24mm, 1.22µm, PDAF, OIS
Camera góc siêu rộng: 12 MP, f/2.2, 13mm, 120˚, 1.4µm, PDAF
Camera tele: 12 MP, f/2.8, 77mm (telephoto), PDAF, OIS, 3x optical zoom
Cảm biến độ sâu TOF 3D LiDAR",CPU 6 lõi với 2 lõi hiệu năng và 4 lõi tiết kiệm điện,,,2796x1290,,6.7,"Máy mới 100% , chính hãng Apple Việt Nam.
CellphoneS hiện là đại lý bán lẻ uỷ quyền iPhone chính hãng VN/A của Apple Việt Nam",4.9/5,116.0,"Màn hình Dynamic Island - Sự biến mất của màn hình tai thỏ thay thế bằng thiết kế viên thuốc, OLED 6,7 inch, hỗ trợ always-on display
Cấu hình iPhone 14 Pro Max mạnh mẽ, hiệu năng cực khủng từ chipset A16 Bionic
Làm chủ công nghệ nhiếp ảnh - Camera sau 48MP, cảm biến TOF sống động
Pin liền lithium-ion kết hợp cùng công nghệ sạc nhanh cải tiến",CellphoneS,,,,,,,,,
https://cellphones.com.vn/dien-thoai-nubia-music.html,Nubia Music NFC 4GB 128GB (Bản đặc biệt),Điện thoại pin trâu,2090000,Giảm 16%,,,5MP,50MP + AI Camera,,,,1612x720,,6.6,"Mới, đầy đủ phụ kiện từ nhà sản xuất",4.9/5,10.0,"Chip âm thanh chuyên dụng mang đến chất lượng âm thanh tuyệt vời, được trang bị NFC tiện lợi khi sử dụng.
Màn hình lớn 6.6 inch HD+ cho phép bạn xem nội dung với độ chi tiết cao và màu sắc rực rỡ. 
Pin dung lượng lớn 5000mAh cho phép bạn sử dụng điện thoại cả ngày dài mà không cần lo lắng về việc hết pin.
Bộ nhớ trong lớn 128GB cho phép bạn lưu trữ một lượng lớn bài hát, video và các tệp tin khác. ",CellphoneS,,,,,,,,,
https://cellphones.com.vn/iphone-16-pro-256gb.html,iPhone 16 Pro 256GB | Chính hãng VN/A,Apple,28090000,Giảm 12%,,,"12MP, ƒ/1.9, Tự động lấy nét theo pha Focus Pixels","Camera chính: 48MP, f/1.78, 24mm, chống rung quang học dịch chuyển cảm biến thế hệ thứ hai, Focus Pixels 100%, hỗ trợ ảnh có độ phân giải siêu cao
Hỗ trợ Telephoto 2x 12MP: 52 mm, ƒ/1.6
Camera góc siêu rộng: 48MP, 13 mm, ƒ/2.2 và trường ảnh 120°, H",CPU 6 lõi mới với 2 lõi hiệu năng và 4 lõi tiết kiệm điện,,,2622x1206,,6.3,"Máy mới 100% , chính hãng Apple Việt Nam.
CellphoneS hiện là đại lý bán lẻ uỷ quyền iPhone chính hãng VN/A của Apple Việt Nam",4.9/5,31.0,"Màn hình Super Retina XDR 6,3 inch lớn hơn có viền mỏng hơn, đem đến cảm giác tuyệt vời khi cầm trên tay.
Điều khiển Camera - Chỉ cần trượt ngón tay để điều chỉnh camera giúp chụp ảnh hoặc quay video đẹp hoàn hảo và siêu nhanh.
Tính năng quay video đẳng cấp với 4K Dolby Vision tốc độ 120 fps — độ phân giải và tốc độ khung hình cao nhất hiện nay của Apple.
iPhone 16 Pro được cài đặt sẵn hệ điều hành iOS 18, cho giao diện trực quan, dễ sử dụng và nhiều tính năng hữu ích.",CellphoneS,,,,,,,,,
https://cellphones.com.vn/dien-thoai-xiaomi-15.html,Xiaomi 15 5G 12GB 256GB,Xiaomi,22990000,Giảm 8%,,,"Camera trước: 32MP, ƒ/2.0, 90°, Tiêu cự 21mm","Camera chính Leica: 50MP, ƒ/1.62, OIS, Tiêu cự tương đương 23mm
Camera tele Leica: 50MP, ƒ/2.0, OIS
Camera góc siêu rộng Leica: 50MP, ƒ/2.2, 115°","2 x Lõi Prime, tốc độ tối đa 4,32GHz
6 x Lõi hiệu suất, lên đến 3,53GHz",,,2670x1200,,6.36,"Mới, đầy đủ phụ kiện từ nhà sản xuất",4.8/5,6.0,"Xiaomi 15 với Chipset Snapdragon 8 Elite cung cấp hiệu suất xử lý mạnh mẽ và đồ họa đỉnh cao, giúp nâng cao trải nghiệm chơi game, xem video
Camera sau ba ống kính 50MP đáp ứng xuất sắc mọi nhu cầu chụp ảnh từ phong cảnh đến chân dung, với chế độ chụp đêm nâng cấp
Quay video 8K HDR mang lại những thước phim chất lượng cao với Dolby Vision HDR và 4K HDR10+
Màn hình CrystalRes AMOLED 6.36 inch hiển thị 68 tỷ màu, tần số quét 120Hz, mang đến trải nghiệm hình ảnh sống động và mượt mà
Pin Mi15 lên đến 5240mAh công nghệ pin Si/C tiên tiến cung cấp thời lượng sử dụng ấn tượng suốt cả ngày",CellphoneS,,,,,,,,,
https://cellphones.com.vn/dien-thoai-samsung-galaxy-a36.html,Samsung Galaxy A36 5G 8GB 128GB,Samsung,7990000,Giảm 4%,,,"12.0 MP, F/2.2","50.0 MP, F/1.8 + 8.0 MP, F/2.2 + 5.0 MP, F/2.4","8 nhân 2.4GHz, 1.8GHz",,,1080x2340,,6.7,"Mới, đầy đủ phụ kiện từ nhà sản xuất",5.0/5,4.0,"Màn hình Samsung Galaxy A36 5G Super AMOLED 6.7"" FHD+, tần số quét 120Hz cho trải nghiệm hiển thị mượt mà, sắc nét.
Pin 5000mAh sử dụng cả ngày, sạc nhanh 45W tiết kiệm thời gian.
Loa kép âm thanh Dolby Atmos sống động, trải nghiệm giải trí đắm chìm.
Camera Samsusng A36 5G chính 50MP chụp ảnh sắc nét, hỗ trợ chống rung OIS, quay video Full HD ổn định.",CellphoneS,,,,,,,,,
https://cellphones.com.vn/dien-thoai-oppo-find-x8.html,OPPO Find X8 16GB 512GB,OPPO,21990000,Giảm 4%,,,"32MP, khẩu độ F/2.4",50MP OIS (Chính) + 50MP (Chân dung Tele) + 50MP (Góc rộng),8 nhân,,,1256x2760,,6.59,"Mới, đầy đủ phụ kiện từ nhà sản xuất",4.9/5,30.0,"OPPO Find X8 hữu chip Dimensity 9400 3nm với lõi Cortex-X925 sẽ đảm bảo xử lý mọi tác vụ một cách nhanh chóng.
Find X8 sẽ được trang bị cụm 3 camera sau 50MP đảm bảo được sự đồng đều về chất lượng hình ảnh giữa các chế độ chụp.
Viên Pin 5630 mAh sẽ giúp dòng bạn kéo dài ra đáng kể thời gian dùng điện thoại, đáp ứng nhu cầu sử dụng hỗn hợp suốt cả ngày của người dùng.",CellphoneS,,,,,,,,,
https://cellphones.com.vn/dien-thoai-meizu-mblu-21.html,Điện thoại Meizu Mblu 21 4GB 64GB,Điện thoại Meizu,1990000,Giảm 20%,,,8 MP,"13MP
0.08 MP",,,,,,6.79,"Mới, đầy đủ phụ kiện từ nhà sản xuất",4.8/5,16.0,"Meizu Mblu 21 mang thiết kế gọn nhẹ với viền màn hình mỏng, kiểu dáng sang trọng, phù hợp cho mọi đối tượng sử dụng, từ giới trẻ đến người đi làm.
Trang bị màn hình lớn 6.79 inch, Meizu Mblu 21 hiển thị rõ ràng, màu sắc sống động, mang đến trải nghiệm xem phim, chơi game tuyệt vời.
Với RAM 4GB và bộ vi xử lý hiệu quả, máy đáp ứng tốt các nhu cầu cơ bản như lướt web, xem video, và sử dụng các ứng dụng mạng xã hội mà không giật lag.
Trang bị camera kép phía sau, giúp chụp ảnh rõ nét, sắc màu đẹp mắt. Camera trước hỗ trợ tính năng làm đẹp, mang lại bức ảnh selfie ấn tượng.",CellphoneS,,,,,,,,,
https://cellphones.com.vn/iphone-15-256gb.html,iPhone 15 256GB | Chính hãng VN/A,Apple,18890000,Giảm 18%,,,"12MP, ƒ/1.9",Chính 48 MP & Phụ 12 MP,CPU 6 lõi với 2 lõi hiệu năng và 4 lõi tiết kiệm điện,,,2556x1179,,6.1,"Máy mới 100% , chính hãng Apple Việt Nam.
CellphoneS hiện là đại lý bán lẻ uỷ quyền iPhone chính hãng VN/A của Apple Việt Nam",4.5/5,10.0,"Thiết kế thời thượng và bền bỉ - Mặt lưng kính được pha màu xu hướng cùng khung viền nhôm bền bỉ
Dynamic Island hiển thị linh động mọi thông báo ngay lập tức giúp bạn nắm bắt mọi thông tin
Chụp ảnh đẹp nức lòng - Camera chính 48MP, Độ phân giải lên đến 4x và Tele 2x chụp chân dung hoàn hảo
Pin dùng cả ngày không lắng lo - Thời gian xem video lên đến 20 giờ và sạc nhanh qua cổng USB-C tiện lợi
Cải tiến hiệu năng vượt bậc - A16 Bionic mạnh mẽ giúp bạn cân mọi tác vụ dù có yêu cầu đồ hoạ cao",CellphoneS,,,,,,,,,
https://cellphones.com.vn/iphone-16-pro-max-1tb.html,iPhone 16 Pro Max 1TB | Chính hãng VN/A,Apple,42990000,Giảm 9%,,,"12MP, ƒ/1.9, Tự động lấy nét theo pha Focus Pixels","Camera chính: 48MP, f/1.78, 24mm, 2µm, chống rung quang học dịch chuyển cảm biến thế hệ thứ hai, Focus Pixels 100%
Telephoto 2x 12MP: 52 mm, ƒ/1.6
Camera góc siêu rộng: 48MP, 13 mm,ƒ/2.2 và trường ảnh 120°, Hybrid Focus Pixels, ảnh có độ phân giải",CPU 6 lõi mới với 2 lõi hiệu năng và 4 lõi hiệu suất,,,2868x1320,,6.9,"Máy mới 100% , chính hãng Apple Việt Nam.
CellphoneS hiện là đại lý bán lẻ uỷ quyền iPhone chính hãng VN/A của Apple Việt Nam",5.0/5,13.0,"Màn hình Super Retina XDR 6,9 inch lớn hơn có viền mỏng hơn, đem đến cảm giác tuyệt vời khi cầm trên tay.
Điều khiển Camera - Chỉ cần trượt ngón tay để điều chỉnh camera giúp chụp ảnh hoặc quay video đẹp hoàn hảo và siêu nhanh.
iPhone 16 Pro Max có thiết kế titan cấp 5 với lớp hoàn thiện mới, tinh tế được xử lý bề mặt vi điểm.
iPhone 16 Pro Max được cài đặt sẵn hệ điều hành iOS 18, cho giao diện trực quan, dễ sử dụng và nhiều tính năng hữu ích.",CellphoneS,,,,,,,,,
https://cellphones.com.vn/dien-thoai-tecno-camon-40-pro.html,TECNO CAMON 40 Pro 8GB 256GB,Tecno,5990000,Giảm 14%,,,50MP,"50MP, ƒ/1.8
Góc siêu rộng 8MP",,,,,,6.78,"Mới, đầy đủ phụ kiện từ nhà sản xuất",5.0/5,3.0,"Pin lớn 5200 mAh với thiết kế mỏng nhẹ với độ bền cao và công nghệ xả chậm, cung cấp thời gian sử dụng lâu dài
Hiệu năng mạnh mẽ, chip Mediatek Helio G100 kết hợp RAM 8GB và ROM 256GB, đáp ứng mọi nhu cầu từ công việc đến giải trí
Camera chất lượng cao với camera sau 50MP, 8MP góc rộng và camera trước 50MP, cho hình ảnh sắc nét và sống động
Tản nhiệt thông minh, tăng cường khả năng tản nhiệt lên 12,5% so với thế hệ trước, giúp thiết bị hoạt động ổn định",CellphoneS,,,,,,,,,
https://cellphones.com.vn/iphone-16-plus.html,iPhone 16 Plus 128GB | Chính hãng VN/A,Apple,22090000,Giảm 15%,,,"12MP, ƒ/1.9, Tự động lấy nét theo pha Focus Pixels","Camera chính: 48MP, f/1.6, 26mm, Focus Pixels 100%, hỗ trợ ảnh có độ phân giải siêu cao
Camera góc siêu rộng: 12MP, ƒ/2.2, 13 mm, Focus Pixels 100%, Độ phóng đại quang học 2x, độ thu nhỏ quang học 2x; phạm vi thu phóng quang học 4x Độ thu phóng kỹ thu",CPU 6 lõi mới với 2 lõi hiệu năng và 4 lõi tiết kiệm điện,,,2796x1290,,6.7,"Máy mới 100% , chính hãng Apple Việt Nam.
CellphoneS hiện là đại lý bán lẻ uỷ quyền iPhone chính hãng VN/A của Apple Việt Nam",4.8/5,26.0,"iPhone 16 Plus được trang bị vi xử lý Apple A18, cho hiệu năng mạnh mẽ, đáp ứng tốt các tác vụ nặng.
Sở hữu hệ thống camera sau 48MP, cho khả năng chụp ảnh rõ nét, chi tiết và bắt trọn những khoảnh khắc đẹp.
Màn hình Super Retina XDR 6.7 inch, cho trải nghiệm hình ảnh rộng rãi, màu sắc rực rỡ, độ tương phản cao và chi tiết rõ ràng.
Vỏ máy iPhone 16 Plus được làm từ nhôm chuẩn hàng không vũ trụ cứng cáp và kính pha màu ở mặt sau vừa đẹp vừa bền bỉ.",CellphoneS,,,,,,,,,
https://cellphones.com.vn/iphone-16-pro-max-512gb.html,iPhone 16 Pro Max 512GB | Chính hãng VN/A,Apple,36790000,Giảm 10%,,,"12MP, ƒ/1.9, Tự động lấy nét theo pha Focus Pixels","Camera chính: 48MP, f/1.78, 24mm, 2µm, chống rung quang học dịch chuyển cảm biến thế hệ thứ hai, Focus Pixels 100%
Telephoto 2x 12MP: 52 mm, ƒ/1.6
Camera góc siêu rộng: 48MP, 13 mm,ƒ/2.2 và trường ảnh 120°, Hybrid Focus Pixels, ảnh có độ phân giải",CPU 6 lõi mới với 2 lõi hiệu năng và 4 lõi hiệu suất,,,2868x1320,,6.9,"Máy mới 100% , chính hãng Apple Việt Nam.
CellphoneS hiện là đại lý bán lẻ uỷ quyền iPhone chính hãng VN/A của Apple Việt Nam",4.9/5,33.0,"Màn hình Super Retina XDR 6,9 inch lớn hơn có viền mỏng hơn, đem đến cảm giác tuyệt vời khi cầm trên tay.
Điều khiển Camera - Chỉ cần trượt ngón tay để điều chỉnh camera giúp chụp ảnh hoặc quay video đẹp hoàn hảo và siêu nhanh.
iPhone 16 Pro Max có thiết kế titan cấp 5 với lớp hoàn thiện mới, tinh tế được xử lý bề mặt vi điểm.
iPhone 16 Pro Max được cài đặt sẵn hệ điều hành iOS 18, cho giao diện trực quan, dễ sử dụng và nhiều tính năng hữu ích.",CellphoneS,,,,,,,,,
https://cellphones.com.vn/dien-thoai-xiaomi-15-ultra-1tb.html,Xiaomi 15 Ultra 5G 16GB 1TB,Xiaomi,34990000,Giảm 10%,,,"Camera trước: 32MP, ƒ/2.0, 90° FOV
Cảm biến OV32B
Tiêu cự 21mm","Camera chính Leica: 50MP, ƒ/1.63, OIS
Camera tele Leica: 50MP, ƒ/1.8, OIS
Camera siêu tele Leica: 200MP, ƒ/2.6, OIS
Camera góc siêu rộng Leica: 50MP, ƒ/2.2, 115° FOV","2 x Lõi Prime, tốc độ tối đa 4,32GHz
6 x Lõi hiệu suất, lên đến 3,53GHz",,,3200x1440,,6.73,"Mới, đầy đủ phụ kiện từ nhà sản xuất",,,"Hiệu năng Xiaomi Mi 15 Ultra vượt trội Snapdragon 8 Elite với hai lõi Oryon 2 cho khả năng xử lý mượt mà các tác vụ nặng
Cụm camera sau 200 MP với khả năng zoom kỹ thuật số đến 120x, cho phép chụp ảnh sắc nét trong mọi điều kiện ánh sáng
HyperOS 2 hệ điều hành tối ưu hóa trải nghiệm sử dụng, giảm độ trễ và xử lý đa nhiệm mượt mà
Tính năng HyperAI hỗ trợ nhận diện giọng nói, dịch ngôn ngữ thời gian thực và chỉnh sửa hình ảnh/video ngay trên thiết bị
Dung lượng pin Xiaomi 15 Ultra lớn giúp kéo dài thời gian sử dụng, đảm bảo hoạt động bền bỉ cho người dùng",CellphoneS,,,,,,,,,
https://cellphones.com.vn/dien-thoai-oppo-reno13f-4g.html,OPPO Reno13 F 8GB 256GB,OPPO,8690000,Giảm 3%,,,"32MP, f/2.4","Camera chính: 50MP, F/1.8
Camera góc rộng: 8MP, F/2.2
Camera marco: 2MP, F/2.4",,,,1080x2400,,6.67,"Mới, đầy đủ phụ kiện từ nhà sản xuất",5.0/5,20.0,"Màn hình OPPO Reno13 F AMOLED 6.67 inch với độ phân giải Full HD+ và tần số quét 120Hz mang đến cho bạn chất lượng hình ảnh sắc nét.
Hệ thống camera đa năng bao gồm camera chính 50MP, camera góc rộng 8MP và camera macro 2MP, cho phép người dùng chụp ảnh chất lượng cao.
Hiệu suất Reno 13 mạnh mẽ nhờ vào bộ xử lý MediaTek Helio G100 và GPU ARM G57 MC2, kết hợp với 8GB RAM và 256GB bộ nhớ trong, giúp xử lý mượt mà mọi tác vụ.
Pin dung lượng lớn 5800 mAh giúp bạn thoải mái sử dụng điện thoại cả ngày mà không lo hết pin.",CellphoneS,,,,,,,,,
https://cellphones.com.vn/iphone-16e.html,iPhone 16e 128GB | Chính hãng VN/A,Apple,16090000,Giảm 5%,,,"Camera 12MP Khẩu độ ƒ/1.9
Camera TrueDepth hỗ trợ nhận diện khuôn mặt","Hệ thống camera 2 trong 1
Fusion 48MP: 26 mm, khẩu độ ƒ/1.6, chống rung quang học, Hybrid Focus Pixels, ảnh có độ phân giải siêu cao (24MP và 48MP)
Đồng thời hỗ trợ Telephoto 2x 12MP: 52 mm, khẩu độ ƒ/1.6, chống rung quang học, Hybrid Focus Pixels",CPU 6 lõi mới với 2 lõi hiệu năng và 4 lõi tiết kiệm điện,,,2532x1170,,6.1,"Máy mới 100% , chính hãng Apple Việt Nam.
CellphoneS hiện là đại lý bán lẻ uỷ quyền iPhone chính hãng VN/A của Apple Việt Nam",5.0/5,36.0,"iPhone 16e được trang bị chip xử lý Apple A18 mạnh mẽ, mang đến khả năng xử lý mượt mà mọi tác vụ hàng ngày, từ công việc đến giải trí.
Màn hình Super Retina XDR với độ phân giải 2532x1170 pixel mang lại chất lượng hình ảnh, sắc nét, chân thực và sống động.
Dung lượng pin lớn lên đến 26 giở sử dụng cho bạn thoải mái trải nghiệm cả ngày dài.",CellphoneS,,,,,,,,,
https://cellphones.com.vn/dien-thoai-samsung-galaxy-a16.html,Samsung Galaxy A16 5G 8GB 128GB,Samsung,6090000,,,,"13MP, f/2.0","Camera góc rộng: 50MP, f/1.8 AF
Camera góc siêu rộng: 5MP, f/2.2
Camera Macro: 2MP, f/2.4",,,,1080x2340,,6.7,"Mới, đầy đủ phụ kiện từ nhà sản xuất",4.8/5,13.0,"Màn hình Samsung A16 Super AMOLED 6.7 inch, tần số quét 90Hz, giúp hiển thị màu sắc rực rỡ và hình ảnh mượt mà.
Bộ ba camera A16 5G bao gồm camera chính 50 MP, camera góc siêu rộng 5 MP và camera macro 2 MP, cho phép chụp ảnh đa dạng và chi tiết.
Chip MediaTek Dimensity 6300(6nm) đảm bảo xử lý tác vụ mượt mà và khả năng chơi game ổn định.
Pin dung lượng 5000 mAh hỗ trợ sạc nhanh 25W, cung cấp thời gian sử dụng lâu dài và sạc nhanh chóng.",CellphoneS,,,,,,,,,
https://cellphones.com.vn/dien-thoai-samsung-galaxy-a05s-6gb-128gb.html,Samsung Galaxy A05S 6GB 128GB,Samsung,3290000,Giảm 27%,,,"13 MP, f/2.0","Camera chính: 50MP, f/1.8
Camera chân dung: 2 MP, f/2.4
Camera macro: 2 MP, f/2.4",4 nhân 2.4 GHz & 4 nhân 1.9 GHz,,,1080x2400,,6.7,"Mới, đầy đủ phụ kiện từ nhà sản xuất",5.0/5,2.0,"Hiển thị sống động từng thước phim - Màn hình lớn 6.7"" IPS hiển thị sắc nét
Vận hành tác vụ mượt mà như mong đợi - Xử lí tốt hơn với chip Snapdragon 680 và RAM 4GB
Sử dụng thoải mái cả ngày dài - Pin lớn 5000mAh và hỗ trợ sạc nhanh 25W
Ghi lại trọn vẹn mọi khoảnh khắc - Camera sau đến 50MP đi kèm nhiều chế độ chụp và tính năng cải tiến",CellphoneS,,,,,,,,,
https://cellphones.com.vn/dien-thoai-redmi-note-13-pro-5g.html,Redmi Note 13 Pro 5G 12GB 512GB,Xiaomi,8590000,Giảm 22%,,,16 MP,"Chính 200 MP & Phụ 8 MP, 2 MP",4 nhân 2.4 GHz & 4 nhân 1.95 GHz,,,1220x2712,,6.67,"Mới, đầy đủ phụ kiện từ nhà sản xuất",4.7/5,3.0,"Trang bị cảm biến Samsung có độ phân giải 200 MP - Camera góc siêu rộng giúp bắt gọn cảnh quan rộng lớn.
Màn hình AMOLED mang đến một trải nghiệm hiển thị tuyệt vời, với màu sắc sống động và độ tương phản cao.
Snapdragon 7s Gen 2 8 nhân thúc đẩy mạnh mẽ, tăng hiệu suất của Note 13 Pro 5G lên một tầm cao mới.
Redmi Note 13 Pro 5G nổi bật với thiết kế vuông vức làm toát lên sự hiện đại và sang trọng.",CellphoneS,,,,,,,,,
https://cellphones.com.vn/samsung-galaxy-z-fold-6.html,Samsung Galaxy Z Fold 6 12GB 256GB,Samsung,36190000,Giảm 18%,,,"Camera bên ngoài:10 MP, f/2.2
Camera bên trong: 4 MP, F1.8","Camera góc rộng: 50.0 MP, f/1.8, Thu phóng quang học 2x
Camera chụp góc siêu rộng: 12.0 MP, f/2.2
Camera ống kính tele: 10.0 MP, f/2.4, Thu phóng Quang học 3x","8 nhân 3.39 GHz, 3.1GHz, 2.9GHz, 2.2GHz",,,2160x1856,,7.6,"Mới, đầy đủ phụ kiện từ nhà sản xuất",4.9/5,22.0,"Màn hình Samsung Z Fold 6 Dynamic AMOLED 2X 7.6 inch cho trải nghiệm giải trí, làm việc đỉnh cao.
Chip Snapdragon 8 Gen 3 cho tốc độ xử lý siêu nhanh, đáp ứng tốt mọi nhu cầu sử dụng.
Camera Z Fold 6 chính 50.0 MP ghi lại những khoảnh khắc đẹp với độ chi tiết, màu sắc ấn tượng.
Pin 4400mAh cho phép bạn sử dụng điện thoại cả ngày dài mà không cần lo lắng về việc hết pin.",CellphoneS,,,,,,,,,
https://cellphones.com.vn/dien-thoai-xiaomi-redmi-note-14-pro-plus.html,Xiaomi Redmi Note 14 Pro Plus 5G 8GB 256GB,Xiaomi,10690000,Giảm 3%,,,Camera trước - f/2.2,"Chính 200MP, OIS - f/1.65
Góc siêu rộng 8MP - f/2.2
Macro 2MP - f/2.4","8 nhân, xung nhịp 2.5Ghz",,,2712x1220,,6.67,"Mới, đầy đủ phụ kiện từ nhà sản xuất",4.9/5,16.0,"Được trang bị vi xử lý Snapdragon® 7s Gen 3 4nm, Redmi Note 14 Pro Plus 5G mang đến sự cân bằng hoàn hảo, cung cấp hiệu suất mượt mà ngay cả với các ứng dụng đòi hỏi cao.
Redmi Note 14 Pro Plus 5G sở hữu màn hình 1.5K 6.67-inch với tần số quét lên đến 120Hz, mang đến trải nghiệm hình ảnh mượt mà khi duyệt web, xem video hay chơi game.
Thiết kế công thái học hiện đại, với độ bền vượt trội nhờ khả năng chống rơi, trầy xước,khả năng kháng nước và bụi IP68 được cải thiện.",CellphoneS,,,,,,,,,
https://cellphones.com.vn/dien-thoai-nubia-neo-3-5g.html,Nubia Neo 3 5G 8GB 256GB,Nubia,4990000,Giảm 9%,,,"16MP, ƒ/2.0","50M+2M, ƒ/1.8",Octa-Core (2*Cortex-A78 @ 2.2GHz + 6*Cortex-A55 @2.0GHz),,,,,6.8,"Mới, đầy đủ phụ kiện từ nhà sản xuất",5.0/5,5.0,"RAM 8GB & ROM 256GB, tối ưu hóa hiệu năng cho đa nhiệm mượt mà, từ chơi game đến ứng dụng văn phòng
Cụm camera 50MP & 2MP chất lượng ảnh cao với hiệu ứng bokeh đẹp và tính năng tự động lấy nét
Pin 6000mAh thời gian sử dụng ấn tượng, cho phép sử dụng cả ngày mà không lo hết pin
Công nghệ sạc nhanh 33W giảm thời gian sạc, tăng tính tiện dụng và linh hoạt cho người dùng
Màn hình 6.8 inch 120Hz mang hình ảnh sống động, phản hồi nhanh, tối ưu hóa trải nghiệm chơi game và ứng dụng",CellphoneS,,,,,,,,,
https://cellphones.com.vn/iphone-15-plus-256gb.html,iPhone 15 Plus 256GB | Chính hãng VN/A,Apple,22590000,Giảm 13%,,,"12MP, ƒ/1.9",Chính 48 MP & Phụ 12 MP,CPU 6 lõi với 2 lõi hiệu năng và 4 lõi tiết kiệm điện,,,2796x1290,,6.7,"Máy mới 100% , chính hãng Apple Việt Nam.
CellphoneS hiện là đại lý bán lẻ uỷ quyền iPhone chính hãng VN/A của Apple Việt Nam",4.8/5,17.0,"Thiết kế dẫn đầu xu hướng - Nhiều màu sắc trendy cùng chất liệu kính pha màu và khung nhôm vô cùng bền bỉ
Nắm bắt và tương tác mọi thông tin dễ dàng hơn với Dynamic Island mở rộng
Chụp ảnh chân dung xuất sắc mọi khoảnh khắc - Camera chính 48MP với tele 2X và chế độ chỉnh sửa đa dạng
Hiệu năng cân mọi tác vụ - A16 Bionic mạnh mẽ cho mọi thao tác mượt mà và nhanh chóng",CellphoneS,,,,,,,,,
https://cellphones.com.vn/dien-thoai-samsung-galaxy-s25-ultra-512gb.html,Samsung Galaxy S25 Ultra 512GB,Samsung,32990000,Giảm 12%,,,12 MP,"Camera siêu rộng 50MP
Camera góc rộng 200 MP
Camera Tele (5x) 50MP
Camera Tele (3x) 10MP""",,,,3120x1440,,6.9,"Mới, đầy đủ phụ kiện từ nhà sản xuất",4.8/5,12.0,"Màn hình Dynamic AMOLED 2X 6.9 inch 120Hz – Hiển thị sắc nét, mượt mà, tiết kiệm pin.
Bộ nhớ 512GB + RAM LPDDR5X – Tốc độ lưu trữ nhanh, đa nhiệm mượt mà.
Camera 200MP + Zoom 100X – Cảm biến lớn, chụp đêm ấn tượng, zoom siêu xa.
Pin 5000mAh, sạc nhanh 45W – Thời lượng pin dài, hỗ trợ sạc không dây.",CellphoneS,,,,,,,,,
https://cellphones.com.vn/dien-thoai-oppo-reno12-5g.html,OPPO Reno12 5G 12GB 256GB,OPPO,9190000,Giảm 29%,,,32MP,"50MP + OIS
Camera góc rộng: 8MP
Camera xóa phông: 2MP",,,,,,6.7,"Mới, đầy đủ phụ kiện từ nhà sản xuất",4.8/5,10.0,"Màn hình rộng với độ phân giải Full HD+ cho hình ảnh sắc nét, màu sắc rực rỡ và độ tương phản cao, mang đến trải nghiệm xem phim, chơi game và đọc sách tuyệt vời.
Thiết kế OPPO Reno 12 5G mỏng nhẹ dễ dàng mang theo bên mình, đồng thời vẫn đảm bảo độ bền bỉ và chắc chắn.
Hỗ trợ sạc nhanh trên OPPO Reno12 5G lên đến 80W - Sạc nhanh chóng và hiệu quả, giúp bạn tiết kiệm thời gian.
Hệ điều hành mới nhất mang đến nhiều tính năng mới và cải tiến.",CellphoneS,,,,,,,,,
https://cellphones.com.vn/dien-thoai-samsung-galaxy-a26.html,Samsung Galaxy A26 5G 8GB 128GB,Samsung,6990000,,,,13MP,50MP + 8MP + 2MP,"2.4GHz,2GHz, Octa-Core",,,1080x2340,,6.7,"Mới, đầy đủ phụ kiện từ nhà sản xuất",5.0/5,3.0,"Hiệu suất mạnh mẽ trên Samsung A26 chip Exynos 1380 5nm và 8 nhân giúp xử lý mượt mà, hỗ trợ đa tác vụ hiệu quả
RAM 8GB và bộ nhớ lớn, duy trì tốc độ ổn định và cung cấp không gian lưu trữ rộng rãi cho công việc và giải trí
Camera 50MP cho hình ảnh chi tiết và sống động, cảm biến góc siêu rộng 8MP cho chụp phong cảnh dễ dàng
Màn hình A26 5G lên đến 6.7 inch Full HD+ không gian hiển thị lý tưởng với độ phân giải cao, làm nổi bật từng chi tiết
Pin 5000mAh và sạc nhanh 25W, sử dụng liên tục cả ngày và nạp pin nhanh chóng, đảm bảo hiệu suất ổn định",CellphoneS,,,,,,,,,
https://cellphones.com.vn/dien-thoai-samsung-galaxy-s25-plus-512gb.html,Samsung Galaxy S25 Plus 512GB,Samsung,24990000,Giảm 18%,,,12MP,"Camera siêu rộng 12MP
Camera góc rộng 50MP
Camera Tele 10MP","Tốc độ CPU: 4.47GHz, 3.5GHz
8 nhân",,,3120x1440,,6.7,"Mới, đầy đủ phụ kiện từ nhà sản xuất",,,"Màn hình Dynamic AMOLED 2X 6.7 inch – Tần số quét 120Hz, độ phân giải cao, hiển thị mượt mà.
Camera 50MP AI nâng cấp – Cảm biến lớn, chụp thiếu sáng tốt, zoom quang học cải tiến.
Âm thanh Dolby Atmos – Loa kép chất lượng cao, âm thanh sống động khi xem phim, chơi game.
Kết nối Wi-Fi 7 & 5G – Mạng siêu tốc, ổn định, hỗ trợ làm việc & giải trí.",CellphoneS,,,,,,,,,
https://cellphones.com.vn/dien-thoai-samsung-galaxy-s25-512gb.html,Samsung Galaxy S25 512GB,Samsung,22690000,Giảm 14%,,,12MP,"Camera siêu rộng 12MP
Camera góc rộng 50MP
Camera Tele 10MP","Tốc độ CPU 4.47GHz, 3.5GHz
8 nhân",,,2340x1080,,6.2,"Mới, đầy đủ phụ kiện từ nhà sản xuất",,,"Màn hình Dynamic AMOLED 2X 6.2 inch 120Hz – Hiển thị sắc nét, mượt mà, tiết kiệm pin.
Chip Snapdragon 8 Elite – Hiệu năng mạnh mẽ, tối ưu AI, tiết kiệm năng lượng.
Camera 50MP + Zoom quang 3X – Cảm biến lớn, chụp đêm tốt, quay video 8K.
Thiết kế cao cấp, IP68 – Chống nước, chống bụi, bền bỉ và sang trọng.",CellphoneS,,,,,,,,,
https://cellphones.com.vn/dien-thoai-oppo-a3.html,OPPO A3 6GB 128GB,OPPO,4590000,Giảm 8%,,,"5 MP, Khẩu độ F/2.2","50MP, Khẩu độ F/1.8",,,,720x1604,,6.67,"Mới, đầy đủ phụ kiện từ nhà sản xuất",5.0/5,10.0,"Màn hình LCD, 6.67 inch cho phép bạn xem nội dung với độ chi tiết cao và màu sắc rực rỡ.
Chip Snapdragon 6s 4G Gen 1 mang đến hiệu năng mượt mà, xử lý các tác vụ hàng ngày một cách nhanh chóng.
Camera sau 50MP cho phép bạn chụp ảnh chất lượng cao, với độ chi tiết cao và màu sắc rực rỡ. 
Pin dung lượng lớn 5100mAh cho phép bạn sử dụng điện thoại cả ngày dài mà không cần lo lắng về việc hết pin.",CellphoneS,,,,,,,,,
https://cellphones.com.vn/dien-thoai-xiaomi-15-ultra.html,Xiaomi 15 Ultra 5G 16GB 512GB,Xiaomi,32990000,Giảm 6%,,,"Camera trước: 32MP, ƒ/2.0, 90° FOV
Cảm biến OV32B
Tiêu cự 21mm","Camera chính Leica: 50MP, ƒ/1.63, OIS
Camera tele Leica: 50MP, ƒ/1.8, OIS
Camera siêu tele Leica: 200MP, ƒ/2.6, OIS
Camera góc siêu rộng Leica: 50MP, ƒ/2.2, 115° FOV","2 x Lõi Prime, tốc độ tối đa 4,32GHz
6 x Lõi hiệu suất, lên đến 3,53GHz",,,3200x1440,,6.73,"Mới, đầy đủ phụ kiện từ nhà sản xuất",4.8/5,6.0,"Hiệu năng Xiaomi Mi 15 Ultra vượt trội Snapdragon 8 Elite với hai lõi Oryon 2 cho khả năng xử lý mượt mà các tác vụ nặng
Cụm camera sau 200 MP với khả năng zoom kỹ thuật số đến 120x, cho phép chụp ảnh sắc nét trong mọi điều kiện ánh sáng
HyperOS 2 hệ điều hành tối ưu hóa trải nghiệm sử dụng, giảm độ trễ và xử lý đa nhiệm mượt mà
Tính năng HyperAI hỗ trợ nhận diện giọng nói, dịch ngôn ngữ thời gian thực và chỉnh sửa hình ảnh/video ngay trên thiết bị
Dung lượng pin Xiaomi 15 Ultra lớn giúp kéo dài thời gian sử dụng, đảm bảo hoạt động bền bỉ cho người dùng",CellphoneS,,,,,,,,,
https://cellphones.com.vn/dien-thoai-zte-z70-ultra.html,Điện thoại Nubia Z70 Ultra 5G 16GB 512GB bản đặc biệt,Nubia,22990000,Giảm 4%,,,16MP,50MP+64MP+50MP,,,,,,,"Mới, đầy đủ phụ kiện từ nhà sản xuất",,,"Hiệu năng đỉnh cao với chip Snapdragon 8 Elite mang đến trải nghiệm mượt mà, không giật lag
Màn hình AMOLED 144Hz giúp trải nghiệm hình ảnh sống động, sắc nét với độ sáng lên đến 2000 nits
Camera chất lượng cao với cụm camera mạnh mẽ với cảm biến chất lượng cao, có khả năng chụp ảnh ấn tượng trong mọi điều kiện
Dung lượng pin 6150mAh, sạc nhanh 80W, thoải mái sử dụng cả ngày dài
Màn hình lớn và hiệu năng mạnh mẽ, đáp ứng mọi nhu cầu giải trí và làm việc",CellphoneS,,,,,,,,,
https://cellphones.com.vn/dien-thoai-tecno-spark-30-pro-8gb-256gb.html,TECNO SPARK 30 Pro 8GB 256GB Transformer - Chỉ có tại CellphoneS,Tecno,4390000,Giảm 17%,,,13MP,"108MP, f/1.75",,,,,,6.78,"Mới, đầy đủ phụ kiện từ nhà sản xuất",4.7/5,12.0,"Với chip MediaTek Helio G100, Tecno Spark 30 Pro được thiết kế để mang lại hiệu năng vượt trội, đáp ứng mọi nhu cầu sử dụng hàng ngày của bạn.
Sở hữu camera chính với độ phân giải 108MP và khẩu độ f/1.75 cho phép chụp ảnh với độ chi tiết cao và màu sắc trung thực.
Viên pin lớn với dung lượng 5000mAh hỗ trợ sử dụng liên tục cả ngày dài mà không cần sạc thường xuyên.",CellphoneS,,,,,,,,,
https://cellphones.com.vn/dien-thoai-samsung-galaxy-s25-plus.html,Samsung Galaxy S25 Plus 256GB,Samsung,23190000,Giảm 14%,,,12MP,"Camera siêu rộng 12MP
Camera góc rộng 50MP
Camera Tele 10MP","Tốc độ CPU: 4.47GHz, 3.5GHz
8 nhân",,,3120x1440,,6.7,"Mới, đầy đủ phụ kiện từ nhà sản xuất",5.0/5,6.0,"Màn hình Dynamic AMOLED 2X 6.7 inch – Tần số quét 120Hz, độ phân giải cao, hiển thị mượt mà.
Camera 50MP AI nâng cấp – Cảm biến lớn, chụp thiếu sáng tốt, zoom quang học cải tiến.
Pin 4900mAh, sạc nhanh 45W – Sử dụng bền bỉ, sạc đầy nhanh chóng.
Thiết kế cao cấp, chuẩn IP68 – Viền mỏng, khung Titan bền bỉ, chống nước & bụi.",CellphoneS,,,,,,,,,
https://cellphones.com.vn/dien-thoai-samsung-galaxy-a06-5g.html,Samsung Galaxy A06 5G 4GB 128GB,Samsung,3690000,Giảm 8%,,,"8.0 MP, f/2.0","50.0 MP, f/1.8
2.0 MP, f/2.4",2 nhân 2.0 GHz & 6 nhân 1.8 GHz,,,720x1600,,6.7,"Mới, đầy đủ phụ kiện từ nhà sản xuất",5.0/5,7.0,"Hiệu năng Samsung A06 5G ổn định với RAM 4GB và ROM 128GB - Mang đến trải nghiệm mượt mà khi chạy đa nhiệm và lưu trữ thoải mái ứng dụng, hình ảnh, và video.
Màn hình lớn 6.7 inch độ phân giải HD+, mang lại trải nghiệm xem phim, chơi game và lướt web rõ nét, chân thực.
Camera sau 50MP giúp chụp ảnh với chi tiết cao, sắc nét trong mọi điều kiện ánh sáng, hỗ trợ tốt cho các nhu cầu chụp ảnh hàng ngày.
Pin Galaxy A06 5G 5000mAh giúp người dùng yên tâm sử dụng cả ngày dài mà không lo hết pin, từ giải trí đến công việc đều được đảm bảo liên tục.",CellphoneS,,,,,,,,,
https://cellphones.com.vn/dien-thoai-xiaomi-redmi-14c.html,Xiaomi Redmi 14C 4GB 128GB,Xiaomi,2990000,Giảm 9%,,,13MP - f/2.0,"50MP, Ống kính -5P, f/1.8",,,,720x1640,,6.88,"Mới, đầy đủ phụ kiện từ nhà sản xuất",4.8/5,31.0,"Màn hình 6,88 inch, lớn nhất trên dòng Redmi cho đến nay, mang đến không gian xem rộng rãi và phong phú .
Viên pin lớn 5160mAh, giúp người dùng yên tâm duy trì kết nối mà không cần phải sạc lại thường xuyên.
Redmi 14C được trang bị bộ vi xử lý 8 nhân MediaTek Helio G81- Ultra, mang lại hiệu năng mượt mà và hiệu quả.
Điện thoại được trang bị hệ thống camera kép AI 50MP mạnh mẽ để dễ dàng ghi lại những khoảnh khắc đáng nhớ.",CellphoneS,,,,,,,,,
https://cellphones.com.vn/dien-thoai-tecno-camon-40.html,TECNO CAMON 40 8GB 128GB,Tecno,5290000,Giảm 12%,,,32MP,"50MP, ƒ/1.8
Góc siêu rộng 8MP",,,,,,6.78,Bảo hành 13 tháng tại trung tâm bảo hành Chính hãng. 1 đổi 1 trong 30 ngày nếu có lỗi phần cứng từ nhà sản xuất. (xem chi tiết),5.0/5,1.0,"Tản nhiệt thông minh, tăng hiệu quả tản nhiệt lên 12,5% so với thế hệ trước, bảo đảm hoạt động ổn định
Pin lớn 5200 mAh thiết kế mỏng nhẹ, độ bền cao với công nghệ xả chậm, cho thời gian sử dụng lâu dài
Hiệu năng mạnh mẽ, chip Mediatek Helio G100 kết hợp với RAM 8GB và ROM 128GB, đáp ứng mọi nhu cầu sử dụng
Camera chất lượng cao, camera sau 50MP, 8MP góc rộng và camera trước 32MP, mang lại hình ảnh sắc nét và sống động
Nút bấm Flashsnap, chụp nhanh chỉ với một chạm, lý tưởng cho những khoảnh khắc bất ngờ",CellphoneS,,,,,,,,,
https://cellphones.com.vn/xiaomi-redmi-note-13-pro.html,Xiaomi Redmi Note 13 Pro 4G 8GB 128GB,Xiaomi,5790000,Giảm 21%,,,16 MP,"Chính 200 MP & Phụ 8 MP, 2 MP",2.2 GHz,,,1080x2400,,6.67,"Mới, đầy đủ phụ kiện từ nhà sản xuất",5.0/5,40.0,"Thu hút mọi ánh nhìn với thiết kế đẹp mắt, mặt lưng và khung nhựa nhẹ được làm bóng.
Công nghệ âm thanh Dolby Atmos - Redmi Note 13 Pro đem lại trải nghiệm âm thanh sống động, chi tiết và mạnh mẽ.
Màn hình lớn Full HD+ đi kèm tần số quét cao 120 Hz - Cho phép người dùng tận hưởng mọi chi tiết một cách rõ ràng.
Hiệu năng mạnh mẽ, phù hợp với nhu cầu sử dụng đa nhiệm của người dùng hiện nay với chip MediaTek Helio G99-Ultra.",CellphoneS,,,,,,,,,
https://cellphones.com.vn/dien-thoai-samsung-galaxy-a06.html,Samsung Galaxy A06 4GB 128GB,Samsung,3190000,Giảm 9%,,,"8.0 MP, f/2.0","50.0 MP, f/1.8
2.0 MP, f/2.4","8 nhân 2GHz, 1.8GHz",,,720x1600,,6.7,"Mới, đầy đủ phụ kiện từ nhà sản xuất",4.9/5,12.0,"Hiệu năng ổn định với RAM 4GB và ROM 128GB - Mang đến trải nghiệm mượt mà khi chạy đa nhiệm và lưu trữ thoải mái ứng dụng, hình ảnh, và video.
Màn hình lớn 6.7 inch độ phân giải HD+, mang lại trải nghiệm xem phim, chơi game và lướt web rõ nét, chân thực.
Camera sau 50MP giúp chụp ảnh với chi tiết cao, sắc nét trong mọi điều kiện ánh sáng, hỗ trợ tốt cho các nhu cầu chụp ảnh hàng ngày.
Pin 5000mAh giúp người dùng yên tâm sử dụng cả ngày dài mà không lo hết pin, từ giải trí đến công việc đều được đảm bảo liên tục.",CellphoneS,,,,,,,,,
https://cellphones.com.vn/iphone-11.html,iPhone 11 64GB | Chính hãng VN/A,Apple,7990000,Giảm 20%,,,"12 MP, ƒ/2.2 aperture","Camera kép 12MP:
- Camera góc rộng: ƒ/1.8 aperture
- Camera siêu rộng: ƒ/2.4 aperture",Hexa-core,,,1792x828,,6.1,"Mới, đầy đủ phụ kiện từ nhà sản xuất",4.9/5,158.0,"Màu sắc phù hợp cá tính - 6 màu sắc bắt mắt để lựa chọn
Hiệu năng mượt mà, ổn định - Chip A13, RAM 4GB
Bắt trọn khung hình - Camera kép hỗ trợ góc rộng, chế độ Night Mode
Yên tâm sử dụng - Kháng nước, kháng bụi IP68, kính cường lực Gorilla",CellphoneS,,,,,,,,,
https://cellphones.com.vn/iphone-14-256gb.html,iPhone 14 256GB | Chính hãng VN/A,Apple,16390000,Giảm 14%,,,"12MP, ƒ/1.9","Camera góc rộng: 12MP, ƒ/1.5
Camera góc siêu rộng: 12MP, ƒ/2.4",3.22 GHz,,,2532x1170,,6.1,"Máy mới 100% , chính hãng Apple Việt Nam.
CellphoneS hiện là đại lý bán lẻ uỷ quyền iPhone chính hãng VN/A của Apple Việt Nam",5.0/5,1.0,"Tuyệt đỉnh thiết kế, tỉ mỉ từng đường nét - Nâng cấp toàn diện với kiểu dáng mới, nhiều lựa chọn màu sắc trẻ trung
Nâng tầm trải ngiệm giải trí đỉnh cao - Màn hình 6,1"""" cùng tấm nền OLED có công nghệ Super Retina XDR cao cấp
Chụp ảnh chuyên nghiệp hơn - Cụm 2 camera 12 MP đi kèm nhiều chế độ và chức năng chụp hiện đại
Hiệu năng hàng đầu thế giới - Apple A15 Bionic 6 nhân xử lí nhanh, ổn định",CellphoneS,,,,,,,,,
https://cellphones.com.vn/dien-thoai-infinix-hot-50-pro-plus.html,Infinix Hot 50 Pro Plus 8GB 256GB,Chuẩn NFC,4790000,Giảm 4%,,,13MP,50MP + 2MP,,,,1080x2436,,6.78,"Mới, đầy đủ phụ kiện từ nhà sản xuất",4.9/5,13.0,"Máy kết hợp RAM 8GB mượt mà và bộ nhớ trong cực lớn 256GB, đáp ứng mọi nhu cầu từ làm việc đến giải trí, lưu trữ thoải mái mà không lo đầy bộ nhớ.
Màn hình lớn, sắc nét cùng tần số quét 120Hz mang đến trải nghiệm vuốt chạm siêu mượt, hình ảnh sống động khi chơi game và xem phim.
Camera chính 50MP tích hợp AI cải thiện chất lượng ảnh, bắt trọn mọi khoảnh khắc với độ chi tiết cao và màu sắc chân thực.
Viên pin dung lượng lớn 5000mAh cùng công nghệ sạc nhanh 33W đảm bảo sử dụng suốt ngày dài, nạp đầy năng lượng nhanh chóng.",CellphoneS,,,,,,,,,
https://cellphones.com.vn/samsung-galaxy-a55.html,Samsung Galaxy A55 5G 8GB 128GB,Samsung,7890000,Giảm 21%,,,32 MP,"Camera chính: 50 MP OIS+HDR
Camera góc rộng: 12MP
Camera macro: 5MP",4 nhân 2.7 GHz & 4 nhân 2.0 GHz,,,1080x2340,,6.6,"Mới, đầy đủ phụ kiện từ nhà sản xuất",4.9/5,36.0,"Chip Exynos 1480 4nm - Sử dụng mượt mà, linh hoạt với các tác vụ nặng nề mà không gặp trở ngại.
Với camera góc rộng 12MP mang đến khả năng thu trọn mọi khung cảnh vào khung hình.
Tần số quét 120Hz - Mỗi hành động trên màn hình đều trở nên mượt mà đáng kinh ngạc.
Pin 5000 mAh kết hợp cùng sạc nhanh 25W - Sử dụng thoải mái trong mọi hoạt động hằng ngày.",CellphoneS,,,,,,,,,
https://cellphones.com.vn/dien-thoai-samsung-galaxy-m55.html,Samsung Galaxy M55 12GB 256GB,Samsung,8290000,Giảm 26%,,,"Camera góc rộng: 50 MP, f/2.4","Camera góc rộng: 50 MP, f/1.8, 1/1.56"", 1.0µm, PDAF, OIS
Camera góc siêu rộng: 8 MP, f/2.2, 123˚
Camera macro: 2 MP, f/2.4",1x2.4 GHz Cortex-A710 & 3x2.36 GHz Cortex-A710 & 4x1.8 GHz Cortex-A510,,,1080x2400,,6.7,"Mới, đầy đủ phụ kiện từ nhà sản xuất",4.9/5,23.0,"Trải nghiệm hình ảnh sống động và sắc nét với màn hình AMOLED 6.7 inch, độ phân giải Super AMOLED+.
Ghi lại những bức ảnh tuyệt đẹp với camera chính 50MP, khẩu độ f/1.8, cùng nhiều tính năng chụp ảnh thông minh.
Qualcomm Snapdragon 7 Gen 1 nhân kết hợp với RAM 12GB mang đến hiệu suất mạnh mẽ cho mọi tác vụ, từ chơi game đến chỉnh sửa video.
Pin khủng 5000mAh - Sử dụng điện thoại cả ngày dài mà không lo hết pin nhờ viên pin.",CellphoneS,,,,,,,,,
https://cellphones.com.vn/dien-thoai-xiaomi-redmi-note-13-pro-5g-8gb-256gb.html,Xiaomi Redmi Note 13 Pro 5G 8GB 256GB,Xiaomi,7390000,Giảm 22%,,,16 MP,"Chính 200 MP & Phụ 8 MP, 2 MP",4 nhân 2.4 GHz & 4 nhân 1.95 GHz,,,1220x2712,,6.67,"Mới, đầy đủ phụ kiện từ nhà sản xuất",4.7/5,22.0,"Màn hình AMOLED 6,67 inch, tần số quét 120Hz và độ sáng tối đa 1.800 nits, mang lại trải nghiệm hình ảnh sắc nét và mượt mà.
Chip mới nhất của Qualcomm, máy không chỉ có hiệu suất mạnh mẽ mà còn tối ưu hóa năng lượng khi sử dụng mạng 5G, giúp tiết kiệm pin hơn.
Viên pin 5.100 mAh hỗ trợ sạc nhanh 67W, giúp Xiaomi Redmi Note 13 Pro 5G 8gb 256gb hoạt động bền bỉ suốt ngày dài và nhanh chóng nạp đầy năng lượng.
Note 13 Pro 5G 8/256gb hỗ trợ kết nối 5G mang lại tốc độ kết nối siêu nhanh, giúp bạn trải nghiệm mượt mà khi xem video trực tuyến.",CellphoneS,,,,,,,,,
https://cellphones.com.vn/samsung-galaxy-s24-plus.html,Samsung Galaxy S24 Plus 12GB 256GB,Samsung,17990000,Giảm 33%,,,"12 MP, f/2.2","Camera chính góc rộng: 50 MP, f/1.8, Dual Pixel PDAF, OIS
Camera tele: 10 MP, f/2.4, PDAF, OIS, zoom quang học 3x
Camera góc siêu rộng: 12 MP, f/2.2, 120˚","3.2GHz,2.9GHz,2.6GHz,1.95GHz",,,3120x1440,,6.7,"Mới, đầy đủ phụ kiện từ nhà sản xuất",5.0/5,10.0,"Mở ra Kỷ nguyên Điện thoại Samsung S24 Plus AI Cao cấp -Hỗ trợ Phiên dịch cuộc gọi, trợ lí chỉnh ảnh, khoanh vùng để tìm kiếm
Chụp ảnh bất kể không gian và thời gian - Camera 50MP với với công nghệ ProVisual, chụp đêm và siêu thu phóng
Pin S24+ tối ưu thông minh cho cả ngày tràn đầy năng lượng - Viên pin 4900 mAh cho phép bạn xem video liên tục đến 29 giờ
Nâng cấp màn hình trải nghiệm tuyệt đỉnh - Màn hình 6.7"" inch Dynamic AMOLED 2X cùng tần số quét 120Hz",CellphoneS,,,,,,,,,
https://cellphones.com.vn/iphone-16-256gb.html,iPhone 16 256GB | Chính hãng VN/A,Apple,22190000,Giảm 15%,,,"12MP, ƒ/1.9, Tự động lấy nét theo pha Focus Pixels","Camera chính: 48MP, f/1.6, 26mm, Focus Pixels 100%, hỗ trợ ảnh có độ phân giải siêu cao
Camera góc siêu rộng: 12MP, ƒ/2.2, 13 mm, Focus Pixels 100%, Độ phóng đại quang học 2x, độ thu nhỏ quang học 2x; phạm vi thu phóng quang học 4x Độ thu phóng kỹ thu",CPU 6 lõi mới với 2 lõi hiệu năng và 4 lõi tiết kiệm điện,,,2556x1179,,6.1,"Máy mới 100% , chính hãng Apple Việt Nam.
CellphoneS hiện là đại lý bán lẻ uỷ quyền iPhone chính hãng VN/A của Apple Việt Nam",4.9/5,15.0,"iPhone 16 được trang bị vi xử lý Apple A18, cho hiệu năng mạnh mẽ, đáp ứng tốt các tác vụ nặng như chơi game, thiết kế đồ họa và chạy đa nhiệm.
Sở hữu hệ thống camera sau 48MP, cho khả năng chụp ảnh rõ nét, chi tiết và bắt trọn những khoảnh khắc đẹp.
Màn hình Super Retina XDR 6.1 inch, cho trải nghiệm hình ảnh rộng rãi, màu sắc rực rỡ, độ tương phản cao và chi tiết rõ ràng.
Vỏ máy iPhone 16 được làm từ nhôm chuẩn hàng không vũ trụ cứng cáp và kính pha màu ở mặt sau vừa đẹp vừa bền bỉ.",CellphoneS,,,,,,,,,
https://cellphones.com.vn/dien-thoai-oppo-reno13f-5g.html,OPPO Reno13 F 5G 12GB 256GB,OPPO,10290000,Giảm 6%,,,"32MP, F/2.4","Camera chính: 50MP OIS, F/1.8
Camera góc rộng: 8MP, F/2.2
Camera Marco: 2MP, F/2.4",,,,1080x2400,,6.67,"Mới, đầy đủ phụ kiện từ nhà sản xuất",4.8/5,5.0,"Sản phẩm trang bị màn hình AMOLED kích thước 6.67 inch với độ phân giải 1080 x 2400 pixels, giúp hiển thị hình ảnh mượt mà.
Hệ thống camera sau 50MP với OIS, cùng camera góc rộng 8MP và camera macro 2MP, cho phép người dùng chụp ảnh chất lượng cao trong nhiều điều kiện khác nhau.
Với chipset Qualcomm Snapdragon 6 Gen1 5G và GPU Adreno 710, sản phẩm đảm bảo hiệu năng mượt mà cho mọi tác vụ và trải nghiệm chơi game.
Pin 5800mAh, sạc nhanh 80W cho thời gian sử dụng dài, đi kèm với công nghệ sạc nhanh superVOOC 45W, giúp người dùng dễ dàng nạp năng lượng cho thiết bị trong thời gian ngắn.",CellphoneS,,,,,,,,,
https://cellphones.com.vn/dien-thoai-tecno-camon-30s.html,TECNO CAMON 30S 8GB 256GB,Tecno,4590000,Giảm 16%,,,13MP,"50M OIS
2M + light sensor
100MP",,,,1080x2436,,6.78,"Mới, đầy đủ phụ kiện từ nhà sản xuất",4.8/5,62.0,"Màn hình AMOLED 6.78 inches - Hiển thị hình ảnh rực rỡ, sắc nét, mang lại trải nghiệm giải trí và xem phim tuyệt vời.
Chipset Mediatek G100- Hiệu suất ổn định, đáp ứng tốt nhu cầu chơi game và các tác vụ nặng.
RAM 8GB + Bộ nhớ trong 256GB: Cung cấp hiệu năng mạnh mẽ, cho phép người dùng lưu trữ nhiều ứng dụng và dữ liệu mà không lo đầy bộ nhớ.
Chất lượng hình ảnh sắc nét, hỗ trợ nhiều tính năng chụp ảnh chuyên nghiệp, phù hợp cho nhu cầu chụp ảnh cao cấp.",CellphoneS,,,,,,,,,
https://cellphones.com.vn/nubia-neo-2.html,Nubia Neo 2 5G,Chuẩn NFC,4490000,Giảm 10%,,,16MP,"Camera góc rộng: 50 MP, f/1.8, PDAF
Camera đo độ sâu: 2 MP, f/2.4",1x2.7 GHz Cortex-A76 & 3x2.3 GHz Cortex-A76 & 4x2.1 GHz Cortex-A55,,,1080x2400,,6.72,"Mới, đầy đủ phụ kiện từ nhà sản xuất",4.9/5,208.0,"Trải nghiệm hình ảnh mượt mà, sống động - Màn hình 6.72"" Full HD+ 120Hz
Chơi game liên tục không lo gián đoạn - Pin 6.000 mAh, sạc nhanh 33W
Âm thanh sống động, nhập vai - Hệ thống âm thanh nổi DTS:X Ultra
Trải nghiệm chơi game tuyệt vời - Trang bị nhiều tính năng chơi game, hiệu suất cao",CellphoneS,,,,,,,,,
https://cellphones.com.vn/iphone-14-plus-256gb.html,iPhone 14 Plus 256GB | Chính hãng VN/A,Apple,18990000,Giảm 17%,,,"12MP khẩu độ f/1.9, Autofocus","Camera chính: 12MP, 26 mm, ƒ/1.5
Camera góc siêu rộng: 12MP, 13 mm, ƒ/2.4, 120°",6 nhân,,,2778x1284,,6.7,"Máy mới 100% , chính hãng Apple Việt Nam.
CellphoneS hiện là đại lý bán lẻ uỷ quyền iPhone chính hãng VN/A của Apple Việt Nam",4.8/5,6.0,"Trải nghiệm thị giác ấn tượng - Màn hình lớn 6.7"""" sắc nét với công nghệ Super Retina XDR
Sử dụng lâu dài với viên pin lớn giúp phát video liên tục lên tới 26 giờ
Tuyệt đỉnh thiết kế, tỉ mỉ từng đường nét - Nâng cấp toàn diện với kiểu dáng mới, nhiều lựa chọn màu sắc trẻ trung
Hiệu năng hàng đầu thế giới - Apple A15 Bionic 6 nhân xử lí nhanh, ổn định",CellphoneS,,,,,,,,,
https://cellphones.com.vn/dien-thoai-oppo-reno12-f.html,OPPO Reno12 F 5G 8GB 256GB,OPPO,7490000,Giảm 21%,,,32MP,"50MP
Camera góc rộng: 8MP
Camera xóa phông: 2MP",,,,,,6.7,"Mới, đầy đủ phụ kiện từ nhà sản xuất",4.8/5,8.0,"Màn hình rộng với độ phân giải Full HD+ cho hình ảnh sắc nét, màu sắc rực rỡ và độ tương phản cao, mang đến trải nghiệm xem phim, chơi game và đọc sách tuyệt vời.
Thiết kế mỏng nhẹ dễ dàng mang theo bên mình, đồng thời vẫn đảm bảo độ bền bỉ và chắc chắn.
Hỗ trợ sạc nhanh 45W - Sạc nhanh chóng và hiệu quả, giúp bạn tiết kiệm thời gian.
Hệ điều hành mới nhất mang đến nhiều tính năng mới và cải tiến.",CellphoneS,,,,,,,,,
https://cellphones.com.vn/iphone-16-plus-256gb.html,iPhone 16 Plus 256GB | Chính hãng VN/A,Apple,25190000,Giảm 13%,,,"12MP, ƒ/1.9, Tự động lấy nét theo pha Focus Pixels","Camera chính: 48MP, f/1.6, 26mm, Focus Pixels 100%, hỗ trợ ảnh có độ phân giải siêu cao
Camera góc siêu rộng: 12MP, ƒ/2.2, 13 mm, Focus Pixels 100%, Độ phóng đại quang học 2x, độ thu nhỏ quang học 2x; phạm vi thu phóng quang học 4x Độ thu phóng kỹ thu",CPU 6 lõi mới với 2 lõi hiệu năng và 4 lõi tiết kiệm điện,,,2796x1290,,6.7,"Máy mới 100% , chính hãng Apple Việt Nam.
CellphoneS hiện là đại lý bán lẻ uỷ quyền iPhone chính hãng VN/A của Apple Việt Nam",5.0/5,6.0,"iPhone 16 Plus được trang bị vi xử lý Apple A18, cho hiệu năng mạnh mẽ, đáp ứng tốt các tác vụ nặng.
Sở hữu hệ thống camera sau 48MP, cho khả năng chụp ảnh rõ nét, chi tiết và bắt trọn những khoảnh khắc đẹp.
Màn hình Super Retina XDR 6.7 inch, cho trải nghiệm hình ảnh rộng rãi, màu sắc rực rỡ, độ tương phản cao và chi tiết rõ ràng.
Vỏ máy iPhone 16 Plus được làm từ nhôm chuẩn hàng không vũ trụ cứng cáp và kính pha màu ở mặt sau vừa đẹp vừa bền bỉ.",CellphoneS,,,,,,,,,
https://cellphones.com.vn/dien-thoai-tecno-camon-40-8gb-256gb.html,TECNO CAMON 40 8GB 256GB,Tecno,5690000,Giảm 12%,,,32MP,"50MP, ƒ/1.8
Góc siêu rộng 8MP",,,,,,6.78,"Mới, đầy đủ phụ kiện từ nhà sản xuất",,,"Tản nhiệt thông minh với ống đồng, cao hơn 12,5% so với thế hệ trước, giúp thiết bị hoạt động ổn định
Pin lớn 5200 mAh, thiết kế mỏng nhẹ, độ bền cao với công nghệ xả chậm cho thời gian sử dụng lâu dài
Hiệu năng mạnh mẽ, chip Mediatek Helio G100 kết hợp với RAM 8GB và ROM 256GB, đáp ứng mọi nhu cầu sử dụng
Camera chất lượng cao với camera sau 50MP, 8MP góc rộng và camera trước 32MP, cho hình ảnh sắc nét và sống động
Nút bấm Flashsnap, chụp nhanh chỉ với một chạm, hoàn hảo cho những khoảnh khắc bất ngờ",CellphoneS,,,,,,,,,
https://cellphones.com.vn/dien-thoai-sony-xperia-1-vi.html,Sony Xperia 1VI 12GB 256GB,Chuẩn NFC,23490000,Giảm 29%,,,"24mm: 12MP 1/2.9"" Exmor RS cho cảm biến di động F2.0","16mm: 12 MP 1/2.5"" Exmor RS cho cảm biến di động F2.2
24mm: 52 MP (Toàn cảnh) / 48 MP (Effective) 1/1.35"" Exmor T cho cảm biến di động F1.9
85 - 170mm: 12 MP 1/3.5"" Exmor RS cho cảm biến di động F2.3 (85 mm) - F3.5 (170 mm)",,,,,,6.5,"Mới, đầy đủ phụ kiện từ nhà sản xuất",,,"Màn hình OLED, kích thước màn hình 6.5 inches cho trải nghiệm xem phim và chơi game đắm chìm hơn.
Bộ xử lý Snapdragon 8 Gen 3 Mobile Platform cho hiệu năng mạnh mẽ, xử lý mượt mà mọi tác vụ, kể cả những game nặng nhất.
Pin dung lượng lớn 5000mAh cho thời gian sử dụng lâu dài, đáp ứng nhu cầu sử dụng cả ngày dài của bạn.
Chịu nước IPX5/X8, chống bụi IP6X cho bạn yên tâm sử dụng trong mọi điều kiện thời tiết.",CellphoneS,,,,,,,,,
https://cellphones.com.vn/samsung-galaxy-a25.html,Samsung Galaxy A25 5G 6GB 128GB,Samsung,4990000,Giảm 24%,,,13 MP,"Chính 50 MP & Phụ 8 MP, 2 MP",2 nhân 2.4 GHz & 6 nhân 2 GHz,,,1080x2340,,6.5,"Mới, đầy đủ phụ kiện từ nhà sản xuất",4.9/5,22.0,"Rực rỡ mọi góc nhìn - Màn hình Super AMOLED với tần số quét 120Hz cho hình ảnh vượt trội
Trở thanh nhiếp ảnh gia chuyên nghiệp - Camera 50MP, chống rung IOS ổn định mọi địa hình
Pin tràn đầy, sạc trong tích tắc - Pin lớn 5000mAh cùng sạc nhanh 25W
Xử lí tác vụ nhanh và ổn định - Chip Exynos 1280 8 nhân cùng RAM 6GB",CellphoneS,,,,,,,,,
https://cellphones.com.vn/samsung-galaxy-a35.html,Samsung Galaxy A35 5G 8GB 128GB,Samsung,6590000,Giảm 21%,,,"13MP, f/2.2","Camera chính rộng: 50 MP OIS+HDR
Camera Macro: 5MP, f/2.4
Camera siêu rộng: 8MP, f/2.2",4 nhân 2.4 GHz & 4 nhân 2.0 GHz,,,1080x2340,,6.6,"Mới, đầy đủ phụ kiện từ nhà sản xuất",4.9/5,18.0,"Samsung A35 Chip Exynos 1380 - Sử dụng mượt mà, linh hoạt với các tác vụ nặng nề mà không gặp trở ngại.
Tần số quét 120Hz - Mỗi hành động trên màn hình đều trở nên mượt mà đáng kinh ngạc.
Với camera Galaxy A35 góc rộng 8MP mang đến khả năng thu trọn mọi khung cảnh vào khung hình.
Pin 5000 mAh kết hợp cùng sạc nhanh 25W - Sử dụng thoải mái trong mọi hoạt động hằng ngày.",CellphoneS,,,,,,,,,
https://cellphones.com.vn/dien-thoai-xiaomi-redmi-note-13-pro-8gb-256gb.html,Xiaomi Redmi Note 13 Pro 8GB 256GB,Xiaomi,6090000,Giảm 24%,,,16 MP,"Chính 200 MP & Phụ 8 MP, 2 MP",2.2 GHz,,,1080x2400,,6.67,"Mới, đầy đủ phụ kiện từ nhà sản xuất",4.9/5,9.0,"Thu hút mọi ánh nhìn với thiết kế đẹp mắt, mặt lưng và khung nhựa nhẹ được làm bóng.
Công nghệ âm thanh Dolby Atmos - Trải nghiệm âm thanh sống động, chi tiết và mạnh mẽ.
Màn hình lớn Full HD+ đi kèm tần số quét cao 120 Hz - Cho phép người dùng tận hưởng mọi chi tiết một cách rõ ràng.
Hiệu năng mạnh mẽ, phù hợp với nhu cầu sử dụng đa nhiệm của người dùng hiện nay với chip MediaTek Helio G99-Ultra.",CellphoneS,,,,,,,,,
https://cellphones.com.vn/dien-thoai-vivo-y19s.html,vivo Y19S 8GB 128GB,vivo,4390000,Giảm 8%,,,"5 MP, f/2.2","50MP, f/1.8
0.08MP, f/3.0",8 nhân 2×1.8GHz + 6×1.8GHz,,,1608x720,,6.68,"Mới, đầy đủ phụ kiện từ nhà sản xuất",,,"Bộ nhớ trong 128GB - Lưu trữ thoải mái hình ảnh, video, ứng dụng và tài liệu mà không lo hết dung lượng.
Pin 5500mAh - Vivo Y19S đảm bảo thời lượng sử dụng lâu dài, đủ để sử dụng cả ngày mà không cần sạc thường xuyên.
Màn hình 6.68 inch, 90Hz mang lại trải nghiệm xem video, chơi game và lướt web sống động, rõ nét.
Camera chính 50MP hỗ trợ chụp ảnh đẹp, đa dạng chế độ, bao gồm cả chế độ chụp chân dung, ban đêm, và chụp ảnh rộng.",CellphoneS,,,,,,,,,
https://cellphones.com.vn/dien-thoai-itel-rs4.html,Itel RS4 8GB 256GB NFC,Chuẩn NFC,3590000,Giảm 10%,,,8 MP,"Camera góc rộng: 50 MP, f/1.6, AF",2x2.2 GHz Cortex-A76 & 6x2.0 GHz Cortex-A55,,,720x1612,,6.56,"Mới, đầy đủ phụ kiện từ nhà sản xuất",4.9/5,18.0,"Itel RS4 với RAM 8GB và bộ nhớ trong 256GB cho phép chạy nhiều ứng dụng cùng lúc mà không bị lag giật.
Màn hình lớn 6.56 inches cho phép bạn trải nghiệm hình ảnh thoải mái hơn, tần số quét 120Hz cho phép bạn cuộn trang và chơi game mượt mà hơn.
Camera chính 50MP cho phép bạn chụp ảnh sắc nét và chi tiết, các tính năng chụp ảnh thông minh giúp bạn chụp ảnh đẹp hơn trong mọi điều kiện ánh sáng.
Pin dung lượng lớn 5000 mAh cho phép bạn sử dụng điện thoại lâu hơn, công nghệ sạc nhanh cho phép bạn sạc pin nhanh chóng hơn.",CellphoneS,,,,,,,,,
https://cellphones.com.vn/dien-thoai-samsung-galaxy-s25-ultra-1tb.html,Samsung Galaxy S25 Ultra 1TB,Samsung,35490000,Giảm 21%,,,12 MP,"Camera siêu rộng 50MP
Camera góc rộng 200 MP
Camera Tele (5x) 50MP
Camera Tele (3x) 10MP""",,,,3120x1440,,6.9,"Mới, đầy đủ phụ kiện từ nhà sản xuất",5.0/5,1.0,"Chuẩn IP68 – Chống nước, chống bụi, thiết kế cao cấp, sang trọng.
Âm thanh Dolby Atmos, loa kép AKG – Trải nghiệm âm thanh sống động, chân thực.
Màn hình Dynamic AMOLED 2X 6.9 inch, 120Hz – Hiển thị sắc nét, mượt mà, tiết kiệm pin.
Camera 200MP + Zoom 100X – Cảm biến lớn, chụp thiếu sáng tốt, zoom xa chi tiết.",CellphoneS,,,,,,,,,
https://cellphones.com.vn/oppo-a18.html,OPPO A18 4GB 128GB,OPPO,3190000,Giảm 20%,,,"5 MP, f/2.2","Camera chính: 8 MP, f/2.0
Camera xóa phông: 2 MP, f/2.4","8 cores, up to 2.0GHz",,,720x1612,,6.56,"Mới, đầy đủ phụ kiện từ nhà sản xuất",4.9/5,10.0,"Hiệu năng vượt trội với chip Helio G85 - Giúp bạn xử lý các tác vụ mượt mà không cần phải lo lắng có bị giật, lag.
Độ phân giải HD+ sặc nét cùng tần số quét 90Hz, mang lại những hình ảnh sống động và mượt mà nhất.
Dung lượng pin 5000 mAh mạnh mẽ - Đảm bảo bạn sẽ luôn kết nối và sử dụng trong nhiều giờ liền.
Thiết kế thời trang và hiện đại với các cạnh viền được vát phẳng và bo tròn ở các góc.",CellphoneS,,,,,,,,,
https://cellphones.com.vn/iphone-14-plus.html,iPhone 14 Plus 128GB | Chính hãng VN/A,Apple,17990000,Giảm 10%,,,"12MP khẩu độ f/1.9, Autofocus","Camera chính: 12MP, 26 mm, ƒ/1.5
Camera góc siêu rộng: 12MP, 13 mm, ƒ/2.4, 120°",6 nhân,,,2778x1284,,6.7,"Máy mới 100% , chính hãng Apple Việt Nam.
CellphoneS hiện là đại lý bán lẻ uỷ quyền iPhone chính hãng VN/A của Apple Việt Nam",4.8/5,26.0,"Trải nghiệm thị giác ấn tượng - Màn hình lớn 6.7"" sắc nét với công nghệ Super Retina XDR
Sử dụng lâu dài với viên pin lớn giúp phát video liên tục lên tới 26 giờ
Tuyệt đỉnh thiết kế, tỉ mỉ từng đường nét - Nâng cấp toàn diện với kiểu dáng mới, nhiều lựa chọn màu sắc trẻ trung
Hiệu năng hàng đầu thế giới - Apple A15 Bionic 6 nhân xử lí nhanh, ổn định",CellphoneS,,,,,,,,,
https://cellphones.com.vn/tecno-pova-6-neo.html,TECNO POVA 6 NEO 8GB 128GB,Tecno,3890000,Giảm 15%,,,8MP,50MP + AI,2*A76 up to 2.2Ghz 6*A55 up to 2Ghz,,,1080x2460,,6.78,"Mới, đầy đủ phụ kiện từ nhà sản xuất",4.9/5,86.0,"Pin 7000mAh cho phép sử dụng máy trong thời gian dài mà không cần lo lắng về việc hết pin.
Màn hình 6.78 inch cho không gian rộng rãi để xem phim, chơi game và đọc sách.
Bộ vi xử lý 8 nhân cho hiệu năng mạnh mẽ để xử lý các tác vụ đa nhiệm, chơi game mượt mà và chỉnh sửa ảnh, video hiệu quả.
Hệ thống 3 camera sau với camera chính 50MP, camera góc siêu rộng 8MP và camera macro 2MP cho phép bạn chụp ảnh và quay video chất lượng cao trong mọi điều kiện ánh sáng.",CellphoneS,,,,,,,,,
https://cellphones.com.vn/samsung-galaxy-a15.html,Samsung Galaxy A15 LTE 8GB 128GB,Tecno,4290000,Giảm 14%,,,,,,,,,,,"Mới, đầy đủ phụ kiện từ nhà sản xuất",4.9/5,86.0,"Pin 7000mAh cho phép sử dụng máy trong thời gian dài mà không cần lo lắng về việc hết pin.
Màn hình 6.78 inch cho không gian rộng rãi để xem phim, chơi game và đọc sách.
Bộ vi xử lý 8 nhân cho hiệu năng mạnh mẽ để xử lý các tác vụ đa nhiệm, chơi game mượt mà và chỉnh sửa ảnh, video hiệu quả.
Hệ thống 3 camera sau với camera chính 50MP, camera góc siêu rộng 8MP và camera macro 2MP cho phép bạn chụp ảnh và quay video chất lượng cao trong mọi điều kiện ánh sáng.",CellphoneS,,,,,,,,,
https://cellphones.com.vn/dien-thoai-xiaomi-poco-x6-pro.html,Xiaomi POCO X6 Pro 5G 8GB 256GB - Chỉ có tại CellphoneS,Chuẩn NFC,7990000,Giảm 20%,,,Camera góc siêu rộng: 16 MP,"Camera góc siêu rộng: 64 MP, f/1.7
Camera góc siêu rộng: 8 MP, 120° FOV, f/2.2
Camera macro: 2 MP, f/2.4","lõi tám, lên tới 3,35GHz",,,1220x2712,,6.67,"Mới, đầy đủ phụ kiện từ nhà sản xuất",4.9/5,176.0,"Màn hình sống động, tần số 120Hz - Đem đến chất lượng hình ảnh sắc nét, màu sắc sống động.
Hiệu năng đỉnh cao với chip Dimensity 8300 Ultra - Chiến được hầu hết các tựa game mobile phổ biến.
Bộ 3 camera chất lượng, quay chụp sắc nét - Đem đến cho bạn những bức hình chân dung chất lượng cao.
Trang bị pin 5000mAh đi cùng sạc nhanh 67 W giúp bạn thoải mái sử dụng điện thoại suốt cả ngày dài.",CellphoneS,,,,,,,,,
https://cellphones.com.vn/vivo-v50-lite-5g.html,vivo V50 LITE 5G 12GB 256GB,vivo,10690000,Giảm 3%,,,32MP,"Camera chính: 50MP
Camera góc rộng: 8MP",,,,,,6.77,"Mới, đầy đủ phụ kiện từ nhà sản xuất",,,"Trải nghiệm hình ảnh sống động với màn hình AMOLED FHD+ 120Hz, độ sáng 1800 nits
Thiết kế mỏng nhẹ, chỉ 7.79mm và nặng 196g, dễ dàng mang theo và cầm nắm thoải mái
Camera sắc nét với hệ thống camera 50MP chính và 32MP selfie với làm đẹp AI, cho bức ảnh chất lượng cao
Pin BlueVolt bền bỉ, 6500mAh với thời gian sử dụng lâu dài và sạc siêu tốc 90W, đảm bảo hiệu suất ổn định
Hiệu năng mạnh mẽ Dimensity 6300, cùng bộ nhớ 12GB RAM, đáp ứng mọi nhu cầu sử dụng",CellphoneS,,,,,,,,,
https://cellphones.com.vn/samsung-galaxy-s24-ultra-512gb.html,Samsung Galaxy S24 Ultra 12GB 512GB,Samsung,25990000,Giảm 31%,,,"12 MP, f/2.2","Camera chính: 200MP, Laser AF, OIS
Camera: 50MP, PDAF, OIS, zoom quang học 5x
Camera tele: 10MP
Camera góc siêu rộng: 12 MP, f/2.2, 13mm, 120˚",,,,1440x3120,,6.8,"Mới, đầy đủ phụ kiện từ nhà sản xuất",4.9/5,8.0,"Mở khoá giới hạn tiềm năng với AI - Hỗ trợ phiên dịch cuộc gọi, khoanh vùng tìm kiếm, Trợ lí Note và chình sửa anh
Tuyệt tác thiết kế bền bỉ và hoàn hảo - Vỏ ngoài bằng titan mới cùng màu sắc lấy cảm hứng từ chất liệu đá tự nhiên
Tích hợp S-Pen cực nhạy - Thoải mát viết, chạm thật chính xác trên màn hình cùng nhiều tính năng tiện ích
Nắm trong tay trọn bộ chi tiết chân thực nhất - Camera 200MP hỗ trợ khả năng xử lý AI cải thiện độ nét và tông màu",CellphoneS,,,,,,,,,
https://cellphones.com.vn/oppo-find-x5-pro.html,OPPO Find X5 Pro 5G 12GB 256GB,OPPO,13490000,Giảm 33%,,,"Camera chính 32MP: f/2.4; FOV 90°, ống kính: 5P, lấy nét cố định","Camera chính: 50MP, f/1.7
Camera góc rộng: 50MP, f/2.2; FOV 112°
Camera tele: 13MP, f/2.4",MariSilicon X Imaging NPU,,,1440x3216,,6.7,"Mới, đầy đủ phụ kiện từ nhà sản xuất",4.6/5,5.0,"Chip Snapdragon 8 Gen 1 cho hiệu suất mạnh mẽ, cân mọi tác vụ từ giải trí đến làm việc
Màn hình AMOLED 120 Hz mang đến cho bạn trải nghiệm mượt mà, màu sắc sống động
Dùng thoải mái cả ngày với dung lượng pin 5.000 mAh, tích hợp sạc nhanh 80W hiện đại
RAM 12GB đảm bảo khả năng xử lý đa nhiệm không giật lag, ROM 256GB giúp lưu trữ tốt",CellphoneS,,,,,,,,,
https://cellphones.com.vn/dien-thoai-zte-z70-ultra-12gb-256gb.html,Điện thoại Nubia Z70 Ultra 5G 12GB 256GB,Nubia,18990000,Giảm 5%,,,16MP,50MP+64MP+50MP,,,,,,,"Mới, đầy đủ phụ kiện từ nhà sản xuất",,,"Hiệu năng đỉnh cao với chip Snapdragon 8 Elite mang đến trải nghiệm mượt mà, không giật lag
Màn hình AMOLED 144Hz giúp trải nghiệm hình ảnh sống động, sắc nét với độ sáng lên đến 2000 nits
Camera chất lượng cao với cụm camera mạnh mẽ với cảm biến chất lượng cao, có khả năng chụp ảnh ấn tượng trong mọi điều kiện
Dung lượng pin 6150mAh, sạc nhanh 80W, thoải mái sử dụng cả ngày dài
Màn hình lớn và hiệu năng mạnh mẽ, đáp ứng mọi nhu cầu giải trí và làm việc",CellphoneS,,,,,,,,,
https://cellphones.com.vn/oppo-find-n3.html,OPPO Find N3 16GB 512GB,OPPO,30990000,Giảm 31%,,,"Màn hình chính: 20MP, f/2.2
Màn hình ngoài: 32MP, f/2.4","Camera chính: 48MP, f/1.7, OIS
Camera góc rộng: 48MP, f/2.2
Camera Tele: 64MP, f/2.6",1x3.2 GHz Cortex-X3 & 2x2.8 GHz Cortex-A715 & 2x2.8 GHz Cortex-A710 & 3x2.0 GHz Cortex-A510,,,2268x2440,,7.82,"Mới, đầy đủ phụ kiện từ nhà sản xuất",5.0/5,4.0,"Bậc thầy thiết kế, siêu mỏng nhẹ - Mỏng chỉ 239g, nhẹ chỉ 5.8mm với nếp gấp tàng hình
Rực rõ mọi màn hình hiển thị - Kích thước lên đến 7.8mm, độ phân giải 2K+ cùng tần số quét 120Hz mượt mà
Bậc thầy nhiếp ảnh - 3 camera hàng đầu đến 64MP kết hợp cùng đa dạng chế độ chụp hoàn hảo
Nâng cao hiệu suất sử dụng - Chip MediaTek Dimensity 9200 5G mạnh mẽ cùng hàng loạt tính năng đa nhiệm thông tinh",CellphoneS,,,,,,,,,
https://cellphones.com.vn/xiaomi-redmi-note-13-pro-plus.html,Xiaomi Redmi Note 13 Pro Plus 5G 8GB 256GB,Xiaomi,8090000,Giảm 26%,,,16 MP,"Chính 200 MP & Phụ 8 MP, 2 MP",2x2.8 GHz Cortex-A715 & 6x2.0 GHz Cortex-A510,,,1220x2712,,6.67,"Mới, đầy đủ phụ kiện từ nhà sản xuất",4.9/5,39.0,"Thiết kế cao cấp và bền bỉ vượt trội - Kính cường lực Gorilla Glass Victus cùng chuẩn kháng bụi, nước IP68
Trải nghiệm giải trí hoàn hảo - Màn hình AMOLED 1.5K, độ sáng tối đa 1800nits và tần số quét 120Hz
Trọn vẹn cả ngày dài - Pin 5000mAh cùng sạc nhanh siêu tốc 120W
Mọi khung hình trở nên sắc nét ấn tượng - Camera 200MP, chống rung quang học cùng khả năng siêu thu phóng 2x, 4x",CellphoneS,,,,,,,,,
https://cellphones.com.vn/dien-thoai-sony-xperia-10-vi.html,Sony Xperia 10VI 8GB 128GB,Chuẩn NFC,8290000,Giảm 31%,,,"26mm 8MP 1/4"" F2.0","16mm: 8MP 1/4“ F2.2
26mm: 48 MP (Hiệu quả) / 12 MP (Ghi)
1/2.0"" Exmor RS cho cảm biến di động F1.8",,,,,,6.1,"Mới, đầy đủ phụ kiện từ nhà sản xuất",5.0/5,1.0,"Màn hình OLED 6.1 inch với độ phân giải Full HD cho hình ảnh rực rỡ, màu sắc chính xác và độ tương phản cao.
Điện thoại Sony Xperia 10VI có bộ xử lý Snapdragon 6 Gen 1 Mobile Platform cho hiệu năng mạnh mẽ, xử lý mượt mà các tác vụ hàng ngày và chơi game.
Pin dung lượng lớn 5000mAh cho thời gian sử dụng lâu dài, đáp ứng nhu cầu sử dụng cả ngày dài của bạn.
Chống nước IPX5/IPX8, Chống bụi IP6X cho bạn yên tâm sử dụng trong mọi điều kiện thời tiết.",CellphoneS,,,,,,,,,
https://cellphones.com.vn/nubia-neo-5g.html,Nubia Neo 8GB 256GB,Điện thoại dung lượng lớn,3990000,Giảm 20%,,,"8M, f/2.0, FF","50M AF,f/1.8 +2M, f/2.4","Octa-Core,2.7GHz 1*A76@2.7GHz+3*A76@2.3GHz+4*A55@2.1GHz",,,1080x2408,,6.6,"Mới, đầy đủ phụ kiện từ nhà sản xuất",4.9/5,63.0,"Tầm nhìn thoải mái, chiến game không lo ngại - Màn hình 6.6 inch cùng tần số quét 120Hz
Đa nhiệm mạnh mẽ, thoải mái sử dụng nhiều tác vụ cùng lúc với RAM mở rộng đến 18GB
Hệ thống làm mát chuyên nghiệp với diện tích tản nhiệt 15416mm²
Năng lượng cho cả ngày - Pin 4500mAh và sạc nhanh 22.5W",CellphoneS,,,,,,,,,
https://cellphones.com.vn/dien-thoai-oppo-a3-8gb-256gb.html,OPPO A3 8GB 256GB,OPPO,5790000,Giảm 11%,,,"5 MP, Khẩu độ F/2.2","50MP, Khẩu độ F/1.8",,,,720x1604,,6.67,"Mới, đầy đủ phụ kiện từ nhà sản xuất",5.0/5,1.0,"Màn hình LCD, 6.67 inch cho phép bạn xem nội dung với độ chi tiết cao và màu sắc rực rỡ.
Chip Snapdragon 6s 4G Gen1 mang đến hiệu năng mượt mà, xử lý các tác vụ hàng ngày một cách nhanh chóng.
Camera sau 50MP cho phép bạn chụp ảnh chất lượng cao, với độ chi tiết cao và màu sắc rực rỡ. 
Pin dung lượng lớn 5100mAh cho phép bạn sử dụng điện thoại cả ngày dài mà không cần lo lắng về việc hết pin.",CellphoneS,,,,,,,,,
https://cellphones.com.vn/oppo-a79.html,OPPO A79 5G 8GB 256GB,OPPO,6990000,Giảm 7%,,,8MP; f/2.0; FOV 80°; ống kính 4P,"Camera chính: 50MP; f/1.8; FOV 77°; ống kính 5P
2MP, f/2.4; FOV 89°; ống kính 3P; hỗ trợ FF",2 nhân 2.2 GHz & 6 nhân 2.0 GHz,,,1080x2400,,6.72,"Mới, đầy đủ phụ kiện từ nhà sản xuất",5.0/5,5.0,"Trải nghiệm hình ảnh mượt mà và sống động với màn hình 90Hz, cho bạn những thao tác vuốt chạm và chơi game mượt mà hơn.
Tận hưởng tốc độ internet siêu nhanh và ổn định với kết nối 5G, cho bạn tải xuống, xem video và chơi game online mượt mà hơn.
Lưu trữ thoải mái với bộ nhớ lớn 8GB RAM + 128GB ROM, cho bạn đa nhiệm mượt mà và lưu trữ nhiều ứng dụng, hình ảnh và video.
Sử dụng thoải mái cả ngày dài với pin 5000mAh và sạc nhanh 33W, cho bạn sạc đầy pin nhanh chóng để tiếp tục sử dụng.",CellphoneS,,,,,,,,,
https://cellphones.com.vn/dien-thoai-meizu-mblu-21-128gb.html,Điện thoại Meizu Mblu 21 6GB 128GB,Điện thoại Meizu,2390000,Giảm 20%,,,8 MP,"13MP
0.08 MP",,,,,,6.79,"Mới, đầy đủ phụ kiện từ nhà sản xuất",4.8/5,13.0,"Meizu Mblu 21 mang thiết kế gọn nhẹ với viền màn hình mỏng, kiểu dáng sang trọng, phù hợp cho mọi đối tượng sử dụng, từ giới trẻ đến người đi làm.
Trang bị màn hình lớn 6.79 inch, Meizu Mblu 21 hiển thị rõ ràng, màu sắc sống động, mang đến trải nghiệm xem phim, chơi game tuyệt vời.
Hiệu năng ổn định đáp ứng tốt các nhu cầu cơ bản như lướt web, xem video, và sử dụng các ứng dụng mạng xã hội mà không giật lag.
Trang bị camera kép phía sau, giúp chụp ảnh rõ nét, sắc màu đẹp mắt. Camera trước hỗ trợ tính năng làm đẹp, mang lại bức ảnh selfie ấn tượng.",CellphoneS,,,,,,,,,
https://cellphones.com.vn/iphone-16-512gb.html,iPhone 16 512GB | Chính hãng VN/A,Apple,27990000,Giảm 13%,,,"12MP, ƒ/1.9, Tự động lấy nét theo pha Focus Pixels","Camera chính: 48MP, f/1.6, 26mm, Focus Pixels 100%, hỗ trợ ảnh có độ phân giải siêu cao
Camera góc siêu rộng: 12MP, ƒ/2.2, 13 mm, Focus Pixels 100%, Độ phóng đại quang học 2x, độ thu nhỏ quang học 2x; phạm vi thu phóng quang học 4x Độ thu phóng kỹ thu",CPU 6 lõi mới với 2 lõi hiệu năng và 4 lõi tiết kiệm điện,,,2556x1179,,6.1,"Máy mới 100% , chính hãng Apple Việt Nam.
CellphoneS hiện là đại lý bán lẻ uỷ quyền iPhone chính hãng VN/A của Apple Việt Nam",5.0/5,2.0,"iPhone 16 được trang bị vi xử lý Apple A18, cho hiệu năng mạnh mẽ, đáp ứng tốt các tác vụ nặng như chơi game, thiết kế đồ họa và chạy đa nhiệm.
Sở hữu hệ thống camera sau 48MP, cho khả năng chụp ảnh rõ nét, chi tiết và bắt trọn những khoảnh khắc đẹp.
Màn hình Super Retina XDR 6.1 inch, cho trải nghiệm hình ảnh rộng rãi, màu sắc rực rỡ, độ tương phản cao và chi tiết rõ ràng.
Vỏ máy iPhone 16 được làm từ nhôm chuẩn hàng không vũ trụ cứng cáp và kính pha màu ở mặt sau vừa đẹp vừa bền bỉ.",CellphoneS,,,,,,,,,
https://cellphones.com.vn/oppo-a58.html,OPPO A58 4G 6GB 128GB,OPPO,4290000,Giảm 14%,,,"8 MP, F/2.0","50 MP,F/1.8 (chính) + 2 MP, F/2.4 (Xóa phông)","2x2,2 GHz Cortex-A76 & 6x2,0 GHz Cortex-A55",,,1080x2400,,6.72,"Mới, đầy đủ phụ kiện từ nhà sản xuất",5.0/5,6.0,"Trang bị chip Helio G85 đáp ứng nhu cầu giải trí hàng ngày của bạn một cách dễ dàng hơn.
Năng lượng bền bỉ từ sáng đến đêm với pin 5000mAh kết hợp cùng công nghệ sạc nhanh 33W.
Trang bị cụm 2 camera với camera chính 50MP - Chụp ảnh sắc nét và quay video chất lượng tốt.
Tận hưởng cảm giác mượt mà với màn hình hiển thị sáng chân thực IPS LCD.",CellphoneS,,,,,,,,,
https://cellphones.com.vn/oppo-a58-8gb-128gb.html,OPPO A58 8GB 128GB,OPPO,4590000,Giảm 16%,,,8MP,"Cảm biến chính 50MP
Cảm biến độ sâu 2MP",2.0 GHz,,,1080x2412,,6.72,"Mới, đầy đủ phụ kiện từ nhà sản xuất",,,"Bộ vi xử lý MediaTek Helio G85 8 nhân cho hiệu năng mạnh mẽ để xử lý các tác vụ đa nhiệm, chơi game mượt mà và chỉnh sửa ảnh/video chuyên nghiệp.
RAM 8GB và bộ nhớ trong 128GB cho khả năng lưu trữ thoải mái và đa nhiệm mượt mà.
Màn hình 6.72 inch với tần số quét 60Hz cho trải nghiệm xem phim, chơi game mượt mà và sống động.
 Pin 5000mAh cho phép bạn sử dụng điện thoại cả ngày dài mà không lo hết pin.",CellphoneS,,,,,,,,,
https://cellphones.com.vn/dien-thoai-itel-p55-plus.html,Itel P55 Plus 8GB 128GB,Itel,2790000,Giảm 15%,,,8 MP,Camera góc rộng: 50 MP,Octa-core Processor,,,,,6.6,"Mới, đầy đủ phụ kiện từ nhà sản xuất",4.6/5,7.0,"Màn hình kích thước 6.6 inch mang lại hình ảnh sống động, giúp bạn xem phim, chơi game hoặc lướt web với trải nghiệm thị giác tuyệt vời.
Trang bị RAM 8GB và bộ nhớ trong 128GB, Itel P55 Plus mang đến trải nghiệm mượt mà khi đa nhiệm, chơi game hoặc sử dụng ứng dụng nặng.
Thời lượng pin 5000mAh đáp ứng tốt nhu cầu sử dụng cả ngày, phù hợp cho công việc và giải trí mà không lo ngại hết pin.
Thiết kế mỏng nhẹ với các tùy chọn màu sắc bắt mắt, Itel P55 Plus phù hợp với phong cách thời thượng và năng động của người dùng trẻ.",CellphoneS,,,,,,,,,
https://cellphones.com.vn/tecno-pova-6.html,TECNO POVA 6 8GB 256GB,Tecno,5590000,Giảm 14%,,,Camera trước 32MP với đèn flash kép,108M + AI,2*A76 up to 2.2Ghz 6*A55 up to 2.0Ghz,,,1080x2436,,6.78,"Mới, đầy đủ phụ kiện từ nhà sản xuất",4.9/5,24.0,"Màn hình 6.78 inch cho không gian rộng rãi để xem phim, chơi game và đọc sách.
Pin 6000mAh cho phép sử dụng máy trong thời gian dài mà không cần lo lắng về việc hết pin.
Bộ vi xử lý Helio G99 8 nhân cho hiệu năng mạnh mẽ, xử lý mượt mà các tác vụ đa nhiệm, chơi game 3D cấu hình cao và chỉnh sửa ảnh/video chuyên nghiệp.
Với thiết kế trẻ trung, năng động, Tecno Pova 6 phù hợp với những người dùng yêu thích sự cá tính và nổi bật.",CellphoneS,,,,,,,,,
https://cellphones.com.vn/oppo-find-n3-flip.html,OPPO Find N3 Flip 12GB 256GB,OPPO,16490000,Giảm 28%,,,"32 MP, f/2.4, FOV 90°, ống kính 5P; Hỗ trợ AF","Camera chính: 50 MP, f/1.8, OIS
Camera góc rộng: 48 MP, f/2.2
Tele: 32 MP, f/2.0","1 nhân 3.05 GHz, 3 nhân 2.85 GHz & 4 nhân 1.8 GHz",,,1080x2520,,6.8,"Mới, đầy đủ phụ kiện từ nhà sản xuất",5.0/5,4.0,"Bậc thầy thiết kế, siêu mỏng nhe - Mỏng chỉ 239g, nhẹ chỉ 5.8mm với nếp gấp tàng hình
Rực rõ mọi màn hình hiển thị - Kích thước lên đến 7.8mm, độ phân giải 2K+ cùng tần số quét 120Hz mượt mà
Bậc thầy nhiếp ảnh - 3 camera hàng đầu đến 64MP kết hợp cùng đa dạng chế độ chụp hoàn hảo
Nâng cao hiệu suất sử dụng - Chip Snapdragon 8 Gen 2 8 nhân mạnh mẽ cùng hàng loạt tính năng đa nhiệm thông tinh
 ",CellphoneS,,,,,,,,,
https://cellphones.com.vn/oppo-a38.html,OPPO A38 6GB 128GB,OPPO,3990000,Giảm 11%,,,5 MP,Chính 50 MP & Phụ 2 MP,2 nhân 2.0 GHz & 6 nhân 1.8 GHz,,,720x1612,,6.56,"Mới, đầy đủ phụ kiện từ nhà sản xuất",,,"Trải nghiệm hình ảnh rõ ràng, sắc nét với màn hình LCD 6.56 inch HD+ (1612 x 720) cùng tần số quét 90 Hz.
CPU MediaTek Helio P35 8 nhân,  cho khả năng xử lý đa nhiệm mượt mà, chơi game nhẹ và các tác vụ cơ bản.
Chụp ảnh đẹp, rõ ràng với camera sau AI 13MP (chính) + 2MP (macro) + 2MP (đơn sắc).
Pin dung lượng lớn 5000mAh: Sử dụng thoải mái cả ngày dài với pin dung lượng lớn 5000mAh, hỗ trợ sạc nhanh 33W.",CellphoneS,,,,,,,,,
https://cellphones.com.vn/vivo-y100.html,Vivo Y100,vivo,6490000,Giảm 16%,,,"8MP, f/2.0","50MP, f/1.8
2MP, f/2.4",4 × 2.8 GHz + 4 × 1.9 GHz,,,1080x2400,,6.67,"Mới, đầy đủ phụ kiện từ nhà sản xuất",,,"Công nghệ màn hình AMOLED mang đến trải nghiệm hình ảnh sống động và sắc nét.
Màn hình vivo Y100 rộng 6.67 inch - Cho không gian hiển thị lớn và thoải mái cho các hoạt động trên điện thoại.
Công nghệ âm thanh Hi-Res Audio tiên tiến, cung cấp chất lượng âm thanh stereo sống động và rõ ràng.
Thiết kế Y100 nốt ruồi, máy không chỉ mang đến trải nghiệm hình ảnh rộng rãi mà còn tạo điểm nhấn thẩm mỹ độc đáo.",CellphoneS,,,,,,,,,
https://cellphones.com.vn/dien-thoai-samsung-galaxy-a16-lte.html,Samsung Galaxy A16 LTE 4GB 128GB,Samsung,4590000,Giảm 10%,,,13MP,"Camera góc rộng: 50MP
Camera góc siêu rộng: 5MP
Camera Macro: 2MP
Khẩu độ (Đa khẩu độ): F1.8 , F2.2 , F2.4","2.2GHz,2.0GHz Octa-Core",,,1080x2340,,6.7,"Mới, đầy đủ phụ kiện từ nhà sản xuất",5.0/5,1.0,"Màn hình Super AMOLED 6.7 inch, tần số quét 90Hz, giúp hiển thị màu sắc rực rỡ và hình ảnh mượt mà.
Bộ ba camera bao gồm camera chính 50 MP, camera góc siêu rộng 5 MP và camera macro 2 MP, cho phép chụp ảnh đa dạng và chi tiết.
Chíp MediaTek Helio G99 đảm bảo xử lý tác vụ mượt mà và khả năng chơi game ổn định.
Pin dung lượng 5000 mAh hỗ trợ sạc nhanh 25W, cung cấp thời gian sử dụng lâu dài và sạc nhanh chóng.",CellphoneS,,,,,,,,,
https://cellphones.com.vn/dien-thoai-vivo-y04-6gb-128gb.html,vivo Y04 6GB 128GB,vivo,3790000,Giảm 5%,,,"5MP
khẩu độ f/2.2","13MP + 0.08MP
khẩu độ f/2.2 (13MP) + f/3.0 (0.08MP)","8 nhân 12nm, 2 × 1.8GHz + 6 × 1.8GHz",,,1600x720,,6.74,"Mới, đầy đủ phụ kiện từ nhà sản xuất",,,"Hiệu suất mạnh mẽ, vi xử lý Unisoc T7225 8 nhân và GPU Mali-G52 đảm bảo xử lý ổn định, hạn chế giật lag
RAM 6 GB và bộ nhớ 128 GB đa nhiệm hiệu quả và không gian lưu trữ rộng rãi
Camera chính 13 MP và camera selfie 5 MP cho hình ảnh sắc nét, hỗ trợ chụp đêm và quay video Full HD
Màn hình rộng 6.74 inch, IPS LCD với tần số quét 90 Hz mang lại trải nghiệm mượt mà khi chơi game và lướt web
Pin 5500 mAh bền bỉ, cung cấp năng lượng cả ngày",CellphoneS,,,,,,,,,
https://cellphones.com.vn/dien-thoai-oppo-a18-4gb-64gb.html,OPPO A18 4GB 64GB,OPPO,2890000,Giảm 12%,,,5 MP,Chính 8 MP & Phụ 2 MP,2 nhân 2.0 GHz & 6 nhân 1.8 GHz,,,720x1612,,6.56,Bảo hành 12 tháng tại trung tâm bảo hành Chính hãng. 1 đổi 1 trong 30 ngày nếu có lỗi phần cứng từ nhà sản xuất. (xem chi tiết),,,"Màn hình IPS LCD 6.56 inch với độ phân giải HD+ cho bạn trải nghiệm hình ảnh rộng rãi, sắc nét và sống động. 
Bộ nhớ trong 64GB cho bạn không gian lưu trữ thoải mái cho ứng dụng, hình ảnh và video.
Hệ thống camera kép AI giúp bạn ghi lại những khoảnh khắc đáng nhớ với chất lượng hình ảnh rõ nét và chi tiết. 
Pin dung lượng lớn 5000mAh cho bạn sử dụng cả ngày dài mà không lo hết pin. ",CellphoneS,,,,,,,,,
https://cellphones.com.vn/dien-thoai-nubia-v60-design.html,Nubia V60 Design 6GB 256GB,Điện thoại dung lượng lớn,2690000,Giảm 18%,,,8MP FF,"50MP AI Camera
2MP FF+AI Camera",Octa-Core 1.6GHz,,,720x1612,,6.6,"Mới, đầy đủ phụ kiện từ nhà sản xuất",4.9/5,14.0,"Tần số quét 90Hz mang đến trải nghiệm hình ảnh mượt mà và sống động, với tốc độ làm mới cao và màu sắc rực rỡ.
Chip Unisoc T606mang đến hiệu năng mạnh mẽ, cho phép bạn xử lý các tác vụ hàng ngày một cách mượt mà và chơi game một cách hiệu quả.
Bộ nhớ trong 256GB cung cấp đủ không gian lưu trữ cho ảnh, video, nhạc và các ứng dụng của bạn.
Camera sau 50MP + 2MP cho phép bạn chụp ảnh chất lượng cao, với độ chi tiết cao và màu sắc rực rỡ. ",CellphoneS,,,,,,,,,
https://cellphones.com.vn/dien-thoai-realme-c65.html,realme C65 8GB 256GB,realme,3750000,Giảm 29%,,,8 MP,Chính 50 MP & Cảm biến Flicker,2 nhân 2.0 GHz & 6 nhân 1.8 GHz,,,,,6.67,"Mới, đầy đủ phụ kiện từ nhà sản xuất",5.0/5,4.0,"Trải nghiệm hình ảnh rộng rãi và thoải mái với màn hình 6.67 inch cùng tỷ lệ màn hình 20:9.
Lưu trữ thoải mái với bộ nhớ lớn 8GB RAM + 256GB ROM, cho bạn đa nhiệm mượt mà và lưu trữ nhiều ứng dụng, hình ảnh và video.
Sử dụng thoải mái cả ngày dài với pin dung lượng lớn 5000mAh.
Thu hút ngay từ cái nhìn đầu tiên với các đường nét mềm mại và hiện đại.",CellphoneS,,,,,,,,,
https://cellphones.com.vn/dien-thoai-vivo-v30e.html,vivo V30E 12GB 256GB,Chuẩn NFC,8490000,Giảm 19%,,,"32 MP HD Selfie Camera f/2.0, 84º FoV, 5P lens","Camera góc rộng: 50 MP, f/1.8, 1/1.95"", 0.8µm, PDAF, OIS
Camera góc siêu rộng: 8 MP, f/2.2, 120˚, 1/4.0"", 1.12µm",4x2.2 GHz Cortex-A78 & 4x1.8 GHz Cortex-A55,,,1080x2400,,6.78,"Mới, đầy đủ phụ kiện từ nhà sản xuất",,,"Chip Snapdragon 6 Gen 1 cho khả năng xử lý đa nhiệm mượt mà và chơi game tốt.
Camera góc rộng chất lượng cho khả năng chụp ảnh sắc nét và đẹp mắt.
Pin 5500mAh với sạc nhanh 44W cho thời gian sử dụng lâu dài và sạc nhanh chóng.
Màn hình AMOLED 6.78 inch, tần số quét 120Hz, độ sáng tối đa 1300 nits cho trải nghiệm hình ảnh sống động và mượt mà.",CellphoneS,,,,,,,,,
https://cellphones.com.vn/samsung-galaxy-z-fold-6-512gb.html,Samsung Galaxy Z Fold6 12GB 512GB,Samsung,38490000,Giảm 20%,,,"Camera bên ngoài:10 MP, f/2.2
Camera bên trong: 4 MP, F1.8","Camera góc rộng: 50.0 MP, f/1.8, Thu phóng quang học 2x
Camera chụp góc siêu rộng: 12.0 MP, f/2.2
Camera ống kính tele: 10.0 MP, f/2.4, Thu phóng Quang học 3x","8 nhân 3.39 GHz, 3.1GHz, 2.9GHz, 2.2GHz",,,2160x1856,,7.6,"Mới, đầy đủ phụ kiện từ nhà sản xuất",,,"Màn hình chính Dynamic AMOLED 2X 7.6 inch mang đến trải nghiệm hình ảnh tuyệt vời, với độ phân giải cao.
Chip Snapdragon 8 Gen 3 cho tốc độ xử lý siêu nhanh, đáp ứng tốt mọi nhu cầu sử dụng một cách mượt mà. 
Camera trước 10MP cho phép bạn chụp ảnh selfie chất lượng cao và thực hiện các cuộc gọi video rõ ràng.
Samsung Galaxy Z Fold6 có thiết kế sang trọng và cao cấp, với khung viền nhôm và mặt lưng kính cường lực.",CellphoneS,,,,,,,,,
https://cellphones.com.vn/dien-thoai-tecno-spark-go-1.html,TECNO SPARK Go 1 4GB 64GB,Tecno,2090000,Giảm 16%,,,8MP,13MP,,,,,,6.67,"Mới, đầy đủ phụ kiện từ nhà sản xuất",4.9/5,11.0,"Chipset T615 với 8 nhân mang lại hiệu suất xử lý ấn tượng, đa nhiệm mượt mà.
RAM 4GB và bộ nhớ trong 64GB, đáp ứng các nhu cầu lưu trữ và xử lý linh hoạt của người dùng.
Màn hình 6.67 inch với độ phân giải HD+ và tần số quét 120 Hz, mang đến trải nghiệm xem phim và chơi game tuyệt vời.
Với viên pin 5,000 mAh giúp bạn thoải mái sử dụng suốt cả ngày chỉ với 1 lần nạp pin.",CellphoneS,,,,,,,,,
https://cellphones.com.vn/dien-thoai-tecno-spark-30c.html,TECNO SPARK 30C 4GB 128GB,Tecno,2490000,Giảm 14%,,,8M + Dual Flash,48M+ light Sensor + Dual Flash,"MT6769V/CBZA
2x A75 up to 2.0GHz
6x A55 up to 1.7GHz",,,720x1600,,6.67,"Mới, đầy đủ phụ kiện từ nhà sản xuất",4.9/5,20.0,"Tecno Spark 30c được trang bị chipset MediaTek Helio G81 với CPU 8 nhân cho hiệu suất mượt mà, đảm bảo trải nghiệm đa nhiệm và chơi game tốt nhất.
Trải nghiệm hình ảnh sắc nét với độ phân giải 720 x 1600 pixel, hoàn hảo cho việc xem video và chơi game.
Màn hình nốt ruồi chạm tay ướt và công nghệ âm thanh loa kép DTS mang lại trải nghiệm giải trí tuyệt vời.
Hỗ trợ công nghệ NFC tiện dụng. Pin lớn, bạn có thể thoải mái sử dụng cả ngày mà không lo hết năng lượng",CellphoneS,,,,,,,,,
https://cellphones.com.vn/dien-thoai-infinix-hot-40-pro.html,Infinix Hot 40 Pro Free Fire 8GB 256GB,Chuẩn NFC,3450000,Giảm 20%,,,"Camera góc rộng: 32 MP, f/2.2","Camera góc rộng: 108 MP, f/1.8, 0.64µm, AF
Camera macro: 2 MP, f/2.4
Camera phụ: 0.08 MP","Octa-core CPU, Lên đến 2.2GHz",,,1080x2460,,6.78,"Mới, nguyên hộp. Hộp gồm: Máy, cáp sạc, củ sạc, ốp lưng, dán màn hình, que lấy SIM, sách HDSD",5.0/5,31.0,"Chipset MediaTek Helio G99 mạnh mẽ mang lại hiệu suất ổn định và linh hoạt.
Camera chính 108 MP và camera trước 32MP - Tạo nên khả năng chụp ảnh sắc nét và chi tiết.
Dung lượng pin 5.000 mAh cùng sạc nhanh 33W - Mang đến trải nghiệm sử dụng lâu dài cho người dùng.
Màn hình 6.78 inch - tần số quét 120Hz mang lại trải nghiệm mượt mà và mật độ điểm ảnh 396 ppi giúp hình ảnh rõ nét.",CellphoneS,,,,,,,,,
https://cellphones.com.vn/dien-thoai-realme-c61-6gb-128gb.html,realme C61 6GB 128GB,realme,3690000,Giảm 8%,,,5MP,"Camera góc rộng: 50 MP, ƒ/1.8, 1/2.5"" Kích thước cảm biến
Ống kính phụ trợ: 0.08 MP",2x 1.8 GHz – Cortex-A75 6x 1.8 GHz – Cortex-A55,,,720x1600,,6.745,"Mới, đầy đủ phụ kiện từ nhà sản xuất",4.0/5,1.0,"Màn hình IPS LCD 6.745 inch với độ làm tươi 90 Hz cho hình ảnh sắc nét, màu sắc rực rỡ và góc nhìn rộng.
Bộ xử lý Unisoc Tiger T612 cho hiệu năng ổn định, xử lý mượt mà các tác vụ hàng ngày và chơi game nhẹ nhàng.
Cài đặt sẵn hệ điều hành Android 14 mới nhất với giao diện hiện đại, nhiều tính năng hữu ích.
Kháng nước nhẹ IP54 cho bạn yên tâm sử dụng trong điều kiện thời tiết ẩm ướt.",CellphoneS,,,,,,,,,
https://cellphones.com.vn/tecno-camon-30.html,TECNO CAMON 30 8GB 256GB,Tecno,4990000,Giảm 23%,,,"Camera đơn: 50 MP (Góc rộng), Tự động lấy nét (PDAF)
Đèn flash LED kép
Độ phân giải video: 1440p @ 30 fps, 1080p @ 30/60 fps","Camera kép:
50 MP, ƒ/1.9 (Góc rộng), 1/1.57"" Kích thước cảm biến, chống rung quang học (OIS) + chống rung điện tử (EIS)
2 MP (Chiều sâu)
Đèn flash LED kép, Dải động cao (HDR), Toàn cảnh
Độ phân giải video: 1440p @ 30 fps, 1080p @ 30/60 fps","Lõi CPU: 8 lõi
Công nghệ CPU: 6 nm
Tốc độ tối đa của CPU: 2.2 GHz
Kiến trúc CPU: 64-bit
Vi kiến trúc: 2x 2.2 GHz – Cortex-A76, 6x 2.0 GHz – Cortex-A55
Loại bộ nhớ: LPDDR4X",,,1080x2436,,6.78,"Mới, đầy đủ phụ kiện từ nhà sản xuất",4.9/5,29.0,"Nâng tầm nhiếp ảnh chân dung với camera 50MP sắc nét, lưu giữ mọi khoảnh khắc đáng nhớ.
Trải nghiệm màn hình lớn mãn nhãn 6.78 inches, hiệu năng mạnh mẽ với chip Helio G99 Ultimate(6nm).
Thiết kế cổ điển cùng dung lượng pin 5000 mAh, sạc nhanh 70W giúp tăng thời lượng sử dụng.",CellphoneS,,,,,,,,,
https://cellphones.com.vn/dien-thoai-nubia-v70-design-8gb-128gb.html,Nubia V70 Design 8GB 128GB,Nubia,2790000,,,,16.0 MP,"50 MP, ƒ/1.8
2.0 MP",,,,720x1600,,6.7,"Mới, đầy đủ phụ kiện từ nhà sản xuất",,,"Màn hình mượt mà 120Hz – Kích thước 6.7 inch, công nghệ IPS LCD sắc nét mang đến trải nghiệm tương tác thú vị.
Hiệu năng ổn định – Vi xử lý 8 nhân kết hợp RAM 8GB (mở rộng lên 16GB), đảm bảo mượt mà khi chơi game và đa nhiệm.
Bộ nhớ rộng rãi – 128GB lưu trữ thoải mái ứng dụng, hình ảnh, video mà không lo đầy bộ nhớ.
Pin lớn 5000mAh, sạc nhanh 22.5W – Dùng cả ngày dài, sạc nhanh tiết kiệm thời gian.",CellphoneS,,,,,,,,,
https://cellphones.com.vn/dien-thoai-realme-13-plus-5g.html,realme 13+ 5G 8GB 256GB,Chuẩn NFC,7390000,Giảm 22%,,,"16MP, f/2.4",50MP 882 OIS + 2MP + Flicker,Lõi tám nhân 4*A78 @2.5 GHz，4*A55 @2.5 GHz,,,1080x2400,,6.67,"Mới, đầy đủ phụ kiện từ nhà sản xuất",5.0/5,4.0,"Realme 13+ 5G sử dụng bộ vi xử lý hiện đại, mang đến trải nghiệm mượt mà cho các tác vụ đa nhiệm và chơi game.
Màn hình Full HD+ với tần số quét cao 120Hz cho hình ảnh mượt mà và sắc nét khi lướt web, xem video hoặc chơi game.
Hỗ trợ kết nối 5G giúp truy cập Internet nhanh chóng và ổn định, phù hợp cho nhu cầu công việc và giải trí trực tuyến.
Pin dung lượng lớn với công nghệ sạc nhanh, giúp người dùng có thể sử dụng lâu dài mà không lo lắng về việc sạc lại thường xuyên.",CellphoneS,,,,,,,,,
https://cellphones.com.vn/dien-thoai-itel-p55-plus-8gb-256gb.html,Điện thoại Itel P55 Plus NFC 8GB 256GB,Itel,2990000,Giảm 14%,,,8 MP,Camera góc rộng: 50 MP,Octa-core Processor,,,,,6.6,"Mới, đầy đủ phụ kiện từ nhà sản xuất",,,"RAM 8GB và bộ nhớ 256GB, đem đến trải nghiệm mượt mà khi đa nhiệm, chơi game hoặc sử dụng ứng dụng nặng
Pin 5000mAh mang khả năng hoạt động ổn định cả ngày, lý tưởng cho việc xem phim và chơi game liên tục
Sạc nhanh 45W, nạp lại năng lượng nhanh chóng, không cần chờ đợi lâu để sử dụng tiếp
Màn hình 6.6 inch IPS LCD, tần số 90Hz, cung cấp hiển thị rộng rãi với màu sắc sinh động và chân thực
Camera kép 50MP, cảm biến chính cho ảnh chi tiết và sắc nét, với hiệu ứng xóa phông ấn tượng",CellphoneS,,,,,,,,,
https://cellphones.com.vn/oppo-reno10.html,OPPO Reno10 5G 8GB 256GB,OPPO,8490000,Giảm 23%,,,"Camera góc rộng: 32 MP, f/2.4","Camera góc rộng: 64MP; f/1.7, PDAF
Chụp Telephoto chân dung: 32 MP, f/2.0
Camera góc siêu rộng: 8 MP, f/2.2, Zoom quang lai 2X× và Xoom kỹ thuật số 20X",8 cores,,,1080x2412,,6.7,"Mới, đầy đủ phụ kiện từ nhà sản xuất",4.8/5,4.0,"Chuyên gia chân dung thế hệ thứ 10 - Camera chân dung 32MP siêu nét, chụp xa từ 2X-5X không lo biến dạng khung hình
Thiết kế nổi bật, dẫn đầu xu hướng - Cạnh viền cong 3D, các phiên bản màu sắc phù hợp đa cá tính, thu hút mọi ánh nhìn
Đa nhiệm mạnh mẽ hơn ai hết - RAM mở rộng 8GB, ROM 256GB mang đến trải nghiệm đa tác vụ thoải mái
Pin bất tận, sạc siêu tốc - pin 5000mAh và sạc nhanh 67W cùng chế độ tiết kiệm pin siêu tiện ích",CellphoneS,,,,,,,,,
https://cellphones.com.vn/samsung-galaxy-z-flip-6-512gb.html,Samsung Galaxy Z Flip6 12GB 512GB,Samsung,23990000,Giảm 27%,,,"10.0 MP, f/2.2","Camera góc chụp rộng: 50.0 MP, f/1.8, thu phóng quang học 2x
Góc chụp siêu rộng: 12.0 MP, f/2.2","8 nhân 3.39 GHz, 3.1GHz, 2.9GHz, 2.2GHz",,,1080x2640,,6.7,"Mới, đầy đủ phụ kiện từ nhà sản xuất",,,"Hiệu năng vượt trội nhờ vào trang bị chip Snapdragon 8 Gen 3 mạnh mẽ và thanh RAM 12GB.
Màn hình chính 6.7 inch, màn hình phụ 3.4inch giúp thao tác mượt, tận hưởng giải trí đỉnh cao.
Camera sau 50MP + 12MP cho phép bạn chụp ảnh chất lượng cao, với độ chi tiết cao và màu sắc rực rỡ.
Samsung Galaxy Z Flip6 có thiết kế sang trọng và cao cấp, nhỏ gọn, dễ dàng mang theo khi di chuyển.",CellphoneS,,,,,,,,,
https://cellphones.com.vn/tecno-spark-20-pro-plus.html,TECNO SPARK 20PRO+ 8GB 256GB,Tecno,4390000,Giảm 20%,,,"32MP, f/2.2","Camera chính: 108MP, f/1.75
Camera Macro: 2MP, AI Camera, Đèn flash dọc bốn chiều",Tiến trình 6nm,,,1080x2436,,6.78,"Mới, đầy đủ phụ kiện từ nhà sản xuất",4.9/5,31.0,"Camera selfie 32MP tuyệt đẹp - Ghi lại mọi khoảnh khắc tỏa sáng của bạn.
Yên tâm sử dụng với khả năng chống nước và bụi cấp độ IP53.
Trải nghiệm hiệu năng vô song với bộ xử lý Mediatek Helio G99 mạnh mẽ nhất.
Thiết kế cong đôi công thái học - Sự kết hợp hoàn hảo giữa kiểu dáng đẹp và sự thoải mái.",CellphoneS,,,,,,,,,
https://cellphones.com.vn/asus-rog-phone-6.html,ASUS ROG Phone 6 16GB 512GB - Chỉ có tại CellphoneS,Điện thoại gaming,17990000,Giảm 14%,,,12 MP,"Camera chính góc rộng: 50 MP, f/1.9, PDAF
Camera góc siêu rộng:13 MP, f/2.2
Camera macro: 5 MP","1 nhân 3.19 GHz Cortex-X2
3 nhân 2.75 GHz Cortex-A710
4 nhân 1.80 GHz Cortex-A510",,,1080x2448,,6.78,"Nguyên hộp, đầy đủ phụ kiện từ nhà sản xuất",4.9/5,18.0,"Hiệu năng dẫn đầu mọi trận đấu - Chip Snapdragon® 8+ Gen 1 mạnh mẽ cùng RAM 16GB
Chất lượng hiển thị đúng chuẩn gaming - Màn hình 6.78 inches, FullHD+, HDR10+ cùng tần số quét 165Hz
Thiết kế thân thiện cho chơi game, mặt lưng ánh sáng Aura RGB độc đáo
Bùng nổ năng lượng cho ngày dài ấn tượng - Viên pin 6000 mAh, sạc nhanh siêu tốc 65W",CellphoneS,,,,,,,,,
https://cellphones.com.vn/tecno-pova-5-8gb-256gb.html,TECNO POVA 5 8GB 256GB,Tecno,3890000,Giảm 26%,,,"8 MP, f/2.0","Camera góc rộng: 50 MP, f/1.66, PDAF
Camera chiều sâu: f/2.0",2x2.2 GHz Cortex-A76 & 6x2.0 GHz Cortex-A55,,,1080x2460,,6.78,"Mới, đầy đủ phụ kiện từ nhà sản xuất",4.9/5,17.0,"Thiết kế mạnh mẽ, lạ mắt với mặt lưng phẳng đi kèm các họa tiết độc đáo.
Dung lượng pin cao 6000mAh - Sẵn sàng cho bạn chiến các tựa game mà không bị gián đoạn.
Màn hình 6.78 inches, hỗ trợ độ phân giải 1080 x 2460 pixel - Chất lượng hình ảnh mượt mà, sắc nét.
Chip xử lý Helio G99 (6nm) - Cung cấp sức mạnh giúp bạn đáp ứng tốt mọi tác vụ.",CellphoneS,,,,,,,,,
https://cellphones.com.vn/nokia-hmd-105-4g.html,Nokia HMD 105 4G,Điện thoại phổ thông,650000,,,,,,,,,,,2.4,"Mới, đầy đủ phụ kiện từ nhà sản xuất",5.0/5,10.0,"Nokia HMD 105 4G là chiếc điện thoại phổ thông hỗ trợ mạng 4G, cho phép bạn truy cập internet tốc độ cao nhanh chóng.
Màn hình lớn 2.4 inches cũng giúp bạn dễ dàng đọc tin nhắn, xem danh bạ và sử dụng các ứng dụng.
Máy được trang bị pin dung lượng 1450 mAh, giúp bạn thoải mái sử dụng điện thoại mà không lo hết pin.
Nokia HMD 105 4G thiết kế nhỏ gọn và bền bỉ, dễ dàng cầm nắm và mang theo bên mình.",CellphoneS,,,,,,,,,
https://cellphones.com.vn/dien-thoai-infinix-hot-40i-8gb-256gb.html,Infinix Hot 40i 8GB 256GB,Infinix,2490000,Giảm 22%,,,"Camera góc rộng: 32 MP, f/2.2","Camera chính: 50MP, f/1.6 + AI CAM, f/2.0",Octa-core (2*A75 1.6GHz & 6*A55 1.6GHz),,,720x1612,,6.56,"Mới, đầy đủ phụ kiện từ nhà sản xuất",4.9/5,9.0,"Chip xử lý game mạnh mẽ Unisoc T606 - Đem lại trải nghiệm mọi ứng dụng một cách mượt mà và không bị gián đoạn.
Màn rộng 6,56 inch cùng tần số quét 90Hz cho phép hiển thị hình ảnh sắc nét đến từng chi tiết nhỏ trên màn hình.
Tạm biệt nỗi lo pin yếu với dung lượng pin lên đến 5000mAh cùng công nghệ sạc nhanh 18W.
Thiết kế nhẹ với mặt lưng tựa kính thời thượng và hiện đại, với kích thước lý tưởng để dễ dàng mang theo bên mình.",CellphoneS,,,,,,,,,
https://cellphones.com.vn/samsung-galaxy-s24-512gb.html,Samsung Galaxy S24 8GB 512GB,Samsung,20190000,Giảm 24%,,,"12 MP, f/2.2","Camera chính 50 MP, f/1.8
Camera tele: 10 MP, f/2.4, PDAF, OIS, zoom quang học 3x
Camera góc siêu rộng: 12 MP, f/2.2, 120˚","1 nhân 3.3 GHz, 5 nhân 3.2 GHz & 2 nhân 2.3 GHz",,,1080x2340,,6.2,"Mới, đầy đủ phụ kiện từ nhà sản xuất",5.0/5,1.0,"Khai phá tiềm năng sáng tạo không giới hạn với tính năng AI - Phiên dịch cuộc gọi, trợ lí chỉnh ảnh
Sắc nét từng chi tiết - Camera 50MP với với công nghệ ProVisual, chụp đêm và siêu thu phóng
Pin tối ưu thông minh cho cả ngày tràn đầy năng lượng - Viên pin 4000mAh cho phép bạn xem video liên tục đến 29 giờ
Nâng cấp màn hình trải nghiệm tuyệt đỉnh - Màn hình 6.2"" inch Dynamic AMOLED 2X cùng tần số quét 120Hz",CellphoneS,,,,,,,,,
https://cellphones.com.vn/dien-thoai-infinix-hot-50.html,Infinix Hot 50 8GB 256GB,Chuẩn NFC,3790000,Giảm 5%,,,8MP,50MP + 2MP,,,,1080x2460,,6.78,"Mới, đầy đủ phụ kiện từ nhà sản xuất",,,"Infinix Hot 50 được trang bị RAM 8GB, đảm bảo khả năng đa nhiệm mượt mà, chạy ứng dụng nặng ổn định mà không giật lag.
Camera chính 50MP tích hợp AI mang lại những bức ảnh chi tiết, màu sắc ấn tượng trong mọi điều kiện ánh sáng.
Màn hình rộng 6.78 inch cho trải nghiệm giải trí, xem phim và chơi game sắc nét, chân thực.
Viên pin 5000mAh cùng sạc nhanh 18W - Giúp bạn sử dụng thoải mái cả ngày dài. ",CellphoneS,,,,,,,,,
https://cellphones.com.vn/nokia-3210-4g.html,Nokia 3210 4G,Điện thoại phổ thông,1550000,Giảm 3%,,,,2MP,,,,,,2.4,"Mới, đầy đủ phụ kiện từ nhà sản xuất",4.9/5,7.0,"Trải nghiệm internet tốc độ cao với kết nối 4G, cho phép bạn lướt web, xem video và tải xuống nhanh chóng.
Thiết kế cổ điển với bàn phím vật lý quen thuộc, mang đến cảm giác hoài niệm và dễ sử dụng.
Camera VGA: Cho phép bạn chụp ảnh và quay video đơn giản.
Màn hình màu 2.4 inch: Hiển thị rõ ràng, dễ đọc.
Vỏ ngoài bằng polycarbonate bền bỉ, chống va đập và trầy xước.",CellphoneS,,,,,,,,,
https://cellphones.com.vn/dien-thoai-nubia-v70-max-6gb-128gb.html,Nubia V70 Max 6GB 128GB,Nubia,2590000,,,,8.0 MP,"50 MP, ƒ/1.8
2.0 MP",,,,720x1640,,6.9,"Mới, đầy đủ phụ kiện từ nhà sản xuất",,,"Màn hình lớn 6,9 inch, tần số quét 120Hz – Mang lại trải nghiệm hình ảnh mượt mà và sắc nét cho các tác vụ hàng ngày và giải trí.
Hiệu năng ổn định với Unisoc T606 – Đảm bảo xử lý mượt mà các ứng dụng phổ biến và tác vụ đa nhiệm cơ bản. 
Camera chính 50MP và camera selfie 8MP – Đáp ứng nhu cầu chụp ảnh hàng ngày với chất lượng tốt.
Pin dung lượng 6.000mAh, hỗ trợ sạc nhanh 22,5W – Đảm bảo thời gian sử dụng dài và khả năng sạc nhanh tiện lợi.",CellphoneS,,,,,,,,,
https://cellphones.com.vn/samsung-galaxy-s22-plus-256gb.html,Samsung Galaxy S22 Plus (8GB - 256GB),Samsung,16990000,Giảm 38%,,,"10 MP, f/2.2","Camera góc rộng: 50 MP, f/1.8
Camera góc siêu rộng: 12 MP, f/2.2
Camera Tele: 10MP, f/2.4","1 nhân 3 GHz, 3 nhân 2.5 GHz & 4 nhân 1.79 GHz",,,1080x2340,,6.6,"Hàng mới, nguyên seal, đã kích hoạt vào 30/09/2023",5.0/5,1.0,"Camera mắt thần bóng đêm Nightography - Bắt trọn mọi khoảng khắc
Mãn nhãn từng chi tiết - Màn hình 6.6"", Dynamic AMOLED 2X, 120Hz
Hiệu năng mạnh mẽ, xử lí thông minh - Snapdragon 8 Gen 1 (4 nm)
Thỏa sức trải nghiệm chỉ với một lần sạc - Viên pin 4500 mAh, sạc nhanh 45W, sạc không dây",CellphoneS,,,,,,,,,
https://cellphones.com.vn/nokia-220-4g.html,Nokia 220 4G,Nokia,950000,Giảm 4%,,,,,,,,,,2.8,"Mới, đầy đủ phụ kiện từ nhà sản xuất",4.8/5,20.0,"Trải nghiệm internet tốc độ cao với kết nối 4G, cho phép bạn lướt web, xem video và tải xuống nhanh chóng.
Pin 1450mAh cho thời gian sử dụng lâu dài, lên đến 27 ngày ở chế độ chờ và 6.2 giờ đàm thoại liên tục.
Hỗ trợ 2 SIM 2 sóng, giúp bạn quản lý cuộc gọi và tin nhắn hiệu quả.
Vỏ ngoài bằng polycarbonate bền bỉ, chống va đập và trầy xước.",CellphoneS,,,,,,,,,
https://cellphones.com.vn/samsung-galaxy-s24-plus-512gb.html,Samsung Galaxy S24 Plus 12GB 512GB,Samsung,21190000,Giảm 31%,,,"12 MP, f/2.2","Camera chính góc rộng: 50 MP, f/1.8, Dual Pixel PDAF, OIS
Camera tele: 10 MP, f/2.4, PDAF, OIS, zoom quang học 3x
Camera góc siêu rộng: 12 MP, f/2.2, 120˚","3.2GHz,2.9GHz,2.6GHz,1.95GHz",,,3120x1440,,6.7,"Mới, đầy đủ phụ kiện từ nhà sản xuất",5.0/5,1.0,"Mở ra Kỷ nguyên Điện thoại AI Cao cấp -Hỗ trợ Phiên dịch cuộc gọi, trợ lí chỉnh ảnh, khoanh vùng để tìm kiếm
Chụp ảnh bất kể không gian và thời gian - Camera 50MP với với công nghệ ProVisual, chụp đêm và siêu thu phóng
Pin tối ưu thông minh cho cả ngày tràn đầy năng lượng - Viên pin 4900 mAh cho phép bạn xem video liên tục đến 29 giờ
Nâng cấp màn hình trải nghiệm tuyệt đỉnh - Màn hình 6.7"" inch Dynamic AMOLED 2X cùng tần số quét 120Hz",CellphoneS,,,,,,,,,
https://cellphones.com.vn/dien-thoai-tecno-spark-30-5g.html,TECNO SPARK 30 5G 6GB 128GB,Tecno,3690000,Giảm 18%,,,,108MP,,,,,,,"Mới, đầy đủ phụ kiện từ nhà sản xuất",,,"5G Siêu Tốc - Chip Tecno Spark 30 Dimensity 6300 mạnh mẽ, kết nối 5G ổn định.
Camera 108MP AI: Chụp đêm sắc nét, bắt trọn mọi khoảnh khắc.
Màn hình Spark 30  5G 120Hz mượt mà: Trải nghiệm lướt chạm siêu nhạy.
Pin 5000mAh bền bỉ: Sử dụng cả ngày, sạc nhanh 18W.",CellphoneS,,,,,,,,,
https://cellphones.com.vn/dien-thoai-realme-note-60x.html,realme Note 60x 3GB 64GB,Realme,2490000,Giảm 7%,,,5 MP,8 MP,,,,,,6.74,"Mới, đầy đủ phụ kiện từ nhà sản xuất",5.0/5,6.0,"Máy được trang bị màn hình IPS LCD 6,74 inch, tần số quét 90Hz, mang lại trải nghiệm hình ảnh mượt mà và sắc nét.
Sử dụng vi xử lý Unisoc Tiger T612 (12nm) đáp ứng tốt các nhu cầu sử dụng hàng ngày. 
Viên pin 5.000 mAh cho phép sử dụng liên tục trong thời gian dài, hỗ trợ sạc có dây 10W, đảm bảo thời gian sử dụng thoải mái trong ngày.
Máy chạy hệ điều hành Android 14 với giao diện Realme UI, mang đến trải nghiệm người dùng mượt mà và nhiều tính năng hiện đại.",CellphoneS,,,,,,,,,
https://cellphones.com.vn/dien-thoai-itel-rs4-12gb-256gb.html,Itel RS4 12GB 256GB NFC,Chuẩn NFC,3590000,Giảm 22%,,,8 MP,"Camera góc rộng: 50 MP, f/1.6, AF",2x2.2 GHz Cortex-A76 & 6x2.0 GHz Cortex-A55,,,720x1612,,6.56,"Mới, đầy đủ phụ kiện từ nhà sản xuất",5.0/5,5.0,"Itel RS4 với RAM 12GB và bộ nhớ trong 256GB cho phép chạy nhiều ứng dụng cùng lúc mà không bị lag giật.
Màn hình lớn 6.56 inches cho phép bạn trải nghiệm hình ảnh thoải mái hơn, tần số quét 120Hz cho phép bạn cuộn trang và chơi game mượt mà hơn.
Camera chính 50MP cho phép bạn chụp ảnh sắc nét và chi tiết, các tính năng chụp ảnh thông minh giúp bạn chụp ảnh đẹp hơn trong mọi điều kiện ánh sáng.
Pin dung lượng lớn 5000 mAh cho phép bạn sử dụng điện thoại lâu hơn, công nghệ sạc nhanh cho phép bạn sạc pin nhanh chóng hơn.",CellphoneS,,,,,,,,,
https://cellphones.com.vn/vivo-y17s.html,vivo Y17s 4GB 128GB,vivo,3190000,Giảm 16%,,,"8 MP, f/2.0","50 MP, f/1.8
2 MP, f/2.4",2.0GHz*2 + 1.8GHz*6,,,1612x720,,6.56,"Mới, đầy đủ phụ kiện từ nhà sản xuất",4.6/5,7.0,"Thiết kế trendy, màu sắc xu hướng - 2 màu sắc Tím Sao Băng, Xanh Rừng Sâu nổi bật phong cách của bạn
Hoàn hảo mọi góc chụp - Camera chính 50MP chụp chân dung và chụp đêm chuyên nghiệp, cho ảnh chất lượng cao
Đa nhiệm mượt, xử lí nhanh - RAM mở rộng giúp máy vận hành và thao tác êm ái nhiều tác vụ cùng lúc
Mở ra không gian giải trí tuyệt hảo - Tần số quét 60Hz, màn hình lớn 6.56"", độ sáng tối đa 840nits",CellphoneS,,,,,,,,,
https://cellphones.com.vn/dien-thoai-tecno-camon-30-12gb-256gb.html,TECNO CAMON 30 12GB 256GB,Tecno,5290000,Giảm 24%,,,"Camera đơn: 50 MP (Góc rộng), Tự động lấy nét (PDAF)
Đèn flash LED kép
Độ phân giải video: 1440p @ 30 fps, 1080p @ 30/60 fps","Camera kép:
50 MP, ƒ/1.9 (Góc rộng), 1/1.57"" Kích thước cảm biến, chống rung quang học (OIS) + chống rung điện tử (EIS)
2 MP (Chiều sâu)
Đèn flash LED kép, Dải động cao (HDR), Toàn cảnh
Độ phân giải video: 1440p @ 30 fps, 1080p @ 30/60 fps","Lõi CPU: 8 lõi
Công nghệ CPU: 6 nm
Tốc độ tối đa của CPU: 2.2 GHz
Kiến trúc CPU: 64-bit
Vi kiến trúc: 2x 2.2 GHz – Cortex-A76, 6x 2.0 GHz – Cortex-A55
Loại bộ nhớ: LPDDR4X",,,1080x2436,,6.78,"Mới, đầy đủ phụ kiện từ nhà sản xuất",,,"Nâng tầm nhiếp ảnh chân dung với camera 50MP sắc nét, lưu giữ mọi khoảnh khắc đáng nhớ.
Trải nghiệm màn hình lớn mãn nhãn 6.78 inches, hiệu năng mạnh mẽ với chip Helio G99 Ultimate(6nm).
Thiết kế cổ điển cùng dung lượng pin 5000 mAh, sạc nhanh 70W giúp tăng thời lượng sử dụng.",CellphoneS,,,,,,,,,
https://cellphones.com.vn/dien-thoai-vivo-y03.html,vivo Y03 4GB 64GB,vivo,2990000,,,,"5 MP, f/2.2","13 MP, f/2.2, PDAF
0.08 MP, f/3.0",2 x 2.0 GHz Cortex-A75 + 6 x 1.8 GHz Cortex-A55,,,1612x720,,6.56,"Mới, đầy đủ phụ kiện từ nhà sản xuất",,,"Trải nghiệm giải trí cực sống động với màn hình rộng 6.56 inch cùng độ phân giải HD.
Dung lượng ấn tượng lên đến 5000 mAh cùng sạc nhanh 15W - Thoải mái sử dụng trong nhiều giờ đồng hồ.
Nhiếp ảnh chuyên nghiệp, nắm giữ tuyệt tác trong tầm tay với camera chính 13MP.
Hỗ trợ cổng sạc Type C giúp sạc đầy thiết bị một cách nhanh chóng, tiết kiệm thời gian, truyền tải dữ liệu đón đầu xu hướng tương lai.",CellphoneS,,,,,,,,,
https://cellphones.com.vn/dien-thoai-realme-c65s.html,realme C65s 8GB 256GB,realme,4790000,Giảm 9%,,,8 MP,Chính 50 MP & Cảm biến Flicker,,,,1600x720,,6.745,"Hộp, Sách hướng dẫn, Cây lấy sim, Ốp lưng, Cáp Type C, Củ sạc nhanh rời đầu Type A",,,"Trải nghiệm hình ảnh rộng rãi và thoải mái với màn hình 6.745 inch.
Camera 50MP – Chụp ảnh sắc nét, hỗ trợ nhiều chế độ chụp.
Sử dụng thoải mái cả ngày dài với pin dung lượng lớn 5000mAh.
Thu hút ngay từ cái nhìn đầu tiên với các đường nét mềm mại và hiện đại.",CellphoneS,,,,,,,,,
https://cellphones.com.vn/nokia-105-4g-pro.html,Nokia 105 4G Pro,Nokia,680000,,,,,,,,,,,1.77,"Mới, đầy đủ phụ kiện từ nhà sản xuất",4.8/5,20.0,"Màn hình IPS, kích thước chữ lớn cho hiển thị tốt hơn
Thiết kế nhỏ gọn cùng bàn phím lớn, phím nổi với độ đàn hồi cao
Âm lượng loa lớn hơn, thưởng thức đài FM không cần cắm tai nghe
Mặt lưng vân nhám giúp cầm nắm dễ dàng, màu sắc trẻ trung hiện đại
Lưu trữ danh bạ không giới hạn với khe cắm thẻ MicroSD lên đến 32GB",CellphoneS,,,,,,,,,
https://cellphones.com.vn/nokia-110-4g-pro.html,Nokia 110 4G Pro,Nokia,750000,,,,,QVGA,,,,,,1.77,"Mới, đầy đủ phụ kiện từ nhà sản xuất",4.9/5,18.0,"Luôn yên tâm với độ bền đặc trưng chuẩn Châu Âu và pin dài ngày
Màn hình IPS, kích thước chữ lớn cho hiển thị tốt hơn, thiết kế nhỏ gọn cùng bàn phím lớn, phím nổi với độ đàn hồi cao
Camera tích hợp tiện dụng, âm lượng loa lớn hơn, thưởng thức đài FM không cần cắm tai nghe
Kết nối Bluetooth 5.0 kết nối tai nghe và loa không dây, mang trải nghiệm nghe nhạc, đàm thoại liền mạch",CellphoneS,,,,,,,,,
https://cellphones.com.vn/dien-thoai-tecno-spark-go-1-da-kich-hoat.html,TECNO SPARK Go 1 4GB 64GB - Đã kích hoạt,Tecno,1690000,Giảm 32%,,,8MP,13MP,,,,,,6.67,"Sản phẩm chính hãng đã kích hoạt, thu lại từ khách hàng không còn nhu cầu (Một số sản phẩm có thể đã qua bảo hành hãng hoặc sửa chữa thay thế linh kiện, hiệu suất pin không bằng hàng mới). Đầy đủ phụ kiện từ NSX. Có nguồn gốc rõ ràng, xuất hoá đơn eVAT.",,,"Chipset T615 với 8 nhân mang lại hiệu suất xử lý ấn tượng, đa nhiệm mượt mà.
RAM 4GB và bộ nhớ trong 64GB, đáp ứng các nhu cầu lưu trữ và xử lý linh hoạt của người dùng.
Màn hình 6.67 inch với độ phân giải HD+ và tần số quét 120 Hz, mang đến trải nghiệm xem phim và chơi game tuyệt vời.
Với viên pin 5,000 mAh giúp bạn thoải mái sử dụng suốt cả ngày chỉ với 1 lần nạp pin.",CellphoneS,,,,,,,,,
https://cellphones.com.vn/dien-thoai-itel-rs4-128gb.html,Itel RS4 8GB 128GB NFC,Chuẩn NFC,3290000,Giảm 18%,,,8 MP,"Camera góc rộng: 50 MP, f/1.6, AF",2x2.2 GHz Cortex-A76 & 6x2.0 GHz Cortex-A55,,,720x1612,,6.56,"Mới, đầy đủ phụ kiện từ nhà sản xuất",5.0/5,11.0,"Itel RS4 với RAM 8GB và bộ nhớ trong 128GB cho phép chạy nhiều ứng dụng cùng lúc mà không bị lag giật.
Màn hình lớn 6.56 inches cho phép bạn trải nghiệm hình ảnh thoải mái hơn, tần số quét 120Hz cho phép bạn cuộn trang và chơi game mượt mà hơn.
Camera chính 50MP cho phép bạn chụp ảnh sắc nét và chi tiết, các tính năng chụp ảnh thông minh giúp bạn chụp ảnh đẹp hơn trong mọi điều kiện ánh sáng.
Pin dung lượng lớn 5000 mAh cho phép bạn sử dụng điện thoại lâu hơn, công nghệ sạc nhanh cho phép bạn sạc pin nhanh chóng hơn.",CellphoneS,,,,,,,,,
https://cellphones.com.vn/dien-thoai-realme-c61.html,realme C61 4GB 128GB,realme,2890000,Giảm 19%,,,5MP,"Camera góc rộng: 50 MP, ƒ/1.8, 1/2.5"" Kích thước cảm biến
Ống kính phụ trợ: 0.08 MP",2x 1.8 GHz – Cortex-A75 6x 1.8 GHz – Cortex-A55,,,720x1600,,6.745,"Mới, đầy đủ phụ kiện từ nhà sản xuất",4.8/5,4.0,"Màn hình IPS LCD 6.745 inch với độ làm tươi 90 Hz cho hình ảnh sắc nét, màu sắc rực rỡ và góc nhìn rộng.
Bộ xử lý Unisoc Tiger T612 cho hiệu năng ổn định, xử lý mượt mà các tác vụ hàng ngày và chơi game nhẹ nhàng.
Cài đặt sẵn hệ điều hành Android 14 mới nhất với giao diện hiện đại, nhiều tính năng hữu ích.
Kháng nước nhẹ IP54 cho bạn yên tâm sử dụng trong điều kiện thời tiết ẩm ướt.",CellphoneS,,,,,,,,,
https://cellphones.com.vn/dien-thoai-realme-note-60.html,realme Note 60 4GB 64GB,Điện thoại pin trâu,2790000,Giảm 10%,,,5MP,Camera chính 32MP,2*A75 @1.8 GHz，6*A55 @1.8 GHz,,,1600x720,,6.74,"Mới, đầy đủ phụ kiện từ nhà sản xuất",,,"Màn hình lớn 6,745 inches, tần số quét 90Hz cho phép bạn thưởng thức nội dung giải trí một cách thoải mái và sống động.
Chip xử lý UNISOC T612 cũng cho phép bạn chơi game di động một cách mượt mà và ổn định.
Viên pin dung lượng 5000mAh cũng hỗ trợ sạc nhanh 10W, cho phép bạn sạc đầy pin nhanh chóng.
Realme Note 60 được trang bị hệ thống camera sau 32MP, cho phép bạn chụp ảnh chất lượng cao trong nhiều điều kiện ánh sáng khác nhau.",CellphoneS,,,,,,,,,
https://cellphones.com.vn/dien-thoai-masstel-izi-16-4g.html,Masstel izi 16 4G,Masstel,450000,,,,,,,,,,,1.77,Bảo hành 12 tháng tại trung tâm bảo hành Chính hãng. 1 đổi 1 trong 30 ngày nếu có lỗi phần cứng từ nhà sản xuất. (xem chi tiết),5.0/5,5.0,"Kiểu dáng nhỏ nhắn, thân thiện và cơ động, dễ mang theo và dễ thao tác bằng một tay.
Các chữ số và ký tự được làm với kích cỡ lớn, dễ nhìn, thân thiện với mọi đối tượng người dùng.
Đèn pin siêu sáng có nút kích hoạt nhanh nhanh thông qua phím giữa trên thân máy.
Hỗ trợ kết nối mạng 4G thế hệ mới.
Pin 1.000 mAh có thể kéo dài thời lượng trải nghiệm lên tới nhiều ngày không cần sạc.",CellphoneS,,,,,,,,,
https://cellphones.com.vn/dien-thoai-vivo-y04-4gb-64gb.html,vivo Y04 4GB 64GB,vivo,2990000,,,,"5MP
khẩu độ f/2.2 (5MP)","13MP + 0.08MP
khẩu độ f/2.2 (13MP) + f/3.0 (0.08MP)",,,,1600x720,,6.74,"Mới, đầy đủ phụ kiện từ nhà sản xuất",,,"Hiệu suất ổn định, chip Unisoc T7225 8 nhân và GPU Mali-G52 mang lại khả năng xử lý mượt mà
Màn hình IPS LCD 6.74 inch, chất lượng hiển thị rõ nét với tần số quét 90 Hz, giảm tình trạng mỏi mắt nhờ ánh sáng xanh
Camera sắc nét cảm biến chính 13 MP và camera selfie 5 MP cho ảnh chi tiết, cải thiện chụp đêm và quay video Full HD
Pin 5500 mAh cung cấp năng lượng dồi dào, cho phép sử dụng liên tục đến 22.5 giờ phát nhạc mà không lo gián đoạn
Thiết kế gọn nhẹ, vỏ nhựa chắc chắn và khối lượng 199g mang lại cảm giác cầm nắm thoải mái và linh hoạt",CellphoneS,,,,,,,,,
https://cellphones.com.vn/samsung-galaxy-a33.html,Samsung Galaxy A33 (5G),Samsung,7290000,,,,"13 MP, f/2.2","Camera chính: 48 MP, F1.8
Camera góc siêu rộng: 8 MP, F2.2
Camera macro: 5 MP, F2.4
Camera chân dung: 2.0 MP, F2.4",2 nhân 2.4 GHz & 6 nhân 2 GHz,,,1080x2400,,6.4,"Mới, đầy đủ phụ kiện từ nhà sản xuất",4.8/5,11.0,"Màn hình giải trí lớn, sắc nét từng chi tiết - 6.4 inch, Full HD+ cho hình ảnh sắc nét, chân thực
4 camera hỗ trợ chụp ảnh chuyên nghiệp - Camera chính lến đến 48 MP ghi lại trọn vẹn chi tiết đáng giá
Cấu hình ổn định, xử lí đa dạng tác vụ - Vi xử lý Exynos 1280 hỗ trợ 5G kết hợp cùng RAM 6 GB
 Kháng nước chuẩn IP67 - An tâm sử dụng trong mọi môi trường và tính huống",CellphoneS,,,,,,,,,
https://cellphones.com.vn/dien-thoai-vivo-y18s.html,vivo Y18S 6GB 128GB,vivo,3990000,Giảm 5%,,,8MP khẩu độ f/2.0 (8MP),50MP + 0.08MP khẩu độ f/1.8 (50MP) + f/3.0 (0.08MP),8 nhân 12nm 2×2.0GHz + 6×1.8GHz,,,1612x720,,6.56,"Mới, đầy đủ phụ kiện từ nhà sản xuất",5.0/5,1.0,"Màn hình LCD rộng 6.56 inch, độ sáng cao và độ phân giải sắc nét, mang đến trải nghiệm hình ảnh tuyệt vời
Được trang bị vi xử lý Mediatek Helio G85 và RAM 6GB, Y18S đảm bảo khả năng xử lý mượt mà và hiệu suất vượt trội.
Dung lượng lớn 5000mAh, mang đến thời gian sử dụng kéo dài trong suốt cả ngày mà không cần lo lắng về việc hết pin",CellphoneS,,,,,,,,,
https://cellphones.com.vn/vivo-v25e.html,vivo V25e 8GB 128GB,vivo,4990000,Giảm 41%,,,"32 MP, f/2.0","Camera chính: 64 MP, f/1.79
Camera góc siêu rộng: 2 MP, f/2.4
Camera Macro: 2 MP, f/2.4",2 nhân 2.2 GHz & 6 nhân 2.0 GHz,,,2404x1080,,6.44,"Mới, đầy đủ phụ kiện từ nhà sản xuất",5.0/5,3.0,"Thiết kế đẳng cấp với mặt lưng thay đổi màu sắc - Cạnh viền vát phẳng thân máy siêu mỏng chỉ 7.79 mm
Màn hình cao cấp, sắc nét cho trải nghiệm tuyệt vời - Màn hình AMOLED 6.44"""", tần số quét 90 Hz
Lưu giữ trọn vẹn khoảng khắc - Hệ thống ba camera lên đến 64MP, hỗ trợ nhiều công nghệ chụp ảnh đa năng
Hiệu năng ổn định, thao tác mượt mà - Sở hữu con chip MediaTek Helio G99 cùng RAM 8GB",CellphoneS,,,,,,,,,
https://cellphones.com.vn/dien-thoai-vivo-y28-8gb-256gb.html,vivo Y28 8GB 256GB,vivo,5690000,Giảm 12%,,,"8 MP, f/2.05","Chính 50 MP, f/1.8
Phụ 2 MP, f/2.4",2 nhân 2.0 GHz & 6 nhân 1.8 GHz,,,1608x720,,6.68,"Mới, đầy đủ phụ kiện từ nhà sản xuất",,,"Màn hình lớn 90Hz, trải nghiệm xem phim và chơi game mượt mà trên màn hình 6.68 inch
Pin trâu 6000mAh, sạc nhanh 44W sử dụng cả ngày dài không lo hết pin, sạc nhanh chóng
Chụp ảnh chất lượng cao với camera sau 50MP và camera trước 8MP
Hiệu năng ổn định với chip Helio G85 đáp ứng tốt các nhu cầu sử dụng hàng ngày",CellphoneS,,,,,,,,,
https://cellphones.com.vn/dien-thoai-masstel-izi-t2.html,Masstel izi T2 4G,Masstel,500000,,,,,,,,,240x320,,2.4,"Mới, đầy đủ phụ kiện từ nhà sản xuất",4.8/5,5.0,"Thiết kế nhỏ nhắn, thoải mái sử dụng bằng một tay.
Công nghệ 4G chất lượng cao, mang lại giải pháp liên lạc rõ ràng và bền bỉ.
Màn hình QVGA có khả năng tái hiện tới 16.7 triệu màu, giúp cho trải nghiệm hình ảnh trở nên sắc sảo, rõ ràng.
Trang bị công nghệ HD Call giúp tối ưu chất lượng đàm thoại và quá trình liên lạc mọi lúc mọi nơi.",CellphoneS,,,,,,,,,
https://cellphones.com.vn/dien-thoai-realme-c60.html,realme C60 4GB 64GB,realme,2390000,Giảm 14%,,,5.0 MP,Chính 13.0 MP & Phụ 0.08 MP,,,,720x1600,,6.74,"Mới, đầy đủ phụ kiện từ nhà sản xuất",5.0/5,3.0,"Camera siêu sắc nét với độ phân giải đỉnh cao - mang lại những bức ảnh chụp chuyên nghiệp, rõ nét và chi tiết nhất trên từng chủ thể hiển thị.
Màn hình LCD cho khả năng hiển thị hình ảnh hoàn hảo.
Dung lượng pin 5000 mAh - Thoải mái sử dụng suốt ngày dài mà không lo hết pin.
Cấu hình ổn định và khả năng xử lý tốc độ với chip Unisoc T612.",CellphoneS,,,,,,,,,
https://cellphones.com.vn/dien-thoai-vivo-y28.html,vivo Y28 8GB 128GB,vivo,5090000,Giảm 12%,,,"8 MP, f/2.05","Chính 50 MP, f/1.8
Phụ 2 MP, f/2.4",2 nhân 2.0 GHz & 6 nhân 1.8 GHz,,,1608x720,,6.68,"Mới, đầy đủ phụ kiện từ nhà sản xuất",,,"Màn hình lớn 90Hz, trải nghiệm xem phim và chơi game mượt mà trên màn hình 6.68 inch
Pin trâu 6000mAh, sạc nhanh 44W sử dụng cả ngày dài không lo hết pin, sạc nhanh chóng
Chụp ảnh chất lượng cao với camera sau 50MP và camera trước 8MP
Hiệu năng ổn định với chip Helio G85 đáp ứng tốt các nhu cầu sử dụng hàng ngày",CellphoneS,,,,,,,,,
https://cellphones.com.vn/dien-thoai-vivo-y17s-4gb-64gb.html,vivo Y17s 4GB 64GB,vivo,3090000,Giảm 9%,,,"8 MP, f/2.0","50 MP, f/1.8
2 MP, f/2.4",2.0GHz*2 + 1.8GHz*6,,,1612x720,,6.56,"Mới, đầy đủ phụ kiện từ nhà sản xuất",,,"Màn hình lớn cùng công nghệ IPS LCD - Giúp tái tạo màu sắc một cách chân thực và giữ được độ tương phản tốt.
Trang bị camera 50MP cùng nhiều tính năng mang đến cho người dùng trải nghiệm chụp ảnh và quay video tinh tế, đầy sáng tạo.
Hiệu năng xử lý tốt các tác vụ cơ bản như lướt web, xem phim hay nhắn tin hằng ngày mà không gặp phải khó khăn.
Dung lượng pin lên đến 5000 mAh, khả năng sử dụng liên tục trong thời gian dài mà không cần phải lo lắng về việc sạc pin.",CellphoneS,,,,,,,,,
https://cellphones.com.vn/dien-thoai-vivo-y03t-128gb.html,vivo Y03t 4GB 128GB,vivo,3190000,Giảm 3%,,,"5 MP
Khẩu độ f/2.2","13 MP + 0.08 MP
Khẩu độ f/2.2 (13MP) + f/3.0 (0.08MP)",,,,1612x720,,6.56,Bảo hành 12 tháng tại trung tâm bảo hành Chính hãng. 1 đổi 1 trong 30 ngày nếu có lỗi phần cứng từ nhà sản xuất. (xem chi tiết),,,"Trải nghiệm giải trí cực sống động với màn hình rộng 6.56 inch cùng độ phân giải HD.
Dung lượng ấn tượng lên đến 5000 mAh cùng sạc nhanh 15W - Thoải mái sử dụng trong nhiều giờ đồng hồ.
Nhiếp ảnh chuyên nghiệp, nắm giữ tuyệt tác trong tầm tay với camera chính 13MP.
Hỗ trợ cổng sạc Type C giúp sạc đầy thiết bị một cách nhanh chóng, tiết kiệm thời gian, truyền tải dữ liệu đón đầu xu hướng tương lai.",CellphoneS,,,,,,,,,
https://cellphones.com.vn/vivo-y16.html,vivo Y16 4GB 128GB,,3690000,Giảm 18%,,,,,,,,,,,,,,,CellphoneS,,,,,,,,,
https://cellphones.com.vn/dien-thoai-viettel-t2-4g.html,Viettel T2 4G,Điện thoại phổ thông,530000,Giảm 4%,,,,0.08MP,,,,,,2.4,"Mới, đầy đủ phụ kiện từ nhà sản xuất",4.8/5,4.0,"Thân máy mỏng giúp người dùng dễ dàng cầm nắm khi sử dụng, kích thước màn hình 2.4 inches hiển thị rõ ràng.
Pin dung lượng lớn 1400 mAh giúp người dùng sử dụng nghe gọi, nhắn tin trong thời gian dài mà không lo hết pin.
Thiết kế vuông góc, bàn phím vật lý quen thuộc dễ dàng sử dụng và thao tác mượt mà.",CellphoneS,,,,,,,,,
https://cellphones.com.vn/dien-thoai-benco-s1-pro.html,Benco S1 Pro 8GB 256GB,Benco,3590000,Giảm 16%,,,16MP,64MP,,,,1080x2640,,6.8,"Mới, đầy đủ phụ kiện từ nhà sản xuất",,,"Màn hình rộng 6.8 inches, độ phân giải 1080 x 2640 pixels, thiết kế đục lỗ đẹp mắt.
Camera sau 64MP, camera trước 16MP cho ảnh chất lượng cao.
Hiệu suất mạnh mẽ với chipset Unisoc T616, GPU Mali-G57, 8GB RAM và 256GB bộ nhớ trong.
Pin 5000mAh hỗ trợ sạc nhanh 33W qua cổng USB Type-C.",CellphoneS,,,,,,,,,
https://cellphones.com.vn/samsung-galaxy-a54-8gb-256gb.html,Samsung Galaxy A54 8GB 256GB,Samsung,7890000,Giảm 31%,,,"Camera góc rộng: 32 MP, f/2.2, 26mm, 1/2.8"", 0.8µm","Camera góc rộng: 50 MP, f/1.8, PDAF, OIS
Camera góc siêu rộng: 12MP, f/2.2, 123˚, 1.12µm
Camera macro: 5MP, f/2.4",4x2.4 GHz Cortex-A78 & 4x2.0 GHz Cortex-A55,,,1080x2340,,6.4,"Mới, đầy đủ phụ kiện từ nhà sản xuất",4.8/5,12.0,"Màn hình 6.4 inch Full HD+ mang đến không gian trải nghiệm rộng rãi và sắc nét
Dung lượng pin 5.000 mAh cho thời lượng sử dụng lên đến cả ngày dài liên tục
Đa nhiệm mượt mà với vi xử lý Exynos 1380 kết hợp RAM 8GB và ROM 256GB
Bắt trọn từng khoảnh khắc với hệ thống 3 camera có độ phân giải lên đến 50 MP",CellphoneS,,,,,,,,,
https://cellphones.com.vn/dien-thoai-itel-9310-4g.html,Itel 9310 4G,Itel,650000,,,,,,,,,,,3.0,"Mới, đầy đủ phụ kiện từ nhà sản xuất",4.0/5,5.0,"Kích thước nhỏ gọn để bỏ túi, sản phẩm này mang lại sự tiện lợi tối ưu trong việc sử dụng hàng ngày.
Kết nối mạng di động 4G, giúp người dùng duy trì liên lạc và truy cập internet với tốc độ nhanh chóng và ổn định. 
Thẻ nhớ microSD lên đến 64 GB, cho phép mở rộng khả năng lưu trữ của thiết bị một cách linh hoạt và tiện lợi.
Bộ nhớ lưu trữ lớn - Phù hợp với những nhu cầu lưu trữ thêm mà không cần phải thay đổi thiết bị.",CellphoneS,,,,,,,,,
https://cellphones.com.vn/dien-thoai-itel-9211-4g.html,Itel 9211 4G,Itel,490000,,,,,,,,,,,2.4,"Mới, đầy đủ phụ kiện từ nhà sản xuất",5.0/5,1.0,"Thiết kế nhỏ gọn để bỏ túi - Rất phù hợp cho những ai yêu thích sự đơn giản và gọn nhẹ. 
Kết nối mạng 4G - Giúp người dùng duy trì liên lạc và truy cập internet với tốc độ nhanh chóng và ổn định.
Hỗ trợ thẻ nhớ microSD lên đến 64 GB, cho phép mở rộng khả năng lưu trữ của thiết bị một cách linh hoạt và tiện lợi. 
Itel 9211 4G được trang bị pin dung lượng 1000 mAh, cung cấp thời gian sử dụng lâu dài và ổn định.",CellphoneS,,,,,,,,,
https://cellphones.com.vn/nokia-c21-plus-2gb.html,Nokia C21 Plus 2GB 64GB,Điện thoại pin trâu,2890000,,,,5 MP,13 MP + 2 MP,4x1.6 GHz Cortex-A55 & 4x1.2 GHz Cortex-A55,,,720x1600,,6.52,"Mới, đầy đủ phụ kiện từ nhà sản xuất",5.0/5,1.0,"Thiết kế tinh giản hiện đại, bền bỉ chắc chắn - Chất liệu khung nguyên khối và nhựa cứng
Giải trí sắc nét, sống động từng chi tiết - Màn hình HD+ 6.52 inches
Cấu hình ổn định trong phân khúc - Chip Unisoc SC9863A, RAM 2GB
Bắt trọn khoảnh khắc - Camera kép 13MP chụp ảnh chi tiết, camera trước 5MP",CellphoneS,,,,,,,,,
https://cellphones.com.vn/nokia-c21-plus-32gb.html,Nokia C21 Plus 3GB 32GB,Điện thoại pin trâu,2990000,,,,5 MP,13 MP + 2 MP,4x1.6 GHz Cortex-A55 & 4x1.2 GHz Cortex-A55,,,720x1600,,6.5,Bảo hành 12 tháng tại trung tâm bảo hành Chính hãng. 1 đổi 1 trong 30 ngày nếu có lỗi phần cứng từ nhà sản xuất. (xem chi tiết),,,"Thiết kế tinh giản hiện đại, bền bỉ chắc chắn - Chất liệu khung nguyên khối và nhựa cứng
Giải trí sắc nét, sống động từng chi tiết - Màn hình HD+ 6.52 inches
Cấu hình ổn định trong phân khúc - Chip Unisoc SC9863A, RAM 3GB
Bắt trọn khoảnh khắc - Camera kép 13MP chụp ảnh chi tiết, camera trước 5MP",CellphoneS,,,,,,,,,
https://cellphones.com.vn/dien-thoai-xiaomi-redmi-13-6gb-128gb-cu-da-kich-hoat.html,Xiaomi Redmi 13 6GB 128GB - Đã Kích Hoạt,Xiaomi cũ,3290000,Giảm 18%,,,13 MP,Chính 108 MP & Phụ 2 MP,2 GHz,,,2460x1080,,6.79,"Sản phẩm chính hãng đã kích hoạt, thu lại từ khách hàng không còn nhu cầu (Một số sản phẩm có thể đã qua bảo hành hãng hoặc sửa chữa thay thế linh kiện, hiệu suất pin không bằng hàng mới). Đầy đủ phụ kiện từ NSX. Có nguồn gốc rõ ràng, xuất hoá đơn eVAT.",,,"Công nghệ màn hình IPS LCD cho chất lượng hiển thị sắc nét, tạo ra độ tương phản cao và màu đen sâu, làm cho mọi hình ảnh trở nên sắc nét và chân thực.
Màn hình 6.79 inch tạo ra không gian hiển thị rộng lớn, làm cho mọi hoạt động từ giải trí đến công việc trở nên thoải mái hơn.
Cụm camera sau của Xiaomi Redmi 13 thật sự độc đáo với các ống kính được đặt riêng biệt.
Khả năng chống nước và bụi đạt chuẩn IP53, bảo vệ máy khỏi những tác động tiêu cực từ môi trường xung quanh.",CellphoneS,,,,,,,,,
https://cellphones.com.vn/dien-thoai-masstel-fami-12s-4g.html,Masstel Fami 12S 4G,Masstel,650000,,,,,,,,,128x160,,1.77,Bảo hành 12 tháng tại trung tâm bảo hành Chính hãng. 1 đổi 1 trong 30 ngày nếu có lỗi phần cứng từ nhà sản xuất. (xem chi tiết),,,"Viên pin 1.400 mAh - Dung lượng pin tốt với một chiếc điện thoại cơ bản.
Phục vụ cực tốt cho nhu cầu liên lạc với khả năng lưu trữ tới 2.000 số điện thoại trong danh bạ.
Phông chữ to tiện lợi dễ sử dụng - Loa to nghe đài FM không cần tai nghe",CellphoneS,,,,,,,,,
https://cellphones.com.vn/dien-thoai-vivo-y03t.html,vivo Y03t 4GB 64GB,vivo,2990000,,,,"5 MP
Khẩu độ f/2.2","13 MP + 0.08 MP
Khẩu độ f/2.2 (13MP) + f/3.0 (0.08MP)",,,,1612x720,,6.56,Bảo hành 12 tháng tại trung tâm bảo hành Chính hãng. 1 đổi 1 trong 30 ngày nếu có lỗi phần cứng từ nhà sản xuất. (xem chi tiết),,,"Trải nghiệm giải trí cực sống động với màn hình rộng 6.56 inch cùng độ phân giải HD.
Dung lượng ấn tượng lên đến 5000 mAh cùng sạc nhanh 15W - Thoải mái sử dụng trong nhiều giờ đồng hồ.
Nhiếp ảnh chuyên nghiệp, nắm giữ tuyệt tác trong tầm tay với camera chính 13MP.
Hỗ trợ cổng sạc Type C giúp sạc đầy thiết bị một cách nhanh chóng, tiết kiệm thời gian, truyền tải dữ liệu đón đầu xu hướng tương lai.",CellphoneS,,,,,,,,,
https://cellphones.com.vn/iphone-12-pro-max.html,iPhone 12 Pro Max 128GB I Chính hãng VN/A,Apple,23490000,Giảm 19%,,,"12 MP, f/2.2, 23mm (wide), 1/3.6""
SL 3D, (depth/biometrics sensor)","Camera chính: 12 MP, f/1.6, 26mm, 1.4µm, dual pixel PDAF, OIS
Camera tele: 12 MP, f/2.0, 52mm, 1/3.4"", 1.0µm, PDAF, OIS, 2x optical zoom
Camera góc siêu rộng: 12 MP, f/2.4, 120˚, 13mm, 1/3.6""
Cảm biến: TOF 3D LiDAR scanner",Hexa-core,,,1284x2778,,6.7,"Máy mới 100% , chính hãng Apple Việt Nam.
CellphoneS hiện là đại lý bán lẻ uỷ quyền iPhone chính hãng VN/A của Apple Việt Nam",4.9/5,173.0,"Mạnh mẽ, siêu nhanh với chip A14, RAM 6GB, mạng 5G tốc độ cao
Rực rỡ, sắc nét, độ sáng cao - Màn hình OLED cao cấp, Super Retina XDR hỗ trợ HDR10, Dolby Vision
Chụp ảnh siêu đỉnh - Night Mode , thuật toán Deep Fusion, Smart HDR 3, camera LiDar
Bền bỉ vượt trội - Kháng nước, kháng bụi IP68, mặt lưng Ceramic Shield",CellphoneS,,,,,,,,,
https://cellphones.com.vn/iphone-15-pro.html,iPhone 15 Pro 128GB | Chính hãng VN/A,Apple,23990000,Giảm 17%,,,"12MP, ƒ/1.9","Camera chính: 48MP, 24 mm, ƒ/1.78,
Camera góc siêu rộng: 12 MP, 13 mm, ƒ/2.2
Camera Tele 3x: 12 MP, 77 mm, ƒ/2.8",CPU 6 lõi mới với 2 lõi hiệu năng và 4 lõi hiệu suất,,,2556x1179,,6.1,"Máy mới 100% , chính hãng Apple Việt Nam.
CellphoneS hiện là đại lý bán lẻ uỷ quyền iPhone chính hãng VN/A của Apple Việt Nam",4.8/5,21.0,"Thiết kế khung viền từ titan mới - Vật liệu cực nhẹ, bền cùng viền cạnh mỏng cho cảm giác cầm nắm thoải mái
Luôn mạnh mẽ ở bất kì tác vụ nào với Chip A17 Pro cho đồ họa có độ phân giải cao nhưng tiêu thụ điện năng ít hơn
Dynamic Island hiển thị linh động các cảnh báo giúp bạn không bỏ lỡ thông tin nào
Bắt trọn khoảng khắc bạn yêu - Cụm 3 camera sau đến 48MP chụp đêm và chân dung hoàn hảo
Nút tác vụ mới giúp nhanh chóng kích hoạt tính năng yêu thích của bạn",CellphoneS,,,,,,,,,
https://cellphones.com.vn/iphone-14-pro.html,iPhone 14 Pro 128GB | Chính hãng VN/A,Apple,22990000,Giảm 18%,,,"Camera selfie: 12 MP, f/1.9, 23mm, PDAF","Camera chính: 48 MP, f/1.8, 24mm, OIS
Camera góc siêu rộng: 12 MP, f/2.2, 120˚, 1.4µm
Camera tele: 12 MP, f/2.8, PDAF, OIS, 3x optical zoom
Cảm biến độ sâu TOF 3D LiDAR",6 nhân,,,2556x1179,,6.1,"Hàng chính hãng Apple Việt Nam, Mới",4.9/5,21.0,"Trải nghiệm thị giác ấn tượng - Màn hình Dynamic Island, sắc nét với công nghệ Super Retina XDR, mượt mà 120 Hz
Tuyệt đỉnh thiết kế, tỉ mỉ từng đường nét - Nâng cấp toàn diện với kiểu dáng mới, nhiều lựa chọn màu sắc trẻ trung
Hiệu năng hàng đầu thế giới - Apple A16 Bionic xử lí nhanh, ổn định mọi tác vụ
Camera chuẩn nhiếp ảnh chuyên nghiệp - Camera sau 48MP trang bị nhiều công nghệ chụp đa dạng",CellphoneS,,,,,,,,,
https://cellphones.com.vn/iphone-13-pro-max.html,iPhone 13 Pro Max 128GB | Chính hãng VN/A,Apple,22990000,Giảm 21%,,,"12MP, ƒ/2.2","Camera góc rộng: 12MP, ƒ/1.5
Camera góc siêu rộng: 12MP, ƒ/1.8
Camera tele : 12MP, /2.8",3.22 GHz,,,2778x1284,,6.7,"Máy mới 100% , chính hãng Apple Việt Nam.
CellphoneS hiện là đại lý bán lẻ uỷ quyền iPhone chính hãng VN/A của Apple Việt Nam",4.9/5,180.0,"Hiệu năng vượt trội - Chip Apple A15 Bionic mạnh mẽ, hỗ trợ mạng 5G tốc độ cao
Không gian hiển thị sống động - Màn hình 6.7"" Super Retina XDR độ sáng cao, sắc nét
Trải nghiệm điện ảnh đỉnh cao - Cụm 3 camera kép 12MP, hỗ trợ ổn định hình ảnh quang học
Tối ưu điện năng - Sạc nhanh 20 W, đầy 50% pin trong khoảng 30 phút",CellphoneS,,,,,,,,,
https://cellphones.com.vn/iphone-14-pro-max-256gb.html,iPhone 14 Pro Max 256GB | Chính hãng VN/A,Apple,27990000,Giảm 15%,,,"Camera selfie: 12 MP, f/1.9, 23mm, PDAF","Camera chính: 48 MP, f/1.8, 24mm, OIS
Camera góc siêu rộng: 12 MP, f/2.2, 13mm, 120˚
Camera tele: 12 MP, f/2.8, 77mm, OIS, 3x optical zoom",3.46 GHz,,,2796x1290,,6.7,"Máy mới 100% , chính hãng Apple Việt Nam.
CellphoneS hiện là đại lý bán lẻ uỷ quyền iPhone chính hãng VN/A của Apple Việt Nam",4.9/5,37.0,"Màn hình Dynamic Island - Sự biến mất của màn hình tai thỏ thay thế bằng thiết kế viên thuốc, OLED 6,7 inch, hỗ trợ always-on display
Cấu hình iPhone 14 Pro Max mạnh mẽ, hiệu năng cực khủng từ chipset A16 Bionic
Làm chủ công nghệ nhiếp ảnh - Camera sau 48MP, cảm biến TOF sống động
Pin liền lithium-ion kết hợp cùng công nghệ sạc nhanh cải tiến",CellphoneS,,,,,,,,,
https://cellphones.com.vn/iphone-11-128gb.html,iPhone 11 128GB | Chính hãng VN/A,Apple,8990000,Giảm 25%,,,"12 MP, ƒ/2.2 aperture","Camera kép 12MP:
- Camera góc rộng: ƒ/1.8 aperture
- Camera siêu rộng: ƒ/2.4 aperture",Hexa-core,,,1792x828,,6.1,"Máy mới 100% , chính hãng Apple Việt Nam.
CellphoneS hiện là đại lý bán lẻ uỷ quyền iPhone chính hãng VN/A của Apple Việt Nam",4.9/5,72.0,"Màu sắc phù hợp cá tính - 6 màu sắc bắt mắt để lựa chọn
Hiệu năng mượt mà, ổn định - Chip A13, RAM 4GB
Bắt trọn khung hình - Camera kép hỗ trợ góc rộng, chế độ Night Mode
Yên tâm sử dụng - Kháng nước, kháng bụi IP68, kính cường lực Gorilla Glass",CellphoneS,,,,,,,,,
https://cellphones.com.vn/iphone-13-256gb.html,iPhone 13 256GB | Chính hãng VN/A,Apple,14990000,Giảm 26%,,,"12MP, f/2.2","Camera góc rộng: 12MP, f/1.6
Camera góc siêu rộng: 12MP, ƒ/2.4",3.22 GHz,,,2532x1170,,6.1,"Máy mới 100% , chính hãng Apple Việt Nam.
CellphoneS hiện là đại lý bán lẻ uỷ quyền iPhone chính hãng VN/A của Apple Việt Nam",4.5/5,4.0,"Hiệu năng vượt trội - Chip Apple A15 Bionic mạnh mẽ, hỗ trợ mạng 5G tốc độ cao
Không gian hiển thị sống động - Màn hình 6.1"" Super Retina XDR độ sáng cao, sắc nét
Trải nghiệm điện ảnh đỉnh cao - Camera kép 12MP, hỗ trợ ổn định hình ảnh quang học
Tối ưu điện năng - Sạc nhanh 20 W, đầy 50% pin trong khoảng 30 phút",CellphoneS,,,,,,,,,
https://cellphones.com.vn/dien-thoai-itel-p55.html,Itel P55 8GB 128GB NFC,Chuẩn NFC,2690000,Giảm 10%,,,8 MP,"Camera góc rộng: 50 MP
Ống kính phụ: 0,08 MP",2x1.6 GHz Cortex-A75 & 6x1.6 GHz Cortex-A55,,,720x1612,,6.6,"Mới, đầy đủ phụ kiện từ nhà sản xuất",0/5,0.0,"Sở hữu màn hình IPS LCD 6.8 inch, độ phân giải HD+, cho trải nghiệm hình ảnh rộng rãi, màu sắc rực rỡ và chi tiết rõ ràng. 
Hệ thống camera sau 8MP, cho khả năng chụp ảnh rõ nét, chi tiết và bắt trọn những khoảnh khắc đẹp.
Trang bị viên pin dung lượng 5000mAh, cho thời gian sử dụng lâu dài, đáp ứng nhu cầu sử dụng cả ngày của bạn.
Trang bị vi xử lý Unisoc T606 (12 nm), RAM 8GB và bộ nhớ trong 128GB, cho hiệu năng mạnh mẽ, đáp ứng tốt các tác vụ hằng ngày.",CellphoneS,,,,,,,,,
https://cellphones.com.vn/iphone-15-pro-max-512gb.html,iPhone 15 Pro Max 512GB | Chính hãng VN/A,Apple,30990000,Giảm 24%,,,"12MP, ƒ/1.9","Camera chính: 48MP, 24 mm, ƒ/1.78,
Camera góc siêu rộng: 12 MP, 13 mm, ƒ/2.2
Camera Tele 5x: 12 MP, 120 mm, ƒ/2.8",CPU 6 lõi mới với 2 lõi hiệu năng và 4 lõi hiệu suất,,,2796x1290,,6.7,"Máy mới 100% , chính hãng Apple Việt Nam.
CellphoneS hiện là đại lý bán lẻ uỷ quyền iPhone chính hãng VN/A của Apple Việt Nam",4.6/5,15.0,"Thiết kế khung viền từ titan chuẩn hàng không vũ trụ - Cực nhẹ, bền cùng viền cạnh mỏng cầm nắm thoải mái
Hiệu năng Pro chiến game thả ga - Chip A17 Pro mang lại hiệu năng đồ họa vô cùng sống động và chân thực
Thoả sức sáng tạo và quay phim chuyên nghiệp - Cụm 3 camera sau đến 48MP và nhiều chế độ tiên tiến
Nút tác vụ mới giúp nhanh chóng kích hoạt tính năng yêu thích của bạn",CellphoneS,,,,,,,,,
https://cellphones.com.vn/iphone-15-pro-256gb.html,iPhone 15 Pro 256GB | Chính hãng VN/A,Apple,26290000,Giảm 18%,,,"12MP, ƒ/1.9","Camera chính: 48MP, 24 mm, ƒ/1.78,
Camera góc siêu rộng: 12 MP, 13 mm, ƒ/2.2
Camera Tele 3x: 12 MP, 77 mm, ƒ/2.8",CPU 6 lõi mới với 2 lõi hiệu năng và 4 lõi hiệu suất,,,2556x1179,,6.1,"Máy mới 100% , chính hãng Apple Việt Nam.
CellphoneS hiện là đại lý bán lẻ uỷ quyền iPhone chính hãng VN/A của Apple Việt Nam",5.0/5,6.0,"Thiết kế khung viền từ titan mới - Vật liệu cực nhẹ, bền cùng viền cạnh mỏng cho cảm giác cầm nắm thoải mái
Luôn mạnh mẽ ở bất kì tác vụ nào với Chip A17 Pro cho đồ họa có độ phân giải cao nhưng tiêu thụ điện năng ít hơn
Dynamic Island hiển thị linh động các cảnh báo giúp bạn không bỏ lỡ thông tin nào
Bắt trọn khoảng khắc bạn yêu - Cụm 3 camera sau đến 48MP chụp đêm và chân dung hoàn hảo
Nút tác vụ mới giúp nhanh chóng kích hoạt tính năng yêu thích của bạn",CellphoneS,,,,,,,,,
https://cellphones.com.vn/xiaomi-redmi-note-13.html,Xiaomi Redmi Note 13 6GB 128GB,Xiaomi,3790000,Giảm 22%,,,16MP,"Chính 108 MP & Phụ 8 MP, 2 MP","CPU lõi tám, tốc độ lên tới 2,8 GHz",,,1080x2400,,6.67,"Mới, đầy đủ phụ kiện từ nhà sản xuất",5.0/5,47.0,"Bắt trọn khoảnh khắc - Cụm camera Redmi Note 13 đến 108MP mạnh mẽ cùng khả năng thu phóng 3x
Màn hình đẳng cấp - Kích thước lớn 6.67"" AMOLED 120hz cuộn lướt mượt mà
Hiệu suất ổn định, đa nhiệm dễ dàng - Snapdragon 685 8 nhân cùng RAM 6GB
Trải nghiệm Xiaomi Redmi Note 13 cả ngày không lo lắng - pin 5000mAh cùng sạc nhanh 33W",CellphoneS,,,,,,,,,
https://cellphones.com.vn/iphone-12-128gb.html,iPhone 12 128GB | Chính hãng VN/A,Apple,9990000,Giảm 23%,,,"12 MP, f/2.2, 23mm (wide), 1/3.6""
SL 3D, (depth/biometrics sensor)","12 MP, f/1.6, 26mm (wide), 1.4µm, dual pixel PDAF, OIS
12 MP, f/2.4, 120˚, 13mm (ultrawide), 1/3.6""",Hexa-core,,,1170x2532,,6.1,"Máy mới 100% , chính hãng Apple Việt Nam.
CellphoneS hiện là đại lý bán lẻ uỷ quyền iPhone chính hãng VN/A của Apple Việt Nam",4.8/5,43.0,"Mạnh mẽ, siêu nhanh với chip A14, RAM 4GB, mạng 5G tốc độ cao
Rực rỡ, sắc nét, độ sáng cao - Màn hình OLED cao cấp, Super Retina XDR hỗ trợ HDR10, Dolby Vision
Chụp đêm ấn tượng - Night Mode cho 2 camera, thuật toán Deep Fusion, Smart HDR 3
Bền bỉ vượt trội - Kháng nước, kháng bụi IP68, mặt lưng Ceramic Shield",CellphoneS,,,,,,,,,
https://cellphones.com.vn/samsung-galaxy-s22-ultra.html,Samsung Galaxy S22 Ultra 8GB 128GB,Samsung,30990000,,,,"40 MP, f/2.2","108 MP, f/1.8 góc rộng
10 MP, f/4.9
10 MP, f/2.4
12 MP, f/2.2 góc siêu rộng",1x3.00 GHz Cortex-X2 & 3x2.50 GHz Cortex-A710 & 4x1.80 GHz Cortex-A510,,,1440x3088,,6.8,"Hàng mới, nguyên seal, đã kích hoạt vào 21/8/2023",5.0/5,80.0,"Vi xử lý mạnh mẽ nhất Galaxy - Snapdragon 8 Gen 1 (4 nm)
Camera mắt thần bóng đêm Nightography - Chụp đêm cực đỉnh
S Pen đầu tiên trên Galaxy S - Độ trễ thấp, dễ thao tác
Dung lượng pin bất chấp ngày đêm - Viên pin 5000mAh, sạc nhanh 45W",CellphoneS,,,,,,,,,
https://cellphones.com.vn/iphone-13-pro-max-256gb.html,iPhone 13 Pro Max 256GB | Chính hãng VN/A,Apple,23990000,Giảm 25%,,,"12MP, ƒ/2.2","Camera góc rộng: 12MP, ƒ/1.5
Camera góc siêu rộng: 12MP, ƒ/1.8
Camera tele : 12MP, /2.8",3.22 GHz,,,2778x1284,,6.7,"Máy mới 100% , chính hãng Apple Việt Nam.
CellphoneS hiện là đại lý bán lẻ uỷ quyền iPhone chính hãng VN/A của Apple Việt Nam",4.8/5,33.0,"Hiệu năng vượt trội - Chip Apple A15 Bionic mạnh mẽ, hỗ trợ mạng 5G tốc độ cao
Không gian hiển thị sống động - Màn hình 6.7"" Super Retina XDR độ sáng cao, sắc nét
Trải nghiệm điện ảnh đỉnh cao - Cụm 3 camera 12MP, hỗ trợ ổn định hình ảnh quang học
Tối ưu điện năng - Sạc nhanh 20 W, đầy 50% pin trong khoảng 30 phút",CellphoneS,,,,,,,,,
https://cellphones.com.vn/iphone-16e-256gb.html,iPhone 16e 256GB | Chính hãng VN/A,Apple,19290000,Giảm 4%,,,"12MP, ƒ/2.2","Camera góc rộng: 12MP, ƒ/1.5
Camera góc siêu rộng: 12MP, ƒ/1.8
Camera tele : 12MP, /2.8",3.22 GHz,,,2778x1284,,6.7,"Máy mới 100% , chính hãng Apple Việt Nam.
CellphoneS hiện là đại lý bán lẻ uỷ quyền iPhone chính hãng VN/A của Apple Việt Nam",4.8/5,33.0,"Hiệu năng vượt trội - Chip Apple A15 Bionic mạnh mẽ, hỗ trợ mạng 5G tốc độ cao
Không gian hiển thị sống động - Màn hình 6.7"" Super Retina XDR độ sáng cao, sắc nét
Trải nghiệm điện ảnh đỉnh cao - Cụm 3 camera 12MP, hỗ trợ ổn định hình ảnh quang học
Tối ưu điện năng - Sạc nhanh 20 W, đầy 50% pin trong khoảng 30 phút",CellphoneS,,,,,,,,,
https://cellphones.com.vn/dien-thoai-oppo-reno-11-f.html,OPPO Reno11 F 5G 8GB 256GB,OPPO,8490000,Giảm 6%,,,"Camera góc rộng: 32 MP, f/2.4, 22mm, 1/2.74"", 0.8µm","Camera góc rộng: 64 MP, f/1.7
Camera góc siêu rộng: 8 MP, f/2.2
Camera macro: 2 MP, f/2.4",Octa-core (2x2.6 GHz Cortex-A78 & 6x2.0 GHz Cortex-A55),,,1080x2412,,6.7,"Mới, đầy đủ phụ kiện từ nhà sản xuất",5.0/5,5.0,"Thoải mái sáng tạo nhiếp ảnh - Với cụm 3 camera lên đến 64MP đi kèm nhiều tính năng chỉnh sửa thú vị
Rực rỡ mọi góc nhìn - Màn hình AMOLED 120Hz, cùng khả năng hiển thị trên 1 tỉ màu
Giải trí mượt mà, đa dạng tác vụ - Chip xử lí mạnh mẽ Dimensity 7050 5G cùng RAM 8GB
Năng lượng bền bỉ cả ngày dài - Pin lớn 5.000mAh cùng chế độ sạc nhanh 67W",CellphoneS,,,,,,,,,
https://cellphones.com.vn/xiaomi-redmi-note-12.html,Xiaomi Redmi Note 12 4GB 128GB,Xiaomi,3790000,Giảm 24%,,,"13MP, f/2.45","Camera chính: 50MP, f/1.8
Camera góc rộng: 8MP, f/2.2
Camera Macro: 2MP, f/2.4",2X Cortex-A78 @ 2.0GHz ; 6X Cortex-A55 @ 1.8GHz,,,1080x2400,,6.67,"Mới, đầy đủ phụ kiện từ nhà sản xuất",4.9/5,53.0,"Trải nghiệm thị giác siêu đã với màn hình 6.67 inch cùng tấm nền AMOLED thời thượng
Chiến game cực mượt với chip Snapdragon mạnh mẽ cùng màn hình tần số quét 120Hz
Năng lượng cho cả ngày dài nhờ vào viên pin lên đến 5000mAh đi kèm sạc nhanh 33W
Lưu giữ mọi khoảnh khắc với 3 camera sau 50 MP và tính năng làm đẹp AI thông minh",CellphoneS,,,,,,,,,
https://cellphones.com.vn/iphone-12.html,iPhone 12 64GB | Chính hãng VN/A,Apple,7990000,Giảm 33%,,,"12 MP, f/2.2, 23mm (wide), 1/3.6""
SL 3D, (depth/biometrics sensor)","12 MP, f/1.6, 26mm (wide), 1.4µm, dual pixel PDAF, OIS
12 MP, f/2.4, 120˚, 13mm (ultrawide), 1/3.6""",Hexa-core,,,1170x2532,,6.1,"Máy mới 100% , chính hãng Apple Việt Nam.
CellphoneS hiện là đại lý bán lẻ uỷ quyền iPhone chính hãng VN/A của Apple Việt Nam",4.9/5,76.0,"Mạnh mẽ, siêu nhanh với chip A14, RAM 4GB, mạng 5G tốc độ cao
Rực rỡ, sắc nét, độ sáng cao - Màn hình OLED cao cấp, Super Retina XDR hỗ trợ HDR10, Dolby Vision
Chụp đêm ấn tượng - Night Mode cho 2 camera, thuật toán Deep Fusion, Smart HDR 3
Bền bỉ vượt trội - Kháng nước, kháng bụi IP68, mặt lưng Ceramic Shield",CellphoneS,,,,,,,,,
https://cellphones.com.vn/realme-gt-neo-3.html,realme GT Neo 3,Tin đồn - Mới ra,Giá Liên Hệ,,,,"Camera góc rộng: 16 MP, f/2.5, 26mm, 1/3.09"", 1.0µm","Camera góc rộng: 50 MP, f/1.9, 24mm, 1/1.56"", 1.0µm, PDAF, OIS
Camera góc siêu rộng:8 MP, f/2.3, 15mm, 120˚, 1/4.0"", 1.12µm
Camera macro: 2 MP, f/2.4",4x2.85 GHz Cortex-A78 & 4x2.0 GHz Cortex-A55,,,1080x2412,,6.7,"Mới, đầy đủ phụ kiện từ nhà sản xuất",,,,CellphoneS,,,,,,,,,
https://cellphones.com.vn/xiaomi-redmi-k40.html,Redmi K40,Tin đồn - Mới ra,Giá Liên Hệ,,,,20 MP,48 MP + 8MP + 5MP,8 nhân ( 1 x Kryo 585 3.2GHz & 3 x Kryo 585 2.42GHz & 4 x Kryo 585 1.80GHz ),,,1080x2400,,6.66,"Thân máy, cáp sạc, sách HDSH",,,,CellphoneS,,,,,,,,,
https://cellphones.com.vn/dien-thoai-vivo-qioo-z9-turbo.html,vivo iQOO Z9 Turbo,Tin đồn - Mới ra,Giá Liên Hệ,,,,16MP,Chống rung quang học (OIS) và camera góc siêu rộng 8MP,,,,,,6.72,"Mới, đầy đủ phụ kiện từ nhà sản xuất",4.9/5,13.0,"Màn hình OLED 6.72 inch, tần số quét 
144Hz mang lại t
rải nghiệm hình ảnh sống động, rực rỡ và mượt mà.
Xử lý đa nhiệm mượt mà, chơi game cấu hình cao và làm việc đồ họa chuyên nghiệp với Snapdragon 8s Gen 3.
Chụp ảnh chuyên nghiệp, sắc nét và ấn tượng với camera chống rung quang học (OIS) và camera góc siêu rộng 8MP.
Sử dụng vivo iQOO Z9 Turbo thoải mái cả ngày dài với pin dung lượng lớn 5000mAh và sạc nhanh 120W, ",CellphoneS,,,,,,,,,
https://cellphones.com.vn/samsung-galaxy-a05.html,Samsung Galaxy A05 4GB 128GB,Samsung,2790000,Giảm 10%,,,"8 MP, f/2.0","Camera chính: 50MP
Camera cảm biến độ sâu: 2MP","2 x 1,6 GHz Cortex-A75 & 6 x 1,6 GHz Cortex-A55",,,720x1600,,6.7,"Mới, đầy đủ phụ kiện từ nhà sản xuất",4.9/5,15.0,"Thoả sức chìm đắm trong không gian giải trí sống động - Màn hình lớn 6.7"" IPS hiển thị sắc nét
Vận hành tác vụ mượt mà như mong đợi - Trải nghiệm chơi game tương đối tốt với chip Mediatek G85 và RAM 4GB
Sử dụng thoải mái cả ngày dài - Pin lớn 5000mAh và hỗ trợ sạc nhanh 25W
Ghi lại trọn vẹn mọi khoảnh khắc - Camera sau đến 50MP đi kèm nhiều chế độ chụp và tính năng cải tiến",CellphoneS,,,,,,,,,
https://cellphones.com.vn/iphone-12-pro-max-256gb.html,iPhone 12 Pro Max 256GB I Chính hãng VN/A,Apple,27590000,Giảm 14%,,,"12 MP, f/2.2, 23mm (wide), 1/3.6""
SL 3D, (depth/biometrics sensor)","12 MP, f/1.6, 26mm (wide), 1.4µm, dual pixel PDAF, OIS
12 MP, f/2.0, 52mm (telephoto), 1/3.4"", 1.0µm, PDAF, OIS, 2x optical zoom
12 MP, f/2.4, 120˚, 13mm (ultrawide), 1/3.6""
TOF 3D LiDAR scanner (depth)",Hexa-core,,,1284x2778,,6.7,"Máy mới 100% , chính hãng Apple Việt Nam.
CellphoneS hiện là đại lý bán lẻ uỷ quyền iPhone chính hãng VN/A của Apple Việt Nam",5.0/5,10.0,"Mạnh mẽ, siêu nhanh với chip A14, RAM 6GB, mạng 5G tốc độ cao
Rực rỡ, sắc nét, độ sáng cao - Màn hình OLED cao cấp, Super Retina XDR hỗ trợ HDR10, Dolby Vision
Chụp ảnh siêu đỉnh - Night Mode , thuật toán Deep Fusion, Smart HDR 3, camera LiDar
Bền bỉ vượt trội - Kháng nước, kháng bụi IP68, mặt lưng Ceramic Shield",CellphoneS,,,,,,,,,
https://cellphones.com.vn/samsung-galaxy-s23-128gb.html,Samsung Galaxy S23 8GB 128GB ĐKH Online - Chỉ có tại CellphoneS,Samsung,13790000,Giảm 40%,,,12MP,"Camera chính 50 MP & Phụ 12 MP, 10 MP","1 nhân 3.36 GHz, 4 nhân 2.8 GHz & 3 nhân 2 GHz",,,1080x2340,,6.1,"Hàng nguyên seal, đã kích hoạt online, bảo hành chính hãng từ 06/02/2025-05/02/2026",5.0/5,41.0,"Galaxy AI tiện ích - Khoanh vùng search đa năng, là trợ lý chỉnh ảnh, chat thông minh, phiên dịch trực tiếp
Hiệu năng vượt trội với con chip hàng đầu Qualcomm - Phục vụ tốt nhu cầu đa nhiệm ngày của người dùng.
Trang bị bộ 3 ống kính với camera chính 50MP - Đem lại khả năng quay video và chụp ra những bức ảnh tốt, hài hòa, sống động hơn.
Nâng cấp trải nghiệm với màn hình Dynamic AMOLED 2X - Phù hợp dùng để xem phim hay chơi các tựa game có nội dung hình ảnh đồ họa cao.
Sở hữu lối thiết kế sang trọng, đẳng cấp cùng các bảng màu sắc thời thượng, trẻ trung.",CellphoneS,,,,,,,,,
https://cellphones.com.vn/realme-q3-pro.html,Realme Q3 Pro,Tin đồn - Mới ra,Giá Liên Hệ,,,,"16 MP, f/2.5","Camera chính (góc rộng): 64 MP, f/1.8
Camera góc siêu rộng: 8 MP, f/2.3
Camera cận cảnh: 2 MP, f/2.4",4x2.6 GHz Cortex-A78 & 4x2.0 GHz Cortex-A55,,,1080x2400,,6.43,"Nguyên hộp, đầy đủ phụ kiện từ nhà sản xuất",5.0/5,2.0,"Thiết kế bắt mắt, thời thượng - Khung viền nhựa mạ bóng, chuyển màu gradient sang trọng
Trải nghiệm giải trí bất tận - Màn hình AMOLED 6.43 inch, Full HD+ sống động từng chi tiết
Chiến game ổn định, hiệu năng nổi bật - chip MediaTek Dimensity 1100 mạnh mẽ, hệ thống tản nhiệt VC hiệu quả
Thoải mái sử dụng suốt ngày dài - Viên pin 4500 mAh, sạc nhanh 30W đi kèm chế độ tiết kiệm pin",CellphoneS,,,,,,,,,
https://cellphones.com.vn/iphone-13-pro.html,iPhone 13 Pro 128GB | Chính hãng VN/A,Apple,21990000,Giảm 8%,,,"12MP, ƒ/2.2","Camera góc rộng: 12MP, ƒ/1.5
Camera góc siêu rộng: 12MP, ƒ/1.8
Camera tele : 12MP, /2.8",3.22 GHz,,,1170x2532,,6.1,"Máy mới 100% , chính hãng Apple Việt Nam.
CellphoneS hiện là đại lý bán lẻ uỷ quyền iPhone chính hãng VN/A của Apple Việt Nam",4.7/5,12.0,"Hiệu năng vượt trội - Chip Apple A15 Bionic mạnh mẽ, hỗ trợ mạng 5G tốc độ cao
Không gian hiển thị sống động - Màn hình 6.1"" Super Retina XDR độ sáng cao, sắc nét
Trải nghiệm điện ảnh đỉnh cao - Cụm 3 camera 12MP, hỗ trợ ổn định hình ảnh quang học
Tối ưu điện năng - Sạc nhanh 20 W, đầy 50% pin trong khoảng 30 phút",CellphoneS,,,,,,,,,
https://cellphones.com.vn/oppo-a78.html,OPPO A78 4G 8GB 256GB,OPPO,6490000,Giảm 7%,,,8 MP,50 MP (chính) + 2 MP (Xóa phông),4 nhân 2.4 GHz & 4 nhân 1.9 GHz,,,1080x2400,,6.43,"Mới, đầy đủ phụ kiện từ nhà sản xuất",5.0/5,6.0,"Nâng cấp không gian giải trí cực sắc nét - Màn hình 6.43 inches, tần số quét 90hz
Hiệu năng ổn định, xử lí tác vụ mượt mà - Chip Qualcomm Snapdragon 680, RAM 8GB
Chụp ảnh thoả sức, sáng tạo hết mức - Camera 50 MP cùng nhiều chế độ xử lí thông minh
Pin trâu dùng thoải mái cả ngày - Dung lượng pin 5000 mAh cùng sạc nhanh siêu tốc",CellphoneS,,,,,,,,,
https://cellphones.com.vn/samsung-galaxy-s22-ultra-12gb-256gb.html,Samsung Galaxy S22 Ultra 12GB 256GB đã kích hoạt online - Chỉ có tại CellphoneS,Samsung,18990000,Giảm 44%,,,"40 MP, f/2.2","108 MP, f/1.8 góc rộng
10 MP, f/4.9
10 MP, f/2.4
12 MP, f/2.2 góc siêu rộng",1x3.00 GHz Cortex-X2 & 3x2.50 GHz Cortex-A710 & 4x1.80 GHz Cortex-A510,,,1440x3088,,6.8,"Hàng nguyên seal, đã kích hoạt online, bảo hành chính hãng từ 24/5/2024-23/5/2025",4.8/5,43.0,"Vi xử lý mạnh mẽ nhất Galaxy - Snapdragon 8 Gen 1 (4 nm)
Camera mắt thần bóng đêm Nightography - Chụp đêm cực đỉnh
S Pen đầu tiên trên Galaxy S - Độ trễ thấp, dễ thao tác
Dung lượng pin bất chấp ngày đêm - Viên pin 5000mAh, sạc nhanh 45W",CellphoneS,,,,,,,,,
https://cellphones.com.vn/xiaomi-13t.html,Xiaomi 13T 12GB 256GB,Xiaomi,10590000,Giảm 18%,,,"20 MP, f/2,2","Camera chính góc rộng: 50 MP, 1/1.22"", f/1,9
Camera góc siêu rộng: 12 MP, f/2,2
Camera Tele: 50 MP, f/1,9","1 nhân 3.1 GHz, 3 nhân 3 GHz & 4 nhân 2 GHz",,,1220x2712,,6.67,"Mới, đầy đủ phụ kiện từ nhà sản xuất",4.9/5,22.0,"Nhiếp ảnh chuyên nghiệp, nắm giữ tuyệt tác trong tầm tay - Cụm camera đến, ống kính Leica với 2 phong cách ảnh
Hiệu năng bất chấp mọi tác vụ - Bộ vi xử lý Dimensity 8200 Ultra mạnh mẽ cùng RAM 12GB cho đa nhiệm mượt mà
Năng lượng bất tận cả ngày - Pin 5000mAh cùng sạc nhanh 67W, sạc đầy chỉ trong 42 phút
Màn hình sáng rực rỡ, cuộn lướt thật mượt mà - Màn hình 144hz cùng công nghệ AMOLED CrystalRes",CellphoneS,,,,,,,,,
https://cellphones.com.vn/samsung-galaxy-z-fold-5.html,Samsung Galaxy Z Fold5 12GB 512GB,Samsung,29990000,Giảm 33%,,,"Camera bên ngoài:10 MP, f/2.2
Camera bên trong: 4 MP, F1.8","Camera siêu rộng: 12MP F2.2, 123°, 1.12μm
Camera góc rộng: 50MP, F1.8, Dual Pixel AF, OIS, 2.0μm
Camera Tele: 10 MP, F2.4, PDAF, OIS, 1.0μm, zoom 3X, zoom kỹ thuật số 30X","1 nhân 3.36 GHz, 4 nhân 2.8 GHz & 3 nhân 2 GHz",,,2176x1812,,7.6,"Mới, đầy đủ phụ kiện từ nhà sản xuất",5.0/5,5.0,"Galaxy AI tiện ích - Khoanh vùng search đa năng, là trợ lý chỉnh ảnh, trợ lý note thông minh, phiên dịch trực tiếp
Thiết kế tinh tế với nếp gấp vô hình - Cải tiến nếp gấp thẩm mĩ hơn và gập không kẽ hở
Bền bỉ bất chấp mọi tình huống - Đạt chuẩn kháng bụi và nước IPX8 cùng chất liệu nhôm Armor Aluminum giúp hạn chế cong và xước
Mở ra không gian giải trí cực đại với màn hình trong 7.6"""" cùng bản lề Flex dẫn đầu công nghệ
Thoải mái sáng tạo mọi lúc - Bút Spen tiện dụng giúp bạn phác hoạ và ghi chép không cần đến sổ tay
Hiệu năng cân mọi tác vụ - Snapdragon® 8 Gen 2 for Galaxy xử lí mượt mà, đa nhiệm mượt mà",CellphoneS,,,,,,,,,
https://cellphones.com.vn/xiaomi-mi-12t.html,Xiaomi 12T 8GB 128GB,Xiaomi,5490000,Giảm 39%,,,20MP,108MP + 8MP + 2MP,Tốc độ CPU 2.8 GHz,,,1220x2712,,6.67,"Mới, đầy đủ phụ kiện từ nhà sản xuất",5.0/5,160.0,"Kiến tạo khoảnh khắc hoàn hảo - Camera chuyên nghiệp 108MP + 8MP + 2MP, chống rung quang học OIS
Làm chủ tốc độ, bứt phá hiệu năng - MediaTek Dimensity 8100-Ultra, RAM 8GB
Năng lượng bất tận, khám phá cả ngày - Dung lượng pin 5000mAh, sạc siêu nhanh HyperCharge 120W
Trải nghiệm siêu chân thực - Màn hình lớn CrystalRes AMOLED cùng hệ thống âm thanh SOUND BY Harman Kardon",CellphoneS,,,,,,,,,
https://cellphones.com.vn/xiaomi-13t-pro.html,Xiaomi 13T Pro 5G 12GB 512GB - Chỉ có tại CellphoneS,Xiaomi,Giá Liên Hệ,,,,"20 MP, f/2,2","Camera chính góc rộng: 50 MP, 1/1.22""
Camera góc siêu rộng: 12 MP
Camera Tele: 50 MP","1x Arm Cortex-X3, lên đến 3,35GHz3x Arm Cortex-A715, lên đến 3,0GHz4x Arm Cortex-A510, lên đến 2,0GHz",,,1220x2712,,6.67,"Mới, đầy đủ phụ kiện từ nhà sản xuất",5.0/5,29.0,"Nhiếp ảnh chuyên ngiệp, nắm giữ tuyệt tác trong tầm tay - Cụm camera đến, ống kính Leica với 2 phong cách ảnh
Hiệu năng bất chấp mọi tác vụ - Bộ vi xử lý Dimensity 9200+ Ultra mạnh mẽ cùng RAM 12GB cho đa nhiệm mượt mà
Năng lượng bất tận cả ngày - Pin 5000mAh cùng sạc nhanh 120W, sạc đầy chỉ trong 19 phút
Màn hình Xiaomi 13t Pro sáng rực rỡ, cuộn lướt thật mượt mà - Màn hình 144hz cùng công nghệ AMOLED CrystalRes",CellphoneS,,,,,,,,,
https://cellphones.com.vn/oppo-a17k.html,OPPO A17K,OPPO,2790000,Giảm 15%,,,5MP (f/2.2); FOV 76.8°,"8 MP, f/2.0, FOV 78°","8 nhân, lên đến 2.3GHz",,,720x1612,,6.56,"Mới, đầy đủ phụ kiện từ nhà sản xuất",4.7/5,6.0,"Chuẩn nét từng khung hình - Trang bị màn hình LCD 6.56 inch với độ phân giải HD+
Hiệu năng cải tiến, bứt phá tốc độ - Chip Helio G35, RAM 3GB và bộ nhớ trong 64GB
Trọn vẹn năng lượng suốt cả ngày - Viên pin lớn 5000 mAh, sạc 10W
Bảo mật nâng cao với mở khoá vân tay cạnh viền, mở khoá khuôn mặt",CellphoneS,,,,,,,,,
https://cellphones.com.vn/samsung-galaxy-a73.html,Samsung Galaxy A73 (5G) 256GB - Chỉ có tại CellphoneS,Samsung,12990000,,,,"32 MP, f/2.2","Camera chính: 108 MP, f/1.8, PDAF, OIS
Camera gó siêu rộng: 12 MP, f/2.2
Camera macro: 5 MP, f/2.4
Camera chân dung: 5 MP, f/2.4",,,,1080x2400,,6.7,"Nguyên hộp, đầy đủ phụ kiện từ nhà sản xuất",4.9/5,28.0,"Camera chất lượng, bắt trọn từng khoảng khắc - Cụm 4 camera với cảm biến chính lên đến 108 MP
Thưởng thức không gian giải trí cực đỉnh - Màn hình lớn 6.7 inch, độ phân giải Full HD+, 120Hz mượt mà
Cấu hình Galaxy A73 5G được nâng cấp mạnh với chip Snapdragon 778G, RAM lên đến 8 GB
Chiến game thoải mái không lo gián đoạn - Viên pin lớn 5000 mAh, hỗ trợ sạc nhanh 25 W",CellphoneS,,,,,,,,,
https://cellphones.com.vn/samsung-galaxy-s23-fe.html,Samsung Galaxy S23 FE 5G 8GB 128GB,Samsung,14890000,,,,10 MP,"50 MP & Phụ 12 MP, 8 MP","1 nhân 2.8 GHz, 3 nhân 2.5 GHz & 4 nhân 1.8 GHz",,,1080x2340,,6.4,"Mới, đầy đủ phụ kiện từ nhà sản xuất",4.9/5,7.0,"Galaxy AI tiện ích - Khoanh vùng search đa năng, là trợ lý chỉnh ảnh, chat thông minh, phiên dịch trực tiếp
Giải trí với khung hình và âm thanh sống động - Màn hình Dynamic AMOLED 2X, 120Hz cùng công nghệ âm thanh nổi
Chụp ảnh chuyên nghiệp trong bất kì hoàn cảnh nào - Camera 50MP chụp đêm sống động và ổn định
Hiệu suất cải tiến vượt bậc - Vi xử lý Exynos 2200 tiến trình 4nm mạnh mẽ
Năng lượng cho cả ngày - Viên pin 4500mAh cùng sạc nhanh đến 25W thần tốc",CellphoneS,,,,,,,,,
https://cellphones.com.vn/oppo-find-n.html,OPPO Find N,Tin đồn - Mới ra,Giá Liên Hệ,,,,"Camera góc rộng: 32 MP, f/2.4
Camera phụ: 32 MP, f/2.4","Camera góc rộng: 50 MP, f/1.8, OIS
Camera Tele: 13 MP, f/2.4, 2x optical zoom, PDAF
Camera góc siêu rộng:16 MP, f/2.2","1x2,84 GHz Cortex-X1 & 3x2,42 GHz Cortex-A78 & 4x1,80 GHz Cortex-A55",,,,,7.1,"Mới, đầy đủ phụ kiện từ nhà sản xuất",5.0/5,2.0,,CellphoneS,,,,,,,,,
https://cellphones.com.vn/samsung-galaxy-z-flip-4-256gb.html,Samsung Galaxy Z Flip4 256GB,Samsung,11490000,Giảm 56%,,,"10 MP, f/2.4","Camera góc rộng: 12 MP, f/1.8, PDAF, OIS
Camera góc siêu rộng: 12 MP, f/1.12, 123˚","1 nhân 3.18 GHz, 3 nhân 2.7 GHz & 4 nhân 2 GHz",,,1080x2640,,6.7,"Mới, đầy đủ phụ kiện từ nhà sản xuất",4.8/5,6.0,"Ngoại hình thời trang - cầm nắm cực sang với thiết kế gập vỏ sò độc đáo
Công nghệ màn hình hàng đầu đến từ Samsung - 6.7 inch, tấm nền Dynamic AMOLED 2X
Trang bị camera chất lượng - Bộ đôi camera có cùng độ phân giải 12 MP, chống rung, chụp đêm
Hiệu năng mạnh mẽ đến từ dòng chip cao cấp của Qualcomm - Snapdragon 8+ Gen 1",CellphoneS,,,,,,,,,
https://cellphones.com.vn/oppo-a77s.html,OPPO A77s 8GB 128GB,OPPO,5190000,Giảm 17%,,,"8 MP, f/2.0","Camera góc rộng: 50 MP, f/1.8, PDAF
Camera chân dung: 2 MP, f/2.4",4x2.4 GHz Kryo 265 Gold & 4x1.9 GHz Kryo 265 Silver,,,720x1612,,6.56,"Mới, đầy đủ phụ kiện từ nhà sản xuất",5.0/5,2.0,"Nâng tầm trải nghiệm thị giác - Tấm nền IPS LCD với kích thước 6.56 inch, tần số quét 90Hz
Năng lượng tiếp sức cho cả ngày dài - 5000 mAh, sạc siêu nhanh SuperVOOC 33 W
Long lanh từ trong ra ngoài với thiết kế OPPO Glow, mặt lưng hoàn thiện từ thủy tinh hữu cơ
Trải nghiệm ổn định mọi tác vụ - Chip Snapdragon 680 8, RAM 8 GB và khả năng mở rộng RAM",CellphoneS,,,,,,,,,
https://cellphones.com.vn/samsung-galaxy-z-flip-5.html,Samsung Galaxy Z Flip5 512GB,Samsung,Giá Liên Hệ,,,,"10MP, F2.4, 1.22μm","Camera siêu rộng: 12MP, F2.2, 123°, 1.12 μm, FF
Camera chính: 12MP, F1.8, Dual Pixel, 1.8μm, OIS","1 nhân 3.36 GHz, 4 nhân 2.8 GHz & 3 nhân 2 GHz",,,1080x2640,,6.7,"Mới, đầy đủ phụ kiện từ nhà sản xuất",4.9/5,9.0,"Galaxy AI tiện ích - Khoanh vùng search đa năng, là trợ lý chỉnh ảnh, trợ lý chat thông minh, phiên dịch trực tiếp
Thần thái nổi bật, cân mọi phong cách- Lấy cảm hứng từ thiên nhiên với màu sắc thời thượng, xu hướng
Thiết kế thu hút ánh nhìn - Gập không kẽ hỡ, dẫn đầu công nghệ bản lề Flex
Tuyệt tác selfie thoả sức sáng tạo - Camera sau hỗ trợ AI xử lí cực sắc nét ngay cả trên màn hình ngoài
Bền bỉ bất chấp mọi tình huống - Đạt chuẩn kháng bụi và nước IPX8 cùng chất liệu nhôm Armor Aluminum giúp hạn chế cong và xước",CellphoneS,,,,,,,,,
https://cellphones.com.vn/xiaomi-redmi-note-11-pro.html,Xiaomi Redmi Note 11 Pro,Xiaomi,5790000,Giảm 23%,,,16MP f/2.4,"Camera góc rộng: 108 MP, f/1.9, PDAF
Camera góc siêu rộng: 8 MP
Camera Tele: 2 MP, f/2.4
Camera chân dung: 2MP f/2.4","Octa-core CPU, up to 2.05GHz",,,1080x2400,,6.67,"Nguyên hộp, đầy đủ phụ kiện từ nhà sản xuất",4.8/5,32.0,"Hiệu năng ấn tượng trong tầm giá - Chip MediaTek Helio G96 mạnh mẽ cùng 8GB RAM
Tận hưởng không gian giải trí sống động - Màn hình AMOLED 6.67"", FHD+ sắc nét, chân thực
Ghi lại trọn vẹn mọi khoảng khắc - Cụm 4 camera sau lên đến 108MP, đa dạng chế độ chụp
Năng lượng tràn đầy cho cả ngày dài - Viên pin khủng 5000mAh, sạc nhanh 67W",CellphoneS,,,,,,,,,
https://cellphones.com.vn/samsung-galaxy-s24.html,Samsung Galaxy S24 8GB 256GB,Samsung,16790000,Giảm 27%,,,"12 MP, f/2.2","Camera chính 50 MP, f/1.8
Camera tele: 10 MP, f/2.4, PDAF, OIS, zoom quang học 3x
Camera góc siêu rộng: 12 MP, f/2.2, 120˚","1 nhân 3.3 GHz, 5 nhân 3.2 GHz & 2 nhân 2.3 GHz",,,1080x2340,,6.2,"Mới, đầy đủ phụ kiện từ nhà sản xuất",5.0/5,6.0,"Khai phá tiềm năng sáng tạo không giới hạn với tính năng AI - Phiên dịch cuộc gọi, trợ lí chỉnh ảnh
Sắc nét từng chi tiết - Camera 50MP với với công nghệ ProVisual, chụp đêm và siêu thu phóng
Pin tối ưu thông minh cho cả ngày tràn đầy năng lượng - Viên pin 4000mAh cho phép bạn xem video liên tục đến 29 giờ
Nâng cấp màn hình trải nghiệm tuyệt đỉnh - Màn hình 6.2"" inch Dynamic AMOLED 2X cùng tần số quét 120Hz",CellphoneS,,,,,,,,,
https://cellphones.com.vn/iphone-12-pro.html,iPhone 12 Pro 128GB I Chính hãng VN/A,Apple,24990000,Giảm 7%,,,"12 MP, f/2.2, 23mm (wide), 1/3.6""
SL 3D, (depth/biometrics sensor)","12 MP, f/1.6, 26mm (wide), 1.4µm, dual pixel PDAF, OIS
12 MP, f/2.0, 52mm (telephoto), 1/3.4"", 1.0µm, PDAF, OIS, 2x optical zoom
12 MP, f/2.4, 120˚, 13mm (ultrawide), 1/3.6""
TOF 3D LiDAR scanner (depth)",Hexa-core,,,1170x2532,,6.1,"Máy mới 100% , chính hãng Apple Việt Nam.
CellphoneS hiện là đại lý bán lẻ uỷ quyền iPhone chính hãng VN/A của Apple Việt Nam",5.0/5,54.0,"Mạnh mẽ, siêu nhanh với chip A14, RAM 6GB, mạng 5G tốc độ cao
Rực rỡ, sắc nét, độ sáng cao - Màn hình OLED cao cấp, Super Retina XDR hỗ trợ HDR10, Dolby Vision
Chụp ảnh siêu đỉnh - Night Mode , thuật toán Deep Fusion, Smart HDR 3, camera LiDar
Bền bỉ vượt trội - Kháng nước, kháng bụi IP68, mặt lưng Ceramic Shield",CellphoneS,,,,,,,,,
https://cellphones.com.vn/samsung-galaxy-a34.html,Samsung Galaxy A34 5G 8GB 128GB,Samsung,7090000,Giảm 16%,,,"Camera góc rộng: 13MP, f/2.2, 1/3.1"", 1.12µm","Camera góc rộng: 48MP, f/1.8, 26mm , 1/2.0"", 0.8µm, PDAF, OIS
Camera góc siêu rộng: 8MP, f/2.2, 123, 1/4.0"", 1.12µm
Camera macro: 5MP, f/2.4",2x2.6 GHz Cortex-A78 & 6x2.0 GHz Cortex-A55,,,1080x2340,,6.6,"Mới, đầy đủ phụ kiện từ nhà sản xuất",0/5,0.0,"Thiết kế thu hút mọi góc nhìn với mặt lưng tráng gương cùng 3 gam màu hiện đại
Thoả sức chụp ảnh cùng cụm 3 camera chất lượng có độ phân giải lên đến 48 MP
Màn hình Super AMOLED tràn viền vô cực mang đến không gian hiển thị tuyệt vời
Cân mọi tác vụ với chip Dimensity 1080 kết hợp cùng RAM 8 GB và ROM 128 GB",CellphoneS,,,,,,,,,
https://cellphones.com.vn/redmi-k50-gaming-edition.html,Redmi K50 Gaming Edition,Tin đồn - Mới ra,Giá Liên Hệ,,,,,,,,,,,,"Mới, đầy đủ phụ kiện từ nhà sản xuất",5.0/5,1.0,,CellphoneS,,,,,,,,,
https://cellphones.com.vn/apple-iphone-xr-64-gb-chinh-hang-vn.html,iPhone XR 64GB I Chính hãng VN/A,Apple,11990000,,,,7MP,12MP,Hexa-core,,,1792x828,,6.1,"Máy mới 100% , chính hãng Apple Việt Nam.
CellphoneS hiện là đại lý bán lẻ uỷ quyền iPhone chính hãng VN/A của Apple Việt Nam",5.0/5,23.0,"Thiết kế cao cấp tinh tế - 2 mặt kính, khung viền kim loại
Hình ảnh sắc nét, màu sắc chân thực với màn hình Retina, công nghệ True Tone.
Chơi game thả ga với chip A12 Bionic 6 nhân, RAM 3GB
Âm thanh lớn, sống động với 2 loa kép
Chụp ảnh xóa phông chuyên nghiệp chỉ với 1 camera đơn 12MP",CellphoneS,,,,,,,,,
https://cellphones.com.vn/meizu-20.html,Meizu 20,Hãng khác,Giá Liên Hệ,,,,"Camera góc rộng: 32 MP, f/2.5","Camera góc rộng: 50 MP, f/1.9, 24mm, 1/1.56"", PDAF, OIS
Camera góc siêu rộng: 16 MP, f/2.4, 16mm, 122˚
5 MP, f/2.4",1x3.2 GHz Cortex-X3 & 2x2.8 GHz Cortex-A715 & 2x2.8 GHz Cortex-A710 & 3x2.0 GHz Cortex-A510,,,1080x2408,,6.55,"Mới, đầy đủ phụ kiện từ nhà sản xuất",,,,CellphoneS,,,,,,,,,
https://cellphones.com.vn/vivo-y36.html,vivo Y36 8GB 128GB,vivo,4990000,Giảm 4%,,,"16 MP, f/2.45","Camera chính: 50 MP, f/1.8
Camera phụ: 2 MP, f/2.4",4 nhân 2.4 GHz & 4 nhân 1.9 GHz,,,1080x2388,,6.64,"Mới, đầy đủ phụ kiện từ nhà sản xuất",4.7/5,6.0,"Vẻ ngoài đơn giản tạo nên sức hút - Thiết kế thời thượng so với màn hình giọt nước trước đó.
Màn hình Full HD+ - Hình ảnh hiển thị sắc nét, giúp bạn chiêm ngưỡng những bộ phim, chơi game tốt hơn.
Snapdragon 680 cùng pin 5000 mAh - Đủ sức sử dụng các tác vụ như lướt web, xem phim hay chơi game cấu hình tầm trung.
Pin trâu cho thời gian dùng lâu - dung lười dùng sử dụng thoải mái cả một ngày dài.",CellphoneS,,,,,,,,,
https://cellphones.com.vn/samsung-galaxy-s20-fe.html,Samsung Galaxy S20 FE 256GB,Samsung,7200000,Giảm 42%,,,"32 MP, f/2.0, AF","Camera chính: 12 MP, f/1.8
Camera tele: 8 MP, f/2.0, zoom quang 3x
Camera góc siêu rộng: 12 MP, f/2.2",8 nhân (1x2.84 GHz Kryo 585 & 3x2.42 GHz Kryo 585 & 4x1.8 GHz Kryo 585),,,1080x2400,,6.5,"Mới, đầy đủ phụ kiện từ nhà sản xuất",4.8/5,63.0,"Không gian giải trí bất tận - Màn hình Super Amoled 6.5"", FullHD, HDR10+, 120Hz
Hiệu năng mạnh mẽ - Chip Snapdragon 865, chuẩn bộ nhớ UFS 3.1
Bừng sáng mọi khung hình - Camera 12MP hỗ trợ quay phim 8K, zoom quang 3X
Năng lượng cho cả ngày dài - Viên pin lớn 4500mAh, sạc nhanh 25W",CellphoneS,,,,,,,,,
https://cellphones.com.vn/tecno-spark-20.html,TECNO SPARK 20 8GB 128GB,Tecno,3050000,Giảm 13%,,,32 MP,"50MP, f/1.6 | PDAF | 6P",Octa-core (2x2.0 GHz Cortex-A75 & 6x1.8 GHz Cortex-A55),,,720x1612,,6.56,"Mới, đầy đủ phụ kiện từ nhà sản xuất",4.8/5,10.0,"Vi xử lý MediaTek Helio G85 thoải mái trải nghiệm.
Nâng tầm trải nghiệm nhiếp ảnh với cụm camera 50MP.
Kích thước lên tới 6.56 inch cùng tấm nền LCD hiện đại cho chất lượng hiển thị rõ ràng, chân thực trong từng khung hình.
Viên pin 5000 mAh, cung cấp trải nghiệm sử dụng suốt ngày dài.",CellphoneS,,,,,,,,,
https://cellphones.com.vn/samsung-galaxy-m34-5g.html,Samsung Galaxy M34 5G 8GB 128GB,Samsung,5890000,Giảm 26%,,,"Camera góc rộng: 13 MP, f/2.2","Camera góc rộng: 50 MP, f/1.8, PDAF, OIS
Camera góc siêu rộng:8 MP, f/2.2, 120˚
2 MP, f/2.4",2x2.4 GHz Cortex-A78 & 6x2.0 GHz Cortex-A55,,,1080x2340,,6.5,"Mới, đầy đủ phụ kiện từ nhà sản xuất",4.8/5,15.0,"Nâng cao hiệu suất của bạn với bộ xử lý cực nhanh Exynos 1280 - 5nm.
Công nghệ Voice Focus - Cuộc gọi video và âm thanh của bạn luôn được rõ ràng hơn.
Pin cực khỏe 6000mAh cho bạn thoải mái sử dụng cả ngày dài.
Thiết kế sang trọng, sở hữu những gam màu thời thượng khơi dậy những ngày mới của bạn.",CellphoneS,,,,,,,,,
https://cellphones.com.vn/samsung-galaxy-z-flip-4.html,Samsung Galaxy Z Flip4 128GB,Samsung,11190000,Giảm 53%,,,"10 MP, f/2.4","Camera góc rộng: 12 MP, f/1.8, PDAF, OIS
Camera góc siêu rộng: 12 MP, f/2.2, 123˚","1 nhân 3.18 GHz, 3 nhân 2.7 GHz & 4 nhân 2 GHz",,,1080x2640,,6.7,"Mới, đầy đủ phụ kiện từ nhà sản xuất",5.0/5,3.0,"Ngoại hình thời trang - cầm nắm cực sang với thiết kế gập vỏ sò độc đáo
Công nghệ màn hình hàng đầu đến từ Samsung - 6.7 inch, tấm nền Dynamic AMOLED 2X
Trang bị camera chất lượng - Bộ đôi camera có cùng độ phân giải 12 MP, chống rung, chụp đêm
Hiệu năng mạnh mẽ đến từ dòng chip cao cấp của Qualcomm - Snapdragon 8+ Gen 1",CellphoneS,,,,,,,,,
https://cellphones.com.vn/realme-gt-2-pro.html,Realme GT2 Pro,Tin đồn - Mới ra,Giá Liên Hệ,,,,,,,,,,,6.43,"Mới, đầy đủ phụ kiện từ nhà sản xuất",,,,CellphoneS,,,,,,,,,
https://cellphones.com.vn/xiaomi-redmi-k50.html,Xiaomi Redmi K50,Tin đồn - Mới ra,Giá Liên Hệ,,,,Camera gốc rộng: 20 MP,"Camera gốc rộng: 48 MP, PDAF, OIS
Camera cực rộng: 8 MP, 119˚
Camera Macro: 2 MP, f/2.4","4x2,85 GHz Cortex-A78 & 4x2,0 GHz Cortex-A55",,,3200x1440,,6.66,"Mới, đầy đủ phụ kiện từ nhà sản xuất",,,,CellphoneS,,,,,,,,,
https://cellphones.com.vn/dien-thoai-infinix-gt-20-pro.html,Infinix GT 20 Pro 12GB 256GB,Tin đồn - Mới ra,Giá Liên Hệ,,,,32 MP,108MP+2MP+2MP,,,,,,6.78,"Mới, đầy đủ phụ kiện từ nhà sản xuất",,,,CellphoneS,,,,,,,,,
https://cellphones.com.vn/iphone-13-pro-256gb.html,iPhone 13 Pro 256GB | Chính hãng VN/A,Apple,24490000,Giảm 9%,,,"12MP, ƒ/2.2","Camera góc rộng: 12MP, ƒ/1.5
Camera góc siêu rộng: 12MP, ƒ/1.8
Camera tele : 12MP, /2.8",3.22 GHz,,,1170x2532,,6.1,"Máy mới 100% , chính hãng Apple Việt Nam.
CellphoneS hiện là đại lý bán lẻ uỷ quyền iPhone chính hãng VN/A của Apple Việt Nam",5.0/5,2.0,"Hiệu năng vượt trội - Chip Apple A15 Bionic mạnh mẽ, hỗ trợ mạng 5G tốc độ cao
Không gian hiển thị sống động - Màn hình 6.1"" Super Retina XDR độ sáng cao, sắc nét
Trải nghiệm điện ảnh đỉnh cao - Cụm 3 camera 12MP, hỗ trợ ổn định hình ảnh quang học
Tối ưu điện năng - Sạc nhanh 20 W, đầy 50% pin trong khoảng 30 phút",CellphoneS,,,,,,,,,
https://cellphones.com.vn/xiaomi-14t-xanh-duong.html,Xiaomi 14T - Xanh dương,,14990000,,,,,,,,,,,,,,,,CellphoneS,,,,,,,,,
https://cellphones.com.vn/samsung-galaxy-z-fold-6-1tb.html,Samsung Galaxy Z Fold6 12GB 1TB,Samsung,45990000,Giảm 16%,,,"Camera bên ngoài:10 MP, f/2.2
Camera bên trong: 4 MP, F1.8","Camera góc rộng: 50.0 MP, f/1.8, Thu phóng quang học 2x
Camera chụp góc siêu rộng: 12.0 MP, f/2.2
Camera ống kính tele: 10.0 MP, f/2.4, Thu phóng Quang học 3x","8 nhân 3.39 GHz, 3.1GHz, 2.9GHz, 2.2GHz",,,2160x1856,,7.6,"Mới, đầy đủ phụ kiện từ nhà sản xuất",,,"Màn hình chính Dynamic AMOLED 2X 7.6 inch cho trải nghiệm giải trí, làm việc đỉnh cao.
Chip Snapdragon 8 Gen 3 cho tốc độ xử lý siêu nhanh, đáp ứng tốt mọi nhu cầu sử dụng.
Camera chính 50.0 MP ghi lại những khoảnh khắc đẹp với độ chi tiết, màu sắc ấn tượng.
Pin 4400mAh cho phép bạn sử dụng điện thoại cả ngày dài mà không cần lo lắng về việc hết pin.",CellphoneS,,,,,,,,,
https://cellphones.com.vn/dien-thoai-huawei-pura-70-ultra.html,Huawei Pura 70 Ultra,Tin đồn - Mới ra,Giá Liên Hệ,,,,8MP,"Camera chính: 50MP
Ống kính khẩu độ thay đổi f/1.4 - 4.0
Camera góc siêu rộng: 12.5MP
Camera tele: 48MP",,,,,,6.6,"Mới, đầy đủ phụ kiện từ nhà sản xuất",4.0/5,1.0,,CellphoneS,,,,,,,,,
https://cellphones.com.vn/redmi-note-12-turbo.html,Xiaomi Redmi Note 12 Turbo,Tin đồn - Mới ra,Giá Liên Hệ,,,,Camera góc rộng: 16 MP,"Camera góc rộng: 64 MP, 1/2"", 0.7µm, PDAF, OIS
Camera góc siêu rộng: 8MP, f/2.2, 120˚, 1/4"", 1.12µm
Camera Macro: 2 MP, f/2.4",1x2.91 GHz Cortex-A710 & 3x2.49 GHz Cortex-A710 & 4x1.8 GHz Cortex-A510,,,1080x2400,,6.67,"Mới, đầy đủ phụ kiện từ nhà sản xuất",5.0/5,20.0,,CellphoneS,,,,,,,,,
https://cellphones.com.vn/google-pixel-7.html,Google Pixel 7,Tin đồn - Mới ra,Giá Liên Hệ,,,,"Camera siêu rộng; 10,8 MP, f/2.2, 21mm , 1 / 3,1 "", 1,22µm","Camera rộng:50MP, f/1.9, 25mm, 1.2µm, PDAF đa hướng, Laser AF, OIS
Camera siêu rộng; 12MP, f/2.2, 114˚, 1.25µm","2x2,85 GHz Cortex-X1 & 2x2,35 GHz Cortex-A78 & 4x1.80 GHz Cortex-A55",,,1080x2400,,6.3,"Mới, đầy đủ phụ kiện từ nhà sản xuất",,,,CellphoneS,,,,,,,,,
https://cellphones.com.vn/google-pixel-7-pro.html,Google Pixel 7 Pro,Tin đồn - Mới ra,Giá Liên Hệ,,,,"Camera siêu rộng: 10,8MP, f/2.2, 21mm, 1,22µm","Camera rộng: 50MP, f/1.9, 25mm, 1.2µm, PDAF đa hướng, Laser AF, OIS
Camera siêu rộng; 12MP, f/2.2, 1.25µm, AF
Camera tele: 48MP, f/3.5, 0,7µm, đa -directional PDAF, OIS, zoom quang 5x","(2x2,85 GHz Cortex-X1 & 2x2,35 GHz Cortex-A78 & 4x1.80 GHz Cortex-A55",,,1440x3120,,6.7,"Mới, đầy đủ phụ kiện từ nhà sản xuất",,,,CellphoneS,,,,,,,,,
https://cellphones.com.vn/samsung-galaxy-s24-ultra-1tb.html,Samsung Galaxy S24 Ultra 12GB 1TB,Samsung,44490000,,,,"12 MP, f/2.2","Camera chính: 200MP, Laser AF, OIS
Camera: 50MP, PDAF, OIS, zoom quang học 5x
Camera tele: 10MP
Camera góc siêu rộng: 12 MP, f/2.2, 13mm, 120˚","3.39GHz,3.1GHz,2.9GHz,2.2GHz",,,1440x3120,,6.8,"Mới, đầy đủ phụ kiện từ nhà sản xuất",4.7/5,3.0,"Mở khoá giới hạn tiềm năng với AI - Hỗ trợ phiên dịch cuộc gọi, khoanh vùng tìm kiếm, Trợ lí Note và chình sửa anh
Tuyệt tác thiết kế bền bỉ và hoàn hảo - Vỏ ngoài bằng titan mới cùng màu sắc lấy cảm hứng từ chất liệu đá tự nhiên
Tích hợp S-Pen cực nhạy - Thoải mát viết, chạm thật chính xác trên màn hình cùng nhiều tính năng tiện ích
Nắm trong tay trọn bộ chi tiết chân thực nhất - Camera 200MP hỗ trợ khả năng xử lý AI cải thiện độ nét và tông màu",CellphoneS,,,,,,,,,
https://cellphones.com.vn/tecno-pova-5.html,TECNO POVA 5 8GB 128GB,Tecno,3690000,Giảm 18%,,,"8 MP, f/2.0","Camera góc rộng: 50 MP, f/1.66, PDAF
Camera chiều sâu: f/2.0",2x2.2 GHz Cortex-A76 & 6x2.0 GHz Cortex-A55,,,1080x2460,,6.78,"Mới, đầy đủ phụ kiện từ nhà sản xuất",4.8/5,33.0,"Thiết kế mạnh mẽ, lạ mắt với mặt lưng phẳng đi kèm các họa tiết độc đáo.
Dung lượng pin cao 6000mAh - Sẵn sàng cho bạn chiến các tựa game mà không bị gián đoạn.
Màn hình 6.78 inches, hỗ trợ độ phân giải 1080 x 2460 pixel - Chất lượng hình ảnh mượt mà, sắc nét.
Chip xử lý Helio G99 (6nm) - Cung cấp sức mạnh giúp bạn đáp ứng tốt mọi tác vụ.",CellphoneS,,,,,,,,,
https://cellphones.com.vn/samsung-galaxy-a23.html,Samsung Galaxy A23 4G,Samsung,3600000,Giảm 37%,,,"8MP, f/2.2",50MP + 5MP + 2MP + 2MP,4 nhân 2.4 GHz & 4 nhân 1.9 GHz,,,1080x2408,,6.6,"Hàng mới, nguyên seal, đã kích hoạt vào 15/7/2023",4.8/5,8.0,"Nâng cao trải nghiệm với màn hình chất lượng - Màn hình LCD 6.6 inch Full HD+
Hiệu năng ấn tượng mạnh mẽ - Snapdragon 680 (SM6225), RAM dung lượng 4GB
Cụm 4 camera siêu chất cho hình ảnh chất lượng - Cảm biến chính lên đến 50MP, đa dạng chế độ chụp
Pin dung lượng 5000mAh, sạc nhanh ấn tượng - 5.000 mAh, sạc nhanh 25W",CellphoneS,,,,,,,,,
https://cellphones.com.vn/infinix-note-30.html,Infinix Note 30 4G 8GB 256GB,Điện thoại Infinix,3590000,Giảm 23%,,,"16MP, F2.0","Camera chính: 64MP, F/1.69
Camera AI: F/2.0
Camera phụ: 2MP, F/2.4",Octa-core (2x2.2 GHz Cortex-A76 & 6x2.0 GHz Cortex-A55),,,1080x2460,,6.78,"Mới, đầy đủ phụ kiện từ nhà sản xuất",4.9/5,28.0,"Tha hồ trải nghiệm cả ngày dài nhờ vào viên pin dung lượng lớn lên đến 5.000 mAh
Trải nghiệm mượt mà không bao giờ ngừng với tốc độ làm mới 120Hz.
Camera chính 64MP giúp bạn ghi lại những khoảnh khắc đẹp trong cuộc sống.
Thiết kế mỏng, nhẹ, trải nghiệm cầm nắm chân thật.",CellphoneS,,,,,,,,,
https://cellphones.com.vn/xiaomi-redmi-note-12-8gb-128gb.html,Xiaomi Redmi Note 12 8GB 128GB,Xiaomi,4290000,Giảm 26%,,,"13MP, f/2.45","Camera chính: 50MP, f/1.8
Camera góc rộng: 8MP, f/2.2, 120°
Camera Macro: 2MP, f/2.4",2X Cortex-A78 @ 2.0GHz ; 6X Cortex-A55 @ 1.8GHz,,,1080x2400,,6.67,"Mới, đầy đủ phụ kiện từ nhà sản xuất",4.9/5,57.0,"Trải nghiệm hình ảnh mượt mà và liền mạch nhờ tốc độ làm mới cao 120Hz.
Hiệu năng vượt trội và được tăng cường với chip xử lý Snapdragon® 685 6nm mạnh mẽ.
Năng lượng cho cả ngày dài nhờ vào viên pin lên đến 5000mAh đi kèm sạc nhanh 33W
Bắt trọn mọi khoảnh khắc của bạn với bộ 3 camera 50MP.",CellphoneS,,,,,,,,,
https://cellphones.com.vn/dien-thoai-infinix-note-40-pro.html,Infinix Note 40 Pro 8GB 256GB,Chuẩn NFC,5790000,Giảm 3%,,,"32MP, f/2.2, FF","108MP, f/1.75, 1/1.67""OIS
2MP, f/2.4
2MP, f/2.4",2x2.2 GHz Cortex-A76 & 6x2.0 GHz Cortex-A55,,,1080x2436,,6.78,"Mới, đầy đủ phụ kiện từ nhà sản xuất",4.8/5,17.0,"Màn hình AMOLED 6.78 inch cho trải nghiệm hình ảnh sống động, rực rỡ và mượt mà.
CPU MediaTek Helio G99 8 nhân, 8GB RAM LPDDR4X và 256GB ROM cho khả năng xử lý đa nhiệm mượt mà, chơi game cấu hình cao và làm việc đồ họa chuyên nghiệp.
Camera sau 108MP AI - Chụp ảnh chuyên nghiệp, sắc nét và ấn tượng.
Sử dụng thoải mái cả ngày dài với pin dung lượng lớn 5000mAh cho bạn sạc đầy pin nhanh chóng để tiếp tục sử dụng.",CellphoneS,,,,,,,,,
https://cellphones.com.vn/xiaomi-redmi-note-12-pro-4g.html,Xiaomi Redmi Note 12 Pro 4G 8GB 256GB,Xiaomi,5690000,Giảm 29%,,,"16MP, f/2.45","Camera chính: 108MP, f/1.9, 1/1.52""
Camera góc siêu rộng: 8MP, f/2.2, FOV 120°
Camera cận cảnh: 2MP, f/2.4
Camera chiều sâu: 2MP, f/2.4",2 nhân 2.2 GHz & 6 nhân 1.8 GHz,,,1080x2400,,6.67,"Mới, đầy đủ phụ kiện từ nhà sản xuất",4.5/5,17.0,"Màn hình 6.67 inch và tấm nền AMOLED mang đến không gian hiển thị hình ảnh đẹp mắt
Vi xử lý  Snapdragon® 732G kết hợp chip đồ hoạ Adreno 618 giúp chiến game mượt mà
Thoả niềm đam mê nhiếp ảnh cùng hệ thống 3 camera với ống kính chính lên đến 108MP
Viên pin dung lượng 5000 mAh cho khả năng hoạt động cả ngày dài ở các tác vụ cơ bản",CellphoneS,,,,,,,,,
https://cellphones.com.vn/xiaomi-redmi-note-11-128gb.html,Xiaomi Redmi Note 11 128GB,Xiaomi,4090000,Giảm 18%,,,"13 MP, f/2.5","Camera góc rộng: 50 MP, f/1.8, PDAF
Camera góc siêu rộng: 8 MP, f/2, 2FOV 118°
Camera macro: 2MP, f/2.4
Camera chân dung: 2MP, f/2.4",2.4 GHz,,,1080x2400,,6.43,"Mới, đầy đủ phụ kiện từ nhà sản xuất",4.6/5,44.0,"Nâng cao trải nghiệm thị giác - Màn hình AMOLED 6.43"" Full HD+, công nghệ DotDisplay
Hiệu năng ấn tượng - Snapdragon 680 8 nhân cùng RAM 4GB, bộ nhớ 128GB
Chinh phục mọi khoảnh khắc - Cụm 4 camera 50MP, nhiều chế độ chụp tiện ích
Thoải mái sử dụng không lắng lo - Viên pin 5000 mAh, sạc nhanh 33 W",CellphoneS,,,,,,,,,
https://cellphones.com.vn/samsung-galaxy-s21-ultra.html,Samsung Galaxy S21 Ultra 5G,Samsung,30990000,,,,"40 MP, f/2.2","Ống kính chính góc rộng: 108MP, f/1.8
Ống kính zoom tiềm vọng: 10MP, zoom quang 10x
Cảm biến tele: 10MP, zoom quang 3x
Cảm biến siêu rộng: 12MP, f/2.2
Cảm biến Laser AF","1 nhân 2.9 GHz, 3 nhân 2.8 GHz & 4 nhân 2.2 GHz",,,1440x3200,,6.8,"Mới, đầy đủ phụ kiện từ nhà sản xuất",4.8/5,13.0,"Giải trí đỉnh cao - Màn hình AMOLED 6.8 inch, độ phân giải 2K, tần số quét cao 120Hz
Chụp ảnh, quay video siêu nét - 4 camera mạnh mẽ, quay phim 8K, quay phim siêu chống rung.
Tốc độ vượt trội, chơi game đỉnh cao - Exynos 2100 8 nhân 5nm, RAM 8GB, bộ nhớ tốc độ cao UFS 3.1
Trải nghiệm thả ga - Pin 5000mAh, hỗ trợ sạc nhanh lên đến 25W, công nghệ pin thông minh",CellphoneS,,,,,,,,,
https://cellphones.com.vn/samsung-galaxy-m14.html,Samsung Galaxy M14 5G 4GB 128GB,Samsung,4490000,Giảm 15%,,,"13 MP, f/2.0","Camera góc rộng: 50MP, f/1.8, PDAF
Camera macro: 2 MP, f/2.4
Camera đo độ sâu: 2 MP, f/2.4",2x2.4 GHz Cortex-A78 & 6x2.0 GHz Cortex-A55,,,1080x2408,,6.6,"Mới, đầy đủ phụ kiện từ nhà sản xuất",4.8/5,26.0,"Kiểu dáng hiện đại cùng nhiều lựa chọn về màu sắc giúp phù hợp với nhiều người
Không gian hiển thị rộng lớn với màn hình 6.6 inch cùng tấm nền LCD thế hệ mới
Chip Exynos 1330 độc quyền cùng RAM 4 GB và kết nối 5G giúp xử lý nhanh và ổn định các tác vụ thông dụng
Vô tư trải nghiệm cả ngày dài với viên pin dung lượng siêu khủng đến 6000 mAh",CellphoneS,,,,,,,,,
https://cellphones.com.vn/nubia-redmagic-8s-pro.html,Nubia RedMagic 8S Pro 5G 12GB 256GB,Nubia,18990000,Giảm 5%,,,"16 MP, f/2.0","Camera góc rộng:50 MP, f/1.9, PDAF
Camera góc siêu rộng: 8 MP, f/2.2, 120˚
Camera Macro: 2 MP, f/2.4",1 x 3.00GHz Cortex-X2 3 x 2.50 GHz Cortex-A710 4 x 1.80 GHz Cortex-A510,,,1116x2480,,6.8,"Mới, đầy đủ phụ kiện từ nhà sản xuất",5.0/5,2.0,"Cấu hình mạnh mẽ với Snapdragon 8 Gen 2 - Sẵn sàng chiến các thể loại game mà không lo giật lag.
Thiết kế sang trọng, hiện đại cùng những đường nét trang trí thể hiện đúng tính chất của chiếc một chiếc gaming.
Tấm nền AMOLED với kích thước 6.8 inch, độ phân giải Full HD+ - Tạo hình ảnh sắc nét, độ chuẩn màu cao.
Dung lượng pin lớn 6000 mAh - Đáp ứng tốt nhu cầu sử dụng cả ngày dài.",CellphoneS,,,,,,,,,
https://cellphones.com.vn/samsung-galaxy-s23-plus.html,Samsung Galaxy S23 Plus 8GB 256GB,Samsung,19990000,Giảm 26%,,,"12MP, f/2.2","Camera chính góc rộng: 50 MP, f/1.8, Dual Pixel PDAF, OIS
Camera tele: 10 MP, f/2, 3x optical zoom
Camera góc siêu rộng:12 MP, f/2.2",1x3.2 GHz Cortex-X3 & 2x2.8 GHz Cortex-A715 & 2x2.8 GHz Cortex-A710 & 3x2.0 GHz Cortex-A510,,,1080x2340,,6.6,"Mới, đầy đủ phụ kiện từ nhà sản xuất",5.0/5,2.0,"Galaxy AI tiện ích - Khoanh vùng search đa năng, là trợ lý chỉnh ảnh, chat thông minh, phiên dịch trực tiếp
Bắt trọn khoảnh khắc đêm - Camera lên đến 50MP, zoom xa rõ nét, vi xử lí AI, công nghệ ảnh siêu chi tiết
Hiệu năng vượt trội - Snapdragon 8 Gen 2 8 nhân mạnh mẽ, RAM 8GB
Thời gian sử dụng không giới hạn - Pin 4700mAh sử dụng, sạc nhanh, tối ưu hoá thời gian sử dụng
Thiết kế bền bỉ, thân thiện - Màu sắc lấy cảm hứng từ thiên nhiên, chất liệu kính và lớp phim phủ PET tái chế",CellphoneS,,,,,,,,,
https://cellphones.com.vn/xiaomi-redmi-note-12-pro-56074.html,Xiaomi Redmi Note 12 Pro 4G,Tin đồn - Mới ra,Giá Liên Hệ,,,,"Camera góc rộng: 16 MP, 1/3.06"", 1.0µm","Camera góc rộng: 50MP, f/1.9, 24mm, 1/1.56"", 1.0µm, PDAF, OIS
Camera góc siêu rộng: 8 MP, f/1.9, 119˚, 1/4"", 1.12µm
Camera macro: 2 MP, f/2.4","2x2,6 GHz Cortex-A78 & 6x2,0 GHz Cortex-A55",,,1080x2400,,6.66,"Mới, đầy đủ phụ kiện từ nhà sản xuất",,,,CellphoneS,,,,,,,,,
https://cellphones.com.vn/dien-thoai-realme-c67.html,realme C67 8GB 128GB,realme,4290000,Giảm 19%,,,"8 MP, f/2.05","Camera AI: 108MP, f/1.8
2MP, f/2.4",2.8 GHz,,,1080x2400,,6.72,"Mới, đầy đủ phụ kiện từ nhà sản xuất",4.9/5,16.0,"Tích hợp mở khóa vân tay cạnh viền, giúp người dùng trải nghiệm sự thuận tiện và an toàn.
Màn hình Full HD+ - Mang đến một trải nghiệm xem ảnh và video với chi tiết tuyệt vời.
Tần số quét 90 Hz mang lại trải nghiệm mượt mà, hạn chế hiện tượng giật lag.
Trang bị pin 5000mAh đi cùng sạc nhanh 33 W giúp bạn thoải mái sử dụng điện thoại suốt ngày dài.",CellphoneS,,,,,,,,,
https://cellphones.com.vn/dien-thoai-nubia-red-magic-9-pro.html,Nubia Red Magic 9 Pro,Nubia,Giá Liên Hệ,,,,"Camera góc rộng: 16 MP, f/2.0,, 1.12µm, under display","Camera góc rộng: 50 MP, 1/1.57"", 1.0µm, PDAF, OIS
Camera siêu góc rộng: 50 MP, 1/2.76"", 0.64µm
Camera macro:2 MP, f/2.4",1x3.3 GHz Cortex-X4 & 5x3.2 GHz Cortex-A720 & 2x2.3 GHz Cortex-A520,,,1116x2480,,6.8,"Mới, đầy đủ phụ kiện từ nhà sản xuất",5.0/5,2.0,,CellphoneS,,,,,,,,,
https://cellphones.com.vn/realme-c53.html,realme C53 8GB 256GB,realme,3750000,Giảm 22%,,,8MP,Camera chính: 50MP,"12nm, lên tới 1.82GHz",,,720x1600,,6.74,"Mới, đầy đủ phụ kiện từ nhà sản xuất",5.0/5,4.0,"Màn hình IPS LCD giúp chất lượng hiển thị tốt hơn và có khả năng tái tạo 16.7 triệu màu.
Hệ thống chụp hình được tối ưu sâu với camera AI 50MP với nhiều chế độ chụp hình phong phú.
Chip Tiger T612 với 2 lõi Cortex-A75 1,8GHz và 6 lõi Cortex A55 1.8GHz đảm bảo một hiệu năng ổn định và mang tới trải nghiệm giải trí trọn vẹn.",CellphoneS,,,,,,,,,
https://cellphones.com.vn/iphone-15-pro-max-1tb.html,iPhone 15 Pro Max 1TB | Chính hãng VN/A,Apple,34990000,Giảm 26%,,,"12MP, ƒ/1.9","Camera chính: 48MP, 24 mm, ƒ/1.78,
Camera góc siêu rộng: 12 MP, 13 mm, ƒ/2.2
Camera Tele 5x: 12 MP, 120 mm, ƒ/2.8",CPU 6 lõi mới với 2 lõi hiệu năng và 4 lõi hiệu suất,,,2796x1290,,6.7,"Máy mới 100% , chính hãng Apple Việt Nam.
CellphoneS hiện là đại lý bán lẻ uỷ quyền iPhone chính hãng VN/A của Apple Việt Nam",4.7/5,6.0,"Thiết kế khung viền từ titan chuẩn hàng không vũ trụ - Cực nhẹ, bền cùng viền cạnh mỏng cầm nắm thoải mái
Hiệu năng Pro chiến game thả ga - Chip A17 Pro mang lại hiệu năng đồ họa vô cùng sống động và chân thực
Thoả sức sáng tạo và quay phim chuyên nghiệp - Cụm 3 camera sau đến 48MP và nhiều chế độ tiên tiến
Nút tác vụ mới giúp nhanh chóng kích hoạt tính năng yêu thích của bạn",CellphoneS,,,,,,,,,
https://cellphones.com.vn/xiaomi-redmi-note-12s.html,Xiaomi Redmi Note 12S,Xiaomi,4990000,Giảm 25%,,,"16MP, f/2.45","Camera chính: 108MP, f/1.89
Camera góc siêu rộng: 8MP, f/2.2, FOV 118°
Camera cận cảnh: 2MP, f/2.4","8 nhân, tốc độ lên đến 2.05GHz",,,1080x2400,,6.43,"Mới, đầy đủ phụ kiện từ nhà sản xuất",4.8/5,6.0,"Thiết kế tinh tế, thu hút ánh nhìn - Sở hữu thiết kế cụm camera cải tiến cùng màu sắc thời thượng làm hài lòng bất kì ai
Trọn vẹn từng thước phim - Màn hình 6.43inch cùng tấm nền AMOLED, tần số quét 90 Hz cho mọi khung hình trở nên sống động màu sắc
Camera đỉnh không cần chỉnh - Cụm 3 camera với cảm biến chính AI đạt độ phân giải 108 MP
Hiệu năng ổ định, pin dùng dài lâu - Trang bị chip Mediatek Helio G96 cùng 5000 mAh và khả năng sạc nhanh 33 W",CellphoneS,,,,,,,,,
https://cellphones.com.vn/samsung-galaxy-z-flip-5-256gb.html,Samsung Galaxy Z Flip5 256GB,Samsung,25990000,,,,"10MP, F2.4, 1.22μm","Camera siêu rộng: 12MP, F2.2, 123°, 1.12 μm, FF
Camera chính: 12MP, F1.8, Dual Pixel, 1.8μm, OIS","1 nhân 3.36 GHz, 4 nhân 2.8 GHz & 3 nhân 2 GHz",,,1080x2640,,6.7,"Mới, đầy đủ phụ kiện từ nhà sản xuất",4.5/5,4.0,"Galaxy AI tiện ích - Khoanh vùng search đa năng, là trợ lý chỉnh ảnh, trợ lý chat thông minh, phiên dịch trực tiếp
Thần thái nổi bật, cân mọi phong cách- Lấy cảm hứng từ thiên nhiên với màu sắc thời thượng, xu hướng
Thiết kế thu hút ánh nhìn - Gập không kẽ hỡ, dẫn đầu công nghệ bản lề Flex
Tuyệt tác selfie thoả sức sáng tạo - Camera sau hỗ trợ AI xử lí cực sắc nét ngay cả trên màn hình ngoài
Bền bỉ bất chấp mọi tình huống - Đạt chuẩn kháng bụi và nước IPX8 cùng chất liệu nhôm Armor Aluminum giúp hạn chế cong và xước",CellphoneS,,,,,,,,,
https://cellphones.com.vn/samsung-galaxy-z-fold-3.html,Samsung Galaxy Z Fold3 5G 256GB,Samsung,41990000,,,,"Camera ẩn dưới màn hình: 4MP, f/1.8","Camera góc rộng: 12 MP, f/1.8, Dual Pixel PDAF, OIS
Camera tele: 12 MP, f/2.4, PDAF, OIS, 2x Zoom quang học
Camera góc siêu rộng: 12 MP, f/2.2
Camera màn hình phụ: 10MP, f/2.2","1 nhân 2.84 GHz, 3 nhân 2.4 GHz & 4 nhân 1.8 GHz",,,1768x2208,,7.6,"Mới, đầy đủ phụ kiện từ nhà sản xuất",4.9/5,16.0,"Thiết kế độc đáo tiện lợi, khẳng định đẳng cấp - Thiết kế gập mở, chất liệu cao cấp, bản lề chắc chắn
Màn hình kép ấn tượng - Màn hình chính 7.6"" và màn hình phụ: 6.23"", 120Hz chuyển động mượt mà
Hệ thống camera siêu ấn tượng - Bộ 3 ống kính camera 12MP, camera selfie ẩn dưới màn hình
Hiệu năng ấn tượng, làm chủ tốc độ - Snapdragon 888 kết hợp RAM 12GB, hỗ trợ 5G
",CellphoneS,,,,,,,,,
https://cellphones.com.vn/samsung-galaxy-z-fold-5-256gb.html,Samsung Galaxy Z Fold5 12GB 256GB,Samsung,27990000,Giảm 32%,,,"Camera bên ngoài:10 MP, f/2.2
Camera bên trong: 4 MP, F1.8","Camera siêu rộng: 12MP F2.2, 123°, 1.12μm
Camera góc rộng: 50MP, F1.8, Dual Pixel AF, OIS, 2.0μm
Camera Tele: 10 MP, F2.4, PDAF, OIS, 1.0μm, zoom 3X, zoom kỹ thuật số 30X","1 nhân 3.36 GHz, 4 nhân 2.8 GHz & 3 nhân 2 GHz",,,2176x1812,,7.6,"Mới, đầy đủ phụ kiện từ nhà sản xuất",,,"Galaxy AI tiện ích - Khoanh vùng search đa năng, là trợ lý chỉnh ảnh, trợ lý note thông minh, phiên dịch trực tiếp
Thiết kế tinh tế với nếp gấp vô hình - Cải tiến nếp gấp thẩm mĩ hơn và gập không kẽ hở
Bền bỉ bất chấp mọi tình huống - Đạt chuẩn kháng bụi và nước IPX8 cùng chất liệu nhôm Armor Aluminum giúp hạn chế cong và xước
Mở ra không gian giải trí cực đại với màn hình trong 7.6"""" cùng bản lề Flex dẫn đầu công nghệ
Thoải mái sáng tạo mọi lúc - Bút Spen tiện dụng giúp bạn phác hoạ và ghi chép không cần đến sổ tay
Hiệu năng cân mọi tác vụ - Snapdragon® 8 Gen 2 for Galaxy xử lí mượt mà, đa nhiệm mượt mà",CellphoneS,,,,,,,,,
https://cellphones.com.vn/poco-x5.html,POCO X5 5G 6GB 128GB - Chỉ có tại CellphoneS,Chuẩn NFC,4490000,Giảm 31%,,,"Camera góc rộng: 13MP, f/2.5","Camera góc rộng: 48MP, f/1.8, PDAF
Camera góc siêu rộng: 8MP, f/2.2, 118˚
Camera macro: 2MP, f/2.4",2x2.2 GHz Kryo 660 Gold & 6x1.7 GHz Kryo 660 Silver,,,1080x2400,,6.67,"Mới, đầy đủ phụ kiện từ nhà sản xuất",5.0/5,3.0,"Không gian gaming đúng chuẩn - Màn hình lớn 6.67"" AMOLED DotDisplay và 120Hz cho khung hình sắc nét và chuyển động mượt mà
Chiến game dài lâu, không lo thiếu pin - Viên pin dung lượng 5000mAh cho thời gian xem video liên tục đến 21 giờ
Hiệu năng chiến binh mạnh mẽ - Snapdragon® 695 cùng tốc độ 5G giúp bạn thoải mái chiến game và bắt kịp mọi trận đấu
Thiết kế chuẩn gaming - Phong cách độc đáo với 3 phiên bản màu sắc thời thượng phù hợp với bất kể cá tính nào",CellphoneS,,,,,,,,,
https://cellphones.com.vn/dien-thoai-google-pixel-9-pro.html,Google Pixel 9 Pro,Google Pixel,Giá Liên Hệ,,,,"42 MP, ƒ/2.2","Góc rộng 50 MP,ƒ/1.68
Góc siêu rộng 48 MP, f/1.7 với Lấy nét Macro
Ống kính tele 48 MP, f/2.8, 5x",,,,,,6.3,"Mới, đầy đủ phụ kiện từ nhà sản xuất",,,"Camera chính 50MP, camera tele 5x zoom quang, và camera siêu rộng 48MP, hỗ trợ AI xử lý hình ảnh chuyên nghiệp.
Chip Tensor G4 mạnh mẽ – Hiệu năng cải thiện, tối ưu AI và xử lý hình ảnh nhanh hơn, tiết kiệm pin.
Màn hình LTPO OLED 120Hz – Kích thước lớn 6.3 inch, độ phân giải cao, màu sắc sống động và mượt mà.
Thiết kế sang trọng & bền bỉ – Khung viền titan cao cấp, mặt lưng kính, chuẩn chống nước IP68.",CellphoneS,,,,,,,,,
https://cellphones.com.vn/vivo-v29e.html,vivo V29E 8GB 256GB,,7990000,Giảm 11%,,,,,,,,,,,,,,,CellphoneS,,,,,,,,,
https://cellphones.com.vn/realme-c51.html,realme C51 4GB 128GB,realme,2390000,Giảm 32%,,,"5M, f/2.22",Chính 50 MP & Phụ 0.3 MP,"12nm process, Octa-core, Up to 1.82GHz",,,720x1600,,6.74,"Mới, đầy đủ phụ kiện từ nhà sản xuất",4.7/5,16.0,"Năng lượng bất chấp ngày dài - Pin 5000mAh cùng sạc nhanh SUPERVOOC 33W
Đa nhiệm nhanh mượt - RAM Mở Rộng 4+4 GB cùng bộ nhớ 128GB ROM
Chụp ảnh chuyên nghiệp luôn dễ dàng - Camera AI 50MP cùng nhiều hiệu ứng xử lí thú vị
Thiết kế tinh tế và bắt mắt thu hút mọi ánh nhìn",CellphoneS,,,,,,,,,
https://cellphones.com.vn/nokia-8210-4g.html,Nokia 8210 4G 128MB,Nokia,1570000,Giảm 1%,,,,"0,3 MP",1.0 GHz Cortex-A7,,,240x320,,2.8,"Mới, đầy đủ phụ kiện từ nhà sản xuất",5.0/5,4.0,"Nhỏ gọn, tinh tế đến từng chi tiết - Mặt lưng và khung máy được hoàn thiện từ nhựa Polycarbonate, có các màu sắc trẻ trung
Màn hình hiển thị to rõ - Với kích thước 2.8"" cùng độ phân giải QVGA (240 x 320 pixels) đem lại chất lượng hiển thị rõ nét
Kết nối cả ngày dài - Viên pin 1450 mAh, hỗ trợ 2 sim 2 sóng
Lưu trữ lớn hơn - Hỗ trợ mở rộng bộ nhớ lên đến 32 GB",CellphoneS,,,,,,,,,
https://cellphones.com.vn/masstel-izi-15.html,Masstel Izi 15 4G,Masstel,450000,,,,,,,,,,,1.77,"Mới, đầy đủ phụ kiện từ nhà sản xuất",0/5,0.0,"Kiểu dáng nhỏ nhắn, thân thiện và cơ động, dễ mang theo và dễ thao tác bằng một tay.
Các chữ số và ký tự được làm với kích cỡ lớn, dễ nhìn, thân thiện với mọi đối tượng người dùng.
Đèn pin siêu sáng có nút kích hoạt nhanh nhanh thông qua phím giữa trên thân máy.
Hỗ trợ kết nối mạng 4G thế hệ mới.
Pin 1.000 mAh có thể kéo dài thời lượng trải nghiệm lên tới nhiều ngày không cần sạc.",CellphoneS,,,,,,,,,
https://cellphones.com.vn/xiaomi-redmi-note-11s.html,Xiaomi Redmi Note 11S,Xiaomi,4990000,Giảm 25%,,,"16MP, f/2.4","Camera góc rộng: 108MP, f/1.9
Camera góc siêu rộng: 8MP f/2.2, FOV 118°
Camera macro: 2MP, f/2.4 < Camera chân dung: 2MP, f/2.4","Octa-core CPU, up to 2.05GHz",,,1080x2400,,6.43,"Mới, đầy đủ phụ kiện từ nhà sản xuất",4.8/5,16.0,"Thiết kế tinh tế, cuốn hút - Mỏng nhẹ thời trang, nhỏ gọn trong tay
Trọn vẹn từng khung hình - Màn hình 6.43"" FHD+ AMOLED DotDisplay, 90Hz
Chụp ảnh chuyên nghiệp - Cụm 4 camera sau 108MP, hỗ trợ đa dạng chế độ chụp
Pin siêu lớn cùng khả năng sạc siêu tốc - Viên pin 5000mAh, sạc nhanh 33W",CellphoneS,,,,,,,,,
https://cellphones.com.vn/google-pixel-8-pro.html,Google Pixel 8 Pro,Tin đồn - Mới ra,Giá Liên Hệ,,,,"10,5 MP","Camera chính độ phân giải: 50MP, f/1.7, 25mm, công nghệ gộp điểm ảnh, PDAF, lấy nét laze nhiều vùng, chống rung OIS
Camera tele: 48MP, f/2.8, công nghệ dual pixel PDAF, hỗ trợ chống rung OIS, zoom quang 5x",,,,,,6.7,"Mới, đầy đủ phụ kiện từ nhà sản xuất",,,,CellphoneS,,,,,,,,,
https://cellphones.com.vn/tecno-spark-20c.html,TECNO SPARK 20C 4GB 128GB,Tecno,2300000,Giảm 14%,,,"8MP, f/2.0","50MP, f/1.8",,,,720x1612,,6.6,"Mới, đầy đủ phụ kiện từ nhà sản xuất",5.0/5,3.0,"Hiệu suất ổn định cho lại khả năng xử lý tốt trong tầm giá với chip Octa-Core.
Pin trâu 5000 mAh cùng sạc công suất 18W thoải mái sử dụng suốt ngày dài.
Màn hình LCD 6.6 inch cùng tấm nền LCD, tần số quét 90Hz đem lại những thước phim mượt mà.
Thiết kế sang trọng cùng góc cạnh bo cong hỗ trợ mang lại trải nghiệm cầm nắm thoải mái.",CellphoneS,,,,,,,,,
https://cellphones.com.vn/honor-magic-5-pro.html,Honor Magic 5 Pro,Hãng khác,Giá Liên Hệ,,,,12.5 MP,"Camera chính: 50 MP, f/1.6
Camera tele: 50 MP, f/2.0
Camera góc siêu rộng: 50 MP, f/3.0
Camera selfie: 12 MP, f/2.4",,,,1312x2848,,6.8,"Mới, đầy đủ phụ kiện từ nhà sản xuất",,,,CellphoneS,,,,,,,,,
https://cellphones.com.vn/xiaomi-redmi-k70.html,Xiaomi Redmi K70,Tin đồn - Mới ra,Giá Liên Hệ,,,,"Camera góc rộng: 16 MP, f/2.5, HDR","Camera góc rộng: 64 MP, f/1.8, PDAF, OIS
Camera góc siêu rộng: 8 MP, f/2.2, 120˚
Camera macro: 2 MP, f/2.4",8 nhân (1x3.2 GHz & 2x2.8 GHz & 2x2.8 GHz & 3x2.0 GHz),,,1440x3200,,6.67,"Mới, đầy đủ phụ kiện từ nhà sản xuất",,,,CellphoneS,,,,,,,,,
https://cellphones.com.vn/xiaomi-redmi-12c.html,Xiaomi Redmi 12C 4GB 64GB,Xiaomi,2190000,Giảm 39%,,,5 MP,"Camera góc rộng: 50MP, PDAF
Camera đo độ sâu: 0.08MP",2x2.0 GHz Cortex-A75 & 6x1.8 GHz Cortex-A55,,,720x1650,,6.71,"Mới, đầy đủ phụ kiện từ nhà sản xuất",4.9/5,25.0,"Ổn định hiệu năng - Chip MediaTek Helio G85 mạnh mẽ xử lí tốt các tác vụ thường ngày
Sử dụng đa nhiệm nhiều ứng dụng, thao tác cùng lúc tốt hơn - Hỗ trợ bộ nhớ mở rộng
Giải trí thả ga - Màn hình 6.71"" HD+ cho khung hình rõ nét
Ảnh sắc nét với chế độ chụp đêm - Camera kép AI 50MP
",CellphoneS,,,,,,,,,
https://cellphones.com.vn/dien-thoai-honor-magic-6-pro.html,Honor Magic 6 Pro,,Giá Liên Hệ,,,,,,,,,,,,,,,,CellphoneS,,,,,,,,,
https://cellphones.com.vn/vivo-y36-256gb.html,vivo Y36 8GB 256GB,vivo,5390000,Giảm 13%,,,"16 MP, f/2.45","50 MP, f/1.8
2 MP, f/2.4",4 nhân 2.4 GHz & 4 nhân 1.9 GHz,,,1080x2388,,6.64,Bảo hành 12 tháng tại trung tâm bảo hành Chính hãng. 1 đổi 1 trong 30 ngày nếu có lỗi phần cứng từ nhà sản xuất. (xem chi tiết),,,"Vẻ ngoài đơn giản tạo nên sức hút - Thiết kế thời thượng so với màn hình giọt nước trước đó.
Màn hình Full HD+ - Hình ảnh hiển thị sắc nét, giúp bạn chiêm ngưỡng những bộ phim, chơi game tốt hơn.
Snapdragon 680 cùng pin 5000 mAh - Đủ sức sử dụng các tác vụ như lướt web, xem phim hay chơi game cấu hình tầm trung.
Pin trâu cho thời gian dùng lâu - dung lười dùng sử dụng thoải mái cả một ngày dài.",CellphoneS,,,,,,,,,
https://cellphones.com.vn/asus-rog-phone-5s.html,ASUS ROG Phone 5S 16GB 256GB,Điện thoại cấu hình cao,17690000,Giảm 16%,,,"24 MP, f/2.5","Camera chính: 64 MP, f/1.8, PDAF
Camera góc siêu rộng: 13 MP, f/2.4
Camera macro: 5 MP, f/2.0",1x2.99 GHz Kryo 680 & 3x2.42 GHz Kryo 680 & 4x1.80 GHz Kryo 680,,,1080x2448,,6.78,"Mới, đầy đủ phụ kiện từ nhà sản xuất",5.0/5,7.0,"Cấu hình khủng long, chiến mọi tựa game - Chip Snapdragon 888+ cực mạnh, hỗ trợ 5G
Màn hình cực mượt, hiển thị sắc nét - Màn hình AMOLED lớn 6.78"", 144Hz, HDR10
Pin khủng, sủ dụng cực lâu - Viên pin lớn 6000mAh, sạc nhanh 65W
Bắt trọn mọi khoảnh khắc - Cụm 3 camera sau lên đến 64MP, hỗ trợ quay phim 8K cực đỉnh",CellphoneS,,,,,,,,,
https://cellphones.com.vn/dien-thoai-oppo-find-x8-ultra.html,OPPO Find X8 Ultra,Tin đồn - Mới ra,Giá Liên Hệ,,,,,,,,,,,,"Mới, đầy đủ phụ kiện từ nhà sản xuất",,,,CellphoneS,,,,,,,,,
https://cellphones.com.vn/dien-thoai-xiaomi-15-pro.html,Xiaomi 15 Pro,Tin đồn - Mới ra,Giá Liên Hệ,,,,,,,,,,,6.73,"Mới, đầy đủ phụ kiện từ nhà sản xuất",,,"Xiaomi 15 Pro với chip Snapdragon 8 Elite, màn hình 120Hz - Hiệu năng đỉnh cao, trải nghiệm siêu mượt.
Camera 50MP Sony LYT900, màn hình 6.73 inch - Nhiếp ảnh chuyên nghiệp, giải trí sống động.
Pin 6100mAh, sạc không dây 50W - Dùng cả ngày, nạp pin siêu tốc.
Xiaomi mi 15 Pro - Đỉnh cao hiệu năng, camera, màn hình, pin trong một thiết bị.",CellphoneS,,,,,,,,,
https://cellphones.com.vn/xiaomi-13-ultra.html,Xiaomi 13 Ultra,Tin đồn - Mới ra,Giá Liên Hệ,,,,"Camera góc rộng: 32 MP, f/2.0, 22mm, 0.7µm","Camera góc rộng: 50.38MP, f/1.9 hoặc f/4.0, 23mm, Laser AF, OIS
Kính tiềm vọng Tele: 50MP, f/3.0, 120mm, 1/2.51"", Dual-Pixel PDAF, OIS
Camera chụp xa: 50MP, f/1.8, Dual-Pixel PDAF, OIS, 3.2x optical zoom
Camera góc siêu rộng: 50MP, f/1.8, 1",1x3.2 GHz Cortex-X3 & 2x2.8 GHz Cortex-A715 & 2x2.8 GHz Cortex-A710 & 3x2.0 GHz Cortex-A510,,,1080x2400,,6.73,"Mới, đầy đủ phụ kiện từ nhà sản xuất",,,"Hiệu năng cực đỉnh nhờ vào bộ vi xử lý cao cấp hàng đầu Snapdragon 8 Gen 2 và RAM 12 GB
Hệ thống ống kính chất lượng đến từ Leica cho khả năng nhiếp ảnh, quay phim đầy nghệ thuật
Chiêm ngưỡng không gian hiển thị tuyệt đẹp với độ phân giải đến 2K cùng tần số quét 120 Hz
Trang bị viên pin dung lượng khủng 5.000 mAh tích hợp công nghệ sạc siêu nhanh đến 90 W",CellphoneS,,,,,,,,,
https://cellphones.com.vn/iphone-14-pro-max-512gb.html,iPhone 14 Pro Max 512GB | Chính hãng VN/A,Apple,35390000,Giảm 9%,,,"Camera selfie: 12 MP, f/1.9, 23mm, PDAF","Camera chính: 48 MP, f/1.8, 24mm, OIS
Camera góc siêu rộng: 12 MP, f/2.2, 13mm, 120˚
Camera tele: 12 MP, f/2.8, 77mm, OIS, 3x optical zoom",3.46 GHz,,,2796x1290,,6.7,"Máy mới 100% , chính hãng Apple Việt Nam.
CellphoneS hiện là đại lý bán lẻ uỷ quyền iPhone chính hãng VN/A của Apple Việt Nam",5.0/5,4.0,"Màn hình Dynamic Island - Sự biến mất của màn hình tai thỏ thay thế bằng thiết kế viên thuốc, OLED 6,7 inch, hỗ trợ always-on display
Cấu hình iPhone 14 Pro Max mạnh mẽ, hiệu năng cực khủng từ chipset A16 Bionic
Làm chủ công nghệ nhiếp ảnh - Camera sau 48MP, cảm biến TOF sống động
Pin liền lithium-ion kết hợp cùng công nghệ sạc nhanh cải tiến",CellphoneS,,,,,,,,,
https://cellphones.com.vn/zte-blade-v50-design-8gb-256gb.html,ZTE Blade V50 Design 8GB 256GB,ZTE,2990000,Giảm 9%,,,"8MP, f/2.0","50MP, ƒ/1.8, AF
2M, ƒ/2.4, FF
2Mp, ƒ/2.4",2*Cortex-A75 @ 1.6GHz + 6*Cortex-A55 @1.6GHz,,,1080x2408,,6.6,"Mới, đầy đủ phụ kiện từ nhà sản xuất",4.9/5,28.0,"Hiệu năng vượt trội với chip Unisoc T606 - Giúp bạn xử lý các tác vụ mượt mà không cần phải lo lắng có bị giật, lag.
Cụm camera được cải tiến giúp quay video và chụp ra những bức ảnh hài hòa, sống động hơn.
Dung lượng ấn tượng lên đến 5000 mAh cùng sạc nhanh 22.5W - Thoải mái sử dụng trong nhiều giờ đồng hồ.
Hỗ trợ cổng sạc Type C giúp sạc đầy thiết bị một cách nhanh chóng, tiết kiệm thời gian, truyền tải dữ liệu đón đầu xu hướng tương lai.",CellphoneS,,,,,,,,,
https://cellphones.com.vn/xiaomi-poco-m5.html,Xiaomi POCO M5 (6GB 128GB),POCO,2990000,Giảm 36%,,,"Camera góc rộng: 5 MP, f/2.2, 1 / 5.0 "", 1.12µm","Camera góc rộng: 50 MP, f/1.8, PDAF
Camera macro: 2 MP, f/2.4
Camera góc sâu: 2 MP, f/2.4","2x2,2 GHz Cortex-A76 & 6x2,0 GHz Cortex-A55",,,1080x2408,,6.58,"Mới, đầy đủ phụ kiện từ nhà sản xuất",,,"Hiệu năng bượt trội - Bộ vi xử lý Helio G99 đầy mạnh mẽ, RAM 6GB giúp máy ổn định chiến game
Sắc nét đến từng chi tiết - Màn hình 6.58 inch Full HD+ hỗ trợ 90 Hz mượt mà
Kiến tạo những thước phim sống động - Bộ ba camera AI độ phân giải lên đến 50 MP
Năng lượng vượt trội, chiến game cả ngày - Dung lượng 5000 mAh cùng khả năng sạc nhanh 18 W",CellphoneS,,,,,,,,,
https://cellphones.com.vn/oppo-a98.html,OPPO A98 5G,,5790000,,,,,,,,,,,,,,,,CellphoneS,,,,,,,,,
https://cellphones.com.vn/xiaomi-redmi-k70-pro.html,Xiaomi Redmi K70 Pro,Tin đồn - Mới ra,Giá Liên Hệ,,,,,,,,,,,,"Mới, đầy đủ phụ kiện từ nhà sản xuất",,,,CellphoneS,,,,,,,,,
https://cellphones.com.vn/dien-thoai-infinix-hot-50-pro.html,Infinix Hot 50 Pro 8GB 256GB,Chuẩn NFC,Giá Liên Hệ,,,,8MP,50MP + 2MP,,,,1080x2460,,6.78,"Mới, đầy đủ phụ kiện từ nhà sản xuất",5.0/5,4.0,"Infinix Hot 50 được trang bị RAM 8GB, đảm bảo khả năng đa nhiệm mượt mà, chạy ứng dụng nặng ổn định mà không giật lag.
Camera chính 50MP tích hợp AI mang lại những bức ảnh chi tiết, màu sắc ấn tượng trong mọi điều kiện ánh sáng.
Màn hình rộng 6.78 inch cho trải nghiệm giải trí, xem phim và chơi game sắc nét, chân thực.
Viên pin 5000mAh cùng sạc nhanh 18W - Giúp bạn sử dụng thoải mái cả ngày dài. ",CellphoneS,,,,,,,,,
https://cellphones.com.vn/asus-rog-phone-8-pro.html,Asus Rog phone 8 pro,Tin đồn - Mới ra,Giá Liên Hệ,,,,,,,,,,,,"Mới, đầy đủ phụ kiện từ nhà sản xuất",,,,CellphoneS,,,,,,,,,
https://cellphones.com.vn/dien-thoai-benco-v91.html,BENCO V91 4GB 128GB,Benco,2690000,,,,8MP,13MP,,,,720x1640,,6.56,"Mới, đầy đủ phụ kiện từ nhà sản xuất",5.0/5,1.0,"Màn hình 6.56"", độ phân giải cao, tần số quét 90Hz cho hình ảnh sống động, mượt mà.
Camera sau 13MP, trước 8MP chụp ảnh sắc nét, selfie đẹp.
Hiệu năng Chip Unisoc T606, 4GB RAM, đa nhiệm mượt mà, lưu trữ 128GB + mở rộng 4GB.
Pin 5000mAh dung lượng lớn, sạc nhanh 18W, cổng USB Type-C tiện lợi.",CellphoneS,,,,,,,,,
https://cellphones.com.vn/sharp-aquos-r8.html,Sharp Aquos R8,Sharp,Giá Liên Hệ,,,,8MP,Camera siêu rộng: 13MP,,,,1080x2340,,6.6,"Mới, đầy đủ phụ kiện từ nhà sản xuất",,,,CellphoneS,,,,,,,,,
https://cellphones.com.vn/dien-thoai-realme-c51-6gb-256gb.html,realme C51 6GB 256GB,realme,3390000,Giảm 24%,,,"5M, f/2.22",Chính 50 MP & Phụ 0.3 MP,"12nm process, Octa-core, Up to 1.82GHz",,,720x1600,,6.74,"Mới, đầy đủ phụ kiện từ nhà sản xuất",5.0/5,2.0,"Hiệu năng mạnh mẽ, khả năng xử lý nhanh chóng nhờ vi xử lý Tiger Unisoc T612.
Thiết kế năng động, cá tính không kém phần thời thượng
Màn hình FullHD với kích thước 6.74 inch - Cho trải nghiệm hình ảnh sắc nét và chi tiết.
Năng lượng bất chấp ngày dài - Pin 5000mAh cùng sạc nhanh SUPERVOOC 33W.",CellphoneS,,,,,,,,,
https://cellphones.com.vn/dien-thoai-oppo-a3x.html,OPPO A3X,Tin đồn - Mới ra,3990000,,,,"5MP; f/2.2,",8MP; f/2; FOV 78°,8 nhân,,,720x1604,,6.67,"Mới, đầy đủ phụ kiện từ nhà sản xuất",,,"Thoả thích tạo dáng khiến mọi giây phút ấn tượng hơn với camera 8MP trên OPPO A 3 X
Vượt qua hàng loạt bài kiểm tra về độ bền đạt tiêu chuẩn quân đội, sẵn sàng cho mọi thách thức chống rơi giảm sốc.
Màn hình điện thoại OPPO A3X luôn sắc nét với tân số quét 90Hz.
Thoải mái lướt điện thoại dù tay bạn đổ mồ hôi hay mưa rơi lên màn hình, với công nghệ cảm ứng kháng nước",CellphoneS,,,,,,,,,
https://cellphones.com.vn/honor-x6.html,Honor X6,Hãng khác,Giá Liên Hệ,,,,"Camera góc rộng: 5 MP, f/2.0","Camera góc rộng: 50 MP, f/1.8, PDAF
Camera macro: 2 MP, f/2.4
Camera độ sâu: 2 MP, f/2.4",,,,720x1600,,6.5,"Mới, đầy đủ phụ kiện từ nhà sản xuất",,,,CellphoneS,,,,,,,,,
https://cellphones.com.vn/dien-thoai-vivo-qioo-z9.html,vivo iQOO Z9,Tin đồn - Mới ra,Giá Liên Hệ,,,,16MP,"Cảm biến chính 50MP
Máy ảnh độ sâu 2MP",,,,,,6.78,"Mới, đầy đủ phụ kiện từ nhà sản xuất",,,"vivo iQOO Z9 sở hữu viên pin 6000 mAh, dung lượng lớn hơn so với các sản phẩm trước, cho thời gian sử dụng lâu dài hơn.
Snapdragon 7 Gen 3 - Mang đến hiệu năng vượt trội để xử lý đa nhiệm, chơi game và các tác vụ nặng khác một cách mượt mà.
Dung lượng RAM lên tới 12GB và bộ nhớ trong lên tới 512GB cho khả năng lưu trữ thoải mái.
Màn hình nâng cấp cho trải nghiệm hình ảnh mượt mà hơn với tần số quét cao hơn so với các sản phẩm trước.",CellphoneS,,,,,,,,,
https://cellphones.com.vn/dien-thoai-google-pixel-9.html,Google Pixel 9,Google Pixel,Giá Liên Hệ,,,,"10.5 MP, f/2.2","Camera góc rộng: 50MP, f/1.68
Camera macro: 48 MP, f/1.7",,,,1080x2412,,6.3,"Mới, đầy đủ phụ kiện từ nhà sản xuất",,,"Camera AI Đỉnh Cao – Cải tiến thuật toán xử lý hình ảnh, chụp ảnh sắc nét ngay cả trong điều kiện thiếu sáng.
Chip Tensor G4 Mạnh Mẽ – Hiệu năng cao, tối ưu AI, tiết kiệm pin và hỗ trợ cập nhật lâu dài.
Màn Hình LTPO OLED 120Hz – Hiển thị mượt mà, màu sắc rực rỡ, tiết kiệm năng lượng.
Trải Nghiệm Android Gốc – Nhận cập nhật nhanh nhất, tối ưu phần mềm trực tiếp từ Google.",CellphoneS,,,,,,,,,
https://cellphones.com.vn/vivo-v23e.html,vivo V23e,vivo,5490000,Giảm 35%,,,"50MP AF, f/2.0","Camera chính: 64MP AF
Camera góc siêu rộng: 8MP, f/2.2
Camera siêu cận: 2MP, f/2.4",Octa-Core,,,1080x2400,,6.44,"Mới, đầy đủ phụ kiện từ nhà sản xuất",5.0/5,1.0,"Hiển thị chân thực, sống động - Màn hình 6.44"" AMOLED FullHD
Hiệu năng mạnh mẽ vượt trội - Chip MediaTek Helio G96, RAM mở rộng đến 12GB, Android 11 mượt mà
Làm chủ mọi khung hình - Cụm 3 camera sau lên đến 64MP, camera selfie 50MP
Thiết kế mỏng nhẹ, sang trọng - Mỏng chỉ 7.36mm, nhẹ chỉ 172g, mặt lưng chống bám vân tay",CellphoneS,,,,,,,,,
https://cellphones.com.vn/dien-thoai-honor-200-pro.html,Honor 200 Pro,Honor,Giá Liên Hệ,,,,50MP,"50MP, f/1.9 và hỗ trợ chống rung quang học (OIS)
Camera telephoto 50MP với khả năng zoom quang học 2.5x, khẩu độ f/2.4 và hỗ trợ OIS
12MP",,,,,,6.7,"Mới, đầy đủ phụ kiện từ nhà sản xuất",5.0/5,1.0,"Trải nghiệm hình ảnh sống động, mượt mà và sắc nét hơn bao giờ hết với màn hình OLED
6.7 
inch 120Hz.
Snapdragon 8s Gen 3 cho khả năng xử lý đa nhiệm mượt mà, chơi game cấu hình cao nhất và làm việc đồ họa chuyên nghiệp nặng nhất.
Honor 200 Pro có pin siêu khủng 5200mAh hỗ trợ sạc nhanh 100W - Sử dụng thoải mái cả ngày dài.
Honor 200 Pro sở hữu thiết kế sang trọng, đẳng cấp với khung viền kim loại chắc chắn, tạo cảm giác cầm nắm thoải mái và tinh tế.",CellphoneS,,,,,,,,,
https://cellphones.com.vn/dien-thoai-honor-x9b.html,Honor X9B,Hãng khác,Giá Liên Hệ,,,,"16.0 MP, ƒ/2.45","Camera chính: 108.0 MP, ƒ/1.75
Camera góc rộng: 5.0 MP, ƒ/2.2
Camera góc siêu rộng: 2.0 MP, ƒ/2.4",4 x A78 2.2 GHz + 4 x A55 1.8 GHz,,,2652x1200,,6.78,"Mới, đầy đủ phụ kiện từ nhà sản xuất",,,,CellphoneS,,,,,,,,,
https://cellphones.com.vn/xiaomi-poco-f4.html,Xiaomi POCO F4,,5890000,Giảm 34%,,,,,,,,,,,,,,"Hiển thị sắc nét, cảm ứng mượt mà - Màn hình AMOLED 6,67 inch, FHD+ và tần số quét 120Hz
Bộ xử lí mạnh mẽ, cân mọi tựa game - Chip Snapdragon 870 5G, 6GB RAM
Năng lượng bất tận, làm chủ cuộc chơi - Viên pin 4500 mAh, sạc nhanh 67W
Bộ camera ấn tượng với camera chính lên đến 64MP, cùng đa dạng chế độ chụp",CellphoneS,,,,,,,,,
https://cellphones.com.vn/realme-c55-8gb-256gb.html,realme C55 8GB 256GB,realme,3690000,Giảm 38%,,,"8 MP, f/2.0","Camera chính 64 MP
Camera phụ 2 MP","Lõi tám nhân, 12nm, A75 2.0GHz, A55 1.8GHz",,,1080x2400,,6.72,"Mới, đầy đủ phụ kiện từ nhà sản xuất",5.0/5,12.0,"Kiểu dáng hiện đại với các cạnh viền vuông vức và camera được bố trí độc đáo
Thoả mãn niềm đam mê nhiếp ảnh với camera sau có độ phân giải lên đến 64MP
Dung lượng pin 5.000 mAh kèm sạc nhanh 33W giúp tiết kiệm thời gian sạc pin
RAM 8GB giúp xử lý tốt đa tác vụ cùng ROM 256GB cho không gian lưu trữ lớn",CellphoneS,,,,,,,,,
https://cellphones.com.vn/realme-11.html,realme 11 8GB 128GB,Realme,4590000,Giảm 38%,,,16MP,Chính Prolight 108MP + Chân dung 2MP,"Lõi tám nhân, 2*A76 2.2 GHz，6*A55 2.0 GHz",,,1080x2400,,6.4,"Mới, đầy đủ phụ kiện từ nhà sản xuất",5.0/5,10.0,"Nâng cao trải nghiệm với màn hình Super AMOLED - Màu sắc rực rỡ và độ tương phản cao, hình ảnh sắc nét và chi tiết.
Trang bị camera Prolight 108MP và nhiều tính năng quay chụp - Tạo ra những bức ảnh sắc nét và chân thực nhờ độ phân giải cao.
Sử dụng chip MediaTek Helio G99 - Mang lại hiệu suất cao và khả năng xử lý mượt mà.
Dung lượng pin lớn 5000 mAh - Sử dụng thoải mái trong thời gian dài mà không lo hết pin",CellphoneS,,,,,,,,,
https://cellphones.com.vn/dien-thoai-oppo-a60.html,OPPO A60,Tin đồn - Mới ra,5050000,,,,8 MP,Chính 50 MP & Phụ 2 MP,2.4 GHz,,,,,6.67,"Mới, đầy đủ phụ kiện từ nhà sản xuất",,,"Trải nghiệm hình ảnh rộng rãi và thoải mái cho bạn xem phim, chơi game và đọc sách thoải mái hơn.
Lưu trữ thoải mái với bộ nhớ lớn 8GB RAM + 128GB ROM, cho bạn đa nhiệm mượt mà và lưu trữ nhiều ứng dụng, hình ảnh và video mà không lo đầy bộ nhớ.
Chụp ảnh đẹp, rõ ràng và ấn tượng với camera sau 50 MP - Cho bạn ghi lại những khoảnh khắc đẹp trong cuộc sống.
Sử dụng thoải mái cả ngày dài với pin dung lượng lớn 5000mAh, cho bạn sử dụng điện thoại liên tục mà không lo hết pin.",CellphoneS,,,,,,,,,
https://cellphones.com.vn/zte-blade-v50-design.html,ZTE Blade V50 Design 8GB 128GB,ZTE,2790000,Giảm 7%,,,"8MP, f/2.0","50MP, ƒ/1.8, AF
2M, ƒ/2.4, FF
2Mp, ƒ/2.4",2*Cortex-A75 @ 1.6GHz + 6*Cortex-A55 @1.6GHz,,,1080x2408,,6.6,"Mới, đầy đủ phụ kiện từ nhà sản xuất",4.8/5,22.0,"Hiệu năng vượt trội với chip Unisoc T606 - Giúp bạn xử lý các tác vụ mượt mà không cần phải lo lắng có bị giật, lag.
Cụm camera được cải tiến giúp quay video và chụp ra những bức ảnh hài hòa, sống động hơn.
Dung lượng ấn tượng lên đến 5000 mAh cùng sạc nhanh 22.5W - Thoải mái sử dụng trong nhiều giờ đồng hồ.
Hỗ trợ cổng sạc Type C giúp sạc đầy thiết bị một cách nhanh chóng, tiết kiệm thời gian, truyền tải dữ liệu đón đầu xu hướng tương lai.",CellphoneS,,,,,,,,,
https://cellphones.com.vn/dien-thoai-samsung-galaxy-m15-5g.html,Samsung Galaxy M15 5G,Samsung,5890000,,,,"13 MP, f/2.0","Chính 50 MP & Phụ 5 MP, 2 MP",2 nhân 2.2 GHz & 6 nhân 2.0 GHz,,,1080x2340,,6.5,"Mới, đầy đủ phụ kiện từ nhà sản xuất",,,"Màn hình siêu nét với công nghệ Super AMOLED với khả năng hiển thị màu đen sâu, mang lại trải nghiệm hiển thị sống động và chân thực.
Thiết kế để vừa vặn trong lòng bàn tay, mang lại cảm giác nhẹ nhàng và thoải mái cho người dùng mỗi khi thao tác.
Thực hiện các thao tác tùy chỉnh chỉ trong một cú chạm với cảm biến vân tay được đặt một cách khéo léo ở cạnh bên của thiết bị.
Hiệu năng ổn định và mạnh mẽ nhờ trang bị chip Dimensity 6100+ cho trải nghiệm mượt mà.",CellphoneS,,,,,,,,,
https://cellphones.com.vn/nothing-phone-2.html,Nothing Phone 2,Chuẩn NFC,Giá Liên Hệ,,,,16 MP,"Camera góc rộng: 108 MP, f/1.9, 24mm, PDAF, OIS
Camera góc siêu rộng: 20 MP, f/2.2, 114˚
Camera macro: 2 MP f/2.2",1x3.2 GHz & 2x2.8 GHz & 2x2.8 GHz & 3x2.0 GHz,,,1080x2400,,6.55,"Mới, đầy đủ phụ kiện từ nhà sản xuất",,,,CellphoneS,,,,,,,,,
https://cellphones.com.vn/realme-c55.html,realme C55 6GB 128GB,realme,3480000,Giảm 30%,,,"8 MP, f/2.0","Camera chính 64 MP
Camera phụ 2 MP","Lõi tám nhân, 12nm, A75 2.0GHz, A55 1.8GHz",,,1080x2400,,6.72,"Mới, đầy đủ phụ kiện từ nhà sản xuất",4.9/5,22.0,"Kiểu dáng hiện đại với các cạnh viền vuông vức và camera được bố trí độc đáo
Thoả mãn niềm đam mê nhiếp ảnh với camera sau có độ phân giải lên đến 64MP
Dung lượng pin 5.000 mAh kèm sạc nhanh 33W giúp tiết kiệm thời gian sạc pin
RAM 6GB giúp xử lý tốt đa tác vụ cùng ROM 128GB cho không gian lưu trữ lớn",CellphoneS,,,,,,,,,
https://cellphones.com.vn/xiaomi-black-shark-5.html,Xiaomi Black Shark 5,,Giá Liên Hệ,,,,Camera góc rộng: 16 MP,"Camera góc rộng: 64 MP, f/1.8, PDAF
Camera góc cực rộng: 13 MP, f/2.4, 120˚
Camera macro: 2 MP, f/2.4","1x3,2 GHz Kryo 585 & 3x2,42 GHz Kryo 585 & 4x1.80 GHz Kryo 585",,,1080x2400,,6.66,"Mới, đầy đủ phụ kiện từ nhà sản xuất",5.0/5,1.0,,CellphoneS,,,,,,,,,
https://cellphones.com.vn/dien-thoai-honor-magic-v3.html,Honor Magic V3,Hãng khác,Giá Liên Hệ,,,,,"Camera chính: 50MP
Camera telephoto: 50MP
Camera góc siêu rộng: 40MP",,,,,,792.0,"Mới, đầy đủ phụ kiện từ nhà sản xuất",,,"Honor Magic V3 sở hữu thiết kế siêu mỏng chỉ 9.3mm khi gập lại, mang đến sự đẳng cấp và tiện lợi vượt trội cho người dùng.
Trang bị màn hình AMOLED 7.92 inch siêu lớn, mang lại trải nghiệm hình ảnh sắc nét, mượt mà.
Chip Qualcomm Snapdragon 8 mạnh mẽ, cùng RAM lớn và bộ nhớ trong siêu nhanh, đáp ứng mọi tác vụ từ công việc đến giải trí.
Pin dung lượng 5150mAh kết hợp công nghệ sạc nhanh 66W, đảm bảo sử dụng bền bỉ và sạc đầy trong thời gian ngắn.",CellphoneS,,,,,,,,,
https://cellphones.com.vn/xiaomi-redmi-note-11-pro-5g.html,Xiaomi Redmi Note 11 Pro 5G,Xiaomi,5590000,Giảm 38%,,,"16MP, f/2.4","Camera chính: 108MP, f/1.9
Camera góc siêu rộng: 8MP, f/2.2 FOV 118°
Camera macro: 2MP, f/2.4","Octa-core CPU, up to 2.2GHz",,,1080x2400,,6.67,"Mới, đầy đủ phụ kiện từ nhà sản xuất",4.9/5,7.0,"Hiệu năng ổn định cho mọi tác vụ - Snapdragon® 695 mạnh mẽ đi kèm 8GB RAM
Sống động từng khung hình - Màn hình AMOLED 6.67"", FHD+ đem lại trải nghiệm hình ảnh hoàn hảo
Chụp ảnh chuyên nghiệp - Cụm 3 camera sau lên đến 108MP đi kèm nhiều chế độ chụp tiện ích
Thoải mái sử dụng không lắng lo - Viên pin lớn 5000mAh, sạc nhanh 67W",CellphoneS,,,,,,,,,
https://cellphones.com.vn/dien-thoai-vivo-x100-pro.html,vivo X100 Pro,Tin đồn - Mới ra,Giá Liên Hệ,,,,"Camera góc rộng: 32 MP, f/2.0","Camera góc rộng: 50 MP, f/1.8,, PDAF, Laser AF, OIS
Camera tele kính tiềm vọng: 50 MP, f/2.5, PDAF, OIS, zoom quang 4,3x
Camera góc siêu rộng: 50 MP, f/2.0, 119˚",1x3.25 GHz Cortex-X4 & 3x2.85 GHz Cortex-X4 & 4x2.0 GHz Cortex-A720,,,,,6.78,"Mới, đầy đủ phụ kiện từ nhà sản xuất",,,,CellphoneS,,,,,,,,,
https://cellphones.com.vn/samsung-galaxy-a75.html,Samsung Galaxy A75,Galaxy A,Giá Liên Hệ,,,,32 MP,"Camera chính 108 MP & Phụ 12 MP, 10 MP, 10 MP",,,,1080x2400,,6.4,"Mới, đầy đủ phụ kiện từ nhà sản xuất",,,,CellphoneS,,,,,,,,,
https://cellphones.com.vn/xiaomi-redmi-k60.html,Redmi K60,Tin đồn - Mới ra,Giá Liên Hệ,,,,"Camera góc rộng: 16MP, 1/3.06"", 1.0µm","Camera góc rộng: 64MP, f/1.8, 1/2"", 0,7µm, PDAF, OIS
Camera góc siêu rộng: 8MP, 120˚, 1/4"", 1,12µm
Camera macro: 2MP, f/2.4",1x3.0 GHz Cortex-X2 & 3x2.5 GHz Cortex-A710 & 4x1.80 GHz Cortex-A510,,,1440x3200,,6.66,"Mới, đầy đủ phụ kiện từ nhà sản xuất",,,,CellphoneS,,,,,,,,,
https://cellphones.com.vn/dien-thoai-oppo-find-x8-pro.html,OPPO Find X8 Pro 5G 16GB 512GB,OPPO,Giá Liên Hệ,,,,32 MP,"Camera chính: 50 MP OIS
Camera góc siêu rộng 50 MP
Camera tele kính tiềm vọng 50 MP hỗ trợ zoom quang 3X
Camera tele kính tiềm vọng zoom quang 6X.",,,,,,6.78,"Mới, đầy đủ phụ kiện từ nhà sản xuất",,,,CellphoneS,,,,,,,,,
https://cellphones.com.vn/leitz-phone.html,Leitz Phone 1,Hãng khác,Giá Liên Hệ,,,,"12.6MP, f/2.3","20MP, f/1.9",2.8 GHz + 1.8 GHz,,,,,6.6,"Mới, đầy đủ phụ kiện từ nhà sản xuất",5.0/5,1.0,,CellphoneS,,,,,,,,,
https://cellphones.com.vn/dien-thoai-nothing-phone-3a-pro.html,Nothing Phone 3A Pro,Nothing Phone,Giá Liên Hệ,,,,"50MP, f/2.2, 1/2.76''","50MP, f/1.88, 1/1.56''
8MP, f/2.2, 1/4''
50MP, f/2.55, 1/1.953""",,,,1080x2392,,6.77,"Mới, đầy đủ phụ kiện từ nhà sản xuất",,,"Cụm camera kép 50MP (OIS) + 12MP góc siêu rộng, tích hợp AI giúp chụp ảnh sắc nét, chụp đêm và chân dung vượt trội.
Hiệu năng mượt mà, tiết kiệm pin, đáp ứng tốt mọi nhu cầu từ chơi game đến đa nhiệm hàng ngày.
Màn hình AMOLED 6.77"" 120Hz siêu mượt - Hình ảnh sống động, tốc độ làm tươi cao, giúp trải nghiệm xem phim, lướt web và gaming đều mượt mà.
Pin 5000mAh - Thời lượng pin bền bỉ cả ngày, hỗ trợ sạc nhanh.",CellphoneS,,,,,,,,,
https://cellphones.com.vn/xiaomi-redmi-k60-pro.html,Redmi K60 Pro 5G,Tin đồn - Mới ra,Giá Liên Hệ,,,,"Camera góc rộng: 16 MP, 1/3.06"", 1.0µm","Camera góc rộng: 54MP, f/1.9, 1/1.49"", 1.0µm, PDAF, OIS
Camera góc siêu rộng: 8MP, 118˚, 1/4"", 1.12µm
Camera macro: 2 MP, f/2.4",1x3.2 GHz Cortex-X3 & 2x2.8 GHz Cortex-A715 & 2x2.8 GHz Cortex-A710 & 3x2.0 GHz Cortex-A510,,,1440x3200,,6.66,"Mới, đầy đủ phụ kiện từ nhà sản xuất",4.8/5,4.0,,CellphoneS,,,,,,,,,
https://cellphones.com.vn/xiaomi-redmi-note-12t-pro.html,Xiaomi Redmi Note 12T Pro,Tin đồn - Mới ra,Giá Liên Hệ,,,,16 MP,"Camera góc rộng: 64 MP, f/1.8, 23mm, 1/2"", 0.7µm, PDAF
Camera góc siêu rộng: 8 MP, 120˚
Camera macro: 2 MP",1x3.1 GHz Cortex-A78 & 3x3.0 GHz Cortex-A78 & 4x2.0 GHz Cortex-A55,,,1080x2460,,6.6,"Mới, đầy đủ phụ kiện từ nhà sản xuất",,,,CellphoneS,,,,,,,,,
https://cellphones.com.vn/samsung-galaxy-m52.html,Samsung Galaxy M52 (5G),Samsung,7390000,Giảm 24%,,,"32 MP, F2.2","Camera góc rộng: 64.0 MP, f/1.8
Camera góc siêu rộng:12.0 MP, f/2.2
Camera Macro: 5.0 MP, f/2.4",,,,1080x2400,,6.7,"Mới, đầy đủ phụ kiện từ nhà sản xuất",4.8/5,16.0,"Trải nghiệm tốc độ vượt trội - Hỗ trợ 5G, Snapdragon 778G mạnh mẽ
Hiển thị sống động - Màn hình 6.7"" Super AMOLED, FullHD+
Hệ thống ba camera ấn tượng - Camera chính lên đến 64MP, camera trước 32 MP
Thoải mái sử dụng cả ngày - Viên pin 5000 mAh, sạc nhanh 25W",CellphoneS,,,,,,,,,
https://cellphones.com.vn/honor-magic-5.html,Honor Magic 5,Honor,Giá Liên Hệ,,,,12MP,"Camera chính góc rộng: 54MP, f/1.9
Camera chính góc siêu rộng: 50MP, f/2.0
Camera Telephoto: 32MP, f/2.4, 2.5x Optical Zoom, 50x Digital Zoom, OIS",1×Cortex-X3 3.19GHz+2×Cortex-A715 2.8GHz+2×Cortex-A710 2.8GHz+3×Cortex-A510 2.0GHz,,,,,6.73,"Mới, đầy đủ phụ kiện từ nhà sản xuất",,,,CellphoneS,,,,,,,,,
https://cellphones.com.vn/dien-thoai-samsung-galaxy-s25-fe.html,Samsung Galaxy S25 FE,Tin đồn - Mới ra,Giá Liên Hệ,,,,,,,,,,,,"Mới, đầy đủ phụ kiện từ nhà sản xuất",,,,CellphoneS,,,,,,,,,
https://cellphones.com.vn/xiaomi-redmi-k70e.html,Xiaomi Redmi K70e,Tin đồn - Mới ra,Giá Liên Hệ,,,,"Camera góc rộng: 20 MP, HDR","Camera góc rộng: 50 MP, PDAF, OIS
Camera góc siêu rộng: 8 MP, 120˚
Camera macro: 2 MP, f/2.4",8 nhân (1x3.1 GHz & 3x3.0 GHz & 4x2.0 GHz),,,1440x3200,,6.67,"Mới, đầy đủ phụ kiện từ nhà sản xuất",5.0/5,1.0,,CellphoneS,,,,,,,,,
https://cellphones.com.vn/dien-thoai-xiaomi-redmi-note-13-turbo.html,Xiaomi Redmi Note 13 Turbo,Tin đồn - Mới ra,Giá Liên Hệ,,,,32 MP,64 MP + 32 MP + 5 MP,,,,,,,"Mới, đầy đủ phụ kiện từ nhà sản xuất",,,,CellphoneS,,,,,,,,,
https://cellphones.com.vn/dien-thoai-xiaomi-15t-pro-5g.html,Xiaomi 15T Pro 5G,Tin đồn - Mới ra,Giá Liên Hệ,,,,,,,,,,,,Bảo hành 12 tháng tại trung tâm bảo hành Chính hãng. 1 đổi 1 trong 30 ngày nếu có lỗi phần cứng từ nhà sản xuất. (xem chi tiết),,,,CellphoneS,,,,,,,,,
https://cellphones.com.vn/dien-thoai-xiaomi-redmi-k80-pro.html,Xiaomi Redmi K80 Pro,Tin đồn - Mới ra,Giá Liên Hệ,,,,,,,,,,,,"Mới, đầy đủ phụ kiện từ nhà sản xuất",5.0/5,2.0,,CellphoneS,,,,,,,,,
https://cellphones.com.vn/dien-thoai-xiaomi-15t-5g.html,Xiaomi 15T 5G,Tin đồn - Mới ra,Giá Liên Hệ,,,,,,,,,,,,Bảo hành 12 tháng tại trung tâm bảo hành Chính hãng. 1 đổi 1 trong 30 ngày nếu có lỗi phần cứng từ nhà sản xuất. (xem chi tiết),,,,CellphoneS,,,,,,,,,
https://cellphones.com.vn/realme-gt-neo-5.html,realme GT Neo 5,Chuẩn NFC,Giá Liên Hệ,,,,"Camera góc rộng: 16MP, f/2.45","Camera chính Sony IMX 890 OIS: 50MP, f/1.88
Camera góc siêu rộng: 8MP, 112°
Camera tele: 2MP, f/3.3",Octa-core (1x3.19 GHz Cortex-X2 & 3x2.75 GHz Cortex-A710 & 4x1.80 GHz Cortex-A510),,,1240x2772,,6.74,"Mới, đầy đủ phụ kiện từ nhà sản xuất",5.0/5,2.0,,CellphoneS,,,,,,,,,
https://cellphones.com.vn/oppo-find-n2.html,OPPO Find N2,Tin đồn - Mới ra,Giá Liên Hệ,,,,"32 MP, f/2.4< Camera ở màn phụ: 32 MP, f/2.4","Camera góc rộng: 50 MP, f/1.8, PDAF, OIS
Camera tele: 32 MP, f/2.0, 2x optical zoom, PDAF
Camera góc siêu rộng: 48 MP, f/2.2,115˚",1x3.0 GHz Cortex-X2 & 3x2.75 GHz Cortex-A710 & 4x2.0 GHz Cortex-A510,,,,,7.0,"Mới, đầy đủ phụ kiện từ nhà sản xuất",,,,CellphoneS,,,,,,,,,
https://cellphones.com.vn/xiaomi-mi-10-ultra.html,Xiaomi Mi 10 Ultra,Tin đồn - Mới ra,Giá Liên Hệ,,,,"20 MP, f/2.3, (wide), 1/3.4"", 0.8µm","48 MP, f/1.9, 25mm (wide), 1/1.32"", 1.2µm, PDAF, OIS
48 MP, f/4.1, 120mm (periscope telephoto), 1/2.0"", 0.8µm, PDAF, OIS, 5x optical zoom, 120x hybrid zoom
12 MP, f/2.0, 50mm (telephoto), 1/2.55"", 1.4µm, Dual Pixel PDAF, 2x optical zoom
20",Octa-core (1x2.84 GHz Kryo 585 & 3x2.42 GHz Kryo 585 & 4x1.80 GHz Kryo 585),,,1080x2340,,6.66,"Mới, đầy đủ phụ kiện từ nhà sản xuất",,,,CellphoneS,,,,,,,,,
https://cellphones.com.vn/huawei-p60-pro.html,Huawei P60 Pro,Huawei,Giá Liên Hệ,,,,"Camera góc rộng: 13MP, f/2.4, AF","Camera góc rộng: 48MP, f/1.4, PDAF, Laser AF, OIS
Camera kính viễn vọng: 48MP, f/2.1, PDAF, OIS
Camera góc siêu rộng: 13MP, f/2.2",1 × Cortex-X2@3.2 GHz + 3 × Cortex-A710@2.75 GHz + 4 × Cortex-A510@2.0 GHz,,,,,6.66,"Mới, đầy đủ phụ kiện từ nhà sản xuất",5.0/5,1.0,,CellphoneS,,,,,,,,,
https://cellphones.com.vn/huawei-p60.html,Huawei P60,Tin đồn - Mới ra,Giá Liên Hệ,,,,"Camera góc siêu rộng: 13 MP, f/2.4","Camera góc rộng: 48 MP, f/1.4-f/4.0, 25mm, PDAF, Laser AF, OIS
Tele kính tiềm vọng: 12 MP, f/3.4, 125mm, PDAF, OIS, 5x optical zoom
Camera góc siêu rộng:13 MP, f/2.2, 13mm",1x3.0 GHz Cortex-X2 & 3x2.5 GHz Cortex-A710 & 4x1.8 GHz Cortex-A510,,,,,6.66,"Mới, đầy đủ phụ kiện từ nhà sản xuất",5.0/5,1.0,,CellphoneS,,,,,,,,,
https://cellphones.com.vn/samsung-galaxy-a24.html,Samsung Galaxy A24,Tin đồn - Mới ra,Giá Liên Hệ,,,,"Camera góc rộng: 13 MP, f/2.0","Camera góc rộng: 50MP, f/1.8, PDAF, OIS
Camera góc siêu rộng: 5MP, f/2.2, 123˚, 1/5"", 1.12µm
Camera macro: 2 MP, f/2.4",2x2.2 GHz Cortex-A76 & 6x2.0 GHz Cortex-A55,,,1080x2340,,6.5,"Mới, đầy đủ phụ kiện từ nhà sản xuất",,,,CellphoneS,,,,,,,,,
https://cellphones.com.vn/dien-thoai-oneplus-13.html,OnePlus 13,OnePlus,Giá Liên Hệ,,,,,,,,,,,,"Mới, đầy đủ phụ kiện từ nhà sản xuất",5.0/5,1.0,,CellphoneS,,,,,,,,,
https://cellphones.com.vn/dien-thoai-xiaomi-poco-f6.html,POCO F6,POCO,Giá Liên Hệ,,,,"20MP, ƒ/2.2","50MP, ƒ/1.59
Góc siêu rộng 8MP","Octa-core processor, up to 3.0GHz, 1x X4@3.0GHz+4x A720@2.8GHz+3x A520@2.0GHz",,,2712x1220,,6.67,"Mới, đầy đủ phụ kiện từ nhà sản xuất",,,"Vi xử lý mạnh mẽ Snapdragon 8s Gen 3, kết hợp bộ nhớ 256GB, tối ưu cho đa nhiệm và lưu trữ
Chơi game mượt mà GPU Adreno và tốc độ xung nhịp 3GHz, cung cấp trải nghiệm chơi game đồ họa cao
Camera ấn tượng camera chính 50MP với cảm biến Sony IMX882 và chế độ chống rung OIS, mang lại hình ảnh sắc nét
Pin bền bỉ và sạc nhanh dung lượng pin 5000mAh cho thời gian sử dụng lâu dài, cùng công nghệ sạc nhanh 90W tiện lợi
Màn hình AMOLED sống động tấm nền 6.67 inch hỗ trợ HDR10+, mang đến hình ảnh chi tiết và màu sắc phong phú",CellphoneS,,,,,,,,,
https://cellphones.com.vn/xiaomi-mix-alpha.html,Xiaomi Mix Alpha,,Giá Liên Hệ,,,,,"Chính 108 MP & Phụ 20 MP, 12 MP","1x2.96 GHz, 3x2.42 GHz & 4x1.8 GHz",,,,,7.9,"Mới, đầy đủ phụ kiện từ nhà sản xuất",,,,CellphoneS,,,,,,,,,
https://cellphones.com.vn/realme-gt-neo-6.html,Realme GT Neo 6,Tin đồn - Mới ra,Giá Liên Hệ,,,,16 MP,50 MP + 8 MP + 2 MP,,,,,,6.71,"Mới, đầy đủ phụ kiện từ nhà sản xuất",,,,CellphoneS,,,,,,,,,
https://cellphones.com.vn/honor-x9.html,Honor X9,Honor,Giá Liên Hệ,,,,16 MP,"Camera chính 48 MP
Camera macro: 2 MP
Camera hỗ trợ đo độ sâu: 2 MP",,,,1080x2388,,6.81,"Mới, đầy đủ phụ kiện từ nhà sản xuất",,,,CellphoneS,,,,,,,,,
https://cellphones.com.vn/motorola-razr-40-ultra.html,Motorola Razr 40 Ultra,Tin đồn - Mới ra,Giá Liên Hệ,,,,"Camera góc rộng: 32 MP, f/2.4, 0.7µm","Camera góc rộng: 12 MP, f/1.5, 1/2.55"", 1.4µm, PDAF, OIS
Camera góc siêu rộng: 13 MP, f/2.2, 108˚, 1/3"", 1.12µm, AF",1x3.19 GHz Cortex-X2 & 3x2.75 GHz Cortex-A710 & 4x1.80 GHz Cortex-A510,,,,,6.9,"Mới, đầy đủ phụ kiện từ nhà sản xuất",,,,CellphoneS,,,,,,,,,
https://cellphones.com.vn/dien-thoai-realme-c75x.html,realme C75X 8GB-128GB,Tin đồn - Mới ra,Giá Liên Hệ,,,,,,,,,,,,"Mới, đầy đủ phụ kiện từ nhà sản xuất",,,,CellphoneS,,,,,,,,,
https://cellphones.com.vn/vivo-iqoo-12.html,Vivo iQOO 12,Tin đồn - Mới ra,Giá Liên Hệ,,,,,,,,,,,,"Mới, đầy đủ phụ kiện từ nhà sản xuất",,,,CellphoneS,,,,,,,,,
https://cellphones.com.vn/samsung-galaxy-a74.html,Samsung Galaxy A74,Tin đồn - Mới ra,Giá Liên Hệ,,,,44 MP + 8 MP,108 MP + 24 MP + 8 MP + 8 MP,,,,,,6.7,"Mới, đầy đủ phụ kiện từ nhà sản xuất",,,,CellphoneS,,,,,,,,,
https://cellphones.com.vn/dien-thoai-realme-14.html,realme 14 5G,Tin đồn - Mới ra,Giá Liên Hệ,,,,,,,,,,,,"Mới, đầy đủ phụ kiện từ nhà sản xuất",,,,CellphoneS,,,,,,,,,
https://cellphones.com.vn/xiaomi-poco-c65.html,Xiaomi POCO C65,Tin đồn - Mới ra,Giá Liên Hệ,,,,"8MP, f/2.0","Camera chính: 50MP, f/1.8
Camera macro: 2MP, f/2.4","Arm Cortex-A75 @ 2.0GHz
Arm Cortex-A55 @ 1.8GHz",,,1600x720,,6.74,"Mới, đầy đủ phụ kiện từ nhà sản xuất",,,,CellphoneS,,,,,,,,,
https://cellphones.com.vn/honor-90-lite.html,Honor 90 Lite,Honor,Giá Liên Hệ,,,,"16 MP, f/2.45","Camera chính: 100MP, f/1.9
Camera macro: 2 MP, f/2.4
Camera góc rộng: 5MP, f/2.2
Camera đo độ sâu: 5MP, f/2.2",2xA76 2.2GHz + 6xA55 2.0Ghz,,,1080x2388,,6.7,"Mới, đầy đủ phụ kiện từ nhà sản xuất",,,,CellphoneS,,,,,,,,,
https://cellphones.com.vn/realme-gt-neo.html,Realme GT Neo,Tin đồn - Mới ra,Giá Liên Hệ,,,,"16 MP, f/2.5","Camera góc rộng: 64 MP, f/1.8, PDAF
Camera góc siêu rộng: 8 MP, f/2.3
Camear cận cảnh: 2 MP, f/2.4",8 nhân,,,1440x3200,,6.43,"Thân máy, cáp sạc, sách HDSH",5.0/5,1.0,,CellphoneS,,,,,,,,,
https://cellphones.com.vn/oppo-reno-9-pro.html,OPPO Reno9 Pro,Tin đồn - Mới ra,Giá Liên Hệ,,,,13 MP,"Camera góc rộng: 50MP, f/1.9, PDAF, OIS
Camera góc siêu rộng: 64 MP, f/2.4
Camera tele: 64 MP, f/3.5, PDAF, OIS
Camera đơn săc: 64 MP, f/1.8.",,,,1080x2408,,6.75,"Mới, đầy đủ phụ kiện từ nhà sản xuất",,,,CellphoneS,,,,,,,,,
https://cellphones.com.vn/realme-gt-neo-5-se.html,Realme GT Neo 5 SE,Tin đồn - Mới ra,Giá Liên Hệ,,,,"Camera góc rộng: 16MP, f/2.5, 25mm, 1/3.09"", 1.0µm","Camera góc rộng: 64 MP, f/1.8, 25mm, 1/2"", PDAF
Camera góc siêu rộng: 8MP, f/2.2, 16mm, 112˚, 1/4.0"", 1.12µm
Kính hiển vi: 2MP, f/3.3",1x2.91 GHz Cortex-A710 & 3x2.49 GHz Cortex-A710 & 4x1.8 GHz Cortex-A510,,,1240x2772,,6.74,"Mới, đầy đủ phụ kiện từ nhà sản xuất",,,,CellphoneS,,,,,,,,,
https://cellphones.com.vn/samsung-galaxy-z-flip-7.html,Samsung Galaxy Z Flip7,Samsung,Giá Liên Hệ,,,,,,,,,,,,,,,,CellphoneS,,,,,,,,,
https://cellphones.com.vn/xiaomi-redmi-a2.html,Redmi A2 2GB 32GB,Xiaomi,1590000,Giảm 27%,,,5MP - f/2.2,"2 Camera chính: 8MP - f/2.0,","Octa-core processor, up to 2.2GHz",,,1600x720,,6.52,"Mới, đầy đủ phụ kiện từ nhà sản xuất",5.0/5,5.0,"Màu sắc trendy, tự tin chất riêng - Sở hữu màu sắc 3 màu sắc tinh tế và độc đáo phù hợp mọi phong cách thời trang
Cấu hình ổn định, cân tác vụ chuẩn - Chip xử lí MediaTek Helio G36 8 nhân cùng RAM mở rộng
Chụp ảnh và quay phim chưa bao giờ dễ đến thế - Camera 8MP cùng hàng loạt chế độ chụp thông minh
Pin lâu cho cả ngày dài năng động - Dung lượng pin lớn 5000mAh, sạc tối đa 10W",CellphoneS,,,,,,,,,
https://cellphones.com.vn/meizu-20-pro.html,Meizu 20 Pro,Hãng khác,Giá Liên Hệ,,,,"Camera góc rộng: 32 MP, f/2.5","Camera góc rộng: 50 MP, f/1.9, PDAF, OIS
Camera góc siêu rộng: 50 MP, f/2.2, 129˚
Camera Tele: 50 MP f/1.9, PDAF, optical zoom",1x3.2 GHz Cortex-X3 & 2x2.8 GHz Cortex-A715 & 2x2.8 GHz Cortex-A710 & 3x2.0 GHz Cortex-A510,,,1440x3200,,6.81,"Mới, đầy đủ phụ kiện từ nhà sản xuất",,,,CellphoneS,,,,,,,,,
https://cellphones.com.vn/google-pixel-5.html,Google Pixel 5,Tin đồn - Mới ra,Giá Liên Hệ,,,,"Camera góc rộng: 8 MP, f/2.0, 24mm, 1 / 4.0 "", 1.12µm","Camera góc rộng: 12,2MP, f/1.7, 27mm, 1 / 2.55 "", 1.4µm, PDAF pixel kép, OIS
Camera góc siêu rộng: 16 MP, f/2.2, 117˚, 1.0µm","1x2,4 GHz Kryo 475 Prime & 1x2,2 GHz Kryo 475 Gold & 6x1,8 GHz Kryo 475 Silver",,,1080x2340,,6.0,"Mới, đầy đủ phụ kiện từ nhà sản xuất",,,,CellphoneS,,,,,,,,,
https://cellphones.com.vn/google-pixel-6.html,Google Pixel 6,Tin đồn - Mới ra,Giá Liên Hệ,,,,"Camera rộng: 8 MP, f/2.0, 24mm, 1.12µm","Camera góc rộng: 50 MP, f/1.9, 25mm, 1 / 1.31 "", 1.2µm, Dual Pixel PDAF, Laser AF, OIS
Camera siêu rộng: 12 MP, f/2.2, 17mm, 114˚, 1.25µm","2x2,80 GHz Cortex-X1 & 2x2,25 GHz Cortex-A76 & 4x1.80 GHz Cortex-A55",,,1080x2400,,6.4,"Mới, đầy đủ phụ kiện từ nhà sản xuất",,,,CellphoneS,,,,,,,,,
https://cellphones.com.vn/dien-thoai-realme-c63.html,realme C63 8GB 128GB,Tin đồn - Mới ra,Giá Liên Hệ,,,,16 MP,"Camera góc rộng: 64 MP, f/1.9
Camera góc siêu rộng: 8 MP",2 x 2.05 GHz Cortex-A76 & 6 x 2.0 GHz Cortex-A55,,,1080x2460,,6.76,"Mới, đầy đủ phụ kiện từ nhà sản xuất",,,,CellphoneS,,,,,,,,,
https://cellphones.com.vn/dien-thoai-realme-note-50.html,realme Note 50,Tin đồn - Mới ra,2790000,,,,5 MP,Chính 13 MP & Phụ 0.08 MP,,,,720x1600,,6.74,"Mới, đầy đủ phụ kiện từ nhà sản xuất",,,"Thiết kế với hình dáng vuông vức, mang lại cảm giác sang trọng và lịch lãm.
Đạt chuẩn IP54- Khả năng kháng nước và bụi tốt, an tâm cho người dùng khi sử dụng điện thoại trong nhiều điều kiện thời tiết.
Màn hình lớn 6.74 inch cùng tấm nền IPS LCD cho trải nghiệm sống động.
Trang bị camera sau 13 MP và hỗ trợ thêm cảm biến xóa phông - Đảm bảo chất lượng hình ảnh sắc nét, chi tiết và màu sắc sống động.",CellphoneS,,,,,,,,,
https://cellphones.com.vn/oppo-find-x7-pro.html,OPPO Find X7 Pro,Tin đồn - Mới ra,Giá Liên Hệ,,,,32 MP,50 MP + 50 MP + 13 MP,,,,1440x3216,,6.7,"Mới, đầy đủ phụ kiện từ nhà sản xuất",,,,CellphoneS,,,,,,,,,
https://cellphones.com.vn/dien-thoai-huawei-pura-70-pro.html,Huawei Pura 70 Pro,Tin đồn - Mới ra,Giá Liên Hệ,,,,8MP,"Camera chính: 50MP
Ống kính khẩu độ thay đổi f/1.4 - 4.0
Camera góc siêu rộng: 12.5MP
Camera tele: 48MP",,,,,,6.6,"Mới, đầy đủ phụ kiện từ nhà sản xuất",,,,CellphoneS,,,,,,,,,
https://cellphones.com.vn/samsung-galaxy-buddy2.html,Samsung Galaxy Buddy2,,Giá Liên Hệ,,,,8MP,50MP,,,,,,6.6,"Mới, đầy đủ phụ kiện từ nhà sản xuất",,,,CellphoneS,,,,,,,,,
https://cellphones.com.vn/vivo-iqoo-10-pro.html,ViVo iQOO 10 Pro,Tin đồn - Mới ra,Giá Liên Hệ,,,,"Camera góc rộng: 16 MP, f/2.5","Camera góc rộng: 50 MP, f/1.9, PDAF
Camera tele: 14.6 MP, f/2.2, zoom quang 3x
Camera góc siêu rộng: 50 MP, f / 2.3, 150˚","1x3,19 GHz Cortex-X2 & 3x2,75 GHz Cortex-A710 & 4x1.80 GHz Cortex-A510",,,1440x3200,,6.78,"Mới, đầy đủ phụ kiện từ nhà sản xuất",,,,CellphoneS,,,,,,,,,
https://cellphones.com.vn/huawei-mate-60-pro.html,Huawei Mate 60 Pro,Tin đồn - Mới ra,Giá Liên Hệ,,,,"Camera góc rộng: 13 MP, f/2.4, 18mm","Camera góc rộng: 50 MP, f/1.4-f/4.0, 24mm, PDAF, Laser AF, OIS
Camera Tele kính tiềm vọng: 48 MP, f/3.5, 90mm, PDAF, OIS, zoom quang 3,5x
Camera góc siêu rộng: 12 MP, f/2.2, 13mm, 120˚, PDAF",1x2.62 GHz Cortex-A720 & 3x2.15 GHz Cortex-A720 & 4x1.53GHz Cortex-A510,,,,,6.82,"Mới, đầy đủ phụ kiện từ nhà sản xuất",,,,CellphoneS,,,,,,,,,
https://cellphones.com.vn/asus-rog-phone-6-mediatek.html,ASUS ROG Phone 6 Mediatek,Chuẩn NFC,Giá Liên Hệ,,,,12 MP,"Camera chính: 50 MP, f/1.9
Camera góc siêu rộng: 13 MP
Camera macro: 5 MP",,,,1080x2448,,6.78,"Mới, đầy đủ phụ kiện từ nhà sản xuất",,,"Hiệu năng dẫn đầu mọi trận đấu - Chip MediaTek Dimensity 7000 mạnh mẽ cùng RAM 12GB
Chất lượng hiển thị đúng chuẩn gaming - Màn hình 6.78 inches, FullHD+, HDR10+ cùng tần số quét 165Hz
Thiết kế thân thiện cho chơi game, mặt lưng ánh sáng Aura RGB độc đáo
Bùng nổ năng lượng cho ngày dài ấn tượng - Viên pin 6000 mAh, sạc nhanh siêu tốc 65W",CellphoneS,,,,,,,,,
https://cellphones.com.vn/vivo-y56.html,Vivo Y56,Y Series,Giá Liên Hệ,,,,"Camera góc rộng: 16MP, f/2.0","Camera góc rộng: 50MP, f/1.8, 1/2.76"", 0.64µm, PDAF
Camera đo dộ sâu: 2MP, f/2.4",2x2.2 GHz Cortex-A76 & 6x2.0 GHz Cortex-A55,,,1080x2408,,6.58,"Mới, đầy đủ phụ kiện từ nhà sản xuất",,,,CellphoneS,,,,,,,,,
https://cellphones.com.vn/oppo-find-x7.html,OPPO Find X7 5G 12GB 256GB,Tin đồn - Mới ra,Giá Liên Hệ,,,,,,,,,,,,"Mới, đầy đủ phụ kiện từ nhà sản xuất",,,,CellphoneS,,,,,,,,,
https://cellphones.com.vn/xiaomi-mi-10t.html,Xiaomi Mi 10T,,Giá Liên Hệ,,,,"20 MP, f/2.2, 27mm (wide), 1/3.4"", 0.8µm","64 MP, f/1.9, 26mm (wide), 1/1.73"", 0.8µm, PDAF
13 MP, f/2.4, 123˚ (ultrawide), 1.12µm
5 MP, f/2.4, (macro), AF",Octa-core (1x2.84 GHz Kryo 585 & 3x2.42 GHz Kryo 585 & 4x1.80 GHz Kryo 585),,,1080x2400,,6.66,"Máy, Cáp, Củ sạc 33W, Cáp chuyển đổi tai nghe, Ốp lưng silicon, Cây lấy SIM",4.0/5,1.0,"Màn hình siêu mượt, chi tiết và rõ ràng - Màn hình DotDisplay FullHD+ 6.67 inch, tần số quét 144Hz, gam màu rộng DCI- P3, TrueColor
Vận hành trơn tru, kết nối nhanh chóng - Snapdragon 865 5G hàng đầu, RAM 8GB, bộ nhớ UFS 3.1 tốc độ cao
Camera sáng tạo vô hạn - Bộ ba camera 108MP tích hợp AI thông minh, quay phim 8K, chụp ảnh độ phân giải 33MP
Sạc đầy 100% chỉ trong 59 phút - Dung lượng pin cao 5000mAh, công nghệ sạc nhanh Mi Fast Charge 33W",CellphoneS,,,,,,,,,
https://cellphones.com.vn/dien-thoai-nothing-cmf-phone-1.html,Nothing Phone CMF 1 8GB 128GB,Nothing Phone,6490000,Giảm 7%,,,16 MP,"50 MP, f/1.8 + cảm biến chân dung",8-core up to 2.5 GHz,,,1080x2400,,6.67,"Mới, đầy đủ phụ kiện từ nhà sản xuất",,,"Màn hình Super AMOLED 6.67 inch, cho chất lượng hình ảnh sắc nét, màu sắc sống động và độ tương phản cao.
Chip MediaTek Dimensity 7300 5G đáp ứng tốt các nhu cầu sử dụng hàng ngày như lướt web, xem video và chơi game nhẹ.
Camera chính 50MP kết hợp với camera phụ, hỗ trợ chụp ảnh chi tiết và rõ ràng trong nhiều điều kiện ánh sáng.
Pin dung lượng lớn 5000mAh giúp điện thoại hoạt động cả ngày, không lo hết pin giữa chừng.",CellphoneS,,,,,,,,,
https://cellphones.com.vn/itel-a70.html,Itel A70,,Giá Liên Hệ,,,,,,,,,,,,,,,,CellphoneS,,,,,,,,,
https://cellphones.com.vn/asus-rog-phone-4.html,ASUS ROG Phone 4,Tin đồn - Mới ra,Giá Liên Hệ,,,,,,,,,,,,"Nguyên hộp, đầy đủ phụ kiện từ nhà sản xuất",,,,CellphoneS,,,,,,,,,
https://cellphones.com.vn/dien-thoai-samsung-galaxy-s25-edge.html,Samsung Galaxy S25 Edge,Tin đồn - Mới ra,Giá Liên Hệ,,,,,,,,,,,,"Mới, đầy đủ phụ kiện từ nhà sản xuất",,,,CellphoneS,,,,,,,,,
https://cellphones.com.vn/xiaomi-mix-fold-3.html,Xiaomi Mix Fold 3,Tin đồn - Mới ra,Giá Liên Hệ,,,,32 MP,"Camera chính: 200 MP
Camera tele: 32 MP
Camera góc siêu rộng: 12 MP",,,,,,6.4,"Mới, đầy đủ phụ kiện từ nhà sản xuất",,,,CellphoneS,,,,,,,,,
https://cellphones.com.vn/dien-thoai-samsung-galaxy-s24-fe-256gb.html,Samsung Galaxy S24FE 5G 8GB 256GB,Samsung,Giá Liên Hệ,,,,"10.0 MP, f/2.4","50.0 MP, f/1.8 + 12.0 MP, f/2.2 + 8.0 MP, f/2.4
Zoom quang học 3x, chất lượng Zoom quang học 2x","10 nhân 3.1GHz, 2.9GHz, 2.6GHz, 1.95GHz",,,1080x2340,,6.7,"Mới, đầy đủ phụ kiện từ nhà sản xuất",,,"Màn hình Dynamic AMOLED 2X, 120Hz - Mang lại trải nghiệm hình ảnh siêu mượt mà, màu sắc sống động.
Chip Exynos 2400e (4nm) cung cấp hiệu năng vượt trội, xử lý mượt mà mọi tác vụ từ chơi game đồ họa cao cho đến đa nhiệm ứng dụng.
Camera 50MP chuyên nghiệp với tính năng AI vượt trội giúp bạn chụp ảnh chất lượng cao trong mọi điều kiện ánh sáng.
Với viên pin dung lượng 4700mAh và công nghệ sạc nhanh 25W - Galaxy S24 FE đảm bảo sử dụng bền bỉ suốt ngày dài.",CellphoneS,,,,,,,,,
https://cellphones.com.vn/dien-thoai-samsung-galaxy-a16-256gb.html,Samsung Galaxy A16 5G 8GB 256GB,Samsung,Giá Liên Hệ,,,,"13MP, f/2.0","50MP, f/1.8 AF
5MP, f/2.2",,,,1080x2340,,6.7,"Mới, đầy đủ phụ kiện từ nhà sản xuất",5.0/5,1.0,"Màn hình Super AMOLED 6.7 inch, tần số quét 90Hz, giúp hiển thị màu sắc rực rỡ và hình ảnh mượt mà.
Camera chính 50 MP, camera góc siêu rộng 5 MP và camera macro 2 MP, cho phép bạn chụp ảnh đa dạng.
Chip MediaTek Dimensity 6300(6nm) đảm bảo xử lý tác vụ mượt mà và mang lại khả năng chơi game ổn định.
Pin dung lượng 5000 mAh hỗ trợ sạc nhanh 25W, cung cấp thời gian sử dụng lâu dài và sạc nhanh chóng.",CellphoneS,,,,,,,,,
https://cellphones.com.vn/oppo-a97.html,OPPO A97,Tin đồn - Mới ra,Giá Liên Hệ,,,,"Camera góc rộng: 8 MP, f/2.0","Camera góc rộng: 50 MP, f/1.8, PDAF
Camera góc sâu: 2 MP, f/2.4",,,,1080x2412,,6.56,"Mới, đầy đủ phụ kiện từ nhà sản xuất",,,,CellphoneS,,,,,,,,,
https://cellphones.com.vn/dien-thoai-xiaomi-redmi-turbo-4.html,Xiaomi Redmi Turbo 4,Tin đồn - Mới ra,Giá Liên Hệ,,,,,,,,,,,,"Mới, đầy đủ phụ kiện từ nhà sản xuất",,,,CellphoneS,,,,,,,,,
https://cellphones.com.vn/xiaomi-poco-f5-pro.html,Xiaomi POCO F5 Pro,POCO,Giá Liên Hệ,,,,20 MP,"Camera góc rộng: 48 MP, f/1.8
Camera góc siêu rộng: 8 MP, f/2.2
Camera macro: 5 MP.",,,,1080x2400,,6.66,"Mới, đầy đủ phụ kiện từ nhà sản xuất",,,,CellphoneS,,,,,,,,,
https://cellphones.com.vn/google-pixel-fold.html,Google Pixel Fold,Tin đồn - Mới ra,Giá Liên Hệ,,,,"8 MP, f/2.0, 24mm (wide), 1/4"", 1.12µm
Camera góc rộng: 9.5 MP, f/2.2, 24mm, 1.22µm, Dual Pixel PDAF","Camera góc rộng: 48 MP, f/1.7, 25mm, Dual Pixel PDAF, Laser AF, OIS
Camera Tele: 10.8 MP, f/3.1, 1.22µm, OIS, 5x optical zoom
Camera góc siêu rộng: 10.8 MP, f/2.2, 121˚, 1/3"", 1.25µm",2x2.85 GHz Cortex-X1 & 2x2.35 GHz Cortex-A78 & 4x1.80 GHz Cortex-A55,,,,,7.6,"Mới, đầy đủ phụ kiện từ nhà sản xuất",,,,CellphoneS,,,,,,,,,
https://cellphones.com.vn/xiaomi-redmi-10-64gb.html,Xiaomi Redmi 10 (4GB - 64GB),Xiaomi,3190000,Giảm 20%,,,"8 MP, f/2.0","Camera chính: 50 MP, f/1.8
Camera góc siêu rộng: 8MP, f/2.2
Camera cận cảnh: 2MP, f/2.4
Camera cảm biến độ sâu: 2MP, f/2,4",2x2.0 GHz Cortex-A75 & 6x1.8 GHz Cortex-A55,,,1080x2400,,6.5,"Mới, đầy đủ phụ kiện từ nhà sản xuất",4.8/5,23.0,"Trải nghiệm chất lượng hiển thị sắc nét, mượt mà - Màn hình 6.5"" FullHD+, tần số quét 90 Hz
Cấu hình ổn định, sử dụng mượt mà - Chip Helio G88 mới, RAM 4 GB
Camera cải tiến tối đa - Cụm 4 camera lên đến 50MP, chụp ảnh sắc nét
Pin trâu, sử dụng cực lâu - Viên pin 5000 mAh, hỗ trợ sạc nhanh 18W, sạc ngược 9W",CellphoneS,,,,,,,,,
https://cellphones.com.vn/dien-thoai-xiaomi-redmi-note-13-8gb-256.html,Xiaomi Redmi Note 13 8GB 256GB,Xiaomi,Giá Liên Hệ,,,,16MP,Chính 108MP & Phụ 8+2MP,,,,1080x2388,,6.67,"Mới, đầy đủ phụ kiện từ nhà sản xuất",,,,CellphoneS,,,,,,,,,
https://cellphones.com.vn/dien-thoai-samsung-galaxy-a26-8gb-256gb.html,Samsung A26 5G 8GB - 256GB,Tin đồn - Mới ra,Giá Liên Hệ,,,,,,,,,,,,"Mới, đầy đủ phụ kiện từ nhà sản xuất",,,,CellphoneS,,,,,,,,,
https://cellphones.com.vn/oppo-a56.html,OPPO A56,Tin đồn - Mới ra,Giá Liên Hệ,,,,"Camera góc rộng: 8MP, f/2.0","Camera góc rộng: 13MP, f/2.2, 25mm, 1/3.06"", 1.12µm, PDAF
Camera đo độ sâu: 2MP, f/2.4",2x2.2 GHz Cortex-A76 & 6x2.0 GHz Cortex-A55,,,720x1600,,6.5,"Mới, đầy đủ phụ kiện từ nhà sản xuất",,,,CellphoneS,,,,,,,,,
https://cellphones.com.vn/nubia-red-magic-7s-pro.html,Red Magic 7S Pro,Chuẩn NFC,Giá Liên Hệ,,,,Camera góc rộng: 16 MP,"Camera góc rộng: 64 MP, f/1.8, PDAF
Camera góc siêu rộng: 8 MP, f / 2.2, 120˚
Camera Macro: 2 MP, f / 2.4","1x3,19 GHz Cortex-X2 & 3x2,75 GHz Cortex-A710 & 4x1.80 GHz Cortex-A510",,,1080x2400,,6.8,"Mới, đầy đủ phụ kiện từ nhà sản xuất",5.0/5,1.0,,CellphoneS,,,,,,,,,
https://cellphones.com.vn/vivo-x90-pro.html,vivo X90 Pro,Chuẩn NFC,Giá Liên Hệ,,,,,,,,,,,,"Mới, đầy đủ phụ kiện từ nhà sản xuất",5.0/5,1.0,,CellphoneS,,,,,,,,,
https://cellphones.com.vn/dien-thoai-vivo-y18.html,vivo Y18,Tin đồn - Mới ra,2890000,,,,8 MP,"50 MP
0.08 MP",2 nhân 2.0 GHz & 6 nhân 1.8 GHz,,,720x1612,,6.56,"Mới, đầy đủ phụ kiện từ nhà sản xuất",,,"Màn hình IPS LCD, đem đến khả năng tái tạo màu sắc chính xác, mang đến những hình ảnh rõ ràng và sắc nét.
Nâng tầm chất lượng hình ảnh lên một đẳng cấp mới với camera chính 50 MP.
Hiệu năng mạnh mẽ đủ để xử lý mượt mà các tác vụ thông thường như duyệt web, xem phim và chơi game ở mức cài đặt trung bình.
Thiết kế cao cấp, hiện đại với thiết kế khung viền vuông vức, được bo tròn tinh tế ở các góc.",CellphoneS,,,,,,,,,
https://cellphones.com.vn/xiaomi-mix-fold-4.html,Xiaomi Mix Fold 4,Tin đồn - Mới ra,Giá Liên Hệ,,,,,,,,,,,,"Mới, đầy đủ phụ kiện từ nhà sản xuất",,,,CellphoneS,,,,,,,,,
https://cellphones.com.vn/dien-thoai-realme-12.html,realme 12 4G 8GB 256GB,Tin đồn - Mới ra,7990000,,,,16 MP,Chính 50 MP & Phụ 2 MP,2.8 GHz,,,1080x2400,,6.67,"Mới, đầy đủ phụ kiện từ nhà sản xuất",,,,CellphoneS,,,,,,,,,
https://cellphones.com.vn/dien-thoai-xiaomi-redmi-note-13r-pro.html,Xiaomi Redmi Note 13R Pro,Tin đồn - Mới ra,Giá Liên Hệ,,,,Camera góc rộng: 16 MP,"Camera góc rộng: 108 MP, f/1.7, 0.64µm, PDAF
Camera đo độ sâu: 2 MP, f/2.4",2x2.4 GHz Cortex-A76 & 6x2.0 GHz Cortex-A55),,,1080x2400,,6.67,"Mới, đầy đủ phụ kiện từ nhà sản xuất",,,,CellphoneS,,,,,,,,,
https://cellphones.com.vn/honor-x40.html,Honor X40 5G,Honor,Giá Liên Hệ,,,,"Camera góc rộng: 8 MP, f/2.0","Camera góc rộng: 50 MP, f/1.8, PDAF
Camera Macro: 2 MP, f/2.4","2x2,2 GHz Kryo 660 Gold & 6x1,7 GHz Kryo 660 Silver",,,1080x2400,,6.66,"Mới, đầy đủ phụ kiện từ nhà sản xuất",,,,CellphoneS,,,,,,,,,
https://cellphones.com.vn/dien-thoai-oppo-reno12-5g-12gb-512gb.html,OPPO Reno12 5G (12GB 512GB),OPPO,16090000,,,,32MP,"50MP + OIS
Camera góc rộng: 8MP
Camera xóa phông: 2MP",,,,,,6.7,"Mới, đầy đủ phụ kiện từ nhà sản xuất",,,"Màn hình rộng với độ phân giải Full HD+ cho hình ảnh sắc nét, màu sắc rực rỡ và độ tương phản cao, mang đến trải nghiệm xem phim, chơi game và đọc sách tuyệt vời.
Thiết kế OPPO Reno 12 mỏng nhẹ dễ dàng mang theo bên mình, đồng thời vẫn đảm bảo độ bền bỉ và chắc chắn.
Hỗ trợ sạc nhanh trên OPPO Reno12 5G lên đến 67W - Sạc nhanh chóng và hiệu quả, giúp bạn tiết kiệm thời gian.
Hệ điều hành mới nhất mang đến nhiều tính năng mới và cải tiến.",CellphoneS,,,,,,,,,
https://cellphones.com.vn/zte-nubia-z60-ultra.html,ZTE Nubia Z60 Ultra,ZTE,Giá Liên Hệ,,,,Camera góc rộng: 12 MP,"Camera chính: 50MP,
Tele kính viễn vọng: 64 MP, f/3.3, PDAF, OIS, 3.3x optical zoom (vs. 26mm cam)
Camera góc siêu rộng: 50MP,, f/1.8, AF",1x3.3 GHz Cortex-X4 & 3x3.2 GHz Cortex-A720 & 2x3.0 GHz Cortex-A720 & 2x2.3 GHz Cortex-A520,,,1116x2480,,6.8,"Mới, đầy đủ phụ kiện từ nhà sản xuất",,,,CellphoneS,,,,,,,,,
https://cellphones.com.vn/infinix-note-30-pro.html,Infinix Note 30 Pro,Điện thoại Infinix,Giá Liên Hệ,,,,"Camera góc rộng: 16 MP, f/2.0","Camera góc rộng: 108 MP, PDAF
Camera đo độ sâu: 2 MP, f/2.4",2x2.2 GHz Cortex-A76 & 6x2.0 GHz Cortex-A55,,,1080x2460,,6.78,"Mới, đầy đủ phụ kiện từ nhà sản xuất",4.0/5,1.0,,CellphoneS,,,,,,,,,
https://cellphones.com.vn/dien-thoai-samsung-galaxy-a56-12gb-256gb.html,Samsung A56 5G 12GB - 256GB,Tin đồn - Mới ra,Giá Liên Hệ,,,,,,,,,,,,"Mới, đầy đủ phụ kiện từ nhà sản xuất",,,,CellphoneS,,,,,,,,,
https://cellphones.com.vn/xiaomi-poco-f4-gt.html,Xiaomi Poco F4 GT,Tin đồn - Mới ra,Giá Liên Hệ,,,,20 MP,"64 MP, f/1.9, 26mm (Rộng), 1/1.73"", 0.8µm, PDAF
8 MP, f/2.2, 120˚ (Siêu rộng)
2 MP, f/2.4, (macro)",Octa-core (1x3.00 GHz Cortex-X2 & 3x2.50 GHz Cortex-A710 & 4x1.80 GHz Cortex-A510),,,1080x2400,,6.66,"Mới, đầy đủ phụ kiện từ nhà sản xuất",5.0/5,1.0,,CellphoneS,,,,,,,,,
https://cellphones.com.vn/huawei-p50-pro.html,Huawei P50 Pro,Tin đồn - Mới ra,Giá Liên Hệ,,,,,,,,,,,,"Bảo hành chính hãng 12 tháng tại trung tâm bảo hành ủy quyền, 1 đổi 1 trong 30 ngày nếu có lỗi phần cứng từ NSX. (xem chi tiết)",5.0/5,1.0,,CellphoneS,,,,,,,,,
https://cellphones.com.vn/huawei-nova-10.html,Huawei Nova 10,Huawei,Giá Liên Hệ,,,,"Camera góc siêu rộng: 60 MP, f/2.4, 100˚","Camera góc rộng: 50 MP, f/1.9, 27mm, PDAF
Camera siêu rộng: 8 MP, f/2.2, 112˚
Camera góc sâu: 2 MP, f/2.4","4x2,4 GHz Kryo 670 & 4x1,8 GHz Kryo 670",,,1080x2400,,6.66,"Mới, đầy đủ phụ kiện từ nhà sản xuất",,,,CellphoneS,,,,,,,,,
https://cellphones.com.vn/huawei-p60-art.html,huawei p60 art,Tin đồn - Mới ra,Giá Liên Hệ,,,,"Camera góc rộng: 13 MP, f/2.4","Camera góc rộng:48 MP, f/1.4, OIS
Camera góc siêu rộng: 40 MP, f/2.2
Camera Telephoto: 48 MP, f/2.1, OIS",1x3.19 GHz Cortex-X2 & 3x2.75 GHz Cortex-A710 & 4x2.0 GHz Cortex-A510,,,,,6.67,"Mới, đầy đủ phụ kiện từ nhà sản xuất",,,,CellphoneS,,,,,,,,,
https://cellphones.com.vn/dien-thoai-nubia-red-magic-10.html,Nubia Red Magic 10,Tin đồn - Mới ra,Giá Liên Hệ,,,,,,,,,1116x2480,,,"Mới, đầy đủ phụ kiện từ nhà sản xuất",,,,CellphoneS,,,,,,,,,
https://cellphones.com.vn/dien-thoai-vivo-qioo-z9x.html,vivo iQOO Z9x,Tin đồn - Mới ra,Giá Liên Hệ,,,,8MP,"Cảm biến chính 50MP
Máy ảnh độ sâu 2MP",,,,,,6.72,"Mới, đầy đủ phụ kiện từ nhà sản xuất",,,"Chip Snapdragon 6 Gen 1 cho khả năng xử lý mượt mà mọi tác vụ, từ lướt web, xem video đến chơi game nặng.
vivo iQOO Z9x có màn hình siêu mượt, tần số quét 120Hz cho hình ảnh cực kỳ mượt mà, trải nghiệm chơi game và xem phim cực đã.
Công nghệ sạc nhanh 40W giúp bạn sạc đầy pin chỉ trong 19 phút, không còn lo lắng về thời gian sạc.
Dung lượng RAM lên tới 12GB và bộ nhớ trong lên tới 512GB cho khả năng lưu trữ thoải mái.",CellphoneS,,,,,,,,,
https://cellphones.com.vn/xiaomi-civi-1s.html,Xiaomi Civi 1S,,Giá Liên Hệ,,,,"Camera góc rộng: 32MP, 24mm, 0,8µm, AF","Camera góc rộng: 64MP, f/1.8, 26mm, 1 / 1.97 "", 0,7µm, PDAF
Camera siêu rộng: 8MP, f/2.2, 120˚, 1 / 4.0"", 1,12µm
Camera macro: 2MP, f/2.4","1x2,5 GHz Cortex-A78 & 3x2,4 GHz Cortex-A78 & 4x1,9 GHz Cortex-A55",,,1080x2400,,6.55,"Mới, đầy đủ phụ kiện từ nhà sản xuất",,,,CellphoneS,,,,,,,,,
https://cellphones.com.vn/huawei-nova-11i.html,Huawei Nova 11i,Tin đồn - Mới ra,Giá Liên Hệ,,,,"16 MP, f/2.2","Cảm biến chính: 48 MP, f/1.8
Camera phụ: 2 MP, f/2.4",4 × Cortex-A73 Based 2.4 GHz + 4 × Cortex-A53 Based 1.9 GHz,,,1080x2388,,6.8,"Mới, đầy đủ phụ kiện từ nhà sản xuất",,,,CellphoneS,,,,,,,,,
https://cellphones.com.vn/samsung-galaxy-m54.html,Samsung Galaxy M54 5G,Samsung,Giá Liên Hệ,,,,"Camera góc rộng: 32MP, f/2.2, 26mm, 1/2.8"", 0.8µm","Camera góc rộng: 108MP, f/1.8, PDAF, OIS
Camera góc siêu rộng: 8MP, f/2.2, 1/4"", 1.12µm
Camera macro: 2 MP, f/2.4",4x2.4 GHz Cortex-A78 & 4x2.0 GHz Cortex-A55,,,1080x2400,,6.7,"Mới, đầy đủ phụ kiện từ nhà sản xuất",,,"Khám phá trải nghiệm xem đỉnh cao - Màn hình 6.7"""" đi kèm công nghệ Super AMOLED+ và tần số quét 120Hz
Chụp ảnh sắc nét và ổn định với máy ảnh nhiều ống kính lên đến 108MP - Thoả sức chụp zoom xa, chân dung
Duy trì thời lượng pin lâu dài - Pin 6000mAh và hỗ trợ Sạc siêu nhanh
Hiệu năng mạnh mẽ, xử lí mượt mà - Chip Exynos 1380, kết hợp với 8 GB RAM ",CellphoneS,,,,,,,,,
https://cellphones.com.vn/vivo-x90-pro-plus.html,Vivo X90 Pro Plus,Tin đồn - Mới ra,Giá Liên Hệ,,,,"Camera góc rộng: 32MP, f/2.5, 24mm, 1/2.8"", 0.8µm","Camera góc rộng: 50.3MP, f/1.8, 23mm, 1.6µm, Dual Pixel PDAF, Laser AF, OIS
Tele kính tiềm vọng: 64MP, f/3.5, 90mm, 0.7µm, PDAF, OIS, 3.5x optical zoom
Camera chụp xa: 50MP, f/1.6, 50mm, 0,7µm, AF, zoom quang 2x, OIS 48
Camera góc siêu rộng:",1x3.2 GHz Cortex-X3 & 2x2.8 GHz Cortex-A715 & 2x2.8 GHz Cortex-A710 & 3x2.0 GHz Cortex-A510,,,1440x3200,,6.78,"Mới, đầy đủ phụ kiện từ nhà sản xuất",,,,CellphoneS,,,,,,,,,
https://cellphones.com.vn/asus-rog-phone-8-ultimate.html,Asus Rog Phone 8 ultimate,Tin đồn - Mới ra,Giá Liên Hệ,,,,24 MP,Độ phân giải 64 MP + 13 MP + 5 MP + 2 MP,,,,1080x2400,,6.81,"Mới, đầy đủ phụ kiện từ nhà sản xuất",5.0/5,1.0,,CellphoneS,,,,,,,,,
https://cellphones.com.vn/honor-90.html,Honor 90,Honor,Giá Liên Hệ,,,,"Camera góc siêu rộng: 50 MP, f/2.4, 100˚","Camera góc rộng: 200 MP, f/1.9, 1/1.4"", 0.56µm, PDAF
Camera góc siêu rộng: 12 MP, f/2.2, 112˚ , AF
Camera đo độ sâu: 2 MP, f/2.4",1x2.5 GHz Cortex-A710 & 3x2.36 GHz Cortex-A710 & 4x1.8 GHz Cortex-A510,,,,,6.7,"Mới, đầy đủ phụ kiện từ nhà sản xuất",,,,CellphoneS,,,,,,,,,
https://cellphones.com.vn/dien-thoai-oneplus-ace-3-pro.html,OnePlus Ace 3 Pro,OnePlus,Giá Liên Hệ,,,,,,,,,,,,"Mới, đầy đủ phụ kiện từ nhà sản xuất",4.0/5,1.0,,CellphoneS,,,,,,,,,
https://cellphones.com.vn/realme-10-pro-plus.html,realme 10 Pro Plus,Tin đồn - Mới ra,Giá Liên Hệ,,,,"Camera góc rộng: 16MP, f/2.4, 27mm, 1 / 3.09 "", 1.0µm","Camera góc rộng: 108 MP, PDAF, OIS
Camera góc siêu rộng: 8MP
Camera góc sâu: 2MP, f/2.4","2x2,6 GHz Cortex-A78 & 6x2,0 GHz Cortex-A55",,,1080x2400,,6.7,"Mới, đầy đủ phụ kiện từ nhà sản xuất",,,,CellphoneS,,,,,,,,,
https://cellphones.com.vn/oneplus-ace-2-pro.html,Oneplus Ace 2 Pro,Chuẩn NFC,Giá Liên Hệ,,,,16MP,"Camera chính 50 MP
Camera góc siêu rộng 8MP
Camera macro 2 MP",,,,,,6.74,"Mới, đầy đủ phụ kiện từ nhà sản xuất",5.0/5,2.0,,CellphoneS,,,,,,,,,
https://cellphones.com.vn/realme-narzo-50.html,realme Narzo 50,Điện thoại chụp ảnh/quay phim đẹp,Giá Liên Hệ,,,,"Camera góc rộng: 16 MP, f/2.1","Camera góc rộng: 50 MP, f/1.8, PDAF
Camera Macro: 2 MP, f/2.4
Camera góc sâu: 2 MP, f/2.4","2x2,05 GHz Cortex-A76 & 6x2,0 GHz Cortex-A55",,,1080x2412,,6.6,"Mới, đầy đủ phụ kiện từ nhà sản xuất",,,,CellphoneS,,,,,,,,,
https://cellphones.com.vn/oneplus-nord-n300.html,Oneplus Nord N300,Chuẩn NFC,Giá Liên Hệ,,,,"Camera góc rộng: 16 MP, f/2.0","Camera góc rộng: 48 MP, f/1.8, PDAF
Camera góc sâu: 2 MP, f/2.4","2x2,4 GHz Cortex-A76 & 6x2,0 GHz Cortex-A55",,,720x1612,,6.56,"Mới, đầy đủ phụ kiện từ nhà sản xuất",,,,CellphoneS,,,,,,,,,
https://cellphones.com.vn/dien-thoai-huawei-mate-xt-ultimate.html,Huawei Mate XT Ultimate,Tin đồn - Mới ra,Giá Liên Hệ,,,,8 MP,50 MP + 12 MP + 12 MP,,,,,,10.2,"Mới, đầy đủ phụ kiện từ nhà sản xuất",,,"Thiết kế gập ba độc đáo, cho phép mở rộng màn hình từ 6,4 inch lên đến 10,2 inch, mang lại trải nghiệm linh hoạt giữa chế độ điện thoại và máy tính bảng.
Màn hình OLED, tần số quét 120Hz và hỗ trợ hiển thị 10 tỷ màu, đảm bảo hình ảnh sắc nét và màu sắc sống động trong mọi chế độ sử dụng.
Trang bị vi xử lý Kirin 9010, Mate XT Ultimate đáp ứng mượt mà các tác vụ đa nhiệm và yêu cầu hiệu năng cao. 
Viên pin 5600mAh hỗ trợ sạc nhanh có dây 66W đảm bảo thời gian sử dụng dài và tiện lợi trong việc sạc pin.",CellphoneS,,,,,,,,,
https://cellphones.com.vn/oppo-reno11-pro.html,OPPO Reno11 Pro 5G,Tin đồn - Mới ra,16090000,,,,32MP;,50MP; 8MP; 32MP;,2.6 GHz,,,1080x2412,,6.7,"Mới, đầy đủ phụ kiện từ nhà sản xuất",,,"Chipset Snapdragon 8+ giúp đem lại hiệu suất mạnh mẽ với vi xử lý đa nhân và tốc độ xử lý ấn tượng.
Camera chính của Reno11 Pro 5G 50MP, hỗ trợ OIS, camera trước 32MP, hỗ trợ selfie chân thực.
Pin Reno11 Pro 5G có dung lượng 4,700mAh, hỗ trợ sạc nhanh 80W giúp chơi game, xem phim nhiều giờ vẫn còn pin.
Thiết kế của OPPO Reno11 Pro 5G mang đến một vẻ ngoài thanh lịch và hiện đại.",CellphoneS,,,,,,,,,
https://cellphones.com.vn/vivo-y66.html,Vivo Y66,Tin đồn - Mới ra,Giá Liên Hệ,,,,"16MP, f/2.0","13MP, f/2.2",Octa-core 64-bit,,,720x1280,,5.5,"Mới, đầy đủ phụ kiện từ nhà sản xuất",,,,CellphoneS,,,,,,,,,
https://cellphones.com.vn/dien-thoai-realme-gt6-pro.html,realme GT6 Pro,Tin đồn - Mới ra,Giá Liên Hệ,,,,,,,,,,,,"Mới, đầy đủ phụ kiện từ nhà sản xuất",5.0/5,2.0,,CellphoneS,,,,,,,,,
https://cellphones.com.vn/samsung-galaxy-z-flip-5-line-friends.html,Samsung Galaxy Z Flip5 512GB Line Friends - Chỉ có tại CellphoneS,Samsung,Giá Liên Hệ,,,,"10MP, F2.4, 1.22μm","Camera siêu rộng: 12MP, F2.2, 123°, 1.12 μm, FF
Camera chính: 12MP, F1.8, Dual Pixel, 1.8μm, OIS","1 nhân 3.36 GHz, 4 nhân 2.8 GHz & 3 nhân 2 GHz",,,1080x2640,,6.7,"Mới, đầy đủ phụ kiện từ nhà sản xuất",,,"Nhập hội có ""Gấu"" với bộ sưu tập Line Friends cực đáng yêu và khác biệt bao gồm ốp lưng và phụ kiện trang trí
Thiết kế thu hút ánh nhìn - Gập không kẽ hỡ, dẫn đầu công nghệ bản lề Flex
Tuyệt tác selfie thoả sức sáng tạo - Camera sau hỗ trợ AI xử lí cực sắc nét ngay cả trên màn hình ngoài
Bền bỉ bất chấp mọi tình huống - Đạt chuẩn kháng bụi và nước IP68 cùng chất liệu nhôm Armor Aluminum giúp hạn chế cong và xước",CellphoneS,,,,,,,,,
https://cellphones.com.vn/dien-thoai-huawei-pura-70.html,Huawei Pura 70,Tin đồn - Mới ra,Giá Liên Hệ,,,,8MP,"Camera chính: 50MP
Ống kính khẩu độ thay đổi f/1.4 - 4.0
Camera góc siêu rộng: 13MP
Camera tele: 12MP",,,,,,6.6,"Mới, đầy đủ phụ kiện từ nhà sản xuất",5.0/5,1.0,,CellphoneS,,,,,,,,,
https://cellphones.com.vn/xiaomi-black-shark-6-pro.html,Xiaomi Black Shark 6 Pro,Tin đồn - Mới ra,Giá Liên Hệ,,,,,64 MP,,,,,,,"Mới, đầy đủ phụ kiện từ nhà sản xuất",,,,CellphoneS,,,,,,,,,
https://cellphones.com.vn/motorola-edge-plus.html,Motorola Edge plus,Tin đồn - Mới ra,Giá Liên Hệ,,,,"Camera góc rộng: 25 MP, f/2.0, 0.9µm","Camera góc rộng: 108 MP, f/1.8, 1/1.33"", 0.8µm, PDAF, OIS
Camera Tele: 8 MP, f/2.4, 81mm, 3x optical zoom, PDAF, OIS
Camera góc siêu rộng: 16 MP, f/2.2, 13mm, 1.0µm, AF",1x2.84 GHz Cortex-A77 & 3x2.42 GHz Cortex-A77 & 4x1.80 GHz Cortex-A55,,,1080x2340,,6.7,"Mới, đầy đủ phụ kiện từ nhà sản xuất",,,,CellphoneS,,,,,,,,,
https://cellphones.com.vn/dien-thoai-vivo-v30-pro.html,vivo V30 Pro,Tin đồn - Mới ra,Giá Liên Hệ,,,,"50MP, f/2.0, 92° FOV, 5P","Camera chính: 50 MP VCS, OIS, f/1.88, 84° FOV
Camera chân dung chuyên nghiệp: 50 MP, AF, f/1.85, 47.6° FOV
Camera góc siêu rộng: 50MP, AF",1 × A78 3.1GHz + 3 × A78 3.0GHz + 4 × A55 2.0GHz,,,2800x1260,,6.78,"Mới, đầy đủ phụ kiện từ nhà sản xuất",,,,CellphoneS,,,,,,,,,
https://cellphones.com.vn/dien-thoai-honor-200.html,Honor 200,Hãng khác,Giá Liên Hệ,,,,50MP,"Cảm biến IMX906 kích thước 1/1.56 inch với khẩu độ f/1.95 và cũng hỗ trợ OIS
Camera telephoto 50MP với khả năng zoom quang học 2.5x, khẩu độ f/2.4 và hỗ trợ OIS
Ống kính siêu rộng 12MP",,,,,,6.7,"Mới, đầy đủ phụ kiện từ nhà sản xuất",,,"Honor 200 sở hữu thiết kế sang trọng, cao cấp với mặt lưng kính cường lực bóng bẩy và khung viền kim loại chắc chắn.
Sử dụng thoải mái cả ngày dài với pin dung lượng lớn 5200mAh và sạc nhanh 100W, cho bạn sạc đầy pin trong vòng vài phút để tiếp tục sử dụng.
Khả năng xử lý đa nhiệm mượt mà, chơi game cấu hình cao và làm việc đồ họa chuyên nghiệp với chip Snapdragon 7 Gen 3.
Trải nghiệm hình ảnh sống động, mượt mà và sắc nét với màn hình OLED 6.78 inch cùng tần số quét 120Hz",CellphoneS,,,,,,,,,
https://cellphones.com.vn/htc-wildfire-e3-lite.html,HTC Wildfire E3 Lite,Tin đồn - Mới ra,Giá Liên Hệ,,,,"5 MP, f/2.0","Camera chính: 13 MP
Camera đo chiều sâu: 2 MP, f/2.2",4x A55 1.6 GHz + 4x A55 1.2 GHz,,,720x1600,,6.5,"Mới, đầy đủ phụ kiện từ nhà sản xuất",,,,CellphoneS,,,,,,,,,
https://cellphones.com.vn/honor-90-pro.html,Honor 90 Pro,Hãng khác,Giá Liên Hệ,,,,"Camera góc siêu rộng: 50 MP, f/2.4, 100˚
Camera đo chiều sâu: 2 MP, f/2.4","Camera góc rộng: 200 MP, f/1.9, 1/1.4"", 0.56µm, PDAF
Camera chụp xa: 32 MP, f/2.4, PDAF, OIS, 2.5x optical zoom
Camera góc siêu rộng: 12 MP, f/2.2, 112˚, AF",1x3.0 GHz Cortex-X2 & 3x2.5 GHz Cortex-A710 & 4x1.80 GHz Cortex-A510,,,,,6.78,"Mới, đầy đủ phụ kiện từ nhà sản xuất",,,,CellphoneS,,,,,,,,,
https://cellphones.com.vn/honor-x7.html,Honor X7,Honor,Giá Liên Hệ,,,,8.0 MP,"Camera chính 48 MP
Camera góc rộng: 5 MP
Camera macro: 2 MP
Camera hỗ trợ đo độ sâu: 2 MP",,,,720x1612,,6.74,"Mới, đầy đủ phụ kiện từ nhà sản xuất",,,,CellphoneS,,,,,,,,,
https://cellphones.com.vn/google-pixel-6-a.html,Google Pixel 6a,Tin đồn - Mới ra,Giá Liên Hệ,,,,"Camera góc rộng: 8MP, f/2.0, 24mm, 1.12µm","Camera góc rộng: 12,2MP, f/1.7, 27mm, 1 / 2.55 "", 1.4µm, PDAF pixel kép, OIS
Camera góc siêu rộng: 12MP, f/2.2, 17mm, 114˚, 1.25µm","2x2,80 GHz Cortex-X1 & 2x2,25 GHz Cortex-A76 & 4x1.80 GHz Cortex-A55",,,1080x2400,,6.1,"Mới, đầy đủ phụ kiện từ nhà sản xuất",,,,CellphoneS,,,,,,,,,
https://cellphones.com.vn/dien-thoai-samsung-galaxy-a06-64gb.html,Samsung Galaxy A06 4GB 64GB,Tin đồn - Mới ra,Giá Liên Hệ,,,,8 MP,Chính 50 MP & Phụ 2 MP,2 nhân 2.0 GHz & 6 nhân 1.8 GHz,,,720x1600,,6.7,"Mới, đầy đủ phụ kiện từ nhà sản xuất",,,"Samsung A06 sở hữu màn hình PLS TFT LCD, độ phân giải HD+, cho trải nghiệm hình ảnh rộng rãi, màu sắc rực rỡ và chi tiết rõ ràng.
Trang bị vi xử lý MediaTek Helio G85, RAM 4GB và bộ nhớ trong 64GB, cho hiệu năng ổn định, đáp ứng tốt các tác vụ cơ bản.
Galaxy A06 sở hữu hệ thống camera kép với camera chính 50MP và camera macro 2MP, cho khả năng chụp ảnh rõ nét, chi tiết
Pin dung lượng 5000mAh, cho thời gian sử dụng lâu dài, đáp ứng nhu cầu sử dụng cả ngày của bạn.",CellphoneS,,,,,,,,,
https://cellphones.com.vn/huawei-mate-50-pro.html,Huawei Mate 50 Pro,Tin đồn - Mới ra,Giá Liên Hệ,,,,"Camera góc siêu rộng: 13 MP, f/2.4, 18mm","Camera góc rộng: 50 MP, f/1.4, PDAF, Laser AF, OIS
64 MP, f/3.5, PDAF, OIS, zoom quang 3,5x
Camera góc siêu rộng: 13 MP, f / 2.2, 120˚, PDAF","1x3,19 GHz Cortex-X2 & 3x2,75 GHz Cortex-A710 & 4x2,0 GHz Cortex-A510",,,,,6.73,"Mới, đầy đủ phụ kiện từ nhà sản xuất",,,,CellphoneS,,,,,,,,,
https://cellphones.com.vn/honor-x8a.html,Honor X8A,Hãng khác,Giá Liên Hệ,,,,"16 MP, ƒ/2.5","Camera góc rộng: 100.0 MP, f/1.9
Camera góc siêu rộng: 5.0 MP, ƒ/2.2
Camera Macro: 2.0 MP, ƒ/2.4",2 x Cortex A75 2.0 GHz + 6 x Cortex A55 1.8 GHz,,,1080x2376,,6.7,"Mới, đầy đủ phụ kiện từ nhà sản xuất",,,,CellphoneS,,,,,,,,,
https://cellphones.com.vn/dien-thoai-vivo-y200-pro.html,vivo Y200 Pro,Tin đồn - Mới ra,Giá Liên Hệ,,,,16MP,"64 MP
Cảm biến xóa phông 2 MP",,,,,,6.78,"Mới, đầy đủ phụ kiện từ nhà sản xuất",,,"Vi xử lý Snapdragon 695 5G 8 nhân, mang đến hiệu năng vượt trội để xử lý đa nhiệm, chơi game và các tác vụ nặng khác một cách mượt mà.
Vivo Y200 Pro có tần số quét 90Hz, độ phân giải Full HD+ cho trải nghiệm hình ảnh rực rỡ, sắc nét và mượt mà.
Camera chuyên nghiệp cho khả năng chụp ảnh với độ chi tiết cao, cùng camera trước 16MP đáp ứng tốt nhu cầu selfie và video call.
Viên pin 5000mAh kết hợp với công nghệ sạc nhanh 44W cho thời gian sử dụng lâu dài và sạc nhanh chóng.",CellphoneS,,,,,,,,,
https://cellphones.com.vn/dien-thoai-samsung-galaxy-tab-s10-fe-5g.html,Samsung Galaxy Tab S10 FE 5G,Samsung,Giá Liên Hệ,,,,12.0 MP,13.0 MP,"2.9GHz,2.6GHz,1.9GHz",,,2304x1440,,10.9,"Mới, đầy đủ phụ kiện từ nhà sản xuất",,,"Kết nối 5G siêu tốc cùng màn hình LCD TFT 10.9 inch sắc nét, độ phân giải WUXGA+ (2304 x 1440).
Chip Exynos 1580 kết hợp RAM 8GB, bộ nhớ trong 128GB, hỗ trợ mở rộng qua thẻ nhớ tối đa 2TB.
Pin bền bỉ 8,000mAh, sạc nhanh 45W, đáp ứng nhu cầu làm việc và giải trí liên tục.
Vỏ nhôm Armor Aluminum bền chắc, khả năng chống nước IP68, thiết kế mỏng nhẹ chỉ 497g.",CellphoneS,,,,,,,,,
https://cellphones.com.vn/vivo-x-note.html,vivo X Note,X Series,Giá Liên Hệ,,,,"16 MP, f/2.5, (Rộng)","50 MP, f/1.6, (Rộng), 1/1.31"", 1.2µm, PDAF, Laser AF, OIS
8 MP, f/3.4, 125mm, PDAF, OIS, 5x zoom quang học
12 MP, f/2.0, 47mm (telephoto), 1/2.93"", 1.2µm, PDAF, 2x zoom quang học
48 MP, f/2.2, 14mm, 114˚ (Siêu rộng), 1/2.0"", 0.8µm",Octa-core (1x3.00 GHz Cortex-X2 & 3x2.50 GHz Cortex-A710 & 4x1.80 GHz Cortex-A510),,,1440x3080,,7.0,Bảo hành 12 tháng tại trung tâm bảo hành Chính hãng. 1 đổi 1 trong 30 ngày nếu có lỗi phần cứng từ nhà sản xuất. (xem chi tiết),5.0/5,1.0,,CellphoneS,,,,,,,,,
https://cellphones.com.vn/xiaomi-mi-mix-fold-2.html,Xiaomi Mi MIX Fold 2,Tin đồn - Mới ra,Giá Liên Hệ,,,,"20 MP, 27mm, 1/3.4","Camera chính: 108 MP, f/1.8, dual pixel PDAF
Camera tele/cận cảnh: 8 MP, PDAF, 3x optical zoom
Camera góc siêu rộng: 13 MP, f/2.4",1x2.84 GHz Kryo 680 & 3x2.42 GHz Kryo 680 & 4x1.80 GHz Kryo 680,,,,,8.01,"Mới, đầy đủ phụ kiện từ nhà sản xuất",,,,CellphoneS,,,,,,,,,
https://cellphones.com.vn/xiaomi-poco-c55.html,Xiaomi POCO C55,POCO,Giá Liên Hệ,,,,"5 MP, f/2.0","Camera chính 50 MP, f/1.8
0.08 MP",Octa-core 2.0 GHz,,,720x1650,,6.71,"Mới, đầy đủ phụ kiện từ nhà sản xuất",,,,CellphoneS,,,,,,,,,
https://cellphones.com.vn/nothing-phone-1.html,Nothing Phone 1,Chuẩn NFC,Giá Liên Hệ,,,,16 MP,50 MP + 50 MP,1x2.5 GHz Cortex-A78 & 3x2.4 GHz Cortex-A78 & 4x1.8 GHz Cortex-A55,,,1080x2400,,6.55,"Mới, đầy đủ phụ kiện từ nhà sản xuất",,,,CellphoneS,,,,,,,,,
https://cellphones.com.vn/oppo-find-x6.html,OPPO Find X6,Tin đồn - Mới ra,Giá Liên Hệ,,,,"Camera góc rộng: 32 MP, f/2.4, 1 / 2,8 "", 0,8µm","Camera góc rộng: 50 MP, f/1.7, PDAF, Laser AF, OIS
Tele kính tiềm vọng: 13 MP, f/3.0, 129 mm, 1 / 3.4 "", 1.0µm, zoom quang 5x, PDAF, OIS
Camera siêu rộng: 50 MP, f/2.2, PDAF
Camera macro:3 MP","1x2,84 GHz Kryo 485 & 3x2,42 GHz Kryo 485 & 4x1,8 GHz Kryo 585",,,1440x3216,,6.7,"Mới, đầy đủ phụ kiện từ nhà sản xuất",,,,CellphoneS,,,,,,,,,
https://cellphones.com.vn/dien-thoai-infinix-hot-50i.html,Infinix HOT 50i 4GB 128GB,Infinix,Giá Liên Hệ,,,,"8MP, f/2.0","Cảm biến chính: 48 MP, f/1.79",,,,1600x720,,6.7,"Mới, đầy đủ phụ kiện từ nhà sản xuất",,,"Màn hình lớn, độ phân giải cao cho trải nghiệm hình ảnh rõ nét, màu sắc sống động khi xem phim, chơi game hoặc lướt web.
Với 128GB bộ nhớ trong, bạn có thể thoải mái lưu trữ hình ảnh, video và ứng dụng mà không lo đầy bộ nhớ.
Pin dung lượng cao giúp bạn sử dụng thoải mái cả ngày dài mà không lo gián đoạn giữa chừng.
Kiểu dáng thời trang và thiết kế mỏng nhẹ, HOT 50i mang lại cảm giác cầm nắm chắc chắn, phong cách, phù hợp cho giới trẻ.",CellphoneS,,,,,,,,,
https://cellphones.com.vn/dien-thoai-honor-200-lite.html,Honor 200 Lite,Honor,Giá Liên Hệ,,,,50MP,"Cảm biến chính 108MP
Máy ảnh siêu rộng 8MP
Cảm biến macro 2MP",,,,2412x1080,,6.7,"Mới, đầy đủ phụ kiện từ nhà sản xuất",,,"Trải nghiệm hình ảnh mượt mà và sống động với màn hình
AMOLED 
6.7 inch, độ phân giải 2400 x 1080 pixel.
CPU Dimensity 6080 cho khả năng xử lý đa nhiệm mượt mà, chơi game cấu hình trung bình và làm việc văn phòng hiệu quả.
Chụp ảnh đẹp, sắc nét và ấn tượng với camera sau AI 108MP - Ghi lại mọi khoảnh khắc của bạn.
Honor 200 Lite sở hữu thiết kế trẻ trung, năng động với mặt lưng kính cường lực bóng bẩy và hiệu ứng chuyển màu gradient bắt mắt.",CellphoneS,,,,,,,,,
https://cellphones.com.vn/motorola-edge-40.html,Motorola Edge 40,Tin đồn - Mới ra,Giá Liên Hệ,,,,"Camera góc rộng: 32MP, f/2.4, 0.7µm","Camera góc rộng: 50MP, f/1.4, 1/1.55"", 1.0µm
Camera góc siêu rộng:13MP, f/2.2, 120˚, 1.12µm, AF
Camera đo độ sâu: 2MP, f/2.4",,,,1080x2400,,6.55,"Mới, đầy đủ phụ kiện từ nhà sản xuất",,,,CellphoneS,,,,,,,,,
https://cellphones.com.vn/leitz-phone-2.html,Leitz Phone 2,Tin đồn - Mới ra,Giá Liên Hệ,,,,"12.6MP, f/2.3","47.2MP, f/1.9",2.9 GHz + 1.7G Hz,,,,,6.6,"Mới, đầy đủ phụ kiện từ nhà sản xuất",,,,CellphoneS,,,,,,,,,
https://cellphones.com.vn/google-pixel-6-pro.html,Google Pixel 6 Pro,Tin đồn - Mới ra,Giá Liên Hệ,,,,"Camera siêu rộng: 11.1 MP, f/2.2, 20mm, 1.22µm","Camera góc rộng: 50MP, f/1.9, 25mm, Dual Pixel PDAF, Laser AF, OIS
Camera tele: 48MP, f/3.5, 104mm, 1/2"", 0.8µm, PDAF, OIS, zoom quang 4x
Camera siêu rộng: 12 MP, f/2.2, 17mm, 114˚, 1.25µm","2x2,80 GHz Cortex-X1 & 2x2,25 GHz Cortex-A76 & 4x1.80 GHz Cortex-A55",,,1440x3120,,6.7,"Mới, đầy đủ phụ kiện từ nhà sản xuất",,,,CellphoneS,,,,,,,,,
https://cellphones.com.vn/oneplus-open.html,Oneplus Open,Chuẩn NFC,Giá Liên Hệ,,,,32 MP,"Camera chính 50 MP
Camera góc siêu rộng 48 MP
Camera tele 64 MP",,,,,,6.3,"Mới, đầy đủ phụ kiện từ nhà sản xuất",,,,CellphoneS,,,,,,,,,
https://cellphones.com.vn/dien-thoai-masstel-izi-s3.html,Masstel izi S3 4G,Masstel,470000,,,,,,,,,128x160,,1.77,"Mới, đầy đủ phụ kiện từ nhà sản xuất",,,"Pin 1000mAh cho phép bạn sử dụng điện thoại cả ngày dài mà không lo hết pin.
Hỗ trợ mạng 4G cho tốc độ truy cập internet nhanh chóng.
Thiết kế trẻ trung, năng động, phù hợp với những người dùng yêu thích sự cá tính và nổi bật.
Masstel izi S3 4G có mức giá vô cùng phải chăng, phù hợp với túi tiền của nhiều người dùng.",CellphoneS,,,,,,,,,
https://cellphones.com.vn/samsung-galaxy-w22.html,Samsung W22,,Giá Liên Hệ,,,,"10 MP, f/2.2","12 MP, f/1.8
12 MP, f/2.2
12 MP, f/2.4","1 nhân 2.84 GHz, 3 nhân 2.42 GHz & 4 nhân 1.8 GHz",,,,,7.6,"Mới, đầy đủ phụ kiện từ nhà sản xuất",,,,CellphoneS,,,,,,,,,
https://cellphones.com.vn/oneplus-12.html,Oneplus 12,Tin đồn - Mới ra,Giá Liên Hệ,,,,,"Camera chính 50 MP
Camera góc siêu rộng 50 MP
Camera zoom kính tiềm vọng: 64 MP",,,,,,6.7,"Mới, đầy đủ phụ kiện từ nhà sản xuất",,,,CellphoneS,,,,,,,,,
https://cellphones.com.vn/asus-rog-phone-7-pro.html,Asus ROG Phone 7 Pro,Tin đồn - Mới ra,Giá Liên Hệ,,,,,,,,,,,,"Mới, đầy đủ phụ kiện từ nhà sản xuất",,,,CellphoneS,,,,,,,,,
https://cellphones.com.vn/realme-narzo-50i-prime.html,Realme Narzo 50i Prime,,Giá Liên Hệ,,,,,,,,,,,,,,,,CellphoneS,,,,,,,,,
https://cellphones.com.vn/oppo-a58-256gb.html,OPPO A58 8GB 256GB,Tin đồn - Mới ra,Giá Liên Hệ,,,,8MP,"Cảm biến chính 50MP
Cảm biến độ sâu 2MP",,,,720x1612,,6.56,"Mới, đầy đủ phụ kiện từ nhà sản xuất",,,,CellphoneS,,,,,,,,,
https://cellphones.com.vn/vivo-y22.html,vivo Y22,Tin đồn - Mới ra,Giá Liên Hệ,,,,8 MP,,,,,720x1600,,6.44,"Mới, đầy đủ phụ kiện từ nhà sản xuất",,,,CellphoneS,,,,,,,,,
https://cellphones.com.vn/dien-thoai-vivo-s19.html,vivo S19,Tin đồn - Mới ra,Giá Liên Hệ,,,,5MP,"Cảm biến chính 50MP hỗ trợ OIS
Ống kính góc siêu rộng 8MP",,,,,,6.78,"Mới, đầy đủ phụ kiện từ nhà sản xuất",,,"Màn hình OLED 6.78 inch, tần số quét 120Hz, độ phân giải 1.5K cho trải nghiệm hình ảnh rực rỡ, sắc nét và mượt mà.
Được trang bị vi xử lý Dimensity 9200+ mang đến hiệu năng ổn định để xử lý đa nhiệm, chơi game và các tác vụ nặng khác một cách mượt mà.
Mặt lưng kính cong 3D với hiệu ứng chuyển màu độc đáo, mang đến vẻ ngoài sang trọng và thời trang.
Điện thoại vivo S19 Pro có thiết kế trẻ trung, hiện đại với mặt lưng kính sang trọng.",CellphoneS,,,,,,,,,
https://cellphones.com.vn/dien-thoai-realme-gt-7.html,realme GT 7,Tin đồn - Mới ra,Giá Liên Hệ,,,,,,,,,,,,"Mới, đầy đủ phụ kiện từ nhà sản xuất",,,,CellphoneS,,,,,,,,,
https://cellphones.com.vn/vivo-v27.html,Vivo V27,Tin đồn - Mới ra,Giá Liên Hệ,,,,"Camera góc rộng: 50MP, f/2.5, AF","Camera góc rộng: 64MP, f/1.8, 0.7µm, PDAF, OIS
Camera góc siêu rộng: 8MP, f/2.2, 16mm, 120˚, 1/4"", 1.12µm
Camera macro: 2MP, f/2.4",,,,1080x2400,,6.78,"Mới, đầy đủ phụ kiện từ nhà sản xuất",,,,CellphoneS,,,,,,,,,
https://cellphones.com.vn/oppo-a2m.html,OPPO A2m,Tin đồn - Mới ra,Giá Liên Hệ,,,,"5MP, f/2.2","Camera chính: 13MP, f/2.2",,,,,,6.56,"Mới, đầy đủ phụ kiện từ nhà sản xuất",,,,CellphoneS,,,,,,,,,
https://cellphones.com.vn/xiaomi-redmi-k40-pro-plus.html,Xiaomi Redmi K40 Pro+,Tin đồn - Mới ra,Giá Liên Hệ,,,,20 MP,108MP + 8MP + 5MP,8 nhân ( 1x2.84 GHz Kryo 680 & 3x2.42 GHz Kryo 680 & 4x1.80 GHz Kryo 680 ),,,1080x2400,,6.66,"Thân máy, cáp sạc, sách HDSH",,,,CellphoneS,,,,,,,,,
https://cellphones.com.vn/vivo-iqoo-10.html,ViVo iQOO 10,Tin đồn - Mới ra,Giá Liên Hệ,,,,"Camera góc rộng: 16 MP, f/2.5","Camera góc rộng: 50 MP, f/1.9, 1 / 1.57 "", 1.0µm, PDAF, OIS
Camera tele: 12 MP, f/2.0, 47 mm, 1 / 2.9"", PDAF, zoom quang 2x
Camera góc cực rộng: 13 MP, f/2.2 , 16mm, 120˚","1x3,19 GHz Cortex-X2 & 3x2,75 GHz Cortex-A710 & 4x1.80 GHz Cortex-A510",,,1080x2400,,6.78,"Mới, đầy đủ phụ kiện từ nhà sản xuất",,,,CellphoneS,,,,,,,,,
https://cellphones.com.vn/honor-x5-plus.html,Honor X5 Plus,Hãng khác,Giá Liên Hệ,,,,"5 MP, f/2.2","Camera chính: 50 MP, f/1.8
Camera đo độ sâu: f/2.4",4*Cortex-A53 up to 2.2Ghz+4*Cortex-A53 up to 1.6Ghz,,,720x1612,,6.56,"Mới, đầy đủ phụ kiện từ nhà sản xuất",,,,CellphoneS,,,,,,,,,
https://cellphones.com.vn/oppo-find-x6-pro.html,OPPO Find X6 Pro,Tin đồn - Mới ra,Giá Liên Hệ,,,,32 MP.,50 MP + 13 MP + 50 MP + 3 MP,,,,,,6.7,"Mới, đầy đủ phụ kiện từ nhà sản xuất",,,,CellphoneS,,,,,,,,,
https://cellphones.com.vn/xiaomi-redmi-note-12-pro-plus.html,Xiaomi Redmi Note 12 Pro+,Tin đồn - Mới ra,Giá Liên Hệ,,,,"Camera góc rộng: 16MP, 1 / 3.06 "", 1.0µm","Camera góc rộng: 200MP, f/1.7, 24mm, 1 / 1.4 "", 0.56µm, PDAF, OIS
Camera góc siêu rộng: 8MP, f/1.9, 119˚, 1/4"", 1.12µm
Camera Macro: 2MP, f/2.4","2x2,6 GHz Cortex-A78 & 6x2,0 GHz Cortex-A55",,,1080x2400,,6.66,"Mới, đầy đủ phụ kiện từ nhà sản xuất",,,,CellphoneS,,,,,,,,,
https://cellphones.com.vn/asus-rog-phone-6d.html,ASUS ROG Phone 6D,Tin đồn - Mới ra,Giá Liên Hệ,,,,,50M,,,,,,6.78,"Mới, đầy đủ phụ kiện từ nhà sản xuất",,,,CellphoneS,,,,,,,,,
https://cellphones.com.vn/oppo-reno11.html,OPPO Reno11 5G,Tin đồn - Mới ra,9050000,,,,32MP; f/2.4; FOV 89°; không hỗ trợ OIS,"Camera chính: 50MP; f/1.8, hỗ trợ OIS
Góc mở rộng: 8MP; f/2.2
Telephoto: 32MP; f/2, hỗ trợ AF",2.6 GHz,,,1080x2412,,6.7,"Mới, đầy đủ phụ kiện từ nhà sản xuất",,,"Trải nghiệm hình ảnh sống động, rực rỡ và sắc nét với tấm nền AMOLED 6.5 inch Full HD+ cùng tần số quét 90Hz mượt mà.
Hiệu năng mạnh mẽ - CPU Qualcomm Snapdragon 730G 8 nhân cho khả năng xử lý đa nhiệm mượt mà, chơi game và làm việc đồ họa chuyên nghiệp.
Camera sau AI 48MP - Chụp ảnh sắc nét, rõ ràng và ấn tượng.
Sử dụng thoải mái cả ngày dài với pin dung lượng cao 4000mAh, hỗ trợ sạc nhanh VOOC 3.0 20W.",CellphoneS,,,,,,,,,
https://cellphones.com.vn/realme-v30.html,Realme V30,Tin đồn - Mới ra,Giá Liên Hệ,,,,5 MP,13 MP,,,,720x1600,,6.51,"Mới, đầy đủ phụ kiện từ nhà sản xuất",,,,CellphoneS,,,,,,,,,
https://cellphones.com.vn/xiaomi-black-shark-6.html,Xiaomi Black Shark 6,Tin đồn - Mới ra,Giá Liên Hệ,,,,,64 MP,,,,,,,"Mới, đầy đủ phụ kiện từ nhà sản xuất",,,,CellphoneS,,,,,,,,,
https://cellphones.com.vn/google-pixel-3-xl.html,Google Pixel 3 XL,Tin đồn - Mới ra,Giá Liên Hệ,,,,"Camera góc rộng: 8MP, f/1.8, 28 mm, PDAF
Camera góc: 8 MP, f/2.2, 19 mm (siêu rộng), không có AF","Camera góc rộng: 12,2MP, f/1.8, 28mm, 1 / 2.55 "", 1.4µm, PDAF pixel kép, OIS","4x2,5 GHz Kryo 385 Gold & 4x1,6 GHz Kryo 385 Silver",,,1440x2960,,6.3,"Mới, đầy đủ phụ kiện từ nhà sản xuất",,,,CellphoneS,,,,,,,,,
https://cellphones.com.vn/asus-zenfone-10.html,ZenFone 10,Tin đồn - Mới ra,Giá Liên Hệ,,,,16 MP,200 MP hỗ trợ OIS,,,,,,6.3,"Mới, đầy đủ phụ kiện từ nhà sản xuất",,,,CellphoneS,,,,,,,,,
https://cellphones.com.vn/dien-thoai-oppo-f27-pro-plus.html,OPPO F27 Pro Plus,Tin đồn - Mới ra,Giá Liên Hệ,,,,,,,,,,,,"Mới, đầy đủ phụ kiện từ nhà sản xuất",,,,CellphoneS,,,,,,,,,
https://cellphones.com.vn/dien-thoai-realme-c67-8gb-256gb.html,realme C67 8GB 256GB,realme,Giá Liên Hệ,,,,"8 MP, f/2.05","Camera AI: 108MP, f/1.8
2MP, f/2.4",,,,1080x2400,,6.72,"Mới, đầy đủ phụ kiện từ nhà sản xuất",,,"Tấm nền IPS LCD - Giúp tái tạo mọi hình ảnh có màu sắc trung thực và sinh động.
Hệ thống camera gồm 2 ống kính - Đưa nhiếp ảnh của bạn lên một tầm cao mới.
Sử dụng cổng sạc Type-C, mang đến tốc độ sạc nhanh và thuận tiện.
Ngoại hình mạnh mẽ và hiện đại với thiết kế theo kiểu vuông vắn.",CellphoneS,,,,,,,,,
https://cellphones.com.vn/xiaomi-redmi-note-10t.html,Xiaomi Redmi Note 10T,Note 10 Series,Giá Liên Hệ,,,,"8 MP, f/2.0, (Rộng)","48 MP, f/1.8, 26mm (Rộng), 1/2.0"", 0.8µm, PDAF
2 MP, f/2.4, (macro)
2 MP, f/2.4, (depth)",Octa-core (2x2.2 GHz Cortex-A76 & 6x2.0 GHz Cortex-A55),,,1080x2400,,6.5,"Mới, đầy đủ phụ kiện từ nhà sản xuất",,,,CellphoneS,,,,,,,,,
https://cellphones.com.vn/vivo-iqoo-9-pro.html,Vivo iQOO 9 Pro,,Giá Liên Hệ,,,,"Camera góc rộng: 16 MP, f/2.5, 1 / 3.1 "", 1.0µm","Camera góc rộng: 50 MP, f/1.8, 1 / 1.57 "", 1.0µm, PDAF, gimbal OIS
Camera tele :16 MP, f/2.2, 60mm , 1 / 3.1"", 1.0µm, PDAF, OIS, quang học 2,5x zoom
Camera góc siêu rộng: 50 MP, f / 2.3, 15mm, 150˚, 1 / 2,76 "", 0,64µm, AF",1x3.00 GHz Cortex-X2 & 3x2.50 GHz Cortex-A710 & 4x1.80 GHz Cortex-A510,,,3200x1440,,6.78,"Mới, đầy đủ phụ kiện từ nhà sản xuất",,,,CellphoneS,,,,,,,,,
https://cellphones.com.vn/tecno-camon-20-pro-5g.html,TECNO CAMON 20 Pro 5G,Tecno,Giá Liên Hệ,,,,"Camera góc rộng: 32 MP, f/2.5, 24mm, 1/2.8"", 0.8µm","Camera góc rộng: 64 MP, f/1.7, 1/1.7"", 0.8µm, PDAF, OIS
Máy ảnh đo chiều sâu: 2 MP, f/2.4
Camera macro: 2 MP, f/2.4",1x3.0 GHz Cortex-A78 & 3x2.6 GHz Cortex-A78 & 4x2.0 GHz Cortex-A55,,,1080x2400,,6.67,"Mới, đầy đủ phụ kiện từ nhà sản xuất",,,"Camera chính 64 MP có chống rung OIS cho ảnh chụp chất lượng cao trong mọi điều kiện ánh sáng
Khả năng hiển thị màu sắc trung thực, sống động với tấm nền AMOLED cùng độ phân giải Full HD+
Đáp ứng tốt mọi tác vụ từ cơ bản đến nâng cao nhờ bộ vi xử lý Dimensity 8050 kết hợp RAM 8 GB
Viên pin dung lượng khủng đến 5.000 mAh tích hợp sạc nhanh 33 W giúp tiết kiệm thời gian nạp sạc",CellphoneS,,,,,,,,,
https://cellphones.com.vn/realme-gt-5.html,realme GT 5,Tin đồn - Mới ra,Giá Liên Hệ,,,,"Camera góc rộng: 16 MP, f/2.5, 25mm, 1/3.09"", 1.0µm","Camera góc rộng: 50 MP, f/1.9, 24mm, 1/1.56"", 1.0µm, PDAF, OIS
Camera góc siêu rộng: 8 MP, f/2.2, 16mm, 112˚, 1/4.0"", 1.12µm
Camera macro: 2 MP, f/2.4",1x3.2 GHz Cortex-X3 & 2x2.8 GHz Cortex-A715 & 2x2.8 GHz Cortex-A710 & 3x2.0 GHz Cortex-A510,,,1240x2772,,6.74,"Mới, đầy đủ phụ kiện từ nhà sản xuất",,,,CellphoneS,,,,,,,,,
https://cellphones.com.vn/dien-thoai-huawei-pura-70-pro-plus.html,Huawei Pura 70 Pro+,Tin đồn - Mới ra,Giá Liên Hệ,,,,8MP,"Camera chính: 50MP
Ống kính khẩu độ thay đổi f/1.4 - 4.0
Camera góc siêu rộng: 12.5MP
Camera tele: 48MP",,,,,,6.6,"Mới, đầy đủ phụ kiện từ nhà sản xuất",,,,CellphoneS,,,,,,,,,
https://cellphones.com.vn/google-pixel-2-xl.html,Google Pixel 2 XL,Tin đồn - Mới ra,Giá Liên Hệ,,,,"Camera góc rộng: 8MP, f/2.4, 25mm, 1 / 3.2 "", 1.4µm","Camera góc rộng: 12,2MP, f/1.8, 27mm, 1 / 2.55"", 1.4µm, PDAF pixel kép, Laser AF, OIS","4x2,35 GHz Kryo & 4x1,9 GHz Kryo",,,1440x2880,,6.0,"Mới, đầy đủ phụ kiện từ nhà sản xuất",,,,CellphoneS,,,,,,,,,
https://cellphones.com.vn/dien-thoai-inoi-a83.html,INOI A83 6GB 128GB,INOI,Giá Liên Hệ,,,,13.0 MP,"Camera chính: 48,0 MP
2 MP
Camera phụ",,,,1600x720,,6.52,"Mới, đầy đủ phụ kiện từ nhà sản xuất",,,"Hiệu suất cải thiện với 6GB RAM và chipset T606 - Mang lại giao diện người dùng mượt mà và thoải mái.
Màn hình không viền cho phép bạn trải nghiệm hiệu ứng tối đa của sự hòa mình.
Camera 48MP - Ghi lại những khoảnh khắc sáng nhất trong cuộc sống của bạn.
Thiết kế tinh tế với hai màu sắc sống động giúp để dàng khi lựa chọn.",CellphoneS,,,,,,,,,
https://cellphones.com.vn/honor-magic-2.html,Honor Magic 2,Tin đồn - Mới ra,Giá Liên Hệ,,,,"3 Camera (16 MP, f/2.0 + 2 MP, f/2.4 + 2 MP, f/2.4)","3 Camera (16 MP, f/1.8, PDAF + 16 MP, f/2.2 + 24 MP B/W, f/1.8)",8 nhân (2x2.6 GHz Cortex-A76 & 2x1.92 GHz Cortex-A76 & 4x1.8 GHz Cortex-A55),,,1080x2340,,6.39,,5.0/5,1.0,,CellphoneS,,,,,,,,,
https://cellphones.com.vn/huawei-nova-12-pro.html,Huawei Nova 12 Pro,Tin đồn - Mới ra,Giá Liên Hệ,,,,"Camera chân dung: 8 MP, f/2.2, 52mm, AF
Camera góc siêu rộng: 60 MP, f/2.4, 17mm, 100˚, AF","Camera góc rộng: 50 MP, f/1.9, PDAF, Laser AF
Camera Tele: 50 MP, PDAF, optical zoom
Camera góc siêu rộng: 12 MP, AF",1x2.62 GHz Cortex-A720 & 3x2.15 GHz Cortex-A720 & 4x1.53GHz Cortex-A510,,,2652x1200,,6.78,"Mới, đầy đủ phụ kiện từ nhà sản xuất",,,,CellphoneS,,,,,,,,,
https://cellphones.com.vn/oppo-k3.html,Oppo K3,Tin đồn - Mới ra,Giá Liên Hệ,,,,16 MP,Chính 16 MP & Phụ 2 MP,2 nhân 2.2 GHz 360 Gold & 6 nhân 1.7 GHz Kryo 360 Silver,,,1080x2340,,6.5,"Nguyên hộp, đầy đủ phụ kiện từ nhà sản xuất",,,,CellphoneS,,,,,,,,,
https://cellphones.com.vn/google-pixel-4-xl.html,Google Pixel 4 XL,Tin đồn - Mới ra,Giá Liên Hệ,,,,"Camera rộng: 8 MP, f/2.0, 22mm, 1,22µm, không AF
TOF 3D","Camera góc rộng: 12,2 MP, f/1.7, 27mm, 1 / 2.55 "", 1.4µm, PDAF pixel kép, OIS
Camera tele; 16 MP, f/2.4, 50mm, 1 / 3.6"", 1.0µm, PDAF, OIS, 2x zoom quang học","1x2,84 GHz Kryo 485 & 3x2,42 GHz Kryo 485 & 4x1,78 GHz Kryo 485",,,3040x1440,,6.3,"Mới, đầy đủ phụ kiện từ nhà sản xuất",,,,CellphoneS,,,,,,,,,
https://cellphones.com.vn/sony-xperia-x-compact.html,Sony Xperia X Compact,Sony,Giá Liên Hệ,,,,5 MP,"Camera góc rộng: 23 MP, f/2.0, 24mm, 1/2.3"", PDAF",2 nhân 1.8 GHz & 4 nhân 1.44 GHz,,,720x1280,,4.6,"Mới, đầy đủ phụ kiện từ nhà sản xuất",,,,CellphoneS,,,,,,,,,
https://cellphones.com.vn/oppo-a2.html,OPPO A2,Tin đồn - Mới ra,Giá Liên Hệ,,,,"Camera gốc rộng: 8 MP, f/2.0","Camera chính: 50 MP, f/1.8, PDAF
Camera đo độ sâu: 2 MP, f/2.4",2x2.2 GHz Cortex-A76 & 6x2.0 GHz Cortex-A55,,,1080x2400,,6.72,"Mới, đầy đủ phụ kiện từ nhà sản xuất",,,,CellphoneS,,,,,,,,,
https://cellphones.com.vn/xiaomi-redmi-k50-pro.html,Xiaomi Redmi K50 Pro,Tin đồn - Mới ra,Giá Liên Hệ,,,,Camera gốc rộng: 20 MP,"Camera gốc rộng: 108 MP, PDAF
camera gốc cực rộng: OIS 8 MP, 119˚
Camera Macro: 2 MP, f/2.4","1x3,05 GHz Cortex-X2 & 3x2,85 GHz Cortex-A710 & 4x1.80 GHz Cortex-A510",,,3200x1440,,6.66,"Mới, đầy đủ phụ kiện từ nhà sản xuất",,,,CellphoneS,,,,,,,,,
https://cellphones.com.vn/dien-thoai-xiaomi-redmi-note-13s.html,Xiaomi Redmi Note 13s,Tin đồn - Mới ra,Giá Liên Hệ,,,,13 MP,50 MP + 8 MP,,,,,,6.6,"Mới, đầy đủ phụ kiện từ nhà sản xuất",,,,CellphoneS,,,,,,,,,
https://cellphones.com.vn/vivo-x100.html,Vivo X100,Tin đồn - Mới ra,Giá Liên Hệ,,,,,,,,,,,,"Mới, đầy đủ phụ kiện từ nhà sản xuất",,,,CellphoneS,,,,,,,,,
https://www.thegioididong.com/dtdd/samsung-galaxy-a56,Điện thoại Samsung Galaxy A56 5G 12GB/256GB,Samsung,113900000,-5%,1100.0,5000.0,12 MP,"Chính 50 MP & Phụ 12 MP, 5 MP",AMD Ariel 2WGP-1RB 1.3 GHz,Type-C,12.0,1080x2340,,6.7,Bảo hành chính hãng điện thoại 1 năm tại các trung tâm bảo hành hãng Xem địa chỉ bảo hành,5.0,4.0,"Samsung Galaxy A56 là chiếc điện thoại hiện đại với thiết kế đẹp, bền bỉ và hiệu năng mạnh mẽ. Máy sở hữu camera sắc nét, pin lâu, cùng nhiều tính năng thông minh, giúp bạn làm việc, giải trí và kết nối dễ dàng. Đây là lựa chọn lý tưởng cho những ai cần một chiếc smartphone linh hoạt, đáp ứng tốt mọi nhu cầu hàng ngày.",TheGioiDiDong,334932.0,,,,,,,,
https://www.thegioididong.com/dtdd/oppo-reno13-5g,Điện thoại OPPO Reno13 5G 12GB/256GB,OPPO,149900000,-6%,1300.0,5600.0,50 MP,"Chính 50 MP & Phụ 8 MP, 2 MP",Mali-G615,Type-C,12.0,1x5,,6.59,Bảo hành chính hãng điện thoại 1 năm tại các trung tâm bảo hành hãng Xem địa chỉ bảo hành,5.0,13.0,,TheGioiDiDong,332934.0,,,,,,,,
https://www.thegioididong.com/dtdd/samsung-galaxy-a06-5g-6gb-128gb,Điện thoại Samsung Galaxy A06 5G 6GB/128GB,Samsung,44900000,,1900.0,5000.0,8 MP,Chính 50 MP & Phụ 2 MP,Mali-G57,Type-C,6.0,720x1600,,6.7,Bảo hành chính hãng điện thoại 1 năm tại các trung tâm bảo hành hãng Xem địa chỉ bảo hành,5.0,1.0,"Samsung Galaxy A06 5G 6GB/128GB là một sản phẩm nổi bật trong phân khúc phổ thông, kết hợp tốc độ kết nối 5G ấn tượng với hiệu năng mượt mà, màn hình chất lượng cao và thời lượng pin ấn tượng. Đây là sự lựa chọn hoàn hảo cho người dùng muốn khám phá công nghệ tiên tiến với mức giá phải chăng.",TheGioiDiDong,335234.0,,,,,,,,
https://www.thegioididong.com/dtdd/tcl-605-4-128gb,Điện thoại TCL 605 4GB/128GB,TCL,23900000,-4%,1900.0,,,,,,,,,,,4.9,,,TheGioiDiDong,336743.0,,,,,,,,
https://www.thegioididong.com/dtdd/realme-13-plus-5g,Điện thoại realme 13+ 5G 12GB/256GB,realme,99900000,,10500.0,5000.0,16 MP,"Chính 50 MP & Phụ 2 MP, Flicker",Mali-G615,Type-C,12.0,1080x2400,,6.67,Bảo hành chính hãng điện thoại 1 năm tại các trung tâm bảo hành hãng Xem địa chỉ bảo hành,5.0,4.0,"realme 13+ 5G mang trong mình sức mạnh hiệu năng đỉnh cao, thiết kế tinh tế và những công nghệ hàng đầu. Với chip Dimensity 7300 Energy 5G, màn hình OLED 120 Hz, RAM siêu lớn lên đến 26 GB và sạc nhanh 80W, đây là chiếc điện thoại không chỉ phục vụ mọi nhu cầu của bạn mà còn mang đến trải nghiệm vượt ngoài mong đợi.",TheGioiDiDong,330619.0,,,,,,,,
https://www.thegioididong.com/dtdd/oppo-reno12-f-5g-12gb-256gb,Điện thoại OPPO Reno12 F 5G 12GB/256GB,OPPO,79900000,-20%,10600.0,5000.0,32 MP,"Chính 50 MP & Phụ 8 MP, 2 MP",Mali-G57 MC2,Type-C,12.0,1080x2400,,6.67,Bảo hành chính hãng điện thoại 1 năm tại các trung tâm bảo hành hãng Xem địa chỉ bảo hành,4.9,44.0,"OPPO Reno12 F 12GB là chiếc smartphone hiện đại, mang đến sự kết hợp hoàn hảo giữa thiết kế thanh lịch và hiệu năng mạnh mẽ. Với các tính năng tiên tiến và công nghệ sạc nhanh, Reno12 F hứa hẹn mang lại trải nghiệm tuyệt vời cho người dùng trong mọi hoạt động hằng ngày.",TheGioiDiDong,327190.0,,,,,,,,
https://www.thegioididong.com/dtdd/masstel-s9,Điện thoại Masstel S9 6GB/256GB,Masstel,28900000,-3%,10700.0,5000.0,8 MP,"Chính 50 MP & Phụ 2 MP, CIF",Mali-G57,Type-C,6.0,720x1600,,6.67,Bảo hành chính hãng điện thoại 1 năm tại các trung tâm bảo hành hãng Xem địa chỉ bảo hành,4.9,3.0,,TheGioiDiDong,336409.0,,,,,,,,
https://www.thegioididong.com/dtdd/iphone-15-pro-max,Điện thoại iPhone 15 Pro Max 256GB,iPhone (Apple),299900000,-3%,10800.0,4422.0,12 MP,"Chính 48 MP & Phụ 12 MP, 12 MP",Apple GPU 6 nhân,Type-C,8.0,1290x2796,,6.7,Bảo hành chính hãng điện thoại 1 năm tại các trung tâm bảo hành hãng Xem địa chỉ bảo hành,4.9,264.0,,TheGioiDiDong,305658.0,,,,,,,,
https://www.thegioididong.com/dtdd/vivo-y04,Điện thoại vivo Y04 4GB/128GB,vivo,34900000,,10900.0,5500.0,5 MP,Chính 13 MP & Phụ 0.08 MP,Mali-G52,Type-C,4.0,720x1600,,6.74,Hư gì đổi nấy 12 tháng tại 2957 siêu thị toàn quốc (miễn phí tháng đầu) Xem chi tiết,4.9,,"vivo Y04 không chỉ gây ấn tượng với viên pin 5500 mAh mạnh mẽ, mà còn được thiết kế để bền bỉ theo thời gian. Với độ bền đạt chuẩn quân đội cùng khả năng kháng bụi và nước IP64, mẫu smartphone này sẵn sàng đồng hành cùng bạn trong mọi điều kiện sử dụng, từ công việc hàng ngày đến những chuyến đi xa.",TheGioiDiDong,335228.0,,,,,,,,
https://www.thegioididong.com/dtdd/xiaomi-redmi-a5-3gb-64gb,Điện thoại Xiaomi Redmi A5 3GB/64GB,Xiaomi,25900000,-7%,109700.0,,,,,,,,,,,4.9,,,TheGioiDiDong,335917.0,,,,,,,,
https://www.thegioididong.com/dtdd/oppo-find-n5,Điện thoại OPPO Find N5 5G 16GB/512GB,OPPO,449900000,,11100.0,5600.0,8 MP,"Chính 50 MP & Phụ 50 MP, 8 MP",Adreno 830,Type-C,16.0,2248x2480,,8.12,Bảo hành chính hãng điện thoại 1 năm tại các trung tâm bảo hành hãng Xem địa chỉ bảo hành,4.9,2.0,"OPPO Find N5 nổi bật với thiết kế gập siêu mỏng, chỉ 8.93 mm khi gập và 4.21 mm khi mở, cùng màn hình lớn 8.12 inch. Máy trang bị chip Snapdragon 8 Elite, viên pin 5600 mAh mỏng nhất thế giới, bản lề hợp kim titan bền bỉ và khả năng kháng nước IPX6, IPX8, IPX9. Đặc biệt, đây là điện thoại gập đầu tiên kết nối liền mạch với MacOS, mang đến trải nghiệm mạnh mẽ và linh hoạt.",TheGioiDiDong,334938.0,,,,,,,,
https://www.thegioididong.com/dtdd/vivo-v50-lite,Điện thoại vivo V50 Lite 8GB/256GB,vivo,89900000,,118.0,,,,,,,,,,,5.0,,,TheGioiDiDong,336702.0,,,,,,,,
https://www.thegioididong.com/dtdd/iphone-16-plus,Điện thoại iPhone 16 Plus 128GB,iPhone (Apple),221900000,-14%,12400.0,,12 MP,Chính 48 MP & Phụ 12 MP,Apple GPU 5 nhân,Type-C,8.0,1290x2796,,6.7,Bảo hành chính hãng điện thoại 1 năm tại các trung tâm bảo hành hãng Xem địa chỉ bảo hành,4.9,4.0,,TheGioiDiDong,329138.0,,,,,,,,
https://www.thegioididong.com/dtdd/samsung-galaxy-s24-fe-8gb-256gb,Điện thoại Samsung Galaxy S24 FE 5G 8GB/256GB,Samsung,138900000,-24%,12700.0,4700.0,10 MP,"Chính 50 MP & Phụ 12 MP, 8 MP",Xclipse 940,Type-C,8.0,1080x2340,,6.7,Bảo hành chính hãng điện thoại 1 năm tại các trung tâm bảo hành hãng Xem địa chỉ bảo hành,4.9,8.0,"Samsung Galaxy S24 FE 256GB mang đến sự nâng cấp vượt trội về hiệu suất và trải nghiệm người dùng. Với vi xử lý Exynos 2400e, máy không chỉ hoạt động mạnh mẽ mà còn tối ưu tốt cho các ứng dụng AI. Bên cạnh đó, màn hình rộng và camera chất lượng cao là những điểm nổi bật khiến Galaxy S24 FE trở nên hấp dẫn.",TheGioiDiDong,329785.0,,,,,,,,
https://www.thegioididong.com/dtdd/samsung-galaxy-a55-5g-8-256,Điện thoại Samsung Galaxy A55 5G 8GB/256GB,Samsung,86900000,-20%,12800.0,5000.0,32 MP,"Chính 50 MP & Phụ 12 MP, 5 MP",AMD Titan 1WGP,Type-C,8.0,1080x2340,,6.6,Bảo hành chính hãng điện thoại 1 năm tại các trung tâm bảo hành hãng Xem địa chỉ bảo hành,4.9,75.0,"Samsung Galaxy A55 5G (8GB/256GB) một thành viên mới nhất trong dòng sản phẩm A series, hứa hẹn mang đến nhiều tính năng tiên tiến cùng với kết nối 5G tốc độ cao. Sản phẩm được trình làng với mục tiêu cung cấp một chiếc điện thoại thông minh cao cấp, đa chức năng nhưng với mức giá phải chăng.",TheGioiDiDong,322670.0,,,,,,,,
https://www.thegioididong.com/dtdd/realme-c65s-8gb-128gb,Điện thoại realme C65s 8GB/128GB,realme,47900000,,124500.0,5000.0,8 MP,Chính 50 MP & Cảm biến Flicker,Mali-G57,Type-C,8.0,720x1600,,6.745,Bảo hành chính hãng điện thoại 1 năm tại các trung tâm bảo hành hãng Xem địa chỉ bảo hành,4.9,10.0,"realme C65s 8GB/128GB là sự lựa chọn lý tưởng với hiệu năng mạnh mẽ, thiết kế hiện đại và pin lâu. Màn hình rộng, camera rõ nét và pin 5000 mAh hỗ trợ sạc nhanh 45W giúp người dùng thoải mái sử dụng, mang lại trải nghiệm mượt mà và tiện lợi.",TheGioiDiDong,328625.0,,,,,,,,
https://www.thegioididong.com/dtdd/honor-200-12gb-256gb,Điện thoại HONOR 200 5G 12GB/256GB,HONOR,114900000,-11%,127700.0,5200.0,50 MP,"Chính 50 MP & Phụ 50 MP, 12 MP",Adreno 720,Type-C,12.0,1x5,,6.7,Bảo hành chính hãng điện thoại 18 tháng tại các trung tâm bảo hành hãng Xem địa chỉ bảo hành,4.9,5.0,"HONOR 200 5G 12GB/256GB là lựa chọn lý tưởng cho những ai yêu thích chụp ảnh với độ sắc nét ấn tượng và nhiều chế độ lung linh. Máy có màn hình sống động kết hợp cùng khả năng chụp ảnh chuyên nghiệp, đảm bảo mọi khoảnh khắc đều được ghi lại hoàn hảo.",TheGioiDiDong,329133.0,,,,,,,,
https://www.thegioididong.com/dtdd/oppo-a3-8gb-128gb,Điện thoại OPPO A3 8GB/128GB,OPPO,52900000,,13900.0,5100.0,5 MP,Chính 50 MP & Cảm biến Flicker,Adreno 610,Type-C,8.0,720x1604,,6.67,Bảo hành chính hãng điện thoại 1 năm tại các trung tâm bảo hành hãng Xem địa chỉ bảo hành,4.9,24.0,"OPPO A3 8GB/128GB mang đến một trải nghiệm sử dụng mượt mà và an toàn. Thiết kế bền bỉ theo tiêu chuẩn quân sự và khả năng kháng nước IP54 cho phép thiết bị vượt qua mọi thử thách, từ những buổi dã ngoại đến những cơn mưa bất chợt.",TheGioiDiDong,328454.0,,,,,,,,
https://www.thegioididong.com/dtdd/viettel-sumo-4g-t2,Điện thoại Viettel Sumo 4G T2,Viettel,5500000,,130199.0,1400.0,,0.08 MP,,Type-C,48.0,240x320,,2.4,Bảo hành chính hãng điện thoại 1 năm tại các trung tâm bảo hành hãng Xem địa chỉ bảo hành,4.9,10.0,"Viettel Sumo 4G T2 là một chiếc điện thoại phổ thông được thiết kế để đáp ứng nhu cầu liên lạc cốt lõi trong kỷ nguyên số. Tập trung vào nghe gọi, nhắn tin và các tiện ích cơ bản, điểm nhấn quan trọng nhất của sản phẩm này là khả năng kết nối mạng 4G tốc độ cao.",TheGioiDiDong,330028.0,,,,,,,,
https://www.thegioididong.com/dtdd/vivo-y28,Điện thoại vivo Y28 8GB/128GB,vivo,57900000,,14100.0,6000.0,8 MP,Chính 50 MP & Phụ 2 MP,Mali-G52,Type-C,8.0,720x1608,,6.68,Bảo hành chính hãng điện thoại 1 năm tại các trung tâm bảo hành hãng Xem địa chỉ bảo hành,4.9,27.0,"Mang một thiết kế hiện đại, thời thượng, hệ thống camera sắc nét, viên pin khủng 6000 mAh, hiệu năng ổn định lâu dài,... vivo Y28 8GB/128GB sẽ là lựa chọn hàng đầu cho các nhu cầu sử dụng, giải trí cơ bản của người dùng.",TheGioiDiDong,326016.0,,,,,,,,
https://www.thegioididong.com/dtdd/iphone-16,Điện thoại iPhone 16 128GB,iPhone (Apple),190900000,-16%,14500.0,22.0,12 MP,Chính 48 MP & Phụ 12 MP,Apple GPU 5 nhân,Type-C,8.0,1179x2556,,6.1,Bảo hành chính hãng điện thoại 1 năm tại các trung tâm bảo hành hãng Xem địa chỉ bảo hành,4.9,13.0,,TheGioiDiDong,329135.0,,,,,,,,
https://www.thegioididong.com/dtdd/xiaomi-15,Điện thoại Xiaomi 15 5G 12GB/512GB,Xiaomi,249900000,-7%,140.0,5240.0,32 MP,3 camera 50 MP,Adreno 830,Type-C,12.0,1x5,,6.36,Bảo hành chính hãng điện thoại 2 năm tại các trung tâm bảo hành hãng Xem địa chỉ bảo hành,5.0,2.0,"Xiaomi 15 512GB mang đến một bước tiến lớn về chất lượng, hiệu năng và camera, khẳng định vị thế trong phân khúc flagship. Với những cải tiến đáng chú ý về vật liệu, màn hình và công nghệ AI, sản phẩm này hứa hẹn đáp ứng tốt đa dạng nhu cầu của người dùng từ công việc đến giải trí.",TheGioiDiDong,320336.0,,,,,,,,
https://www.thegioididong.com/dtdd/oppo-a5-pro,Điện thoại OPPO A5 Pro 8GB/256GB,OPPO,69900000,,141500.0,5800.0,8 MP,Chính 50 MP & Phụ 2 MP,Adreno 610,Type-C,8.0,720x1604,,6.67,"Bộ sản phẩm gồm: Ốp lưng, Sách hướng dẫn, Hộp, Cáp Type C, Củ sạc nhanh Type C, Cây lấy sim",4.9,13.0,"OPPO A5 Pro mang đến trải nghiệm mượt mà với màn hình 90 Hz, hiệu năng vượt trội nhờ Snapdragon và hệ thống camera sắc nét cho từng chi tiết. Cùng với pin 5800 mAh bền bỉ, chiếc điện thoại này sẽ giúp bạn hoàn thành mọi tác vụ và giải trí một cách dễ dàng, không lo gián đoạn.",TheGioiDiDong,334323.0,,,,,,,,
https://www.thegioididong.com/dtdd/xiaomi-redmi-note-14-pro,Điện thoại Xiaomi Redmi Note 14 Pro 8GB/256GB,Xiaomi,79900000,,143.0,,,,,,,,,,,5.0,,,TheGioiDiDong,320730.0,,,,,,,,
https://www.thegioididong.com/dtdd/samsung-galaxy-m35-5g,Điện thoại Samsung Galaxy M35 5G 8GB/256GB,Samsung,87900000,,15100.0,6000.0,13 MP,"Chính 50 MP & Phụ 8 MP, 2 MP",Mali-G68 MP5,Type-C,8.0,1080x2340,,6.6,Bảo hành chính hãng điện thoại 1 năm tại các trung tâm bảo hành hãng Xem địa chỉ bảo hành,4.9,55.0,"Samsung Galaxy M35 5G đem đến những công nghệ tiên tiến như màn hình Super AMOLED, dung lượng pin “khủng” 6000 mAh và vi xử lý Exynos 1380 8 nhân được sản xuất trên quy trình 5 nm tân tiến, giúp máy đáp ứng tốt những tác vụ ngày càng đa dạng và khắt khe của người dùng.",TheGioiDiDong,323563.0,,,,,,,,
https://www.thegioididong.com/dtdd/vivo-y19s-6gb-128gb,Điện thoại vivo Y19s 6GB/128GB,vivo,42900000,,15200.0,5500.0,5 MP,Chính 50 MP & Phụ 0.08 MP,Mali-G57,Type-C,6.0,720x1608,,6.68,Bảo hành chính hãng điện thoại 1 năm tại các trung tâm bảo hành hãng Xem địa chỉ bảo hành,4.9,8.0,"vivo Y19s 6GB/128GB là lựa chọn hoàn hảo cho những ai tìm kiếm một smartphone mạnh mẽ, thiết kế thu hút và viên pin bền bỉ. Sản phẩm không chỉ đáp ứng tốt nhu cầu sử dụng hàng ngày mà còn có khả năng chống va đập hiệu quả, mang đến sự yên tâm và bảo vệ cho người dùng.",TheGioiDiDong,331200.0,,,,,,,,
https://www.thegioididong.com/dtdd/iphone-13,Điện thoại iPhone 13 128GB,iPhone (Apple),116900000,-22%,15300.0,3240.0,12 MP,2 camera 12 MP,Apple GPU 4 nhân,Lightning,4.0,1170x2532,,6.1,Bảo hành chính hãng điện thoại 1 năm tại các trung tâm bảo hành hãng Xem địa chỉ bảo hành,4.9,645.0,"Trong khi sức hút đến từ bộ 4 phiên bản iPhone 12 vẫn chưa nguội đi, thì hãng điện thoại Apple đã mang đến cho người dùng một siêu phẩm mới iPhone 13 series với nhiều cải tiến thú vị sẽ mang lại những trải nghiệm hấp dẫn nhất cho người dùng.",TheGioiDiDong,223602.0,,,,,,,,
https://www.thegioididong.com/dtdd/samsung-galaxy-s25,Điện thoại Samsung Galaxy S25 5G 12GB/256GB,Samsung,196900000,-14%,15300.0,4000.0,12 MP,"Chính 50 MP & Phụ 12 MP, 10 MP",Adreno 830,Type-C,12.0,1080x2340,,6.2,Bảo hành chính hãng điện thoại 1 năm tại các trung tâm bảo hành hãng Xem địa chỉ bảo hành,4.9,8.0,"Trong sự kiện Unpacked 2025, Samsung giới thiệu Samsung Galaxy S25 - một bước đột phá với thiết kế hiện đại, camera vượt trội và hiệu suất mạnh mẽ. Được trang bị chip Snapdragon 8 Elite For Galaxy tích hợp AI, máy mang đến khả năng tối ưu hóa hiệu năng vượt bậc, đáp ứng mọi nhu cầu của người dùng, đồng thời thể hiện đẳng cấp trong từng chi tiết.",TheGioiDiDong,333363.0,,,,,,,,
https://www.thegioididong.com/dtdd/realme-c75x,Điện thoại realme C75x 8GB/128GB,realme,52900000,,15400.0,5600.0,5 MP,Chính 50 MP & Cảm biến Flicker,Mali-G52,Type-C,8.0,720x1604,,6.67,Hư gì đổi nấy 12 tháng tại 2957 siêu thị toàn quốc (miễn phí tháng đầu) Xem chi tiết,4.9,1.0,"Trong bối cảnh thị trường ngày càng cạnh tranh, realme tiếp tục khẳng định vị thế với realme C75x - một sản phẩm sở hữu thiết kế bắt mắt, độ bền cao, hiệu năng mạnh mẽ và thời lượng pin ấn tượng, hứa hẹn trở thành lựa chọn đáng giá trong phân khúc giá tốt, đáp ứng nhu cầu ngày càng cao của người dùng hiện đại.",TheGioiDiDong,335307.0,,,,,,,,
https://www.thegioididong.com/dtdd/xiaomi-redmi-note-14-pro-5g,Điện thoại Xiaomi Redmi Note 14 Pro 5G 8GB/256GB,Xiaomi,94900000,,164400.0,,,,,,,,,,,4.9,,,TheGioiDiDong,332938.0,,,,,,,,
https://www.thegioididong.com/dtdd/iphone-16-pro-max,Điện thoại iPhone 16 Pro Max 256GB,iPhone (Apple),305900000,-12%,18400.0,33.0,12 MP,"Chính 48 MP & Phụ 48 MP, 12 MP",Apple GPU 6 nhân,Type-C,8.0,1320x2868,,6.9,Bảo hành chính hãng điện thoại 1 năm tại các trung tâm bảo hành hãng Xem địa chỉ bảo hành,4.9,129.0,,TheGioiDiDong,329149.0,,,,,,,,
https://www.thegioididong.com/dtdd/oppo-reno12-f-4g-8gb-256gb,Điện thoại OPPO Reno12 F 8GB/256GB,OPPO,84900000,,18600.0,5000.0,32 MP,"Chính 50 MP & Phụ 8 MP, 2 MP",Adreno 610,Type-C,8.0,1080x2400,,6.67,Bảo hành chính hãng điện thoại 1 năm tại các trung tâm bảo hành hãng Xem địa chỉ bảo hành,4.9,15.0,"OPPO Reno12 F 4G kết hợp hài hòa giữa công nghệ hiện đại và thiết kế tinh tế. Màn hình AMOLED cùng với AI thông minh tạo nên một tổng thể hoàn hảo, đáp ứng mọi nhu cầu của người dùng. Dung lượng pin lớn đảm bảo bạn luôn kết nối với thế giới xung quanh.",TheGioiDiDong,328306.0,,,,,,,,
https://www.thegioididong.com/dtdd/xiaomi-redmi-a3,Điện thoại Xiaomi Redmi A3 3GB/64GB,Xiaomi,24900000,,181500.0,5000.0,5 MP,Chính 8 MP & Phụ 0.08 MP,IMG PowerVR GE8320,Type-C,3.0,720x1650,,6.71,Bảo hành chính hãng điện thoại 18 tháng tại các trung tâm bảo hành hãng Xem địa chỉ bảo hành,4.9,35.0,"Xiaomi Redmi A3 là một sản phẩm giá rẻ vừa được Xiaomi ra mắt trong dịp đầu năm 2024, máy nổi trội nhờ có mức giá tốt nhưng lại sở hữu một vài điểm nổi bật. Đặc biệt, máy tích hợp viên pin 5000 mAh, có màn hình lớn 6.71 inch và có thêm tần số quét 90 Hz.",TheGioiDiDong,320734.0,,,,,,,,
https://www.thegioididong.com/dtdd/tecno-spark-30,Điện thoại Tecno Spark 30 8GB/128GB,Tecno,35900000,-7%,196.0,5000.0,13 MP,Chính 64 MP & Phụ 2 MP,,Type-C,,1080x2460,,6.78,Bảo hành chính hãng điện thoại 13 tháng tại các trung tâm bảo hành hãng Xem địa chỉ bảo hành,4.9,2.0,,TheGioiDiDong,334969.0,,,,,,,,
https://www.thegioididong.com/dtdd/samsung-galaxy-a26-6gb-128gb,Điện thoại Samsung Galaxy A26 5G 6GB/128GB,Samsung,62900000,-4%,1000.0,5000.0,13 MP,"Chính 50 MP & Phụ 8 MP, 2 MP",Mali-G68,Type-C,6.0,1080x2340,,6.7,Bảo hành chính hãng điện thoại 1 năm tại các trung tâm bảo hành hãng Xem địa chỉ bảo hành,5.0,2.0,"Samsung Galaxy A26 6GB/128GB trang bị màn hình 120 Hz mượt mà, chip Exynos 1380 mạnh mẽ và camera 50 MP OIS sắc nét, giúp ghi lại hình ảnh sống động. Máy có thiết kế hiện đại, pin 5000 mAh bền bỉ, sạc nhanh 25W và đạt chuẩn kháng nước, bụi IP67, mang đến sự bền bỉ và tiện lợi cho người dùng năng động.",TheGioiDiDong,335915.0,,,,,,,,
https://www.thegioididong.com/dtdd/samsung-galaxy-s25-ultra,Điện thoại Samsung Galaxy S25 Ultra 5G 12GB/256GB,Samsung,289900000,-14%,2400.0,5000.0,12 MP,"Chính 200 MP & Phụ 50 MP, 50 MP, 10 MP",Adreno 830,Type-C,12.0,2x1440,,6.9,Bảo hành chính hãng điện thoại 1 năm tại các trung tâm bảo hành hãng Xem địa chỉ bảo hành,4.9,14.0,"Samsung đã chính thức trình làng mẫu smartphone cao cấp mới mang tên Samsung Galaxy S25 Ultra. Đây là mẫu sản phẩm được kỳ vọng là “danh mục” chiến lược của Samsung trong năm 2025, hứa hẹn tiếp tục đẩy mạnh vị thế dẫn đầu của hãng trong ngành công nghiệp di động với thiết kế thẩm mỹ, cấu hình và trợ năng AI đỉnh cao.",TheGioiDiDong,333347.0,,,,,,,,
https://www.thegioididong.com/dtdd/oppo-find-x8-pro,Điện thoại OPPO Find X8 Pro 5G 16GB/512GB,OPPO,299900000,,2600.0,5910.0,32 MP,4 camera 50 MP,ARM Immortalis G925 MC12,Type-C,16.0,1x5,,6.78,Bảo hành chính hãng điện thoại 2 năm tại các trung tâm bảo hành hãng Xem địa chỉ bảo hành,4.9,3.0,"OPPO Find X8 Pro bước vào phân khúc cao cấp với thiết kế viền siêu mỏng, vỏ nhôm sang trọng, khả năng chống nước và bụi vượt trội. Máy còn được nâng cấp về camera, hiệu suất mạnh mẽ và thời lượng pin ấn tượng, mang đến trải nghiệm đáng giá.",TheGioiDiDong,322129.0,,,,,,,,
https://www.thegioididong.com/dtdd/xiaomi-redmi-13x-6gb-128gb,Điện thoại Xiaomi Redmi 13x 6GB/128GB,Xiaomi,42900000,,2700.0,5030.0,13 MP,Chính 108 MP & Phụ 2 MP,Mali-G52 MC2,Type-C,6.0,1080x2460,,6.79,Bảo hành chính hãng điện thoại 18 tháng tại các trung tâm bảo hành hãng Xem địa chỉ bảo hành,4.9,5.0,"Xiaomi Redmi 13x 6GB mang đến trải nghiệm toàn diện với hiệu năng mạnh mẽ, thiết kế tinh tế và camera 108 MP ấn tượng. Viên pin 5030 mAh cho thời gian sử dụng dài lâu, trong khi màn hình sắc nét và cấu hình tối ưu đảm bảo mọi tác vụ đều mượt mà. Đây là lựa chọn tuyệt vời cho những ai muốn sở hữu một chiếc smartphone chất lượng mà vẫn tiết kiệm chi phí.",TheGioiDiDong,335755.0,,,,,,,,
https://www.thegioididong.com/dtdd/samsung-galaxy-a16-5g,Điện thoại Samsung Galaxy A16 5G 8GB/256GB,Samsung,67900000,,2700.0,5000.0,13 MP,"Chính 50 MP & Phụ 5 MP, 2 MP",Mali-G57,Type-C,8.0,1080x2340,,6.7,Bảo hành chính hãng điện thoại 1 năm tại các trung tâm bảo hành hãng Xem địa chỉ bảo hành,5.0,33.0,"Samsung Galaxy A16 5G là lựa chọn hoàn hảo cho những ai tìm kiếm sự kết hợp giữa hiệu năng mạnh mẽ và thiết kế thời thượng. Với màn hình Super AMOLED sắc nét, chip MediaTek Dimensity 6300 5G cùng RAM 8GB, Galaxy A16 5G không chỉ mang đến trải nghiệm giải trí và công việc tối ưu mà còn bền bỉ, an toàn cho dữ liệu cá nhân.",TheGioiDiDong,331204.0,,,,,,,,
https://www.thegioididong.com/dtdd/iphone-15-plus,Điện thoại iPhone 15 Plus 128GB,iPhone (Apple),193900000,-15%,207100.0,4383.0,12 MP,Chính 48 MP & Phụ 12 MP,Apple GPU 5 nhân,Type-C,6.0,1290x2796,,6.7,Bảo hành chính hãng điện thoại 1 năm tại các trung tâm bảo hành hãng Xem địa chỉ bảo hành,4.9,49.0,,TheGioiDiDong,303891.0,,,,,,,,
https://www.thegioididong.com/dtdd/oppo-a3x-4gb-64gb,Điện thoại OPPO A3x 4GB/64GB,OPPO,34900000,,22900.0,5100.0,5 MP,Chính 8 MP & Cảm biến Flicker,Adreno 610,Type-C,4.0,720x1604,,6.67,Bảo hành chính hãng điện thoại 1 năm tại các trung tâm bảo hành hãng Xem địa chỉ bảo hành,4.9,53.0,"OPPO A3x 4GB/64GB không chỉ sở hữu thiết kế bền bỉ mà còn nổi bật với màn hình sáng rực rỡ, cùng sự mạnh mẽ từ chip Snapdragon đời mới. Với pin dung lượng 5100 mAh, khả năng kháng nước và sạc nhanh 45W, cộng thêm camera thông minh, thiết bị này sẵn sàng đáp ứng trọn vẹn mọi nhu cầu hằng ngày của bạn.",TheGioiDiDong,328449.0,,,,,,,,
https://www.thegioididong.com/dtdd/honor-x6b-6gb-128gb,Điện thoại HONOR X6b 6GB/128GB Tím,HONOR,38900000,,22900.0,5200.0,5 MP,Chính 50 MP & Phụ 2 MP,Mali-G52 MC2,Type-C,6.0,720x1612,,6.56,Bảo hành chính hãng điện thoại 18 tháng tại các trung tâm bảo hành hãng Xem địa chỉ bảo hành,4.9,8.0,"HONOR X6b 6GB/128GB Tím là chiếc điện thoại thông minh nổi bật trong phân khúc giá rẻ, với sự kết hợp giữa hiệu năng mạnh mẽ, camera AI 50 MP sắc nét và pin dung lượng lớn 5200 mAh. Thiết kế hiện đại cùng nhiều tính năng tiện ích giúp HONOR X6b mang lại trải nghiệm tuyệt vời cho người dùng.",TheGioiDiDong,327258.0,,,,,,,,
https://www.thegioididong.com/dtdd/samsung-galaxy-s25-edge-5g-512gb,Điện thoại Samsung Galaxy S25 Edge 5G 12GB/512GB,Samsung,334900000,,22000.0,,,,,,,,,,,4.9,,,TheGioiDiDong,335955.0,,,,,,,,
https://www.thegioididong.com/dtdd/xiaomi-15-ultra-trang,Điện thoại Xiaomi 15 Ultra 5G 16GB/512GB Trắng,Xiaomi,329900000,-5%,232400.0,5410.0,32 MP,"Chính 50 MP & Phụ 200 MP, 50 MP, 50 MP",Adreno 830,Type-C,16.0,2x1440,,6.73,Bảo hành chính hãng điện thoại 2 năm tại các trung tâm bảo hành hãng Xem địa chỉ bảo hành,4.9,,"Trong những năm gần đây, dòng Ultra của Xiaomi đã trở thành biểu tượng của công nghệ tiên tiến và thiết kế cao cấp. Với sự thành công của phiên bản trước, Xiaomi 15 Ultra Trắng đã được kế thừa và nâng cấp về màn hình, hiệu năng và hệ thống camera.",TheGioiDiDong,334844.0,,,,,,,,
https://www.thegioididong.com/dtdd/tecno-spark-go-1,Điện thoại Tecno Spark GO 1 3GB/64GB,Tecno,19900000,-9%,24300.0,5000.0,8 MP,Chính 13 MP & Phụ AI,,Type-C,3.0,720x1600,,6.67,Bảo hành chính hãng điện thoại 13 tháng tại các trung tâm bảo hành hãng Xem địa chỉ bảo hành,4.9,38.0,"Tecno Spark GO 1 là chiếc smartphone nổi bật với màn hình lớn 6.67 inch, tần số quét 120 Hz, loa kép DTS mang đến âm thanh sống động và viên pin 5000 mAh bền bỉ. Với thiết kế tinh tế, kháng nước và bụi chuẩn IP54, cùng hiệu năng ổn định, sản phẩm này hứa hẹn đáp ứng nhu cầu sử dụng hàng ngày một cách mượt mà.",TheGioiDiDong,329865.0,,,,,,,,
https://www.thegioididong.com/dtdd/iphone-14,Điện thoại iPhone 14 128GB,iPhone (Apple),126900000,-29%,243000.0,3279.0,12 MP,2 camera 12 MP,Apple GPU 5 nhân,Lightning,6.0,1170x2532,,6.1,Bảo hành chính hãng điện thoại 1 năm tại các trung tâm bảo hành hãng Xem địa chỉ bảo hành,4.9,147.0,"iPhone 14 128GB được xem là mẫu smartphone bùng nổ của nhà táo trong năm 2022, ấn tượng với ngoại hình trẻ trung, màn hình chất lượng đi kèm với những cải tiến về hệ điều hành và thuật toán xử lý hình ảnh, giúp máy trở thành cái tên thu hút được đông đảo người dùng quan tâm tại thời điểm ra mắt.",TheGioiDiDong,240259.0,,,,,,,,
https://www.thegioididong.com/dtdd/vivo-v50-lite-5g,Điện thoại vivo V50 Lite 5G 8GB/256GB,vivo,99900000,,244.0,,,,,,,,,,,5.0,,,TheGioiDiDong,336408.0,,,,,,,,
https://www.thegioididong.com/dtdd/realme-c75-8gb-128gb,Điện thoại realme C75 8GB/128GB,realme,56900000,,25400.0,6000.0,8 MP,Chính 50 MP & Cảm biến Flicker,Adreno 640,Type-C,8.0,1080x2400,,6.72,Bảo hành chính hãng điện thoại 1 năm tại các trung tâm bảo hành hãng Xem địa chỉ bảo hành,4.9,20.0,"realme C75 là smartphone nổi bật với pin dung lượng lớn, màn hình 90 Hz mượt mà và chuẩn kháng nước, bụi IP69. Những tính năng này không chỉ giúp trải nghiệm sử dụng mượt mà, mà còn đảm bảo độ bền lâu dài, phù hợp cho người dùng yêu cầu sự bền bỉ và hiệu suất ổn định.",TheGioiDiDong,332234.0,,,,,,,,
https://www.thegioididong.com/dtdd/vivo-y18-4gb-128gb,Điện thoại vivo Y18 4GB/128GB,vivo,39900000,,25400.0,5000.0,8 MP,Chính 50 MP & Phụ 0.08 MP,Mali-G52,Type-C,4.0,720x1612,,6.56,Bảo hành chính hãng điện thoại 1 năm tại các trung tâm bảo hành hãng Xem địa chỉ bảo hành,4.9,2.0,"vivo Y18 4GB/128GB là một chiếc smartphone từ thương hiệu nổi tiếng, được tối ưu hóa để mang lại trải nghiệm tốt nhất cho người dùng. Với dung lượng pin lớn 5000 mAh và hiệu năng mượt mà, sản phẩm này sẽ đáp ứng nhu cầu của những người dùng khó tính.",TheGioiDiDong,327254.0,,,,,,,,
https://www.thegioididong.com/dtdd/nokia-105-4g-pro,Điện thoại Nokia 105 4G Pro,Nokia,6800000,,263400.0,1450.0,,,,Micro USB,48.0,120x160,,1.77,Bảo hành chính hãng điện thoại 1 năm tại các trung tâm bảo hành hãng Xem địa chỉ bảo hành,4.9,57.0,"Đi cùng với sự phát triển của những chiếc điện thoại thông minh thì mẫu điện thoại “cục gạch” cũng được các nhà sản xuất trau chuốt. Và Nokia 105 4G Pro mẫu điện thoại phổ thông được Nokia cho ra mắt, máy mang một thiết kế đơn giản, dễ sử dụng, khả năng nghe gọi rõ ràng và thời gian sử dụng dài lâu.",TheGioiDiDong,311033.0,,,,,,,,
https://www.thegioididong.com/dtdd/oppo-a60-128gb,Điện thoại OPPO A60 8GB/128GB,OPPO,54900000,,27800.0,5000.0,8 MP,Chính 50 MP & Phụ 2 MP,Adreno 610,Type-C,8.0,720x1604,,6.67,Bảo hành chính hãng điện thoại 1 năm tại các trung tâm bảo hành hãng Xem địa chỉ bảo hành,4.9,81.0,"OPPO A60 là một chiếc điện thoại được OPPO ra mắt trong thời gian gần đây. Với thiết kế vượt trội, màn hình chất lượng và các tính năng ấn tượng, OPPO A60 hứa hẹn mang đến cho người dùng trải nghiệm sử dụng độc đáo và đáng nhớ.",TheGioiDiDong,323543.0,,,,,,,,
https://www.thegioididong.com/dtdd/nokia-hmd-105-4g,Điện thoại Nokia HMD 105 4G,Nokia,6500000,,279500.0,1450.0,,,,Type-C,,120x160,,2.4,Bảo hành chính hãng điện thoại 1 năm tại các trung tâm bảo hành hãng Xem địa chỉ bảo hành,4.9,17.0,"Trong bối cảnh mạng 2G đang dần bị loại bỏ và nhiều người vẫn chưa quen với các smartphone hiện đại, Nokia HMD 105 4G chính là giải pháp hợp lý. Đây là chiếc điện thoại phổ thông, vừa giữ được sự quen thuộc với bàn phím T9 cổ điển, vừa hỗ trợ mạng 4G để đảm bảo kết nối thông suốt trong thời kỳ chuyển đổi số.",TheGioiDiDong,329676.0,,,,,,,,
https://www.thegioididong.com/dtdd/realme-14-5g,Điện thoại realme 14 5G 12GB/256GB,realme,104900000,,28700.0,,,,,,,,,,,4.9,,,TheGioiDiDong,336623.0,,,,,,,,
https://www.thegioididong.com/dtdd/samsung-galaxy-s24-256gb-5g,Điện thoại Samsung Galaxy S24 5G 8GB/256GB,Samsung,159900000,-23%,29400.0,4000.0,12 MP,"Chính 50 MP & Phụ 12 MP, 10 MP",Xclipse 940,Type-C,8.0,1080x2340,,6.2,Bảo hành chính hãng điện thoại 1 năm tại các trung tâm bảo hành hãng Xem địa chỉ bảo hành,4.9,51.0,"Trong sự kiện Unpacked 2024 diễn ra vào ngày 18/01, Samsung đã chính thức ra mắt chiếc điện thoại Samsung Galaxy S24. Sản phẩm này mang đến nhiều cải tiến độc đáo, bao gồm việc sử dụng chip mới của Samsung, tích hợp nhiều tính năng thông minh sử dụng trí tuệ nhân tạo và cải thiện đáng kể hiệu suất chụp ảnh từ hệ thống camera.",TheGioiDiDong,319665.0,,,,,,,,
https://www.thegioididong.com/dtdd/mobell-f309,Điện thoại Mobell F309 4G,Mobell,7600000,,29700.0,1600.0,,0.08 MP,,Micro USB,48.0,240x320,,2.31,Bảo hành chính hãng điện thoại 1 năm tại các trung tâm bảo hành hãng Xem địa chỉ bảo hành,4.9,62.0,"Chiếc điện thoại Mobell F309 là sự lựa chọn phù hợp cho khách hàng đang tìm kiếm một thiết bị di động nhỏ gọn để liên lạc, hỗ trợ mạng di động 4G VoLTE và có thể sử dụng hai SIM nano giúp cho nhu cầu liên lạc bằng việc nghe gọi/nhắn tin được đáp ứng tốt.",TheGioiDiDong,304608.0,,,,,,,,
https://www.thegioididong.com/dtdd/xiaomi-redmi-13-6gb-128gb,Điện thoại Xiaomi Redmi 13 6GB/128GB,Xiaomi,42900000,,2000.0,5030.0,13 MP,Chính 108 MP & Phụ 2 MP,Mali-G52 MC2,Type-C,6.0,1080x2460,,6.79,Bảo hành chính hãng điện thoại 18 tháng tại các trung tâm bảo hành hãng Xem địa chỉ bảo hành,4.9,89.0,"Xiaomi Redmi 13 6GB/128GB hứa hẹn sẽ là thiết bị smartphone giá rẻ gây bão tiếp theo của nhà Xiaomi với thiết kế mặt lưng kính cao cấp cùng bộ thông số ấn tượng như camera 108 MP, viên pin 5030 mAh, tần số quét 90 Hz, hiệu năng mạnh mẽ,... mang đến khả năng sử dụng hiệu quả cho người dùng với mức giá hợp lý.",TheGioiDiDong,325800.0,,,,,,,,
https://www.thegioididong.com/dtdd/vivo-y03,Điện thoại vivo Y03 4GB/128GB,vivo,32900000,,2000.0,5000.0,5 MP,Chính 13 MP & Phụ 0.08 MP,Mali-G52,Type-C,4.0,720x1612,,6.56,Bảo hành chính hãng điện thoại 1 năm tại các trung tâm bảo hành hãng Xem địa chỉ bảo hành,5.0,15.0,"vivo Y03 tiếp tục là một mẫu điện thoại giá rẻ được vivo ra mắt tại thị trường Việt Nam. Sản phẩm lần này mang đến một diện mạo đẹp mắt hơn các phiên bản trước đó, tiếp đến là cấu hình nâng cấp cùng viên pin lớn 5000 mAh.",TheGioiDiDong,322996.0,,,,,,,,
https://www.thegioididong.com/dtdd/xiaomi-redmi-note-14-pro-plus,Điện thoại Xiaomi Redmi Note 14 Pro+ 5G 8GB/256GB,Xiaomi,106900000,,3400.0,5110.0,20 MP,"Chính 200 MP & Phụ 8 MP, 2 MP",Đang cập nhật,Type-C,8.0,1x5,,6.67,Bảo hành chính hãng điện thoại 18 tháng tại các trung tâm bảo hành hãng Xem địa chỉ bảo hành,4.9,22.0,"Xiaomi khởi đầu năm mới tại Việt Nam với Redmi Note 14 Series, nổi bật là Redmi Note 14 Pro Plus. Máy sở hữu màn hình 3000 nits, chip Snapdragon 7s Gen 3 mạnh mẽ và hệ thống tản nhiệt hiện đại, mang lại trải nghiệm ấn tượng cho cả làm việc lẫn giải trí.",TheGioiDiDong,320731.0,,,,,,,,
https://www.thegioididong.com/dtdd/oppo-reno13-pro-5g,Điện thoại OPPO Reno13 Pro 5G 12GB/512GB,OPPO,184900000,,3500.0,5800.0,50 MP,"Chính 50 MP & Phụ 50 MP, 8 MP",Mali-G615,Type-C,12.0,1x5,,6.83,Bảo hành chính hãng điện thoại 1 năm tại các trung tâm bảo hành hãng Xem địa chỉ bảo hành,4.9,8.0,"OPPO Reno13 Pro 5G một sản phẩm nổi bật mới của nhà OPPO, hướng đến người dùng yêu thích chụp ảnh và chơi game. Sở hữu nhiều tính năng chụp đa dạng cùng viên pin lớn và chip xử lý hiện đại, chiếc điện thoại này sẽ thu hút sự chú ý của người dùng ngay từ ánh nhìn đầu tiên.",TheGioiDiDong,332937.0,,,,,,,,
https://www.thegioididong.com/dtdd/iphone-15,Điện thoại iPhone 15 128GB,iPhone (Apple),158900000,-20%,3700.0,3349.0,12 MP,Chính 48 MP & Phụ 12 MP,Apple GPU 5 nhân,Type-C,6.0,1179x2556,,6.1,Bảo hành chính hãng điện thoại 1 năm tại các trung tâm bảo hành hãng Xem địa chỉ bảo hành,4.9,69.0,,TheGioiDiDong,281570.0,,,,,,,,
https://www.thegioididong.com/dtdd/oppo-find-n3,Điện thoại OPPO Find N3 5G 16GB/512GB,OPPO,309900000,-31%,3800.0,4805.0,Trong: 20 MP & Ngoài: 32 MP,"Chính 48 MP & Phụ 48 MP, 64 MP",Adreno 740,Type-C,16.0,2x2268,,7.82,Bảo hành chính hãng điện thoại 1 năm tại các trung tâm bảo hành hãng Xem địa chỉ bảo hành,4.9,,"OPPO chính thức giới thiệu sản phẩm OPPO Find N3 5G, một chiếc điện thoại thông minh với thiết kế gập ngang hoàn toàn hiện đại và đẳng cấp, nổi bật với camera và hiệu năng đứng đầu. Đây là một bước đột phá của OPPO trong việc kết hợp sự tiện ích và thẩm mỹ tối ưu, đem lại trải nghiệm độc đáo cho người dùng.",TheGioiDiDong,302953.0,,,,,,,,
https://www.thegioididong.com/dtdd/xiaomi-redmi-note-14-5g,Điện thoại Xiaomi Redmi Note 14 5G 8GB/256GB,Xiaomi,72900000,,3900.0,5110.0,20 MP,"Chính 108 MP & Phụ 8 MP, 2 MP",IMG BXM-8-256,Type-C,8.0,1080x2400,,6.67,Bảo hành chính hãng điện thoại 18 tháng tại các trung tâm bảo hành hãng Xem địa chỉ bảo hành,4.9,1.0,"Xiaomi Redmi Note 14 5G là chiếc smartphone toàn diện với màn hình AMOLED 6.67 inch, tần số quét 120 Hz, vi xử lý MediaTek Dimensity 7025-Ultra và RAM 8 GB, đảm bảo hiệu năng mạnh mẽ. Camera chính 108 MP hỗ trợ OIS giúp chụp ảnh sắc nét, trong khi viên pin 5110 mAh cùng sạc nhanh 45W mang đến thời gian sử dụng bền bỉ.",TheGioiDiDong,335583.0,,,,,,,,
https://www.thegioididong.com/dtdd/itel-it9310,Điện thoại Itel it9310,Itel,5600000,-13%,3900.0,2000.0,,0.08 MP,,Type-C,16.0,,,3.0,Bảo hành chính hãng điện thoại 1 năm tại các trung tâm bảo hành hãng Xem địa chỉ bảo hành,4.9,19.0,"Itel it9310 là một mẫu điện thoại phổ thông nổi bật trong phân khúc giá rẻ. Điểm đặc biệt của chiếc máy này là khả năng kết nối mạng di động 4G, mang lại sự linh hoạt đáng kể cho người dùng cơ bản. Itel it9310 hướng đến những ai cần một thiết bị liên lạc đơn giản, bền bỉ nhưng vẫn đáp ứng nhu cầu kết nối hiện đại.",TheGioiDiDong,329840.0,,,,,,,,
https://www.thegioididong.com/dtdd/honor-x7c,Điện thoại HONOR X7c 8GB/256GB,HONOR,52900000,-3%,30000.0,6000.0,8 MP,Chính 108 MP & Phụ 2 MP,Adreno 610,Type-C,8.0,720x1610,,6.77,Bảo hành chính hãng điện thoại 18 tháng tại các trung tâm bảo hành hãng Xem địa chỉ bảo hành,4.9,10.0,"HONOR X7c là smartphone dành cho người dùng muốn sở hữu thiết bị bền bỉ, hiệu năng cao và thiết kế thanh lịch. Sản phẩm mang đến trải nghiệm tối ưu nhờ màn hình lớn, pin dung lượng cao, hiệu suất mạnh mẽ và khả năng chụp ảnh chất lượng cao, đáp ứng mọi nhu cầu sử dụng hằng ngày.",TheGioiDiDong,331512.0,,,,,,,,
https://www.thegioididong.com/dtdd/samsung-galaxy-a06-4gb-64gb,Điện thoại Samsung Galaxy A06 4GB/64GB,Samsung,30900000,-3%,32500.0,5000.0,8 MP,Chính 50 MP & Phụ 2 MP,Mali-G52,Type-C,4.0,720x1600,,6.7,Bảo hành chính hãng điện thoại 1 năm tại các trung tâm bảo hành hãng Xem địa chỉ bảo hành,4.9,18.0,"Samsung Galaxy A06 4GB/64GB mang đến sự kết hợp hoàn hảo giữa thiết kế tinh tế, hiệu năng mạnh mẽ và bảo mật cao cấp. Với màn hình 6.7 inch, camera 50 MP, pin bền bỉ cùng nhiều cải tiến vượt trội, Galaxy A06 là lựa chọn lý tưởng cho mọi nhu cầu sử dụng hằng ngày.",TheGioiDiDong,328752.0,,,,,,,,
https://www.thegioididong.com/dtdd/realme-note-60x-4gb,Điện thoại realme Note 60x 4GB/64GB,realme,29900000,,34800.0,5000.0,5 MP,8 MP,Mali-G57,Type-C,4.0,720x1600,,6.74,Bảo hành chính hãng điện thoại 1 năm tại các trung tâm bảo hành hãng Xem địa chỉ bảo hành,4.9,2.0,"realme Note 60x 4GB là chiếc smartphone hoàn hảo với thiết kế bền bỉ, màn hình IPS LCD 90 Hz sắc nét, viên pin 5000 mAh kéo dài cả ngày và hiệu năng mạnh mẽ. Máy đáp ứng tốt cả công việc lẫn giải trí, phù hợp cho mọi nhu cầu sử dụng hàng ngày.",TheGioiDiDong,333281.0,,,,,,,,
https://www.thegioididong.com/dtdd/masstel-izi-t6,Điện thoại Masstel IZI T6 4G,Masstel,5000000,,35100.0,1800.0,,,,Type-C,48.0,240x320,,2.4,Bảo hành chính hãng điện thoại 1 năm tại các trung tâm bảo hành hãng Xem địa chỉ bảo hành,4.9,26.0,"Trong thời đại smartphone ngày càng trở nên phổ biến, Masstel IZI T6 4G như làn gió mới cho những ai mong muốn trở về với sự đơn giản, tiện ích trong sử dụng hằng ngày. Điện thoại là sự lựa chọn lý tưởng cho nhóm khách hàng có nhu cầu cơ bản như nghe gọi và nhắn tin, đặc biệt phù hợp với người lớn tuổi.",TheGioiDiDong,322877.0,,,,,,,,
https://www.thegioididong.com/dtdd/realme-note-60,Điện thoại realme Note 60 6GB/128GB,realme,37900000,,36400.0,5000.0,5 MP,Chính 32 MP & Cảm biến Flicker,Mali-G57,Type-C,6.0,720x1600,,6.745,Bảo hành chính hãng điện thoại 1 năm tại các trung tâm bảo hành hãng Xem địa chỉ bảo hành,4.9,1.0,"realme Note 60 là smartphone giá rẻ nổi bật với màn hình IPS LCD sắc nét, vi xử lý mạnh mẽ, pin bền bỉ và thiết kế hiện đại. Máy mang đến trải nghiệm mượt mà với nhiều tính năng đáp ứng tốt nhu cầu sử dụng hằng ngày của người dùng.",TheGioiDiDong,329330.0,,,,,,,,
https://www.thegioididong.com/dtdd/tecno-spark-30-5g,Điện thoại Tecno Spark 30 5G 6GB/128GB,Tecno,40900000,-8%,362.0,5000.0,8 MP,Chính: 108 MP & Phụ: Cảm biến ánh sáng,Mali-G57,Type-C,6.0,720x1600,,6.67,Bảo hành chính hãng điện thoại 13 tháng tại các trung tâm bảo hành hãng Xem địa chỉ bảo hành,4.9,,"Tecno Spark 30 5G là mẫu điện thoại 5G đáng chú ý trong phân khúc giá rẻ, cung cấp hiệu năng ổn định và các tính năng giải trí phù hợp nhu cầu phổ thông. Thiết kế hiện đại, tốc độ xử lý mượt và mức giá hợp lý khiến thiết bị trở thành lựa chọn cân bằng cho người dùng không muốn đầu tư quá nhiều vào smartphone.",TheGioiDiDong,334968.0,,,,,,,,
https://www.thegioididong.com/dtdd/nokia-220-4g,Điện thoại Nokia 220 4G,Nokia,9900000,,38800.0,1450.0,,,,Type-C,64.0,240x320,,2.8,Bảo hành chính hãng điện thoại 1 năm tại các trung tâm bảo hành hãng Xem địa chỉ bảo hành,4.9,44.0,"Nokia 220 4G là chiếc điện thoại phổ thông có một thiết kế bền bỉ, nhẹ nhàng và hiện đại. Với màn hình 2.8 inch rõ nét, hỗ trợ 4G VoLTE cho chất lượng cuộc gọi cao, cùng nhiều tiện ích thông minh, đây chính là lựa chọn đáng giá cho mọi nhu cầu liên lạc hằng ngày.",TheGioiDiDong,207956.0,,,,,,,,
https://www.thegioididong.com/dtdd/oppo-reno12-5g-12gb-256gb-hong,Điện thoại OPPO Reno12 5G 12GB/256GB Hồng,OPPO,91900000,-29%,398.0,5000.0,32 MP,"Chính 50 MP & Phụ 8 MP, 2 MP",Mali-G615,Type-C,12.0,1080x2412,,6.7,Bảo hành chính hãng điện thoại 1 năm tại các trung tâm bảo hành hãng Xem địa chỉ bảo hành,5.0,7.0,"Với thiết kế trẻ trung, hiện đại hòa quyện cùng khả năng AI thông minh, OPPO Reno12 Hồng mang đến một hiệu năng mạnh mẽ đáng kinh ngạc. Những ai yêu thích sự đổi mới và muốn tận hưởng công nghệ tiên tiến chắc chắn sẽ không thể bỏ qua sản phẩm này.",TheGioiDiDong,321892.0,,,,,,,,
https://www.thegioididong.com/dtdd/oppo-reno13-f,Điện thoại OPPO Reno13 F 8GB/256GB,OPPO,89900000,,4100.0,5800.0,32 MP,"Chính 50 MP & Phụ 8 MP, 2 MP",Mali-G57 MC2,Type-C,8.0,1080x2400,,6.67,Bảo hành chính hãng điện thoại 1 năm tại các trung tâm bảo hành hãng Xem địa chỉ bảo hành,4.9,4.0,"OPPO Reno13 F nổi bật với thiết kế đẹp, chip MediaTek Helio G100 mạnh mẽ, màn hình AMOLED mượt và chuẩn kháng nước IP66, IP68, IP69. Máy tích hợp các tính năng AI, đáp ứng tốt nhu cầu công việc và giải trí hàng ngày.",TheGioiDiDong,332935.0,,,,,,,,
https://www.thegioididong.com/dtdd/samsung-galaxy-a36,Điện thoại Samsung Galaxy A36 5G 12GB/256GB,Samsung,96900000,-5%,4200.0,5000.0,12 MP,"Chính 50 MP & Phụ 8 MP, 5 MP",Adreno 710,Type-C,12.0,1080x2340,,6.7,Bảo hành chính hãng điện thoại 1 năm tại các trung tâm bảo hành hãng Xem địa chỉ bảo hành,4.9,,"Samsung Galaxy A36 là lựa chọn lý tưởng cho những ai tìm kiếm một smartphone mạnh mẽ và thiết kế sang trọng. Màn hình Super AMOLED 6.7 inch sắc nét, vi xử lý Snapdragon 6 Gen 3 mượt mà, cùng tính năng AI thông minh giúp bạn sử dụng hiệu quả và tiện lợi. Thiết kế nguyên khối với khung nhựa và mặt lưng kính mang đến cảm giác thoải mái suốt cả ngày.",TheGioiDiDong,334930.0,,,,,,,,
https://www.thegioididong.com/dtdd/vivo-y29-8gb-128gb,Điện thoại vivo Y29 8GB/128GB,vivo,68900000,,4200.0,6500.0,8 MP,Chính 50 MP & Phụ 2 MP,Adreno 610,Type-C,8.0,720x1608,,6.68,Bảo hành chính hãng điện thoại 1 năm tại các trung tâm bảo hành hãng Xem địa chỉ bảo hành,4.9,8.0,"vivo Y29 kết hợp thiết kế tinh tế, màn hình 120 Hz mượt mà, hiệu năng mạnh mẽ và AI thông minh, mang đến trải nghiệm tối ưu. Với chip Snapdragon 685, camera 50 MP, pin 6500 mAh và sạc nhanh 44W, máy đáp ứng mọi nhu cầu từ công việc đến giải trí.",TheGioiDiDong,334226.0,,,,,,,,
https://www.thegioididong.com/dtdd/samsung-galaxy-s25-plus,Điện thoại Samsung Galaxy S25 Plus 5G 12GB/256GB,Samsung,221900000,-17%,4600.0,4900.0,12 MP,"Chính 50 MP & Phụ 12 MP, 10 MP",Adreno 830,Type-C,12.0,2x1440,,6.7,Bảo hành chính hãng điện thoại 1 năm tại các trung tâm bảo hành hãng Xem địa chỉ bảo hành,4.9,,"Samsung giới thiệu Samsung Galaxy S25 Plus tại sự kiện Unpacked 2025, một siêu phẩm công nghệ với thiết kế đột phá, cấu hình dẫn đầu và cải tiến toàn diện. Galaxy S25 Plus không chỉ đáp ứng mọi nhu cầu công việc, giải trí hay sáng tạo mà còn đặt ra chuẩn mực mới cho dòng smartphone cao cấp.",TheGioiDiDong,333359.0,,,,,,,,
https://www.thegioididong.com/dtdd/honor-x5b-plus,Điện thoại HONOR X5b Plus 4GB/128GB,HONOR,27900000,-6%,40000.0,5200.0,5 MP,Chính 50 MP & Ống kính phụ,IMG PowerVR GE8320,Type-C,4.0,720x1612,,6.56,Bảo hành chính hãng điện thoại 18 tháng tại các trung tâm bảo hành hãng Xem địa chỉ bảo hành,4.9,1.0,"HONOR X5b Plus nổi bật với màn hình 6.56 inch HD+ 90 Hz, chip Helio G36, RAM 4 GB (mở rộng 4 GB), bộ nhớ 128 GB và pin 5200 mAh. Thiết kế hiện đại và camera AI 50MP giúp sản phẩm đáp ứng mọi nhu cầu từ làm việc đến giải trí.",TheGioiDiDong,333770.0,,,,,,,,
https://www.thegioididong.com/dtdd/xiaomi-14t-pro-5g-12gb-256gb,Điện thoại Xiaomi 14T Pro 5G 12GB/256GB,Xiaomi,159900000,-5%,42400.0,5000.0,32 MP,"Chính 50 MP & Phụ 50 MP, 12 MP",ARM Immortalis-G720 MP12,Type-C,12.0,1x5,,6.67,Bảo hành chính hãng điện thoại 2 năm tại các trung tâm bảo hành hãng Xem địa chỉ bảo hành,4.9,44.0,"Xiaomi 14T Pro là smartphone mới với sự hợp tác giữa Xiaomi và Leica, hứa hẹn mang đến ảnh sắc nét, nghệ thuật, kể cả trong điều kiện thiếu sáng. Thiết bị nổi bật với màn hình AI thế hệ mới, chip MediaTek Dimensity 9300+ mạnh mẽ và pin bền bỉ, mang lại trải nghiệm mượt mà cho người dùng.",TheGioiDiDong,329940.0,,,,,,,,
https://www.thegioididong.com/dtdd/mobell-m331,Điện thoại Mobell M331 4G,Mobell,5500000,,44100.0,1000.0,,0.08 MP,,Micro USB,48.0,240x320,,2.4,Bảo hành chính hãng điện thoại 1 năm tại các trung tâm bảo hành hãng Xem địa chỉ bảo hành,4.9,28.0,"Mobell M331 chiếc điện thoại phổ thông mới nhất được hãng Mobell tung ra thị trường vào nửa cuối năm 2023. Chiếc điện thoại sẽ phù hợp cho những bạn đang tìm kiếm một sản phẩm với thiết kế nhỏ gọn, âm thanh nghe gọi to rõ và một viên pin trâu.",TheGioiDiDong,314697.0,,,,,,,,
https://www.thegioididong.com/dtdd/honor-x5-plus,Điện thoại HONOR X5 Plus 4GB/64GB,HONOR,24900000,,44200.0,5200.0,5 MP,Chính 50 MP & Phụ 2 MP,IMG PowerVR GE8320,Type-C,4.0,720x1612,,6.56,Bảo hành chính hãng điện thoại 18 tháng tại các trung tâm bảo hành hãng Xem địa chỉ bảo hành,4.9,18.0,"HONOR X5 Plus chính là sự trở lại đầy mạnh mẽ của thương hiệu Honor trên thị trường Việt Nam. Sản phẩm lần này thu hút sự chú ý nhờ viên pin lớn 5200 mAh, camera 50 MP và có giá bán phải chăng phù hợp cho nhiều đối tượng người dùng.",TheGioiDiDong,313306.0,,,,,,,,
https://www.thegioididong.com/dtdd/mobell-m539,Điện thoại Mobell M539,Mobell,7000000,,44600.0,2000.0,,0.08 MP,,Micro USB,48.0,240x320,,2.8,Bảo hành chính hãng điện thoại 1 năm tại các trung tâm bảo hành hãng Xem địa chỉ bảo hành,4.9,109.0,Mobell M539 - chiếc điện thoại phổ thông vừa được ra mắt phù hợp cho ai đang tìm kiếm cho mình một thiết bị nhỏ gọn phục vụ tốt trong việc liên lạc bởi máy có hỗ trợ mạng di động 4G VoLTE cùng khả năng trang bị 2 nano SIM.,TheGioiDiDong,288630.0,,,,,,,,
https://www.thegioididong.com/dtdd/samsung-galaxy-a16-8gb-128gb,Điện thoại Samsung Galaxy A16 8GB/128GB,Samsung,53900000,,45600.0,5000.0,13 MP,"Chính 50 MP & Phụ 5 MP, 2 MP",Mali-G57,Type-C,8.0,1080x2340,,6.7,Bảo hành chính hãng điện thoại 1 năm tại các trung tâm bảo hành hãng Xem địa chỉ bảo hành,4.9,24.0,"Samsung Galaxy A16 8GB/128GB là chiếc smartphone vừa đẹp vừa mạnh, phù hợp cho mọi nhu cầu từ giải trí đến công việc. Với thiết kế nhỏ gọn, hiện đại, màn hình lớn, camera rõ nét và pin bền, Galaxy A16 sẽ luôn bên bạn trong các hoạt động hằng ngày, đáp ứng tốt cả khi bạn cần giải trí hay làm việc.",TheGioiDiDong,331207.0,,,,,,,,
https://www.thegioididong.com/dtdd/vivo-v40-5g,Điện thoại vivo V40 5G 12GB/256GB,vivo,129900000,,46100.0,5500.0,50 MP,2 camera 50 MP,Adreno 720,Type-C,12.0,1x5,,6.78,Bảo hành chính hãng điện thoại 1 năm tại các trung tâm bảo hành hãng Xem địa chỉ bảo hành,4.9,16.0,"vivo V40 5G nổi bật với hệ thống camera chất lượng, cho khả năng chụp ảnh ấn tượng ngay cả trong điều kiện thiếu sáng. Đi kèm với viên pin 5500 mAh bền bỉ, màn hình sắc nét và chip xử lý hiệu quả, máy mang đến một trải nghiệm mượt mà.",TheGioiDiDong,331985.0,,,,,,,,
https://www.thegioididong.com/dtdd/oppo-find-x8-hong,Điện thoại OPPO Find X8 5G 16GB/512GB Hồng,OPPO,219900000,-4%,476.0,5630.0,32 MP,3 camera 50 MP,ARM Immortalis G925 MC12,Type-C,16.0,1x5,,6.59,Bảo hành chính hãng điện thoại 2 năm tại các trung tâm bảo hành hãng Xem địa chỉ bảo hành,5.0,2.0,"OPPO Find X8 5G 16GB/512GB Hồng có thiết kế khung nhôm nhẹ, bo cong tinh tế và chỉ nặng 193 gram. Máy trang bị màn hình 6.59 inch, tần số quét 120 Hz, độ sáng 1600 nits giúp hiển thị sắc nét. Với chuẩn kháng nước IP69 và pin 5630 mAh bền bỉ, đây là lựa chọn lý tưởng cho mọi nhu cầu.",TheGioiDiDong,334168.0,,,,,,,,
https://www.thegioididong.com/dtdd/mobell-m239,Điện thoại Mobell M239 4G,Mobell,4600000,-8%,48500.0,1000.0,,0.08 MP,,Micro USB,48.0,128x160,,1.77,Bảo hành chính hãng điện thoại 1 năm tại các trung tâm bảo hành hãng Xem địa chỉ bảo hành,4.9,172.0,"Mobell chính thức trình làng điện thoại phổ thông Mobell M239, mang ưu điểm với một thiết kế gọn gàng và màu sắc trẻ trung.",TheGioiDiDong,284122.0,,,,,,,,
https://www.thegioididong.com/dtdd/tecno-spark-30c,Điện thoại Tecno Spark 30C 6GB/128GB,Tecno,29900000,-9%,49200.0,5000.0,8 MP,48 MP,Mali-G52 MC2,Type-C,6.0,720x1600,,6.67,Bảo hành chính hãng điện thoại 13 tháng tại các trung tâm bảo hành hãng Xem địa chỉ bảo hành,4.9,2.0,"Tecno Spark 30C mang đến sự kết hợp ấn tượng giữa thiết kế màn hình lớn, camera rõ nét, hiệu năng ổn định và dung lượng lưu trữ vừa đủ. Đây là một lựa chọn đáng cân nhắc cho những ai đang tìm kiếm một chiếc smartphone đáp ứng tốt các nhu cầu hàng ngày như học tập, làm việc và giải trí cơ bản.",TheGioiDiDong,334970.0,,,,,,,,
https://www.thegioididong.com/dtdd/xiaomi-redmi-14c-6gb-128gb,Điện thoại Xiaomi Redmi 14C 6GB/128GB,Xiaomi,36900000,,490.0,5160.0,13 MP,Chính 50 MP & Phụ QVGA,Mali-G52 MC2,Type-C,6.0,720x1640,,6.88,Bảo hành chính hãng điện thoại 18 tháng tại các trung tâm bảo hành hãng Xem địa chỉ bảo hành,5.0,16.0,"Xiaomi Redmi 14C là lựa chọn hoàn hảo trong phân khúc tầm trung, nổi bật với màn hình sắc nét, hiệu năng mạnh mẽ, thiết kế hiện đại và hệ thống camera linh hoạt. Với dung lượng pin lớn và khả năng sạc nhanh, sản phẩm này đáp ứng tốt nhu cầu sử dụng hằng ngày, mang đến trải nghiệm vượt trội cho người dùng.",TheGioiDiDong,329008.0,,,,,,,,
https://www.thegioididong.com/dtdd/vivo-v30,Điện thoại vivo V30 5G 12GB/512GB,vivo,127900000,-8%,4000.0,5000.0,50 MP,Chính 50 MP & Phụ 50 MP,Adreno 720,Type-C,12.0,1x5,,6.78,Bảo hành chính hãng điện thoại 1 năm tại các trung tâm bảo hành hãng Xem địa chỉ bảo hành,4.9,16.0,"vivo V30 kết hợp thiết kế sang trọng, hiệu suất vượt trội và hệ thống camera đỉnh cao, mang đến trải nghiệm người dùng toàn diện. Với nhiều tính năng tiên tiến và thiết kế tinh tế, vivo V30 5G không chỉ đáp ứng nhu cầu công nghệ hằng ngày mà còn nâng tầm phong cách và tiện nghi cho người dùng.",TheGioiDiDong,319214.0,,,,,,,,
https://www.thegioididong.com/dtdd/nokia-110-4g-pro,Điện thoại Nokia 110 4G Pro,Nokia,7500000,,4000.0,1450.0,,QVGA (320 x 240 pixels),,Micro USB,48.0,120x160,,1.77,Bảo hành chính hãng điện thoại 1 năm tại các trung tâm bảo hành hãng Xem địa chỉ bảo hành,4.9,34.0,"Nokia 110 4G Pro là một chiếc điện thoại phổ thông nổi bật, được thiết kế tinh tế và sang trọng. Điện thoại cho khả năng bền bỉ trong thời gian dài khiến bạn cảm thấy yên tâm khi sử dụng. Với việc hỗ trợ công nghệ 4G VoLTE, bạn có thể thực hiện cuộc gọi một cách nhanh chóng và ổn định hơn.",TheGioiDiDong,311034.0,,,,,,,,
https://www.thegioididong.com/dtdd/honor-x8b,Điện thoại HONOR X8b 8GB/512GB,HONOR,76900000,,5600.0,4500.0,50 MP,"Chính 108 MP & Phụ 5 MP, 2 MP",Adreno 610,Type-C,8.0,1080x2412,,6.7,Bảo hành chính hãng điện thoại 18 tháng tại các trung tâm bảo hành hãng Xem địa chỉ bảo hành,4.9,57.0,"Trên thị trường điện thoại thông minh, HONOR tiếp tục khẳng định vị thế của mình với việc giới thiệu HONOR X8b, một thiết bị không chỉ tuân theo xu hướng thiết kế hiện đại mà còn cung cấp những tính năng nổi bật phục vụ mọi nhu cầu của người dùng.",TheGioiDiDong,324893.0,,,,,,,,
https://www.thegioididong.com/dtdd/mobell-f209,Điện thoại Mobell F209,Mobell,6200000,,5900.0,1500.0,,,,Micro USB,48.0,176x220,,2.0,Bảo hành chính hãng điện thoại 1 năm tại các trung tâm bảo hành hãng Xem địa chỉ bảo hành,4.9,49.0,"Bên cạnh sự chạy đua về công nghệ trên những mẫu smartphone, thì đâu đó trên thị trường vẫn còn sót lại một vài hãng còn tiếp tục cải tiến và sản xuất những mẫu điện thoại phổ thông với mục tiêu đáp ứng nhu cầu sử dụng cơ bản. Nổi trội trong đó có thể kể đến chiếc Mobell F209 với màn hình to rõ, viên pin lớn cùng công nghệ mạng di động 4G VoLTE.",TheGioiDiDong,299998.0,,,,,,,,
https://www.thegioididong.com/dtdd/realme-c71,Điện thoại realme C71 4GB/128GB,realme,0,,512.0,,,,,,,,,,,4.9,,,TheGioiDiDong,337741.0,,,,,,,,
https://www.thegioididong.com/dtdd/nokia-3210-4g,Điện thoại Nokia 3210 4G,Nokia,15900000,,53500.0,1450.0,,2 MP,,Type-C,64.0,240x320,,2.4,Bảo hành chính hãng điện thoại 1 năm tại các trung tâm bảo hành hãng Xem địa chỉ bảo hành,4.9,20.0,"Nokia 3210 4G, một biểu tượng trường tồn của hãng Nokia, nay trở lại với vẻ ngoài cải tiến và công nghệ hiện đại. Đây là sự kết hợp giữa thiết kế hoài cổ và những tính năng tiên tiến, đáp ứng mọi nhu cầu cơ bản của người dùng.",TheGioiDiDong,326477.0,,,,,,,,
https://www.thegioididong.com/dtdd/samsung-galaxy-a35-5g,Điện thoại Samsung Galaxy A35 5G 8GB/256GB,Samsung,81900000,-11%,534.0,5000.0,13 MP,"Chính 50 MP & Phụ 8 MP, 5 MP",Mali-G68 MP5,Type-C,8.0,1080x2340,,6.6,Bảo hành chính hãng điện thoại 1 năm tại các trung tâm bảo hành hãng Xem địa chỉ bảo hành,5.0,79.0,"Samsung Galaxy A35 5G là một trong những dòng điện thoại thông minh tầm trung đáng chú ý của Samsung. Máy sở hữu cho mình một hiệu suất mạnh mẽ, màn hình sắc nét và viên pin lớn, chiếc điện thoại hứa hẹn mang đến trải nghiệm đa dạng và tuyệt vời cho người dùng.",TheGioiDiDong,321772.0,,,,,,,,
https://www.thegioididong.com/dtdd/masstel-fami-50,Điện thoại Masstel Fami 50 4G,Masstel,6000000,,54700.0,1750.0,,,,Type-C,48.0,128x160,,2.0,Bảo hành chính hãng điện thoại 1 năm tại các trung tâm bảo hành hãng Xem địa chỉ bảo hành,4.9,7.0,"Bạn đang tìm kiếm một chiếc điện thoại cơ bản, dễ sử dụng, tập trung vào nhu cầu nghe và gọi là chủ yếu. Và Masstel Fami 50 4G tỏa sáng như một lựa chọn đơn giản nhưng mạnh mẽ, thực sự phù hợp với người lớn tuổi hoặc những ai muốn sở hữu một chiếc điện thoại phụ cho nhu cầu nghe gọi.",TheGioiDiDong,323546.0,,,,,,,,
https://www.thegioididong.com/dtdd/iphone-16e,Điện thoại iPhone 16e 128GB,iPhone (Apple),161900000,-4%,56100.0,26.0,12 MP,48 MP,Apple GPU 4 nhân,Type-C,8.0,1170x2532,,6.1,Bảo hành chính hãng điện thoại 1 năm tại các trung tâm bảo hành hãng Xem địa chỉ bảo hành,4.9,3.0,,TheGioiDiDong,334864.0,,,,,,,,
https://www.thegioididong.com/dtdd/oppo-reno12-5g-12gb-512gb,Điện thoại OPPO Reno12 5G 12GB/512GB,OPPO,119900000,-14%,56100.0,5000.0,32 MP,"Chính 50 MP & Phụ 8 MP, 2 MP",Mali-G615,Type-C,12.0,1080x2412,,6.7,Bảo hành chính hãng điện thoại 1 năm tại các trung tâm bảo hành hãng Xem địa chỉ bảo hành,4.9,29.0,"Với sự hòa quyện tinh tế giữa thiết kế trẻ trung, hiện đại và khả năng AI thông minh, OPPO Reno12 512GB mang đến một hiệu năng mạnh mẽ đáng kinh ngạc. Đối với những ai yêu thích sự đổi mới và muốn trải nghiệm công nghệ tiên tiến, Reno12 chắc chắn là lựa chọn khó có thể bỏ qua.",TheGioiDiDong,327192.0,,,,,,,,
https://www.thegioididong.com/dtdd/samsung-galaxy-s24-ultra-5g,Điện thoại Samsung Galaxy S24 Ultra 5G 12GB/256GB,Samsung,233900000,-22%,57700.0,5000.0,12 MP,"Chính 200 MP & Phụ 50 MP, 12 MP, 10 MP",Adreno 750,Type-C,12.0,2x1440,,6.8,Bảo hành chính hãng điện thoại 1 năm tại các trung tâm bảo hành hãng Xem địa chỉ bảo hành,4.9,139.0,"Samsung Galaxy S24 Ultra mẫu điện thoại cao cấp được ra mắt vào đầu năm 2024, sản phẩm tiếp tục kế thừa và cải tiến từ thế hệ trước. Điểm đặc biệt là sử dụng chip Snapdragon 8 Gen 3 for Galaxy, camera 200 MP và tích hợp nhiều tính năng AI.",TheGioiDiDong,307174.0,,,,,,,,
https://www.thegioididong.com/dtdd/oppo-reno12-pro,Điện thoại OPPO Reno12 Pro 5G 12GB/512GB,OPPO,159900000,-15%,575.0,5000.0,50 MP,"Chính 50 MP & Phụ 50 MP, 8 MP",Mali-G615,Type-C,12.0,1080x2412,,6.7,Bảo hành chính hãng điện thoại 1 năm tại các trung tâm bảo hành hãng Xem địa chỉ bảo hành,5.0,5.0,"Sở hữu hiệu suất AI ấn tượng cùng các tiện ích tiện lợi cho người dùng hiện nay, OPPO Reno12 Pro mang đến vẻ ngoài đẹp mắt cùng viên pin “trâu” 5000 mAh và khả năng sạc siêu nhanh 80W, máy phục vụ người dùng sử dụng liên tục trong mọi hoạt động hằng ngày.",TheGioiDiDong,322124.0,,,,,,,,
https://www.thegioididong.com/dtdd/honor-x8c,Điện thoại HONOR X8c 8GB/256GB,HONOR,66900000,-4%,576.0,,,,,,,,,,Bảo hành chính hãng điện thoại 18 tháng tại các trung tâm bảo hành hãng Xem địa chỉ bảo hành,4.9,2.0,,TheGioiDiDong,335792.0,,,,,,,,
https://www.thegioididong.com/dtdd/realme-note-50-64gb,Điện thoại realme Note 50 3GB/64GB,realme,24900000,,5000.0,5000.0,5 MP,Chính 13 MP & Phụ 0.08 MP,Mali-G57,Type-C,3.0,720x1600,,6.74,Bảo hành chính hãng điện thoại 1 năm tại các trung tâm bảo hành hãng Xem địa chỉ bảo hành,4.9,33.0,"realme Note 50 64GB tiếp tục thu hút sự chú ý nhờ vào mức giá nổi bật và hấp dẫn của mình. Mặc dù nằm trong phân khúc giá thấp, sản phẩm này vẫn mang đến nhiều công nghệ ấn tượng, tạo nên sự đáng chú ý khi trang bị màn hình lớn 6.74 inch, pin 5000 mAh và đạt chuẩn IP54.",TheGioiDiDong,321434.0,,,,,,,,
https://www.thegioididong.com/dtdd/vivo-y100,Điện thoại vivo Y100 8GB/256GB,vivo,66900000,-13%,6.0,5000.0,8 MP,"Chính 50 MP & Phụ 2 MP, Flicker",Adreno 610,Type-C,8.0,1080x2400,,6.67,Bảo hành chính hãng điện thoại 18 tháng tại các trung tâm bảo hành hãng Xem địa chỉ bảo hành,5.0,17.0,"vivo Y100 mẫu điện thoại tầm trung với nhiều nâng cấp đáng giá, được vivo giới thiệu tại thị trường Việt Nam. Lần ra mắt này hãng đem đến một sản phẩm với thiết kế đẹp mắt, màn hình sắc nét và hiệu năng ổn định với nhiều tác vụ, hứa hẹn đem đến cho bạn trải nghiệm di động đỉnh cao.",TheGioiDiDong,302197.0,,,,,,,,
https://www.thegioididong.com/dtdd/honor-x9c-smart,Điện thoại HONOR X9c Smart 5G 12GB/256GB,HONOR,77900000,,6900.0,5800.0,16 MP,Chính 108 MP & Phụ 5 MP,IMG BXM-8-256,Type-C,12.0,1080x2412,,6.8,Bảo hành chính hãng điện thoại 18 tháng tại các trung tâm bảo hành hãng Xem địa chỉ bảo hành,4.9,9.0,"HONOR X9c Smart 5G là sản phẩm tầm trung của HONOR, nổi bật với khả năng kháng nước ba lớp, chống trầy xước đạt chứng nhận SGS. Máy trang bị pin 5800 mAh, chip xử lý mượt mà và camera 108 MP sắc nét, mang đến sự bền bỉ và hiệu suất ấn tượng.",TheGioiDiDong,333480.0,,,,,,,,
https://www.thegioididong.com/dtdd/oppo-a58-4g,Điện thoại OPPO A58 8GB/128GB,OPPO,53900000,,6900.0,5000.0,8 MP,Chính 50 MP & Phụ 2 MP,Mali-G52 MP2,Type-C,8.0,1080x2412,,6.72,Bảo hành chính hãng điện thoại 1 năm tại các trung tâm bảo hành hãng Xem địa chỉ bảo hành,4.9,84.0,"Thị trường điện thoại di động ngày nay, OPPO A58 8GB là một trong những sản phẩm nổi bật với thiết kế vuông vức và hiện đại. Được thiết kế với mục tiêu tối ưu hóa trải nghiệm người dùng, chiếc điện thoại này mang đến một loạt tính năng ấn tượng trong một thiết kế thon gọn và nhẹ nhàng.",TheGioiDiDong,311354.0,,,,,,,,
https://www.thegioididong.com/dtdd/vivo-v40-lite-8gb-256gb,Điện thoại vivo V40 Lite 8GB/256GB,vivo,84900000,,67000.0,5000.0,32 MP,Chính 50 MP & Phụ 2 MP,Adreno 610,Type-C,8.0,1080x2400,,6.67,Bảo hành chính hãng điện thoại 1 năm tại các trung tâm bảo hành hãng Xem địa chỉ bảo hành,4.9,21.0,"vivo V40 Lite là chiếc điện thoại mới được thiết kế dành cho những ai yêu thích sự thanh lịch nhưng vẫn đòi hỏi hiệu năng mạnh mẽ và tính năng thông minh. Với khả năng sạc siêu tốc, camera sắc nét và màn hình ấn tượng, sản phẩm hứa hẹn mang đến trải nghiệm công nghệ toàn diện, đáp ứng mọi nhu cầu của người dùng hiện đại.",TheGioiDiDong,329959.0,,,,,,,,
https://www.thegioididong.com/dtdd/vivo-v30e-12gb,Điện thoại vivo V30e 5G 12GB/256GB,vivo,84900000,-19%,68600.0,5500.0,32 MP,Chính 50 MP & Phụ 8 MP,Adreno 710,Type-C,12.0,1080x2400,,6.78,Bảo hành chính hãng điện thoại 2 năm tại các trung tâm bảo hành hãng Xem địa chỉ bảo hành,4.9,11.0,"vivo V30e là điểm nhấn trong thị trường smartphone với sự kết hợp hoàn hảo giữa thiết kế độc đáo, hiệu năng mạnh mẽ và camera chất lượng. Từ màu sắc hấp dẫn, màn hình ấn tượng đến pin bền bỉ, máy đáp ứng đầy đủ nhu cầu của người dùng hiện đại.",TheGioiDiDong,325136.0,,,,,,,,
https://www.thegioididong.com/dtdd/oppo-find-n3-flip-hong,Điện thoại OPPO Find N3 Flip 5G 12GB/256GB Hồng,OPPO,164900000,-28%,7300.0,4300.0,32 MP,"Chính 50 MP & Phụ 48 MP, 32 MP",Immortalis-G715 MC11,Type-C,12.0,1080x2520,,6.8,Bảo hành chính hãng điện thoại 1 năm tại các trung tâm bảo hành hãng Xem địa chỉ bảo hành,4.9,8.0,"OPPO Find N3 Flip 5G Hồng được OPPO cho ra mắt chính thức tại thị trường Việt Nam vào tháng 10/2023. Sản phẩm được hãng đầu tư mạnh mẽ về camera với độ phân giải lên đến 50 MP, cấu hình sử dụng chip Dimensity 9200 5G và thiết kế được thay đổi với bản lề gập mở tốt hơn cùng màu hồng sang trọng và nữ tính.",TheGioiDiDong,317981.0,,,,,,,,
https://www.thegioididong.com/dtdd/realme-12,Điện thoại realme 12 8GB/256GB,realme,79900000,,7800.0,5000.0,16 MP,Chính 50 MP & Phụ 2 MP,Adreno 610,Type-C,8.0,1080x2400,,6.67,Bảo hành chính hãng điện thoại 1 năm tại các trung tâm bảo hành hãng Xem địa chỉ bảo hành,4.9,8.0,"realme 12 kết hợp giữa thiết kế đẹp và công nghệ hiện đại. Điện thoại có camera tròn lạ mắt, màn hình 120 Hz mượt mà, chip Snapdragon 685 mạnh mẽ, cùng với pin 5000 mAh và sạc nhanh 67W, mang đến trải nghiệm hoàn hảo cả về hiệu suất và ngoại hình.",TheGioiDiDong,319466.0,,,,,,,,
https://www.thegioididong.com/dtdd/xiaomi-redmi-note-14-8gb-128gb,Điện thoại Xiaomi Redmi Note 14 8GB/128GB,Xiaomi,54900000,,70200.0,5500.0,20 MP,"Chính 108 MP & Phụ 2 MP, 2 MP",Mali-G57 MC2,Type-C,8.0,1080x2400,,6.67,Bảo hành chính hãng điện thoại 18 tháng tại các trung tâm bảo hành hãng Xem địa chỉ bảo hành,4.9,44.0,"Redmi Note 14 128GB là sự lựa chọn đáng cân nhắc trong phân khúc smartphone tầm trung. Thiết bị được trang bị chip MediaTek cải tiến, cùng 8 GB RAM và pin dung lượng 5500 mAh, mang đến hiệu suất mượt mà, thời gian sử dụng dài lâu và trải nghiệm tối ưu cho người dùng trong các tác vụ hàng ngày.",TheGioiDiDong,333147.0,,,,,,,,
https://www.thegioididong.com/dtdd/itel-it9211,Điện thoại Itel it9211,Itel,4300000,-12%,70200.0,1000.0,,0.08 MP,,Type-C,,,,2.4,Bảo hành chính hãng điện thoại 1 năm tại các trung tâm bảo hành hãng Xem địa chỉ bảo hành,4.9,5.0,"Itel it9211 là chiếc điện thoại phổ thông mang đến sự tiện lợi và bền bỉ. Với thiết kế pin rời, màn hình vừa đủ và hỗ trợ kết nối 4G, sản phẩm này đáp ứng nhu cầu cơ bản của người dùng, đặc biệt là những ai chưa quen với smartphone.",TheGioiDiDong,329839.0,,,,,,,,
https://www.thegioididong.com/dtdd/xiaomi-14t-5g,Điện thoại Xiaomi 14T 5G 12GB/256GB,Xiaomi,114900000,-11%,8600.0,5000.0,32 MP,"Chính 50 MP & Phụ 50 MP, 12 MP",Mali-G615,Type-C,12.0,1x5,,6.67,Bảo hành chính hãng điện thoại 2 năm tại các trung tâm bảo hành hãng Xem địa chỉ bảo hành,4.9,88.0,"Xiaomi 14T được hoàn thiện với sự hợp tác giữa Xiaomi và Leica - thương hiệu máy ảnh danh tiếng từ Đức. Sự kết hợp này hứa hẹn mang đến những bức ảnh sắc nét, giàu tính nghệ thuật, ngay cả trong điều kiện ánh sáng yếu. Máy nổi bật với nhiều tính năng AI thế hệ mới, chip MediaTek Ultra mạnh mẽ, pin bền bỉ, mang lại trải nghiệm toàn diện và mượt mà.",TheGioiDiDong,329938.0,,,,,,,,
https://www.thegioididong.com/dtdd/oppo-reno13-f-5g,Điện thoại OPPO Reno13 F 5G 8GB/256GB,OPPO,99900000,,81100.0,5800.0,32 MP,"Chính 50 MP & Phụ 8 MP, 2 MP",Adreno 710,Type-C,8.0,1080x2400,,6.67,Bảo hành chính hãng điện thoại 1 năm tại các trung tâm bảo hành hãng Xem địa chỉ bảo hành,4.9,44.0,"OPPO Reno13 F 5G, một thành viên mới toanh của nhà OPPO đã đổ bộ đến Việt Nam. Sở hữu khả năng kháng nước cao, chip Snapdragon mạnh mẽ, dung lượng pin lớn cùng các tính năng AI tiện ích và thiết kế đẹp mắt, tất cả sẽ mang đến cho người dùng yêu thích chụp ảnh hoặc thường xuyên đi du lịch có một người bạn đồng hành đúng điệu.",TheGioiDiDong,332936.0,,,,,,,,
https://www.thegioididong.com/dtdd/masstel-izi-10,Điện thoại Masstel IZI 10,Masstel,4100000,,82100.0,1000.0,,,,Micro USB,48.0,128x160,,1.77,Bảo hành chính hãng điện thoại 1 năm tại các trung tâm bảo hành hãng Xem địa chỉ bảo hành,4.9,277.0,"Masstel IZI 10 4G là 1 phiên bản ""cục gạch"" khác của nhà Masstel có tích hợp 4G mang lại trải nghiệm nghe gọi cực tốt, cùng thiết kế thân thiện dễ dùng, có hỗ trợ khe cắm thẻ nhớ và dung lượng pin tốt, rất đáng lựa chọn.",TheGioiDiDong,265311.0,,,,,,,,
https://www.thegioididong.com/dtdd/tcl-406s,Điện thoại TCL 406s 4GB/64GB,TCL,18900000,-13%,84000.0,5000.0,5 MP,Chính 13 MP & Phụ 2 MP,IMG PowerVR GE8320,Type-C,4.0,720x1612,,6.6,Bảo hành chính hãng điện thoại 18 tháng tại các trung tâm bảo hành hãng Xem địa chỉ bảo hành,4.9,13.0,"Trong thế giới điện thoại di động ngày nay, tìm một chiếc smartphone vừa túi tiền nhưng vẫn chất lượng không phải là điều dễ dàng. TCL 406s, một lựa chọn mới nổi hứa hẹn sẽ thay đổi suy nghĩ đó với những tính năng ấn tượng không kém cạnh bất kỳ chiếc điện thoại cao cấp nào.",TheGioiDiDong,324994.0,,,,,,,,
https://www.thegioididong.com/dtdd/benco-4g-g3,Điện thoại Benco 4G G3,Benco,3800000,,85500.0,1000.0,,,,Micro USB,,128x160,,1.77,Bảo hành chính hãng điện thoại 1 năm tại các trung tâm bảo hành hãng Xem địa chỉ bảo hành,4.9,4.0,"Benco 4G G3 là điện thoại phổ thông gọn nhẹ, dễ dùng. Máy có màn hình 1.77 inch, hỗ trợ 2 Nano SIM, kết nối 4G, bàn phím T9, đèn pin và pin 1000 mAh cho thời gian dùng lâu. Ngoài ra, máy còn hỗ trợ nghe FM, nhạc và xem video qua thẻ nhớ, đáp ứng nhu cầu cơ bản.",TheGioiDiDong,330485.0,,,,,,,,
https://www.thegioididong.com/dtdd/realme-14t-5g-8gb,Điện thoại realme 14T 5G 8GB/256GB,realme,82900000,,886.0,,,,,,,,,,,4.9,,,TheGioiDiDong,336619.0,,,,,,,,
https://www.thegioididong.com/dtdd/samsung-galaxy-z-fold6,Điện thoại Samsung Galaxy Z Fold6 5G 12GB/256GB,Samsung,361900000,-17%,89300.0,4400.0,10 MP & 4 MP,"Chính 50 MP & Phụ 12 MP, 10 MP",Adreno 750,Type-C,12.0,1856x2160,,7.6,Bảo hành chính hãng điện thoại 1 năm tại các trung tâm bảo hành hãng Xem địa chỉ bảo hành,4.9,25.0,"Sự quay trở lại đầy ấn tượng của siêu phẩm Samsung Galaxy Z Fold6, tiếp tục là biểu tượng cho sự đổi mới và sáng tạo của Samsung trong lĩnh vực điện thoại thông minh. Với những cải tiến vượt trội về mặt thiết kế, cấu hình cao hơn, tính năng ""xịn"" hơn và vẫn giữ nguyên phong cách gập mở đầy ấn tượng cho việc đa nhiệm và xử lý công việc của người dùng hiện đại.",TheGioiDiDong,320721.0,,,,,,,,
https://www.thegioididong.com/dtdd/iphone-16-pro,Điện thoại iPhone 16 Pro 128GB,iPhone (Apple),250900000,-13%,9900.0,27.0,12 MP,"Chính 48 MP & Phụ 48 MP, 12 MP",Apple GPU 6 nhân,Type-C,8.0,1206x2622,,6.3,Bảo hành chính hãng điện thoại 1 năm tại các trung tâm bảo hành hãng Xem địa chỉ bảo hành,4.9,23.0,,TheGioiDiDong,329143.0,,,,,,,,
https://www.thegioididong.com/dtdd/iphone-14-plus,Điện thoại iPhone 14 Plus 128GB,iPhone (Apple),179900000,-10%,90.0,4325.0,12 MP,2 camera 12 MP,Apple GPU 5 nhân,Lightning,6.0,1284x2778,,6.7,Bảo hành chính hãng điện thoại 1 năm tại các trung tâm bảo hành hãng Xem địa chỉ bảo hành,5.0,131.0,"Sau nhiều thế hệ điện thoại của Apple thì cái tên “Plus” cũng đã chính thức trở lại vào năm 2022 và xuất hiện trên chiếc iPhone 14 Plus 128GB, nổi trội với ngoại hình bắt trend cùng màn hình kích thước lớn để đem đến không gian hiển thị tốt hơn cùng cấu hình mạnh mẽ không đổi so với bản tiêu chuẩn.",TheGioiDiDong,245545.0,,,,,,,,
https://www.thegioididong.com/dtdd/masstel-fami-60s,Điện thoại Masstel Fami 60S 4G,Masstel,7000000,,93800.0,2300.0,,,,Type-C,48.0,240x320,,2.0,Bảo hành chính hãng điện thoại 1 năm tại các trung tâm bảo hành hãng Xem địa chỉ bảo hành,4.9,8.0,"Trong thế giới di động ngày nay, việc trở về với những thiết bị đơn giản nhưng đầy đủ chức năng là một nhu cầu ngày càng phổ biến. Masstel Fami 60S 4G chính là câu trả lời hoàn hảo cho những ai tìm kiếm sự tiện lợi và dễ sử dụng trong nghe gọi và nhắn tin, đặc biệt với phụ huynh và người lớn tuổi.",TheGioiDiDong,322876.0,,,,,,,,
https://www.thegioididong.com/dtdd/tcl-60-nxtpaper,Điện thoại TCL 60 NXTPaper 8GB/256GB,TCL,43900000,,94.0,,,,,,,,,,,5.0,,,TheGioiDiDong,336745.0,,,,,,,,
https://www.thegioididong.com/dtdd/iphone-12,Điện thoại iPhone 12 64GB,iPhone (Apple),99900000,-16%,94600.0,2815.0,12 MP,2 camera 12 MP,Apple GPU 4 nhân,Lightning,4.0,1170x2532,,6.1,Bảo hành chính hãng điện thoại 1 năm tại các trung tâm bảo hành hãng Xem địa chỉ bảo hành,4.9,338.0,"Trong những tháng cuối năm 2020, Apple đã chính thức giới thiệu đến người dùng cũng như iFan thế hệ iPhone 12 series mới với hàng loạt tính năng bứt phá, thiết kế được lột xác hoàn toàn, hiệu năng đầy mạnh mẽ và một trong số đó chính là iPhone 12 64GB.",TheGioiDiDong,213031.0,,,,,,,,
https://www.thegioididong.com/dtdd/honor-magic-v3,Điện thoại HONOR Magic V3 5G 12GB/512GB,HONOR,369900000,-7%,95600.0,5150.0,20 MP,"Chính 50 MP & Phụ 50 MP, 40 MP",Adreno 750,Type-C,12.0,2156x2344,,7.92,Bảo hành chính hãng điện thoại 18 tháng tại các trung tâm bảo hành hãng Xem địa chỉ bảo hành,4.9,1.0,"HONOR Magic V3 mở ra không gian trải nghiệm thích mắt với thiết kế gập mở linh hoạt. Màn hình gập được làm chất lượng mang đến hiệu ứng hình ảnh sống động, phục vụ tốt cho công việc và giải trí. Bên cạnh đó, HONOR cũng tập trung vào thiết kế bản lề, giúp người dùng sử dụng dễ dàng.",TheGioiDiDong,332255.0,,,,,,,,
https://www.thegioididong.com/dtdd/samsung-galaxy-z-flip6-512gb,Điện thoại Samsung Galaxy Z Flip6 5G 12GB/512GB,Samsung,259900000,-21%,95600.0,4000.0,10 MP,Chính 50 MP & Phụ 12 MP,Adreno 750,Type-C,12.0,1080x2640,,6.7,Bảo hành chính hãng điện thoại 1 năm tại các trung tâm bảo hành hãng Xem địa chỉ bảo hành,4.9,3.0,"Samsung Galaxy Z Flip6 512GB mang tính ""đổi mới"" với cơ chế gập mở độc đáo và công nghệ AI tiên tiến. Quay trở lại bùng nổ vào năm 2024, máy hứa hẹn cải tiến thiết kế và nâng cấp hiệu năng cho các tín đồ công nghệ.",TheGioiDiDong,322779.0,,,,,,,,
https://www.thegioididong.com/dtdd/iphone-15-pro-1tb,Điện thoại iPhone 15 Pro 1TB,iPhone (Apple),344900000,-11%,95600.0,3274.0,12 MP,"Chính 48 MP & Phụ 12 MP, 12 MP",Apple GPU 6 nhân,Type-C,8.0,1179x2556,,6.1,Bảo hành chính hãng điện thoại 1 năm tại các trung tâm bảo hành hãng Xem địa chỉ bảo hành,4.9,1.0,,TheGioiDiDong,303833.0,,,,,,,,
https://www.thegioididong.com/dtdd/oppo-a38-6gb,Điện thoại OPPO A38 6GB/128GB,OPPO,39900000,-11%,95600.0,5000.0,5 MP,Chính 50 MP & Phụ 2 MP,Mali-G52 MP2,Type-C,6.0,720x1612,,6.56,Bảo hành chính hãng điện thoại 1 năm tại các trung tâm bảo hành hãng Xem địa chỉ bảo hành,4.9,26.0,"OPPO A38 6GB chiếc điện thoại thông minh đáp ứng nhu cầu của người dùng hiện đại, với nhiều ưu điểm nổi bật như pin lớn 5000 mAh, sạc nhanh 33 W, bộ vi xử lý mạnh mẽ, màn hình sắc nét và camera chuyên nghiệp.",TheGioiDiDong,320836.0,,,,,,,,
https://www.thegioididong.com/dtdd/samsung-galaxy-m15,Điện thoại Samsung Galaxy M15 5G 6GB/128GB,Samsung,49900000,,95600.0,6000.0,13 MP,"Chính 50 MP & Phụ 5 MP, 2 MP",Mali-G57 MP2,Type-C,6.0,1080x2340,,6.5,Bảo hành chính hãng điện thoại 1 năm tại các trung tâm bảo hành hãng Xem địa chỉ bảo hành,4.9,84.0,"Trong thế giới smartphone đầy cạnh tranh, Samsung Galaxy M15 5G xuất hiện như một làn gió mới mẻ, mang đến cho người dùng trải nghiệm công nghệ ấn tượng với đầy đủ tính năng cao cấp trong một thiết kế tinh tế và tiện lợi. Đẳng cấp, hiệu năng mạnh mẽ và trải nghiệm đỉnh cao, đó là những gì Galaxy M15 5G hứa hẹn mang lại cho bạn.",TheGioiDiDong,320964.0,,,,,,,,
https://tka.tiki.vn/pixel/pixel?data=iepQYprjfglf5NGwLjfxMBtcgSQdBgmDi6cw7CshO0ntEFMNiPuerC1qo-AzBrVk71ungrQlmsz75XxyoFgNjFp7ujsgDSdaXbVj3PUOCtj5F1nAXIuJpTna8xXzX9CuGRwM7vuZGEfe4H58cbkY32ClmEGGuQlZIK3pvsKbQZ65I9UClgC1v61CwWbkOjhh0Sfe8pIudLUwiIVQk07J7IrLWCVihrSY_DoG29ei5yDuiN3ZG4vr0pFt3XXjN6-ZxnsO1jtN-Pda0qxZCrHUFLCLM90Kk3wi9GfmYxQ_s4vIGtxrQGc05z_02ZKHKFRTX38wlFERIEOLJAPgGdtGEUNrct-xya78dWvO2z6q-iYYB1myWTZsWj7tsx2Fs07YkKALh2sGO7ojkAetkSNwaJsl0CDOH2NbWG7b4DIOntaOymH9J2JgJXQFd50NfYTd6ZTnpKqN5Y3yRvzs4XqlcHwVw5d7DVbGpUCSTvWYZYKYT224iMwiIzz4iuXOMJ_FNPiwJbWamCMasjVi9LveUQrOS23EWW_TkqSKGVbV8PEEsuLNvtVymqZmM3iJab6q5TYDUEAYjTvRl4EtKk16ofGqG5cPx9SwLVVH10UI4fx_FIMamoNuAQBTEliSZDkjHlFrH5XmFafVWoaq2A2J4h7EPnIJ4g_tcyjllFPRM7N0_0TvC9PLRSeBC0r841pRpIp1Lki6K229DddcAxrwinnDqlwS7cEKqYkvwNRgiUCNhviVGmi5quIoGMFmrF1I7POVtVS4tk574llo3dVGDUyXTk9bqcUP9YXyg5gN_V96_rPaAUhbKEcBcuZBFZ_-NDaOD8XFr1ok-X27jR3gjdUMBd5zr_-E6JbLJ-tqoWOMxcVk95yFnBVFs8pl9orfol2eEFwdSRxKTitEhbecHyiYISGlWqA_dSAmqHFLrHs2wm4FE0o0dw3quYqoTPUzuDO-8Z84VgrmH-8hIpKq8yvTe-UgjLkXCrIFzPx9jpnKNeyM-l1K-MNWhbNJZbmaG4PyU4SCFuKbuZKdBZDZpltiq8zvNza7TD0zwoIaOf8knlmP3s_i6cgMW47OIi7YbqylFZ-TIhXMYu3x1Rs6X9CpUNLHxxJrcAjNuPsZkg9gtwcT9li2sjSfRsg3DaHn2bBPcz6o8nX6dwXBtrdJ2Roil64YjtXHR-J722Fv40--2u-OY0-85gk8nZuvheH2zNAUh4s&reqid=JlMHMIuepgcG1xFr&type=CLICK&pos=3,"Điện thoại Samsung Galaxy S25 Ultra, Điện thoại AI, Tìm kiếm thông minh, Video camera đêm Nightography, S Pen đa nhiệm - Hàng Chính Hãng",SAMSUNG,,,,5000.0,12.0 MP,200.0 MP + 50.0 MP + 50.0 MP + 10.0 MP,,,12.0,,256.0,,,,,"Galaxy S25 Ultra - Cánh tay đắc lực AI
- Now Brief: Đưa ra các đề xuất được cá nhân hoá dựa trên phân tích thông minh về lịch trình riêng, sở thích và mục tiêu cá nhân.
- Seamless Actions across Apps: Ra câu lệnh bằng lời nói để xử lý tác vụ liên ứng dụng
- Camera góc siêu rộng 50MP: Nâng tầm nhiếp ảnh di động với Camera nâng cấp 50MP, giúp bắt trọn phong cảnh ở góc rộng chi tiết hơn 4x lần và sáng hơn 34% (so với S24 Ultra)
- Video camera đêm: Hệ thống khử nhiễu thông minh, giúp video thật sắc nét, chấp mọi điều kiện ánh sáng
- Vi xử lý thế hệ mới: Thế hệ Galaxy S với hiệu năng mạnh mẽ nhất cùng vi xử lý 3nm, lần đầu tiên có trên Galaxy - Snapdragon 8 Elite for Galaxy
- Hệ điều hành: Android 15, One UI 7
- Dung lượng RAM: 12GB
- Dung lượng bộ nhớ: 256GB, 512GB, 1TBGiá sản phẩm trên Tiki đã bao gồm thuế theo luật hiện hành. Bên cạnh đó, tuỳ vào loại sản phẩm, hình thức và địa chỉ giao hàng mà có thể phát sinh thêm chi phí khác như phí vận chuyển, phụ phí hàng cồng kềnh, thuế nhập khẩu (đối với đơn hàng giao từ nước ngoài có giá trị trên 1 triệu đồng).....",Tiki,277068431.0,28990000.0,-15%,4.0,Việt Nam,USB Type-C,6.9,12 Tháng,0.0
https://tka.tiki.vn/pixel/pixel?data=l-cMINZJYX32Kas8WXehyZ_wAJ1H1QRoJU6OhyhNXlhXTxqf2r_Cq0uGZxsisWNUG4z1FpvRbHf2qIeEXMBHVrk2DbY617DnN4B9z2pC6J6XwXjnQq20vqLcgK07ahUaANCFcYFzKBGx1fiB_LuY1PyhwxZDv5ONvV_T5DgR5XgdWNQhK2ssdGruM9vb05mXUXp1e_l2N-C8Y-c6hS8s6Ephlmf4Otz595GFetCM45sqFbtRSeJp2u3v7VqoqkNVhYFymI5NUOA526Fg2cLhikt-Reb9aoDHqx7poUa1FYHlr6k-tp1ZU1SeDdEnbG3KaTBwdoi5gF2vhUxAiBk0lL48SYwVA6bB-5OFqo7oRRAlb_lArrn3jv_XS572FPijRDRk1sAFySC4YKfuOX4B9aLCYGcaIRJCJYWJimgYJS1ew7dAewpn9B3Jc70mH0aWYwg394dyCTXRrbapCCtSY4yMQwkAIUd2maykWNSNP66U4hkjXnHGusnheqyBZyWpkRiCXEyZkPcmErgFaaY4TTg_QB0pZGtlKRxlHbHh8e42jxY06Vh06NB5Sq9r2zYTUkLTqT5y5aGU8FwtSrfeD3oKctaq3MWkTjgj8Ll-iMmVvRXOpfvwteMJI2kzWEj1FTbSyM_lsvI1BoGArbhZsPty0CkaQBNUSOiOvRrma8eYXi_fQQKKzAN0FvswglLqX1UI2WpCt0JIBaZ43QkZDJCz2JzMo8IbhVD_jl_wiHpzxUm5q5-BHceTEIU8kg_7r3BwQcfdWUAhcdAEqT1OGstFMtakoFKSsrLG8LvN4udkZ3OratnL9xRl5pic3-dkwsyh3ICuWmxIZmIxMW1xTtZVrUDWQ66pzROIst6XFL594kzldZaj5vFGZWEeo7HIerfmU1eVHUq-QS_lzMGVzkR303d51q_XTTIZq7UaMdTx5_ov4bTjVOQ4OdSfQyVDKM7f6nccWpdrlBiPTg4yBPXRf9ymTgvUjLh-fqNBUoYIsquYkAReR0EKTRWUkZUieY1bD9E7vOjASEFjqINekZJRvt2wnajS2g7JTZWQvixeiMGDMrb5AR4c4Y_vTJRok0JQiOUIJfwFRD36E6UXDzIOo2rmhsNpaGhSenQT6x7TuiWzIWQVR30DkKCPqNI_HFt0tXud8z8&reqid=JlMHMIuepgcG1xFr&type=CLICK&pos=4,Điện thoại Samsung Galaxy A34 5G (8GB/256GB) - Đã kích hoạt bảo hành điện tử Hàng chính hãng,SAMSUNG,,,,5000.0,13 MP,"Chính 48 MP & Phụ 8 MP, 5 MP",Mali-G68 MC4,,8.0,1080x2340,256.0,,,4.8,,"Độ sáng hoàn hảo, sống động mọi nơiThiết kế trẻ trung, đậm chất dòng Galaxy AMọi khung hình đều sáng giáChụp đêm dẫn đầu phân khúcẢnh thêm đẹp nhờ trình sửa ảnh thông minhHiệu năng thần tốc, xử lý mượt mọi tác vụPin lớn 5.000mAh, đáp ứng đến hơn 2 ngày dùngTích hợp chuẩn kháng nước IP67, sẵn sàng cho mọi hoạt độngSở hữu những tính năng hàng đầu trong phân khúc, đi kèm mức giá hợp lý, Samsung Galaxy A34 là “chiến hữu” kề vai sát cánh cùng Gen Z, sẵn sàng cân mọi hoạt động, chinh phục mọi thử thách. Hãy trải nghiệm Galaxy A34 5G, bạn sẽ thấy sự khác biệt từ thiết kế hiện đại, màn hình 120Hz, bộ 3 camera 48MP sắc nét đến hiệu năng Dimensity 1080 mạnh mẽ.Samsung Galaxy A34 5G được đẩy độ sáng lên mức hoàn hảo tới 1000 nits, cho khả năng hiển thị sắc nét và sống động ở mọi nơi, ngay cả ở ngoài trời nắng gắt. Người dùng sẽ tận hưởng màn hình tuyệt đẹp 6.6 inch trên tấm nền Super AMOLED chân thực, đắm chìm trong không gian giải trí chuẩn chỉnh, từ xem phim đến gaming. Hỗ trợ đắc lực cho màn hình cao cấp của Samsung A34 còn phải kể đến tần số quét 120Hz. Đây là nâng cấp vượt trội so với thế hệ tiền nhiệm khi chỉ có 90Hz. Tốc độ 120Hz cho phản hồi nhanh, các thao tác diễn ra siêu mượt mà, “chiến” game cũng thích hơn, mang tới những trận game bùng nổ.Trẻ trung, năng động và thời thượng là tuyên ngôn thiết kế của SamsungA34. Mẫu điện thoại được trau chuốt trong từng đường nét, chọn lựa kỹ lượng các chất liệu tinh tế kết hợp với màu sắc trendy, tạo nên bản sắc riêng biệt, đậm chất Galaxy A.Theo đó, Samsung Galaxy A34 được vát phẳng trước và sau, cho tổng thể hiện đại và hợp xu hướng. Phần thiết kế tráng gương mặt lưng, phủ nhám, vừa hạn chế bám vân tay, vừa cho nét đẹp sang trọng nhưng vẫn giữ vững tinh thần tươi trẻ bởi ba sắc màu: Bạc Bất Bại, Xanh Dũng Mãnh và Đen Chiến Binh.Cùng ghi dấu những khoảnh khắc tuyệt vời cùng Samsung A34 với hệ thống 3 camera 48MP sắc nét. Trong đó, camera chính 48MP, có tích hợp chống rung OIS, đem đến cho người dùng khả năng chụp ảnh chuyên nghiệp. Vì chống rung OIS có vai trò quan trọng trong việc cố định khung hình, đảm bảo hình ảnh được lấy nét chuẩn xác và rõ ràng, dù chủ thể có di chuyển. Camera góc rộng 8MP sẽ có nhiệm vụ chụp ở những khung hình cần mở rộng camera. Hơn nữa, tính năng Auto Framing còn giúp cân chỉnh để hình nhóm không thiếu một ai. Đối với camera macro 5MP, bạn sẽ trải nghiệm chụp ảnh ở khoảng cách siêu cận.Chú trọng vào khả năng chụp đêm, Samsung A34 được tối ưu AI và tính năng Chụp đêm Nightography. Theo đó, nhờ vào việc gia tăng kích thước điểm ảnh camera, Galaxy A34 5G thu được nhiều chi tiết và nhiều sáng hơn, cải thiện tối ưu chất lượng ảnh chụp đêm. Từ đó, người dùng có thể tự tin chụp ảnh đêm mà không ngại ánh sáng sẽ cản trở sự sáng tạo và những khoảnh khắc tuyệt vời của bạn.Ngay trên Samsung Galaxy A34, bạn có thể chỉnh sửa ảnh thông minh với Trình nâng cấp ảnh Photo Remaster, cho phép chụp đêm rõ nét hơn, vì có khả năng tinh chỉnh điểm ảnh tự động. Đồng thời, nếu bạn muốn xóa chi tiết nào trên ảnh cũng không quá khó khăn khi Galaxy A34 có tính năng Xóa đối tượng Object Eraser, giúp bạn dễ dàng xóa các chi tiết thừa nhanh chóng và hiệu quả.Đồng hành cùng bạn trong loạt trải nghiệm Samsung A34 đó là hiệu năng xử lý cực mượt từ Dimensity 1080. Đây là con chip sản xuất trên tiến trình hiện đại 6nm, 8 nhân, với nhân Cortex-A78 xung nhịp đến 2.6GHz và có sự góp mặt của đồ họa GPU ARM Mali-G68 nâng cao khả năng xử lý đồ họa, cho chi tiết mãn nhãn, để bạn tự tin “chiến” mọi game. Đi kèm Dimensity 1080 là 8GB RAM đa nhiệm dễ dàng, thỏa thích sử dụng nhiều ứng dụng cùng lúc không lo giật lag. Điện thoại còn có bộ nhớ 128GB và hỗ trợ mở rộng thẻ nhớ qua microSD đến 1TB, để bạn lưu trữ thoải mái.Samsung Galaxy A34 5G sở hữu viên pin lớn 5.000mAh, mang tới thời gian sử dụng ấn tượng, bền bỉ trong nhiều giờ liền. Bạn có thể mang Galaxy A34 5G bên mình trong suốt cả ngày dài đi học, đi làm mà không cần nạp pin giữa chừng. Theo đó, nếu người dùng sử dụng ít, điện thoại có thể duy trì đến hơn 2 ngày dùng. Bên cạnh pin lớn, Galaxy A34 5G còn có sạc nhanh 25W, lấy lại dung lượng nhanh chóng.Bền bỉ cân mọi cuộc vui, Samsung A34 luôn sẵn sàng cho mọi hoạt động của bạn. Điện thoại tiên phong có tính năng kháng bụi/nước IP67, giúp người dùng an tâm sử dụng ở mọi hoàn cảnh. Theo đó, chuẩn này sẽ mang tới khả năng kháng nước 1 mét trong vòng 30 phút. Hãy thỏa thích trải nghiệm những hoạt động yêu thích, Galaxy A34 5G sẽ luôn kề vai sát cánh, cân mọi thử thách cùng bạn.Giá sản phẩm trên Tiki đã bao gồm thuế theo luật hiện hành. Bên cạnh đó, tuỳ vào loại sản phẩm, hình thức và địa chỉ giao hàng mà có thể phát sinh thêm chi phí khác như phí vận chuyển, phụ phí hàng cồng kềnh, thuế nhập khẩu (đối với đơn hàng giao từ nước ngoài có giá trị trên 1 triệu đồng).....",Tiki,275619760.0,5600000.0,-11%,2986.0,Việt Nam,Type-C,6.6,12 Tháng,75.0
https://tiki.vn/apple-iphone-16e-p277409699.html?spid=277409701,Apple iPhone 16e,APPLE,,,,,,,,,,,,,,,,"Giá sản phẩm trên Tiki đã bao gồm thuế theo luật hiện hành. Bên cạnh đó, tuỳ vào loại sản phẩm, hình thức và địa chỉ giao hàng mà có thể phát sinh thêm chi phí khác như phí vận chuyển, phụ phí hàng cồng kềnh, thuế nhập khẩu (đối với đơn hàng giao từ nước ngoài có giá trị trên 1 triệu đồng).....",Tiki,277409701.0,16450000.0,-3%,3.0,Trung Quốc,,,12 Tháng,0.0
https://tka.tiki.vn/pixel/pixel?data=kUM4xKdRnLmttQ75I8T37riQIjZ8ZyCwjlQJOWx-VQtOyRrqomG-hROfLv7K0cjVEl1Riuai-ZYhT8wn4sVmISlQ0iKUnADKuzusTkT17ZvF1pBjnMuVvKJlFh01ONEy1x4yk2LPESVCQ3m5BelRbT5IQkZAY5mXky8ajiVbwihryjKJxeFHm_b8gEYXSy2tP3HA4XnVJ8q4tK0ysVx71CODtyy3oKoW0d3Wp8Z-m1trY-bbcAMT7L9GR77B7UB6k1bVE182cIWSY7mMce6M6IMBx0tp3dKiIRcrS-nmlW_bn_Rgyb4DLZsw7L0R3E0Bc0u5H4-sOk99ANfMl2KUQq0YCxtJhQr5Bqp_q_CeJxvyjMNLKlilNrAMOnWJvctq_SKgIdA5ERIBJJSp9pJ7PSyYRZGR9rg5kmdqS_l2YTyc1gAZOFqkMabjJYBSys8iCWXz9gMhd3umAvr-uLQULXi5JvcIoi7luIneSCGbthNugm0halHLL_lhDtUbbxfENVqtZR5yspXDojC3TexvXRVV8P7H2sEyx3ZV--Qv7LZhBEtJUEXq28v4GT91OJOZYKjWyPHfRlv2IfpKFCg25JwBKqKGJ5xHUoxFindPPTZpow8GHZdGwMrok4ZGt8ld_xmSl5ww39_6rEQvPmE5dODiqNjnie7g_sFw7y-gb_Ox2hSpbG67QuMgrzT7JaW0dVQ_5QgChoN7KgUBviEAC0rNwyB0_hRCbw3aPRnASTsfx8iYUxkf1z_bD9h42G2gK3yfwm-OjXt-6g6G7yGGsJPjs81_ydumQQ9P8EnItDpR0sFWb4-a5o1Uv73Hb2U2qON2uAsxkPhJdu4jw7Ytmx8uFbSO3cuDHgeapDqUUmA-lCdlLLojq9dMhhdX00MjJGBU6UlKEg3OSzSANplD8PzuEXJMOcx7qVqv8ILjDVlYh4VXJPN7KnBA9q9Ar4lnN2eZNMIzsj1GOVfI9zJQvQ2tvjCG7_KPhXHSxA2iNEq8DIqJcGlAS9mhyIfD_IekwHTHIvOjdnifOi8pbUGIPfA0KsmLc6sD2z4tpllzfHruCe5CesV_tGx18HC4AFMsfmead6piLhTAohEYQbvDOHfVghGfl1RY1rx2EMypWsxzR2fN8JNp40NPNMvPfHGBomuRuo_CIqZjjpE&reqid=JlMHMIuepgcG1xFr&type=CLICK&pos=11,"Điện thoại AI Samsung Galaxy S24 Ultra 12GB/512GB, Camera 200MP Zoom 100x, S Pen- Đen- Hàng Chính Hãng",SAMSUNG,,,,5000.0,12MP,"12MP,200MP,50MP",Adreno 750,,,,,,,4.9,,"Màn hình với độ sáng thích ứng lớn nhất lên đến 2600 nitKhung máy bền bỉ từ titanCảm hứng từ vẻ đẹp của các loại đá thiên nhiênViết nên kỷ nguyên công nghệ mới của S Pen200MP. Bắt trọn mọi chi tiết chân thực nhấtProVisual chụp đêm vẫn rõ như ban ngàyPhóng to cực nét, ngay cả ban đêmChỉ cần khoanh vùng là tìm được thông tinLive Translate. Giao tiếp dễ dàngTrò chuyện đa sắc thái với Trợ lý Chat thông minhTính năng AI nổi bậtTrải nghiệm chiến game siêu thựcPin bền bỉ cả ngày dàiĐiện thoại Samsung Galaxy S24 Ultra 5G- Hàng chính hãngMặt kính Corning Gorilla Armor giúp giảm phản xạ và cải thiện độ sắc nét của hình ảnh, ngay cả dưới ánh sáng mặt trời trực tiếp. Đồng thời công nghệ Vision Booster cải thiện độ tương phản và màu sắc cho khả năng hiển thị rõ nét mang lại trải nghiệm xem ấn tượng.Với chất liệu titan cứng cáp tạo nên khung máy bền bỉ, kết hợp với khả năng chống trầy xước vượt trội của Kính Corning Gorilla Armor, cùng khả năng kháng nước và bụi đạt chuẩn IP68, Galaxy S24 Ultra sẵn sàng đồng hành cùng bạn trong mọi chuyến phiêu lưu.Mỗi màu sắc lại được điểm xuyết thêm vẻ mềm mại của satin, tạo nên cảm giác như một viên đá quý được đánh bóng thật tinh xảo.Mãi mãi một huyền thoại Galaxy Note. Viết, chạm và điều hướng với độ chính xác như chính ngón tay bạn.Độ phân giải MP cao nhất và được hỗ trợ khả năng xử lý AI, Galaxy S24 Ultra thiết lập một tiêu chuẩn mới cho chất lượng hình ảnh mỗi khi bạn chụp.Lưu lại những chi tiết tuyệt đẹp cực kì sắc nét với số megapixel cao nhất trên điện thoại.Công cụ ProVisual nâng cao nhận dạng vật thể — cải thiện tông màu, giảm nhiễu và làm nổi bật chi tiết đáng kinh ngạc.Kích thước điểm ảnh lớn hơn 1.6 lần và biên độ dao động OIS lớn hơn cho chất lượng hình ảnh và video sáng rõ hơn đến 60% và ổn định hơn đến 40%.Chụp chân dung đêm ấn tượng ấn tượng hơn nữa với AI đo chiều sâu các lớp ảnh và xử lý tín hiệu chuyên dụng Night Solution, biến những bức ảnh thành “kiệt tác” nghệ thuật.Với pixel lớn hơn 1,6 lần và Tele OIS rộng hơn, giúp ghi lại hình ảnh và video sáng hơn cũng như ổn định hơn. Ngay cả những đối tượng ở xa cũng trở nên ấn tượng rõ ràng bất chấp tiền cảnh và điều kiện sáng, từ bình minh đến hoàng hôn.Cách thức mới để tìm kiếm là ở đây với khoanh tròn để tìm kiếm. Trong lúc lướt mạng xã hội yêu thích của bạn, hãy sử dụng bút S Pen hoặc ngón tay của bạn để khoanh tròn một thứ gì đó và nhận kết quả Google Search.Đang lướt mạng bỗng bắt gặp hình ảnh một loài cây đẹp mà bạn chưa thấy bao giờ? Chỉ việc khoang vùng và ta-da, bạn sẽ nhận được kết quả từ Google Search ngay lập tức. Từ giờ trở đi, bạn có thể tra cứu thông tin thật dễ dàng mà chẳng cần rời khỏi trang đang xem.Nhờ Phiên dịch Trực tiếp, giờ đây bạn có thể nhận thông dịch theo thời gian thực khi đang nói chuyện điện thoại.Phá vỡ các rào cản ngôn ngữ như chưa từng có - ngay cả khi nhắn tin.Lời đáp của bạn cũng sẽ được tự động dịch lại theo ngôn ngữ của người tiếp nhận.Nhắn tin cực mượt với sự hỗ trợ của AI Trợ lý Chat thông minh.Bạn muốn nói chuyện như thế nào: kiểu chuyên gia, kiểu bạn bè thân thiết, hay là xã giao khách sáo? Trợ lý Chat thông minh sẽ đáp ứng cho bạn hết. Dễ dàng chuyển giọng điệu từ ""Cái này phải nói thế nào đây?"" đến ""Ơ sao mình không nghĩ ra nhỉ?"" chỉ trong chớp mắt.Chỉ cần khoanh vùng là tìm được thông tin, cho phép phiên dịch trực tiếp cuộc gọi, tóm tắt nhanh gọn và sắp xếp thông tin mọi ghi chú, và dễ dàng chỉnh sửa ảnh chuyên nghiệp - tất cả tính năng vượt bậc này đều được hỗ trợ bởi AI trên Galaxy S24 Ultra.Tốc độ xử lý vượt bậc cân mọi tựa game yêu thích. Với buồng hơi Vapor Chamber lớn gấp đôi, Galaxy S24 Ultra đem đến trải nghiệm đồ họa mượt vượt mong đợi.Với dung lượng lớn cùng hiệu suất sử dụng năng lượng cao hơn, pin của Galaxy S24 Ultra đảm bảo thời lượng Pin bền bỉ hơn, sẵn sàng đồng hành cùng bạn trong mọi trận đấu game.Giá sản phẩm trên Tiki đã bao gồm thuế theo luật hiện hành. Bên cạnh đó, tuỳ vào loại sản phẩm, hình thức và địa chỉ giao hàng mà có thể phát sinh thêm chi phí khác như phí vận chuyển, phụ phí hàng cồng kềnh, thuế nhập khẩu (đối với đơn hàng giao từ nước ngoài có giá trị trên 1 triệu đồng).....",Tiki,273947995.0,28490000.0,-5%,1939.0,Việt Nam,Type-C,6.8,12 Tháng,19.0
https://tka.tiki.vn/pixel/pixel?data=iFCjFEv7tlkfvZGNPnoviix8utKadSFkj3bFTvoCgNBYbVsqr9D_UTIGjsB-R963qB4-AZmOH4vYTqCnzP7gNvs0vCG7FMBDGYy1ZexEU3I7-nRr4gsUpvRB6QGQjhHcYYRyenhBig6GZX_fBhSxnrCMOYdMU92TxK_9k7CMjpjk0C0gVQRUrBqHBo7_XRy7u7VLXatdy2ZRCne-0IDOrKIZtbmpmXPHeK_7cnnIOfFuG9BlN1Nctr7Q1N60Gpfiwai-USyEpPVNt2mgXVlgaQgtakW6fazOwdR5OYsDb8qU6Yu9rGMW1zgGvIZgAt9zDs3IlTY-gKmVSdZQj0sDaq3aNapi8Wkl16ffgGapNnc3H1KxppPZDbbOLtFtEkZq5KWZYagSTdQr77GZhZyaNZr-vOD4XuKe32ZbuMfMigASLUA9xuLas5KMqIPkaXxxBiiqy2PzdOpm55xTSYTq4qZl7h-b0dTYq2I7U4VG5EkGSCW5n9cgJwDMpxX5lAZyqT0gTUxq8iUleCL_6PasCXmZI4V7mf-z7emW0YOtObAmAKNKcmD3lfkC7b5xmAhZR_sO3tn7CpuBIVPy9gp4gI86HJXJflrGvVxkS5RBakD9T8qpQxN9wAnfTOgiwbpP9c9YbPWlgFAiQi07aAO8f2BCcUMqlMEs8byi-mrQZVvzTNDmkiqw4kKFv3PZb1Tsz8onfnLYmAHIEBRMevIfEuqE86h-Ex3ybM2ZJnlfcQ50rxIht6yCiJ91-I1KaA3ioLzpUdcuMBTbTQT_l13oAT_8xE2qLZGXVo-B8U1c4tdqfg62mCW-zYaU2Oa0BZ3jCWh3I6IISldBRbHcnO83pNh9L3ocgbHRnuyFfDbLmmTL59R2rY7hu13hU-Rtjnrqsuh_ki3jUeM6KeZF2vMfhVSuT9FUsqZILTLfb37J267Z4uCINLuzON04AdGwepoO5KBtnTyyzKjls2FOQ7YRrQ7PMdoPb_2dw87cooXq7RmfM-oRiRKcWr8yZ_RRb_9InsoeLA9ZLgBc5O9CGS-TQDAPxqL9iqcoJC4c7XTyiajJkGZPad-fvQMm4cn_wQXufXDeW0zFnu4ZgeNaoVuzinL3Czn-u7Yc3J7O3muYDsGFh9sZm84Yf6Zs5LvJqvacYnpQ3duYXkgvJpLMTnDEmyq2VYcz7i98Xm-J9AFG5UeK0yF3d3fUuj4r&reqid=JlMHMIuepgcG1xFr&type=CLICK&pos=12,"Điện thoại Samsung Galaxy S25, Điện thoại AI, Tìm kiếm thông minh, Video camera đêm Nightography, Chip Snapdragon - Hàng Chính Hãng",SAMSUNG,,,,4000.0,12.0 MP,50.0 MP + 10.0 MP + 12.0 MP,,,,1080x2340,,,,5.0,,"Galaxy S25 - Cánh tay đắc lực AI
- Now Brief: Đưa ra các đề xuất được cá nhân hoá dựa trên phân tích thông minh về lịch trình riêng, sở thích và mục tiêu cá nhân.
- Seamless Actions across Apps: Ra câu lệnh bằng lời nói để xử lý tác vụ liên ứng dụng
- Video camera đêm: Hệ thống khử nhiễu thông minh, giúp video thật sắc nét, chấp mọi điều kiện ánh sáng
- Vi xử lý thế hệ mới: Thế hệ Galaxy S với hiệu năng mạnh mẽ nhất cùng vi xử lý 3nm, lần đầu tiên có trên Galaxy - Snapdragon 8 Elite for Galaxy
- Hệ điều hành: Android 15, One UI 7
- Dung lượng RAM: 12GB
- Dung lượng bộ nhớ: 256GB, 512GBGiá sản phẩm trên Tiki đã bao gồm thuế theo luật hiện hành. Bên cạnh đó, tuỳ vào loại sản phẩm, hình thức và địa chỉ giao hàng mà có thể phát sinh thêm chi phí khác như phí vận chuyển, phụ phí hàng cồng kềnh, thuế nhập khẩu (đối với đơn hàng giao từ nước ngoài có giá trị trên 1 triệu đồng).....",Tiki,277165137.0,19990000.0,-13%,5.0,Việt Nam,USB Type-C,6.2,12 Tháng,1.0
https://tiki.vn/dien-thoai-samsung-galaxy-s25-dien-thoai-ai-tim-kiem-thong-minh-video-camera-dem-nightography-chip-snapdragon-hang-chinh-hang-p277063012.html?spid=277165134,"Điện thoại Samsung Galaxy S25, Điện thoại AI, Tìm kiếm thông minh, Video camera đêm Nightography, Chip Snapdragon - Hàng Chính Hãng",SAMSUNG,,,,4000.0,12.0 MP,50.0 MP + 10.0 MP + 12.0 MP,,,,1080x2340,,,,5.0,,"Galaxy S25 - Cánh tay đắc lực AI
- Now Brief: Đưa ra các đề xuất được cá nhân hoá dựa trên phân tích thông minh về lịch trình riêng, sở thích và mục tiêu cá nhân.
- Seamless Actions across Apps: Ra câu lệnh bằng lời nói để xử lý tác vụ liên ứng dụng
- Video camera đêm: Hệ thống khử nhiễu thông minh, giúp video thật sắc nét, chấp mọi điều kiện ánh sáng
- Vi xử lý thế hệ mới: Thế hệ Galaxy S với hiệu năng mạnh mẽ nhất cùng vi xử lý 3nm, lần đầu tiên có trên Galaxy - Snapdragon 8 Elite for Galaxy
- Hệ điều hành: Android 15, One UI 7
- Dung lượng RAM: 12GB
- Dung lượng bộ nhớ: 256GB, 512GBGiá sản phẩm trên Tiki đã bao gồm thuế theo luật hiện hành. Bên cạnh đó, tuỳ vào loại sản phẩm, hình thức và địa chỉ giao hàng mà có thể phát sinh thêm chi phí khác như phí vận chuyển, phụ phí hàng cồng kềnh, thuế nhập khẩu (đối với đơn hàng giao từ nước ngoài có giá trị trên 1 triệu đồng).....",Tiki,277165134.0,19990000.0,-13%,5.0,Việt Nam,USB Type-C,6.2,12 Tháng,1.0
https://tiki.vn/dien-thoai-zte-blade-a34-4gb-64gb-man-hinh-6-6-pin-5000mah-hang-chinh-hang-p277014407.html?spid=277026884,"Điện thoại ZTE Blade A34 (4GB/64GB) Màn hình 6.6"", Pin 5000mAh - Hàng chính hãng",TECNO,,,,5000.0,,,,,4.0,,64.0,,,,,"Thông tin chi tiếtThắng thao mobile cam kếtHàng chính hãng mới 100%Bảo hành 12 thángKích thước màn hình :6.6 inchesCPU Unisoc SC9863AHệ điều hành Andoid 13Bộ nhớ trong: 64GB RAM 4GBCamera chính: 8MP - 2MPCamera phụ :5MPDung lượng pin :5000mAhMàu sắc :Gray, GreenĐộ phân giải màn hình :720x1612 PixelsHãng sản xuất ZTEGiá sản phẩm trên Tiki đã bao gồm thuế theo luật hiện hành. Bên cạnh đó, tuỳ vào loại sản phẩm, hình thức và địa chỉ giao hàng mà có thể phát sinh thêm chi phí khác như phí vận chuyển, phụ phí hàng cồng kềnh, thuế nhập khẩu (đối với đơn hàng giao từ nước ngoài có giá trị trên 1 triệu đồng).....",Tiki,277026884.0,1750000.0,-20%,4.0,China,,6.6,12 Tháng,0.0
https://tiki.vn/dien-thoai-xiaomi-redmi-note-14-6gb-128gb-hang-chinh-hang-p277007015.html?spid=277007017,Điện thoại Xiaomi Redmi Note 14 6GB/128GB - Hàng Chính Hãng,XIAOMI,,,,,,,,,,,,,,5.0,,"Chip MediaTek hỗ trợ chiến game ổn địnhTấm nền AMOLED, tần số quét 120 HzCamera 108 MP chụp ảnh sắc nétThiết kế thanh lịch, nguyên khối liền mạchMediaTek Helio G99-Ultra 8 nhân trên Redmi Note 14 được sản xuất trên tiến trình 6 nm hiện đại, mang lại hiệu năng ổn định khi chơi các tựa game đồ họa nặng như PUBG và Liên Quân. Bên cạnh đó, con chip này còn tối ưu hóa năng lượng hiệu quả, phân bổ điện năng hợp lý, giúp máy hoạt động mát mẻ và tránh hiện tượng quá nhiệt.Kết hợp cùng GPU Mali-G57 MC2, thiết bị mang đến khả năng xử lý mượt mà các tác vụ đồ họa nặng và các tựa game 3D phổ biến. Nhờ đó, người dùng sẽ ít gặp phải tình trạng giật lag hay đứng hình khi thực hiện các thao tác nhanh.Máy được trang bị RAM 6 GB, mang lại hiệu năng mượt mà cho các tác vụ đa nhiệm và giải trí. Đi cùng bộ nhớ trong 128 GB, người dùng có đủ không gian lưu trữ ứng dụng, hình ảnh và dữ liệu quan trọng một cách thoải mái.Ngoài hiệu suất phần cứng ổn định, Xiaomi Redmi Note 14 còn được trang bị tấm nền AMOLED sắc nét, với khả năng phát sáng từng điểm ảnh và độ phân giải 1080 x 2400 pixels. Nhờ vậy, những khung hình hiển thị luôn rõ ràng, giảm thiểu hiện tượng hình ảnh bị vỡ khi chơi game hay xem phim.Màn hình 6.67 inch mang đến không gian vừa đủ để thao tác thoải mái mà không bị che khuất. Kết hợp với tần số quét 120 Hz mượt mà và độ sáng tối đa 1800 nits, máy đảm bảo hiển thị mượt, độ trễ thấp và khả năng nhìn rõ ràng ngay cả dưới ánh sáng ngoài trời.Xiaomi tiếp tục khẳng định sự bền bỉ trên dòng Note mới với mặt kính cường lực Corning Gorilla Glass 5, giúp tăng cường khả năng chịu lực và mang đến sự yên tâm cho người dùng trước các va chạm trong cuộc sống hàng ngày.Hệ thống camera sau của chiếc điện thoại này với cảm biến chính 108 MP cùng hai cảm biến phụ 2 MP, hứa hẹn đáp ứng tốt nhu cầu chụp ảnh thường ngày, đặc biệt trong điều kiện đủ sáng, mang đến hình ảnh chi tiết, rõ nét. Ngoài ra, khả năng quay video Full HD ở tốc độ 60 fps giúp bạn dễ dàng ghi lại những khoảnh khắc đáng nhớ với chất lượng cao.Camera trước 20 MP trên Redmi Note 14 còn được cài đặt với các tính năng làm đẹp tiện lợi, cho phép bạn có thể tùy chỉnh các hiệu ứng làm đẹp, điều chỉnh độ sáng, độ tương phản để có được những bức ảnh ưng ý.Xiaomi Redmi Note 14 tiếp cận người dùng bằng một thiết kế vuông vức, tạo cảm giác chắc chắn và bền bỉ. Mặt lưng nhựa nguyên khối góp phần mang đến sự chắc chắn và thoải mái khi cầm nắm. Các chi tiết như khe loa, jack cắm, nút nguồn cũng được gia công tỉ mỉ, thể hiện sự trau chuốt trong từng đường nét.Redmi Note 14 được trình làng với ba tùy chọn màu sắc: tím, xanh lá và đen. Chiếc điện thoại đem lại nhiều lựa chọn để phù hợp với cá tính và phong cách riêng của bạn, thể hiện sự quan tâm của hãng đến nhu cầu cá nhân hóa của người dùng.Sở hữu độ dày 8.16 mm và khối lượng 196.5g, điện thoại cho cảm giác chắc tay và vừa vặn khi cầm. Tuy không quá mỏng nhẹ, nhưng thiết kế này vẫn đảm bảo sự cân bằng giữa trải nghiệm cầm nắm và các thành phần bên trong máy, đặc biệt là viên pin dung lượng lớn.Giá sản phẩm trên Tiki đã bao gồm thuế theo luật hiện hành. Bên cạnh đó, tuỳ vào loại sản phẩm, hình thức và địa chỉ giao hàng mà có thể phát sinh thêm chi phí khác như phí vận chuyển, phụ phí hàng cồng kềnh, thuế nhập khẩu (đối với đơn hàng giao từ nước ngoài có giá trị trên 1 triệu đồng).....",Tiki,277007017.0,3750000.0,-25%,779.0,Trung Quốc,,,18 Tháng,9.0
https://tka.tiki.vn/pixel/pixel?data=6y9aUVIRa7_mSdtogmB-RWBZiuTl_4PThPS-jqTgghnPIenxFC6mZwThYobqMKxz7MHrX6jIikwYZ5a4f_z20FaDY6QBxNdB6pM4IjzEZB-dmaU0u2RWAWdQ0l1mMN8hEVorO8PH1sEH-bNuMZSO4za0BkUHpcq9loMQcTiEjXoUzOCcedOjiR4NjXo-kcEZdHOzkUDejn69DHRL6mb7X-3Q7rydndkxXNg4qe-5pWh6hKIDkXU3zOSsaKn-H_FwgH3O6TsY_6InhA3FgIyjw0Tyb6niz7F7eg4NKGfs5aCeunBdtZ9uhdUZrrSbLXZj2bVq6LHB5sWYubhZ92xrFRKlsTB_-mSgpAUfjijE0KYc_JEpZEZfKpBc1g4LUgJXuZz4Nl_KhDN3psaFqUXZhgsw0uwBvCHcnTvZJC_m15o30oXyioDM5I2pOw441P2Mx9a8sUqDK6BEYKnW9ayq4gBlxJh3kytvK_Qmt5DAiJVJSZcfL6sFNy5D9Kr9KXHh0An4kGDOz9tTSExNr5OVol-K2b4Y9rP-BGtfFfO7mhz-SSLnpbRSvxSVVjcVYUeRM4SFrBdtzvP-A81nJiB7wWAC9zHrdztgwnIFIHGUx6IyHLWsZHBIxgC1ZchvkseX_S8ygCavn9FPfERS82xeiY-ARh0RoD3kA-cZfYArTo5IhO6HKen7_wlKjMPUfQViIHBt39WprYyKBucCmlWnenbhNDzSjjscFznaQfqksL00GkOvZhFYY6naDU400b0te3CQ-H6P1kM7h_dhUzxkaGz9m9K58qxA2Qu2hUk-JtR_5T04Nv5KWJsVSOSge9LNDlcD0zShillSypfgTOglSt-bpDKxkIhmBmTMMLMTLP41VuZeskeJ-SrqghJ64wVFAFUUxydLrHi5-e_HVlSYBCRDF8N7p_RUuHGlMlVENVAOaLjgtC14OxZVCxjSOj5735kdeQ6gRrJFbzV3Vf7hP-G6z-DOuTEbUPJ--1NKFBp_Mp23jwc7DpisXngY8guUccs2xdzpUYuFFiVEWXmGMCpYMQ_71Qkn0Ui1DaXE5FowVS8e5F_pFE52Yvk6KBmA_dnIX2cXyb4upfeV5io9sO_3w2-V5Q&reqid=JlMHMIuepgcG1xFr&type=CLICK&pos=21,Điện thoại Samsung Galaxy A05s - Hàng chính hãng,SAMSUNG,,,,,,,,,,,,,,4.8,,"Giá sản phẩm trên Tiki đã bao gồm thuế theo luật hiện hành. Bên cạnh đó, tuỳ vào loại sản phẩm, hình thức và địa chỉ giao hàng mà có thể phát sinh thêm chi phí khác như phí vận chuyển, phụ phí hàng cồng kềnh, thuế nhập khẩu (đối với đơn hàng giao từ nước ngoài có giá trị trên 1 triệu đồng).....",Tiki,277617516.0,4490000.0,,996.0,Việt Nam,,,12 Tháng,5.0
https://tka.tiki.vn/pixel/pixel?data=T5gYceaHYhnjDLVRJWmWAFSIsi_DLAoaBo0y56h5SR88JO0j3bSBiXAVVaE3MZ2d1_eFHZ8QZ__AtEvJbcAZG99kDGezjV5nwKEyZ33-2i5Oq3dJxwInApRaSX_c8iN7IvbQL7JAvVXkYf782LEYORWw2ZOXXeUQVqbzW3B9GK5SXNvj4l6SfK8FUtkH7CZw1CbXG_bvNn9f8YynYjryldRiF39ppwo-02-uKgWvClOQVIVinOs8SI7aAiOamM4weH-xh_WwU3RSLIgfNl-CBvtP6nUGh5SJQVj1iz9XvW3CNAkRt-VE6Ax9CZ5iIEthT6Wcms96JG6MWGHu45Mto-MRPJ1pX_BGnf3W7E1YiuFdRBMGLOEnb8s8rr-JrWcqmTkzNGefXvoTiLx_fYplOdyMTJuXA9hPQAM9e3QRqjF73GmtiuBTNf6ehDHFfy0bIx1wmqC0Wejs0RLUyHjhJ6Y0P7loMHLVR999kzO4SvGUDR9vSOr9JbB0UCj2yYW-R1NViuFbvpsbfRc23gX1PwlvroZ8pmzKVu7Y3rbtZgKpRsfkDW2HIYz-pjiLhISuLanh6r3bRUBNI0cCP9QVEleP_Zmd7u-oTLshPQ3Z5rvcm737bLI3wGvZcGdPDdbHniL8Leky3OoUbghgnJyY-cyq5xKJepV8Bugwq_jorTMfLsl76dxmxr5lvfiMObCTD6iqNCZLATjWVd7_qEb6hTcMuRN7nrFCHxVJhe5lmS-JB9JQ_LhjnnWRs9g332-dNIWlp3elkv78kRU61f8f9lCCEMVCo5PJLBS_-235UMTazpkJ5uMbGEWwfK4wRKVAifmQzSzYo40QmnCx-6afvkL1ud-sVnsqsX_iIw9nIO-_hTauspjEjXrYpo1GsLbgSc2mrv4ViL-RTAh5FsmVEa51GYCPfTh29o19twHkeCsbhcWYNbp6QsZ02JqsW2Wt8KRe21u78ckREFiPVO4ydMJDhuLJZnUTGiSExUBDed23dkEoOmvlWf-rOZSuY1kCI2CohJbX1xdWVb-iN9YXN6fZg0g3KZ5uwsSmR2lnB7IoN7A4KwUkAM4UaI665uTThywM38Lw_YXqWsXLWvtXOA&reqid=JlMHMIuepgcG1xFr&type=CLICK&pos=24,"Điện thoại Samsung Galaxy A26 5G (8/128GB), Mặt lưng kính, AI-Circle to Search, Camera HDR chụp đêm sáng rõ - Hàng chính hãng",SAMSUNG,,,,,,,,,,,,,,5.0,,"Củ sạc nhanh mới với tính năng Sạc Siêu Nhanh 25W, dành cho thiết bị tương thích với cáp sạc USB Type-C.*Sạc siêu nhanh (SFC) là công nghệ sạc của Samsung dựa trên Power Delivery 3.0.
**SFC được hỗ trợ cho Galaxy Notes (Note10 trở lên), Galaxy S Series (S10 5G trở lên) và các thiết bị hỗ trợ SFC khác.
***Để đạt kết quả tối ưu, vui lòng sử dụng với cáp Samsung chính hãng có thể mua riêng.
****Cáp sạc đi kèm theo máy tùy theo sản phẩm.Nhỏ hơn, và hơn nữa. Nhờ Công nghệ sạc GaN mà giờ đây củ sạc đã trở nên nhỏ gọn hơn thuận tiện cho du lịch. Sản phẩm với hai phiên bản màu trắng và màu đen.*Bộ sạc với công nghệ sạc GaN nhỏ hơn và tiết kiệm năng lượng hơn nhờ sử dụng vật liệu gallium nitride thay vì silicon.
**Công nghệ sạc GaN có thể không khả dụng tùy theo quốc gia hoặc khu vực mua hàng.Không phải lúc nào củ sạc cũng hoạt động ở công suất tối đa. Khi ở chế độ chờ sạc, củ sạc sẽ giảm thiểu nguồn năng lượng tiêu thụ từ 20mW xuống 5mW, giúp tiết kiệm năng lượng lên đến 75%. Đồng thời, củ sạc này được làm từ những nguyên liệu thân thiện với môi trường đóng góp một phần vào giữ gìn môi trường xanh.An toàn là trên hết. Không còn nỗi lo dòng điện quá tải cho phép, đoản mạch, nhiệt độ cao, rò rỉ điện,…Tiếp năng lượng cho không gian làm việc của bạn. Với công nghệ sạc nhanh lên đến 25W, những thiết bị tương thích với Type-C của bạn sẽ nhanh chóng được sạc đầy , đặc biệt là các thiết bị Galaxy.*Tốc độ sạc thực tế cũng có thể thay đổi tùy thuộc vào mức sử dụng thực tế, điều kiện sạc, thiết bị được kết nối và các yếu tố khác.
**Cáp sạc đi kèm theo máy tùy theo sản phẩm.Giá sản phẩm trên Tiki đã bao gồm thuế theo luật hiện hành. Bên cạnh đó, tuỳ vào loại sản phẩm, hình thức và địa chỉ giao hàng mà có thể phát sinh thêm chi phí khác như phí vận chuyển, phụ phí hàng cồng kềnh, thuế nhập khẩu (đối với đơn hàng giao từ nước ngoài có giá trị trên 1 triệu đồng).....",Tiki,277574341.0,6990000.0,,1.0,Trung Quốc,,,,4.0
https://tka.tiki.vn/pixel/pixel?data=JQb4DoCMMn8GhU8SCUfbCUu8o0pU1k1YAr5zAu5xK8gGjBjtj4A2mH134DYk_30ZMZ3nYacpkCXFeGW_H_PbbQzyduot7EceigDmQLyzJdZYO3MIVpE88kKnuzCyNt-bQ0UVOjn85qzRDo7_sVnY3zyfW8cEJ0lWJCTJfJbFyJd0lYqnl0_FxeXLs9p416gf7phYZi6J0VHiW5ipy_tjKWh61rkZ2Ti6HmrRrceHoKla8HpZOZzCpDoztirfildaY4zL0mtWDjfh6H3-ZxdgrNRqYwAY2AWW2xYxE9qKWEuSCSODqOQ2Ft2gt73aACQU39x8-5R5tuCXkcFWjbgHGoSjyeiAFqShnIuriPWnsQMbCNuxueC9AzVRFAZd1YUYMK3eezmKKpJ5RHsA0a4h-8ydgW35oYFyjZOnp2uGc4MTAIZjlezo0-3YVVgh90Fz03mzsiBZexcqPA5-DBa6VFQCWmtI18kIOBWWcfCz5we_-diHRrWlm_3wcPs8cv6tFnRRkRAJCUlYhc3zXuyhK6rG197toKjmTDR43P0ALqjR6Y4xGRkUQkJ7q-JIqvjyuqG1vmg1-zBlBhiQ_nSJEj6qt-7AN98pZap6_4SXvskmRg8d4hA4xMFAt9Tejeq522y651UckuBj_Yuagjsv5x_67ZaH6OdXxwRnqO8dmiMflgT_rRV2BXqXL3seBcbTBOxDSJE7RFNayMH3jXyfn1hQ4ikcKC171LfY6diKsF7ZwK4F7cgAtr71RjYAPDWyiFfrYhNtckeq9oSdUSvE99xLw_wuPqu-EW8kdIue1hvvcxxMurF3-AsbZSOAannhc3mQ_yUK8s9W8JuE39Sa_Dj_-N3tMzakCVhUMUaoJYRhIveYzcG5Q1n1EXovuf6KOsKflsu9BRm9w3y4xvwnhgek3O1NiYiFB5aNQahPf_7W-RRD3tRY5ts2RxI5rpDFTaY4a85zuE0gKS_TRm_OEWzP_7sMjs9YNC6tu0Xz2UQ0DRJd7LnTqIwaAlvqMg7XArIgg88JIKEpYj2i0DjLe1ys0nOW7DajOalrtA9Mw4yn1vUEBL60UhWP9ntWQ1Gt_OU4eePJBnBEISdNlfrsAmIW6oDDRXowpfdAFMldM0kA8mpNxQMi_A7hEFwAyMwNHDkpcFIP2FdCUNx1bj0vj-Rt5LdrGWx7OW05cRaPRYiK8-0e97lENHwITcVZ_eg&reqid=JlMHMIuepgcG1xFr&type=CLICK&pos=25,"Điện thoại Samsung Galaxy S25+, Điện thoại AI, Tìm kiếm thông minh, Video camera đêm Nightography, Chip Snapdragon - Hàng Chính Hãng",SAMSUNG,,,,4900.0,12.0 MP,50.0 MP + 10.0 MP + 12.0 MP,,,12.0,1440x3120,256.0,,,5.0,,"Galaxy S25+ - Cánh tay đắc lực AI
- Now Brief: Đưa ra các đề xuất được cá nhân hoá dựa trên phân tích thông minh về lịch trình riêng, sở thích và mục tiêu cá nhân.
- Seamless Actions across Apps: Ra câu lệnh bằng lời nói để xử lý tác vụ liên ứng dụng
- Video camera đêm: Hệ thống khử nhiễu thông minh, giúp video thật sắc nét, chấp mọi điều kiện ánh sáng
- Vi xử lý thế hệ mới: Thế hệ Galaxy S với hiệu năng mạnh mẽ nhất cùng vi xử lý 3nm, lần đầu tiên có trên Galaxy - Snapdragon 8 Elite for Galaxy
- Hệ điều hành: Android 15, One UI 7
- Dung lượng RAM: 12GB
- Dung lượng bộ nhớ: 256GB, 512GBGiá sản phẩm trên Tiki đã bao gồm thuế theo luật hiện hành. Bên cạnh đó, tuỳ vào loại sản phẩm, hình thức và địa chỉ giao hàng mà có thể phát sinh thêm chi phí khác như phí vận chuyển, phụ phí hàng cồng kềnh, thuế nhập khẩu (đối với đơn hàng giao từ nước ngoài có giá trị trên 1 triệu đồng).....",Tiki,277165202.0,22990000.0,-15%,1.0,Việt Nam,USB Type-C,6.7,,1.0
https://tiki.vn/dien-thoai-poco-c75-8gb-256gb-hang-chinh-hang-p276559198.html?spid=276559202,Điện thoại POCO C75 (8GB/256GB) - Hàng Chính Hãng,POCO,,,,,,,,,,,,,,5.0,,"POCO C75 cấu hình nổi bật với chip Helio G85Màn hình lớn cùng camera 50 MP xịn sòTheo thông tin từ trang GSMArena, POCO C75 đã đạt chứng nhận FCC với mã model là 2410FPCC5G, đây cũng là phiên bản kế nhiệm của POCO C65 ra mắt vào năm ngoái. Theo thông tin rò rỉ từ chứng nhận này cho biêt, chiếc điện thoại này sẽ được trang bị con chip Helio G85 do MediaTek cung cấp.Dành cho những ai chưa biết, Helio G85 được sản xuất trên tiến trình 12 nm với 8 nhân xử lý cùng nhân đồ họa ARM Mali-G52. Đây cũng là con chip được nhiều nhà sản xuất di động tin tưởng chứ không riêng gì nhà POCO/Xiaomi. Do vậy, các bạn có thể yên tâm phần nào về hiệu năng của POCO C75. Bên cạnh đó, chiếc điện thoại này còn được trang bị 3 bản RAM 4/6/8 GB RAM và 128/256 GB Bộ nhớ trong để người dùng lựa chọn. Do vậy, trải nghiệm đa nhiệm trên thiết bị này cũng sẽ tương đối thoải mái.Ngoài ra, POCO C75 dự kiến được trang bị viên pin 5.000 mAh, một mức pin phổ biến hiện nay ở mọi phân khúc điện thoại. Với mức pin này thì mình nghĩ POCO C75 có thể đáp ứng tốt nhu cầu sử dụng của người dùng trong 1 ngày dài làm việc. Thêm vào đó, máy sẽ được trang bị sạc nhanh 18 W nên bạn không phải chờ máy hồi phục năng lượng quá lâu.Theo nhiều thông tin rò rỉ tính đến hiện tại, thông số cấu hình POCO C75 cụ thể như sau:Cũng theo thông tin từ trang GSMArena, POCO C75 dự sẽ được trang bị màn hình kích thước 6.74 inch, tấm nền IPS LCD, độ phân giải HD+ và tần số quét đến 90 Hz. Nhìn chung, đây là bộ thông số theo mình là ổn trong phân khúc giá bình dân, đảm bảo bạn sẽ có không gian hiển thị rộng rãi, hình ảnh rõ nét và trải nghiệm vuốt chạm mượt mà. Mình hy vọng đây sẽ là màn hình đục lỗ 'nốt ruồi' thay vì giọt nước để mang lại không gian hiển thị rộng rãi hơn.Bên cạnh đó, POCO C75 có thể được trang bị camera kép ở mặt lưng với độ phân giải lượt 50 MP + 2 MP. Một bộ camera theo mình là tương đối ổn với một chiếc điện giá rẻ, đảm bảo hình ảnh cho ra có chi tiết rõ nét, màu sắc chuẩn xác. Ngoài ra, máy có thể trang bị thêm camera selfie 8 MP để mang đến những hình ảnh tự sướng đẹp mắt để đăng lên các nền tảng mạng xã hội.Giá sản phẩm trên Tiki đã bao gồm thuế theo luật hiện hành. Bên cạnh đó, tuỳ vào loại sản phẩm, hình thức và địa chỉ giao hàng mà có thể phát sinh thêm chi phí khác như phí vận chuyển, phụ phí hàng cồng kềnh, thuế nhập khẩu (đối với đơn hàng giao từ nước ngoài có giá trị trên 1 triệu đồng).....",Tiki,276559202.0,2890000.0,-12%,1217.0,Trung Quốc,,,18 Tháng,9.0
https://tiki.vn/dien-thoai-poco-c75-hang-chinh-hang-p276515327.html?spid=276521611,Điện thoại POCO C75 (6GB/128GB) - Hàng Chính Hãng,POCO,,,,5160.0,13 MP,50 MP,Mediatek Helio G81 Ultra,,6.0,,128.0,,,4.9,,"POCO C75 cấu hình nổi bật với chip Helio G85POCO C75 có gì mới? Màn hình lớn cùng camera 50 MP xịn sòTheo thông tin từ trang GSMArena, POCO C75 đã đạt chứng nhận FCC với mã model là 2410FPCC5G, đây cũng là phiên bản kế nhiệm của POCO C65 ra mắt vào năm ngoái. Theo thông tin rò rỉ từ chứng nhận này cho biêt, chiếc điện thoại này sẽ được trang bị con chip Helio G85 do MediaTek cung cấp.Dành cho những ai chưa biết, Helio G85 được sản xuất trên tiến trình 12 nm với 8 nhân xử lý cùng nhân đồ họa ARM Mali-G52. Đây cũng là con chip được nhiều nhà sản xuất di động tin tưởng chứ không riêng gì nhà POCO/Xiaomi. Do vậy, các bạn có thể yên tâm phần nào về hiệu năng của POCO C75. Bên cạnh đó, chiếc điện thoại này còn được trang bị 3 bản RAM 4/6/8 GB RAM và 128/256 GB Bộ nhớ trong để người dùng lựa chọn. Do vậy, trải nghiệm đa nhiệm trên thiết bị này cũng sẽ tương đối thoải mái.Ngoài ra, POCO C75 dự kiến được trang bị viên pin 5.000 mAh, một mức pin phổ biến hiện nay ở mọi phân khúc điện thoại. Với mức pin này thì mình nghĩ POCO C75 có thể đáp ứng tốt nhu cầu sử dụng của người dùng trong 1 ngày dài làm việc. Thêm vào đó, máy sẽ được trang bị sạc nhanh 18 W nên bạn không phải chờ máy hồi phục năng lượng quá lâu.Theo nhiều thông tin rò rỉ tính đến hiện tại, thông số cấu hình POCO C75 cụ thể như sau:Cũng theo thông tin từ trang GSMArena, POCO C75 dự sẽ được trang bị màn hình kích thước 6.74 inch, tấm nền IPS LCD, độ phân giải HD+ và tần số quét đến 90 Hz. Nhìn chung, đây là bộ thông số theo mình là ổn trong phân khúc giá bình dân, đảm bảo bạn sẽ có không gian hiển thị rộng rãi, hình ảnh rõ nét và trải nghiệm vuốt chạm mượt mà. Mình hy vọng đây sẽ là màn hình đục lỗ 'nốt ruồi' thay vì giọt nước để mang lại không gian hiển thị rộng rãi hơn.Bên cạnh đó, POCO C75 có thể được trang bị camera kép ở mặt lưng với độ phân giải lượt 50 MP + 2 MP. Một bộ camera theo mình là tương đối ổn với một chiếc điện giá rẻ, đảm bảo hình ảnh cho ra có chi tiết rõ nét, màu sắc chuẩn xác. Ngoài ra, máy có thể trang bị thêm camera selfie 8 MP để mang đến những hình ảnh tự sướng đẹp mắt để đăng lên các nền tảng mạng xã hội.Giá sản phẩm trên Tiki đã bao gồm thuế theo luật hiện hành. Bên cạnh đó, tuỳ vào loại sản phẩm, hình thức và địa chỉ giao hàng mà có thể phát sinh thêm chi phí khác như phí vận chuyển, phụ phí hàng cồng kềnh, thuế nhập khẩu (đối với đơn hàng giao từ nước ngoài có giá trị trên 1 triệu đồng).....",Tiki,276521611.0,2490000.0,-27%,3427.0,Trung Quốc,Type-C,6.8,18 Tháng,20.0
https://tiki.vn/dien-thoai-oppo-a79-5g-4gb-128gb-man-hinh-6-7-sac-nhanh-33w-rom-tieng-viet-ban-noi-dia-nhat-p276411458.html?spid=276411472,"Điện thoại OPPO A79 5G (4GB/128GB) Màn hình 6.7"", Sạc nhanh 33W , Rom tiếng việt - Bản nội địa Nhật - Hàng nhập khẩu",OPPO,,,,,,,,,4.0,,128.0,,,5.0,,"Cấu hình sản phẩm:
Thẻ Sim:2 SIM, 1 esim +1 Nano SIM /5G
Màn hình:6.7 inches, IPS LCD, 90Hz
Độ phân giải:1080 x 2460 pixels (~396 ppi density)
CPU: MediaTek Dimensity 6020 5G 8 nhân
RAM: 4GB
Bộ nhớ: 128GB
Camera sau: 50 MP
Camera trước: 8 MP
Jack 3.5mm/ Loa: yes
Pin: 5000 mAh, sạc nhanh 33WLƯU Ý
️ Máy là hàng quốc tế do OPPO Nhật Bản phân phối ( Máy xách tay nhật ),Có sẳn tiếng việt
️ Tình trạng: Mới 100% , chưa từng được sử dụng
️ Bảo hành: 1 đổi 1 trong vòng 7 ngày; 12 tháng tiếp theo bảo hành miễn phí - 6 tháng phần cứng 12 tháng phần mềm
️ Máy Fullbox mới 100% không có sạc đi kèm#thangthaomobile #Smartphone #dienthoai #dienthoaithongminh #oppoa79Giá sản phẩm trên Tiki đã bao gồm thuế theo luật hiện hành. Bên cạnh đó, tuỳ vào loại sản phẩm, hình thức và địa chỉ giao hàng mà có thể phát sinh thêm chi phí khác như phí vận chuyển, phụ phí hàng cồng kềnh, thuế nhập khẩu (đối với đơn hàng giao từ nước ngoài có giá trị trên 1 triệu đồng).....",Tiki,276411472.0,3199000.0,-20%,5.0,Trung Quốc,,6.7,12 Tháng,1.0
https://tiki.vn/tecno-spark-go-1-4gb-64gb-hang-chinh-hang-p276166741.html?spid=276166857,Điện thoại Tecno SPARK GO 1 ( 4GB - 64GB) - Hàng Chính Hãng,TECNO,,,,5000.0,8MP,13MP,,,4.0,700x1600,64.0,,,5.0,,"Vì sao nên mua điện thoại Tecno Spark Go 1Cung cấp trải nghiệm mượt mà với chipset hiện đại, RAM ổn địnhQuay chụp rõ nét trong nhiều điều kiện ánh sáng với cụm camera hiện đạiTrải nghiệm suốt ngày dài mà không lo cạn pin với dung lượng 5000mAhTrải nghiệm xem sắc nét, chuẩn HD+ cùng tần số quét lên đến 120HzĐiện thoại Tecno Spark Go 1 được trang bị màn hình IPS LCD 6.67inch với độ phân giải HD+ (700 x 1600 pixel), đảm bảo mang đến trải nghiệm hiển thị sắc nét. Kèm theo đó là chipset Unisoc T615 tám nhân với tốc độ xung nhịp tối đa 1.8GHz, giúp xử lý mượt mà các tác vụ hàng ngày. Ngoài ra, Tecno Spark Go 1 còn sở hữu viên pin dung lượng 5000mAh, đảm bảo thời gian sử dụng lâu dài, phù hợp cho những người dùng năng động.Tecno Spark Go 1 sở hữu những đặc điểm nổi trội đáng để sở hữu và trải nghiệm:Tecno Spark Go 1 được trang bị vi xử lý Unisoc T615 với tám nhân, trong đó có hai nhân Cortex-A75 hoạt động ở xung nhịp 1.8GHz và sáu nhân Cortex-A55 tốc độ 1.6GHz. Với cấu hình này, Tecno Spark Go 1 có thể dễ dàng xử lý các tác vụ từ lướt web, xem phim đến chơi game nhẹ nhàng.Kèm theo đó là RAM 4GB kèm 4GB mở rộng, giúp thế hệ Tecno smartphone này có thể chạy mượt các ứng dụng đa nhiệm mà không gặp tình trạng giật lag. Đồng thời, bộ nhớ trong của máy cũng đạt tới 64GB, cung cấp không gian lưu trữ rộng rãi cho ảnh, video và các tệp cá nhân.Tecno Spark Go 1 sở hữu cụm camera sau đơn 13MP với khẩu độ f/1.8 và tiêu cự 27mm, hỗ trợ lấy nét PDAF, mang đến chất lượng ảnh sắc nét và cực kỳ chi tiết. Cùng với đó là chế độ HDR, giúp nâng cao khả năng chụp ảnh trong các điều kiện ánh sáng phức tạp, bao gồm cả tình huống ngược sáng.Ở phía mặt trước, camera selfie của máy sở hữu độ sắc nét đạt tới 8MP với đèn flash LED kép cùng tính năng làm đẹp tích hợp giúp người dùng có được những bức ảnh selfie chất lượng trong mọi điều kiện ánh sáng.Về thời lượng pin, điện thoại Tecno Spark Go 1 được trang bị viên pin dung lượng lớn 5000mAh, đủ sức đáp ứng nhu cầu sử dụng suốt cả ngày mà không lo hết pin. Đi kèm với mức dung lượng pin ấn tượng này là công nghệ sạc nhanh 15W và cổng sạc USB Type-C, giúp quá trình sạc pin trên Tecno Spark Go 1 diễn ra nhanh chóng, tiện lợi. Sự kết hợp giữa dung lượng pin lớn và tính năng sạc nhanh giúp Tecno smartphone luôn sẵn sàng cho mọi nhu cầu hàng ngày mà không cần lo lắng về thời lượng pin.Màn hình 6.67 inch của Tecno Spark Go 1 cũng là điểm nhấn xuất sắc không nên bỏ qua với độ phân giải HD+ (720 x 1600 pixels) mang đến chất lượng hiển thị rõ ràng, chi tiết. Điểm nổi bật trên tấm nền của Tecno Spark Go 1 là tần số quét lên tới 120Hz, cho phép hình ảnh và chuyển động mượt mà hơn trong mọi tác vụ, từ xem video đến lướt web. Đặc biệt, màn hình của máy còn sở hữu công nghệ LCD, cung cấp góc nhìn rộng rãi, màu sắc chân thực và độ sáng tốt, mang lại trải nghiệm thị giác tuyệt vời cho người dùng, ngay cả khi sử dụng dưới ánh sáng mạnh.Giá sản phẩm trên Tiki đã bao gồm thuế theo luật hiện hành. Bên cạnh đó, tuỳ vào loại sản phẩm, hình thức và địa chỉ giao hàng mà có thể phát sinh thêm chi phí khác như phí vận chuyển, phụ phí hàng cồng kềnh, thuế nhập khẩu (đối với đơn hàng giao từ nước ngoài có giá trị trên 1 triệu đồng).....",Tiki,276166857.0,1990000.0,-20%,51.0,Trung Quốc,USB Type-C,6.67,12 Tháng,15.0
https://tiki.vn/apple-iphone-16-p276110349.html?spid=276110355,Apple iPhone 16 - Xanh Lưu Ly - 128GB,APPLE,,,,,,,,,,1179x2556,,,,5.0,,"Giá sản phẩm trên Tiki đã bao gồm thuế theo luật hiện hành. Bên cạnh đó, tuỳ vào loại sản phẩm, hình thức và địa chỉ giao hàng mà có thể phát sinh thêm chi phí khác như phí vận chuyển, phụ phí hàng cồng kềnh, thuế nhập khẩu (đối với đơn hàng giao từ nước ngoài có giá trị trên 1 triệu đồng).....",Tiki,276110355.0,18990000.0,-17%,233.0,Trung Quốc,Type-C,6.1,12 Tháng,30.0
https://tiki.vn/apple-iphone-16-plus-p276110276.html?spid=276110286,Apple iPhone 16 Plus,APPLE,,,,,,,,,,1290x2796,,,,4.9,,"Giá sản phẩm trên Tiki đã bao gồm thuế theo luật hiện hành. Bên cạnh đó, tuỳ vào loại sản phẩm, hình thức và địa chỉ giao hàng mà có thể phát sinh thêm chi phí khác như phí vận chuyển, phụ phí hàng cồng kềnh, thuế nhập khẩu (đối với đơn hàng giao từ nước ngoài có giá trị trên 1 triệu đồng).....",Tiki,276110286.0,21990000.0,-15%,95.0,Trung Quốc,Type-C,6.7,12 Tháng,15.0
https://tiki.vn/apple-iphone-16-pro-p276110023.html?spid=276110025,Apple iPhone 16 Pro,APPLE,,,,,,,,,,,,,,5.0,,"Giá sản phẩm trên Tiki đã bao gồm thuế theo luật hiện hành. Bên cạnh đó, tuỳ vào loại sản phẩm, hình thức và địa chỉ giao hàng mà có thể phát sinh thêm chi phí khác như phí vận chuyển, phụ phí hàng cồng kềnh, thuế nhập khẩu (đối với đơn hàng giao từ nước ngoài có giá trị trên 1 triệu đồng).....",Tiki,276110025.0,24750000.0,-15%,200.0,Trung Quốc,Type-C,6.3,12 Tháng,31.0
https://tiki.vn/apple-iphone-16-pro-max-p276109904.html?spid=276109950,Apple iPhone 16 Pro Max,APPLE,,,,,,,,,,,,,,4.9,,"Giá sản phẩm trên Tiki đã bao gồm thuế theo luật hiện hành. Bên cạnh đó, tuỳ vào loại sản phẩm, hình thức và địa chỉ giao hàng mà có thể phát sinh thêm chi phí khác như phí vận chuyển, phụ phí hàng cồng kềnh, thuế nhập khẩu (đối với đơn hàng giao từ nước ngoài có giá trị trên 1 triệu đồng).....",Tiki,276109950.0,30450000.0,-13%,768.0,Trung Quốc,Type-C,6.9,12 Tháng,113.0
https://tiki.vn/dien-thoai-samsung-galaxy-a34-5g-8gb-256gb-da-kich-hoat-bao-hanh-dien-tu-hang-chinh-hang-p275618846.html?spid=275619759,Điện thoại Samsung Galaxy A34 5G (8GB/256GB) - Đã kích hoạt bảo hành điện tử Hàng chính hãng,SAMSUNG,,,,5000.0,13 MP,"Chính 48 MP & Phụ 8 MP, 5 MP",Mali-G68 MC4,,8.0,1080x2340,256.0,,,4.8,,"Độ sáng hoàn hảo, sống động mọi nơiThiết kế trẻ trung, đậm chất dòng Galaxy AMọi khung hình đều sáng giáChụp đêm dẫn đầu phân khúcẢnh thêm đẹp nhờ trình sửa ảnh thông minhHiệu năng thần tốc, xử lý mượt mọi tác vụPin lớn 5.000mAh, đáp ứng đến hơn 2 ngày dùngTích hợp chuẩn kháng nước IP67, sẵn sàng cho mọi hoạt độngSở hữu những tính năng hàng đầu trong phân khúc, đi kèm mức giá hợp lý, Samsung Galaxy A34 là “chiến hữu” kề vai sát cánh cùng Gen Z, sẵn sàng cân mọi hoạt động, chinh phục mọi thử thách. Hãy trải nghiệm Galaxy A34 5G, bạn sẽ thấy sự khác biệt từ thiết kế hiện đại, màn hình 120Hz, bộ 3 camera 48MP sắc nét đến hiệu năng Dimensity 1080 mạnh mẽ.Samsung Galaxy A34 5G được đẩy độ sáng lên mức hoàn hảo tới 1000 nits, cho khả năng hiển thị sắc nét và sống động ở mọi nơi, ngay cả ở ngoài trời nắng gắt. Người dùng sẽ tận hưởng màn hình tuyệt đẹp 6.6 inch trên tấm nền Super AMOLED chân thực, đắm chìm trong không gian giải trí chuẩn chỉnh, từ xem phim đến gaming. Hỗ trợ đắc lực cho màn hình cao cấp của Samsung A34 còn phải kể đến tần số quét 120Hz. Đây là nâng cấp vượt trội so với thế hệ tiền nhiệm khi chỉ có 90Hz. Tốc độ 120Hz cho phản hồi nhanh, các thao tác diễn ra siêu mượt mà, “chiến” game cũng thích hơn, mang tới những trận game bùng nổ.Trẻ trung, năng động và thời thượng là tuyên ngôn thiết kế của SamsungA34. Mẫu điện thoại được trau chuốt trong từng đường nét, chọn lựa kỹ lượng các chất liệu tinh tế kết hợp với màu sắc trendy, tạo nên bản sắc riêng biệt, đậm chất Galaxy A.Theo đó, Samsung Galaxy A34 được vát phẳng trước và sau, cho tổng thể hiện đại và hợp xu hướng. Phần thiết kế tráng gương mặt lưng, phủ nhám, vừa hạn chế bám vân tay, vừa cho nét đẹp sang trọng nhưng vẫn giữ vững tinh thần tươi trẻ bởi ba sắc màu: Bạc Bất Bại, Xanh Dũng Mãnh và Đen Chiến Binh.Cùng ghi dấu những khoảnh khắc tuyệt vời cùng Samsung A34 với hệ thống 3 camera 48MP sắc nét. Trong đó, camera chính 48MP, có tích hợp chống rung OIS, đem đến cho người dùng khả năng chụp ảnh chuyên nghiệp. Vì chống rung OIS có vai trò quan trọng trong việc cố định khung hình, đảm bảo hình ảnh được lấy nét chuẩn xác và rõ ràng, dù chủ thể có di chuyển. Camera góc rộng 8MP sẽ có nhiệm vụ chụp ở những khung hình cần mở rộng camera. Hơn nữa, tính năng Auto Framing còn giúp cân chỉnh để hình nhóm không thiếu một ai. Đối với camera macro 5MP, bạn sẽ trải nghiệm chụp ảnh ở khoảng cách siêu cận.Chú trọng vào khả năng chụp đêm, Samsung A34 được tối ưu AI và tính năng Chụp đêm Nightography. Theo đó, nhờ vào việc gia tăng kích thước điểm ảnh camera, Galaxy A34 5G thu được nhiều chi tiết và nhiều sáng hơn, cải thiện tối ưu chất lượng ảnh chụp đêm. Từ đó, người dùng có thể tự tin chụp ảnh đêm mà không ngại ánh sáng sẽ cản trở sự sáng tạo và những khoảnh khắc tuyệt vời của bạn.Ngay trên Samsung Galaxy A34, bạn có thể chỉnh sửa ảnh thông minh với Trình nâng cấp ảnh Photo Remaster, cho phép chụp đêm rõ nét hơn, vì có khả năng tinh chỉnh điểm ảnh tự động. Đồng thời, nếu bạn muốn xóa chi tiết nào trên ảnh cũng không quá khó khăn khi Galaxy A34 có tính năng Xóa đối tượng Object Eraser, giúp bạn dễ dàng xóa các chi tiết thừa nhanh chóng và hiệu quả.Đồng hành cùng bạn trong loạt trải nghiệm Samsung A34 đó là hiệu năng xử lý cực mượt từ Dimensity 1080. Đây là con chip sản xuất trên tiến trình hiện đại 6nm, 8 nhân, với nhân Cortex-A78 xung nhịp đến 2.6GHz và có sự góp mặt của đồ họa GPU ARM Mali-G68 nâng cao khả năng xử lý đồ họa, cho chi tiết mãn nhãn, để bạn tự tin “chiến” mọi game. Đi kèm Dimensity 1080 là 8GB RAM đa nhiệm dễ dàng, thỏa thích sử dụng nhiều ứng dụng cùng lúc không lo giật lag. Điện thoại còn có bộ nhớ 128GB và hỗ trợ mở rộng thẻ nhớ qua microSD đến 1TB, để bạn lưu trữ thoải mái.Samsung Galaxy A34 5G sở hữu viên pin lớn 5.000mAh, mang tới thời gian sử dụng ấn tượng, bền bỉ trong nhiều giờ liền. Bạn có thể mang Galaxy A34 5G bên mình trong suốt cả ngày dài đi học, đi làm mà không cần nạp pin giữa chừng. Theo đó, nếu người dùng sử dụng ít, điện thoại có thể duy trì đến hơn 2 ngày dùng. Bên cạnh pin lớn, Galaxy A34 5G còn có sạc nhanh 25W, lấy lại dung lượng nhanh chóng.Bền bỉ cân mọi cuộc vui, Samsung A34 luôn sẵn sàng cho mọi hoạt động của bạn. Điện thoại tiên phong có tính năng kháng bụi/nước IP67, giúp người dùng an tâm sử dụng ở mọi hoàn cảnh. Theo đó, chuẩn này sẽ mang tới khả năng kháng nước 1 mét trong vòng 30 phút. Hãy thỏa thích trải nghiệm những hoạt động yêu thích, Galaxy A34 5G sẽ luôn kề vai sát cánh, cân mọi thử thách cùng bạn.Giá sản phẩm trên Tiki đã bao gồm thuế theo luật hiện hành. Bên cạnh đó, tuỳ vào loại sản phẩm, hình thức và địa chỉ giao hàng mà có thể phát sinh thêm chi phí khác như phí vận chuyển, phụ phí hàng cồng kềnh, thuế nhập khẩu (đối với đơn hàng giao từ nước ngoài có giá trị trên 1 triệu đồng).....",Tiki,275619759.0,5550000.0,-12%,2986.0,Việt Nam,Type-C,6.6,12 Tháng,75.0
https://tiki.vn/dien-thoai-oppo-reno12f-5g-8gb-256gb-hang-chinh-hang-p275510579.html?spid=275512694,Điện thoại OPPO Reno12F 5G (8GB/256GB) - Hàng Chính Hãng,OPPO,,,,5000.0,"32MP, f/2.4; FOV 90°; 5P lens",Camera chính; 50MP; Camera góc rộng: 8MP; Camera xóa phông: 2MP,Mali-G57 MC2 1072MHz,,8.0,1080x2400,256.0,,,5.0,,"Giới thiệuĐiện thoại OPPO Reno12 F Chipset MediaTek D6300 ổn địnhCamera sau 50 MP cùng camera selfie 32 MP rõ ràngDung lượng pin lên đến 5.000 mAhHình ảnh hiển thị sắc nét và công nghệ màn hình chất lượngĐiện thoại OPPO Reno12 F 5G có dung lượng lưu trữ 8GB+256GB kết hợp chipset MediaTek D6300 đem đến sự ổn định để xử lý các tác vụ khác nhau. Với camera sau độ phân giải cao lên đến 50 MP và camera selfie 32MP, giúp đem đến hình ảnh sắc nét khi chụp và quay video. Dung lượng pin của điện thoại lớn 5.000 mAh sẽ cho phép đáp ứng các nhu cầu cá nhân như chơi game hay lướt web cả ngày. Bên cạnh đó, màn hình của điện thoại 6.67 inch, với độ làm mới 120 Hz, không lo bị giật lag khi sử dụng.Điện thoại được trang bị trên Reno 12f 5G chính là chipset MediaTek D6300, đem đến hiệu suất ổn định và mượt mà cho các tác vụ khác nhau từ chơi game hay lướt web, nghe nhạc. Bên cạnh đó, với GPU mạnh mẽ và quen thuộc với nhiều người dùng.Dung lượng lưu trữ của điện thoại Reno12 F 5GB 8GB RAM, cho phép người dùng mở ứng dụng khác nhau mà không sợ bị lag hay giật, gây khó chịu. Bên cạnh đó, bộ nhớ trong lên đến 256GB, đem đến không gian rộng rãi hơn để lưu trữ dữ liệu, video,Camera chính của điện thoại OPPO Reno12 F có độ phân giải 50MP, giúp ghi lại những bức ảnh rõ ràng và sắc nét. Sản phẩm không chỉ dừng lại ở đó mà còn có camera góc siêu rộng 8MP, cho phép người dùng dễ dàng chụp cảnh rộng hơn hoặc ảnh nhóm nhiều người camera và camera xoá phông 2MP.Bên cạnh đó, camera selfie có độ phân giải 32MP sẽ giúp chụp ảnh chân dung và dễ dàng chỉnh sửa thông qua bộ lọc. Kết hợp với nhiều tính năng làm đẹp thông qua AI, hình ảnh chụp lại qua điện thoại OPPO Reno12 F sẽ được tự nhiên và giúp mịn da hơn.Trên OPPO Reno12 F nâng cấp về dung lượng pin lên đến 5.000 mAh, giúp máy đáp ứng các nhu cầu sử dụng với cấu hình cao. Người dùng sẽ có thể sử dụng điện thoại cả ngày dài để chơi game, nghe nhạc, xem phim mà không sợ sạc pin nhiều lần.Điện thoại OPPO Reno12 F 5G còn hỗ trợ công nghệ sạc SUPERVOOC TM 2.0, sẽ giúp người dùng có thời gian sạc pin nhanh chóng hơn. Đảm bảo rằng điện thoại trong tình trạng sẵn sàng hoạt động nhanh chóng sau khoảng thời gian ngắn khi sạc pin.Màn hình của sản phẩm Reno 12F lớn 6.67 inches và sử dụng công nghệ AMOLED, độ sáng đến 2100 nits mang đến chất lượng hình ảnh vượt trội với. Ngoài ra, màn hình này có độ phân giải sắc nét FHD+ các chi tiết hiển thị đều sắc nét và chân thực khi sử dụng.Tần số quét khi xem sẽ là 120Hz, giúp các thao tác vuốt chạm trở nên mượt mà và nhanh nhạy hơn. Điện thoại OPPO Reno12 F 5G còn được thiết kế với mặt kính cao cấp kết hợp khung kim loại, tạo nên sự hiện đại và nâng cao tính thẩm mỹ.Giá sản phẩm trên Tiki đã bao gồm thuế theo luật hiện hành. Bên cạnh đó, tuỳ vào loại sản phẩm, hình thức và địa chỉ giao hàng mà có thể phát sinh thêm chi phí khác như phí vận chuyển, phụ phí hàng cồng kềnh, thuế nhập khẩu (đối với đơn hàng giao từ nước ngoài có giá trị trên 1 triệu đồng).....",Tiki,275512694.0,6450000.0,-32%,51.0,Trung Quốc,USB Type-C,6.67,12 Tháng,5.0
https://tiki.vn/dien-thoai-oppo-a79-5g-8gb-256gb-hang-chinh-hang-p275510578.html?spid=275511974,Điện thoại OPPO A79 5G (8GB/256GB) - Hàng Chính Hãng,OPPO,,,,5000.0,8MP; f/2.0; FOV 80°; ống kính 4P,Camera chính: 50MP; f/1.8; FOV 77°; ống kính 5P; hỗ trợ AF và sử dụng động cơ vòng hở 2MP Camera thứ 2; f/2.4; FOV 89°; ống kính 3P; hỗ trợ FF,Mali-G57 MC2 @950MHz,,8.0,1080x2408,256.0,,,4.9,,"Đặc điểm nổi bậtA79 OPPO sở hữu chipset Dimensity thế hệ mớiCụm camera OPPO A79 5G sở hữu độ phẩn giải 50MPThoải mái xử lý công việc, giải trí suốt ngày dài với dung lượng pin lớnChất lượng hình ảnh rõ nét và chân thực hơn trên tấm nền LCD hiện đạiOPPO A79 5G cung cấp trải nghiệm hình ảnh sắc nét tới từng chi tiết nhờ sở hữu màn hình hiển thị LCD 6.72 inch Full HD+ cùng tần số quét 90Hz hiện đại. Sức mạnh bên trong của máy đến từ chipset Dimensity 6020, 8GB RAM và bộ nhớ 256GB, hỗ trợ đáp ứng được mượt mà hầu hết các yêu cầu sử dụng hàng ngày. Ngoài ra, thế hệ OPPO smartphone này còn đi kèm với cảm biến camera 50MP hiện đại cùng viên pin 5,000 mAh và hỗ trợ sạc nhanh 33W, đảm bảo nâng cấp vượt trội trải nghiệm quay chụp và thời lượng sử dụng.Ưu điểm nổi bật nhận được nhiều sự quan tâm của người dùng trên OPPO A79 5G là sức mạnh xử lý mạnh mẽ với cấu hình đỉnh cao. Cụ thể, máy sẽ được trang bị bộ vi xử lý MediaTek Dimensity 6020, RAM 8 GB và bộ nhớ trong lên đến 256 GB. Thông qua ưu điểm ấn tượng này, máy dễ dàng đem lại những trải nghiệm mượt mà và nhanh chóng cho người dùng trong những tác vụ thông thường.Về khả năng chụp ảnh, ghi hình, A79 5G cũng được đánh giá là không hề thua kém bất kỳ dòng máy nào cùng tầm giá hiện nay. Theo đó, máy sẽ được đi kèm với cụm camera sau kép sử dụng cảm biến chính 50MP và camera chân dung 2MP, cung cấp chất lượng hình ảnh cực đỉnh.Ở phía mặt trước, OPPO A79 5G sẽ được trang bị camera selfie đơn 8MP và được tích hợp kèm các tính năng chụp ảnh hiện đại. Nhờ đó mà mọi bức hình selfie hay là cuộc gọi video trên dòng máy OPPO A này cũng đều sẽ được thể hiện với chất lượng cao, mang lại trải nghiệm nhiếp ảnh trên cả tuyệt vời.So với nhiều dòng máy OPPO A Series khác thì A79 OPPO dường như có sự nâng cấp về thời lượng sử dụng nhờ được trang bị viên pin 5.000 mAh cùng chip xử lý tiết kiệm năng lượng. Nhờ đó, nó cung cấp khả năng sử dụng lâu dài, hỗ trợ mọi hoạt động hàng ngày cho người dùng mà không cần lo lắng về việc sạc pin thường xuyên.Chưa hết, máy còn sở hữu khả năng sạc nhanh 33W, hỗ trợ nạp đầy pin chỉ trong thời gian ngắn. Qua đó, bạn sẽ có thể thoải mái làm việc, chơi game giải trí trên OPPO A79 mà không lo bị gián đoạn trải nghiệm nữa rồi nhé!Bên cạnh những điểm nhấn ấn tượng về hiệu năng, camera và pin trên thì khả năng hiển thị của OPPO A79 5G cũng được đánh giá cực kỳ cao. Cụ thể, máy sẽ sở hữu màn hình LCD 6.72 inch với độ phân giải Full HD+. Tấm nền này sẽ đi kèm với tốc độ lấy mẫu cảm ứng 180Hz và tốc độ làm mới 90Hz, cung cấp một trải nghiệm mượt mà và hiển thị rõ ràng ở mọi tiêu chí sử dụng.Giá sản phẩm trên Tiki đã bao gồm thuế theo luật hiện hành. Bên cạnh đó, tuỳ vào loại sản phẩm, hình thức và địa chỉ giao hàng mà có thể phát sinh thêm chi phí khác như phí vận chuyển, phụ phí hàng cồng kềnh, thuế nhập khẩu (đối với đơn hàng giao từ nước ngoài có giá trị trên 1 triệu đồng).....",Tiki,275511974.0,5990000.0,-20%,2703.0,Trung Quốc,USB Type-C,6.72,12 Tháng,29.0
https://tiki.vn/dien-thoai-oppo-a2m-5g-6gb-128gb-dimensity-6020-man-90hz-rom-tieng-viet-hang-chinh-hang-p274639765.html?spid=274639776,"Điện thoại OPPO A2M 5G 6GB/128GB , Dimensity 6020 , Màn 90Hz , Rom tiếng việt - Hàng chính hãng",OPPO,,,,,,,,,6.0,,128.0,,,4.7,,"OPPO đã chính thức phát hành điện thoại thông minh OPPO A2m ra mắt tại Trung Quốc. Được giới thiệu là phiên bản mới nhất trong dòng sản phẩm A của hãng, thiết bị này nhanh chóng thu hút sự chú ý của công chúng. Với những tính năng đáng chú ý như chip xử lý Dimensity 6020 và dung lượng pin 5.000 mAh, OPPO A2m hứa hẹn mang đến trải nghiệm tuyệt vời cho người dùng.Màn hình 6.56 inches HD+Bộ vi xử lý Dimensity 6020Camera chính 13MPDung lượng pin cực lớn 5.000 mAhHỗ trợ 5GThông số kỹ thuậtKích thước màn hình : 6.56 inchesCông nghệ màn hình : IPS LCDCamera chính: 13MP, f/2.2Camera trước : 5MP, f/2.2Chipset MediaTek : Dimensity 6020 8 nhânDung lượng : RAM 6 GBBộ nhớ trong : 128 GBPin : 5,000 mAhHệ điều hành :  Android 13Tính năng màn hình Tần số quét 90Hz, độ sáng 720 nits và có mật độ điểm ảnh 269 ppiMột trong những điểm đáng chú ý nhất của OPPO A2m chính là màn hình 6.56 inches với độ phân giải HD+. Bạn sẽ được tận hưởng những hình ảnh sắc nét và chi tiết cùng độ sáng lên đến 720 nits, giúp hình ảnh được hiển thị rõ ràng trong mọi điều kiện ánh sáng. Với tốc độ làm mới 90Hz, việc cuộn trang và chuyển động trên màn hình sẽ trở nên mượt mà hơn bao giờ hết.Đối với hiệu năng, OPPO A2m được trang bị chipsset xử lý Dimensity 6020 của tập đoàn công nghệ MediaTek - một bộ vi xử lý octa-core mạnh mẽ. Đi kèm với đó là GPU Mali-G57 MP2, giúp điện thoại đảm bảo khả năng xử lý đồ họa mượt mà và trải nghiệm chơi game tuyệt vời. Với tùy chọn RAM lên đến 12 GB và bộ nhớ trong lên đến 256 GB, bạn sẽ có đủ không gian lưu trữ và khả năng đa nhiệm mạnh mẽ.Trên phần mềm, OPPO A2m chạy trên hệ điều hành Android 13 với giao diện ColorOS 13.1, mang đến trải nghiệm người dùng mượt mà và tương thích với các ứng dụng hiện đại nhất thị trường.OPPO A2m cũng không làm người dùng thất vọng về khả năng chụp ảnh. Với camera chính 13MP và khẩu độ f/2.2, bạn có thể tạo ra những bức ảnh sắc nét, rực rỡ và chất lượng cao. Camera trước 5MP vừa đủ để hỗ trợ chụp ảnh selfie và gọi video chất lượng cao cho người dùng. Đồng thời, thiết bị cũng có tính năng mở khóa bằng khuôn mặt và cảm biến vân tay gắn bên cạnh để đảm bảo tính bảo mật cao nhất cho chủ sở hữu.OPPO A2m cũng được trang bị một pin dung lượng lớn lên đến 5.000 mAh, giúp bạn sử dụng máy thoải mái suốt cả ngày mà không cần lo lắng về việc sạc pin thường xuyên. Ngoài ra, nếu bạn không muốn phải chờ đợi quá lâu khi sạc máy thì OPPO A2m cũng hỗ trợ người dùng công nghệ sạc nhanh với mức công suất là 10W để tiết kiệm thời gian.OPPO A2m có khả năng kết nối đa dạng để đáp ứng nhu cầu của người dùng. Thiết bị hỗ trợ kết nối mạng di động 5G, giúp bạn truy cập nhanh vào các dịch vụ trực tuyến, tải xuống tập tin nhanh chóng và xem nội dung đa phương tiện mượt mà. Ngoài ra, OPPO A2m cũng hỗ trợ kết nối Wi-Fi 802.11 b/g/n/ac, cho phép bạn kết nối với các mạng Wi-Fi công cộng hoặc mạng Wi-Fi gia đình để duyệt web, xem videoĐối với việc chia sẻ dữ liệu, OPPO A2m có cổng USB Type-C, cho phép bạn kết nối với máy tính hoặc các thiết bị khác để truyền tải dữ liệu nhanh chóng và sạc pin. Thiết bị cũng hỗ trợ kết nối Bluetooth v5.3 để kết nối với các thiết bị không dây, hỗ trợ khe cắm thẻ SIM kép,Giá sản phẩm trên Tiki đã bao gồm thuế theo luật hiện hành. Bên cạnh đó, tuỳ vào loại sản phẩm, hình thức và địa chỉ giao hàng mà có thể phát sinh thêm chi phí khác như phí vận chuyển, phụ phí hàng cồng kềnh, thuế nhập khẩu (đối với đơn hàng giao từ nước ngoài có giá trị trên 1 triệu đồng).....",Tiki,274639776.0,3690000.0,,13.0,Trung Quốc,,,12 Tháng,3.0
https://tiki.vn/dien-thoai-zte-libero-5g-iv-4gb-128gb-dimensity-700-khang-nuoc-ip67-sac-nhanh-22-5w-moi-nguyen-seal-hang-nhap-khau-p274191773.html?spid=274191775,"Điện thoại ZTE Libero 5G IV - 4GB/128GB Dimensity 700 , Kháng nước IP67 , Sạc nhanh 22,5W - Mới nguyên seal - Hàng nhập khẩu",TECNO,,,,4420.0,,,,,4.0,,128.0,,,5.0,,"Cấu hình chi tiết :Độ phân giải Full HD+ (1080 x 2400 Pixels)Màn hình rộng 6.6 "" - Màn IPS TFT 16,7 triệu màu 400 ppiĐộ phân giải camera sau Chính 50 MP & Phụ 2 MP, 2 MPĐộ phân giải camera trước 8 MPHệ điều hành AndroidChip xử lý Dimensity 700RAM 4 GBBộ nhớ trong 128 GBSim 2 Sim (1 Sim vật lý + 1 esim)Mạng : 5GChống nước : IP67Dung lượng pin 4.420 mAhSạc nhanh : 22,5WLoại pin Li-PoCảm biến vây tay : nút nguồnChú Ý : Máy nguyên seal không có sạc đi kèm (Các bạn chọn phân loại Nguyên seal + sạc nếu chưa có sạc type C)ZTE Libero 5G IV là sản phẩm thị trường Nhật Bản.ZTE Libero 5G IV có thiết kế khung vuông. Chiếc máy dày 8,6 mm và nặng 194 gram. Điện thoại có khả năng kháng bụi kháng nước theo tiêu chuẩn IP67.ZTE Libero 5G IV là sản phẩm dành riêng cho thị trường Nhật Bản, sở hữu thiết kế vuông vức người dùng dễ dàng cầm nắm chắc chắn..ZTE Libero sở hữu màn hình OLED có kích thước 6.67 inch với độ phân giải Full HD màn hình có thiết kế đục lỗ đi kèm cảm biến vân tay đây là sự cải tiến mới mẻ trên chiếc điện thoại này.ZTE Libero 5G III ở hữu thông số camera:ZTE Libero 5G III được trang bị con chip Dimensity 700 đi kèm với RAM 4GB vơi với bộ nhớ 128GB điều này khiến thiết bị đem đến khả năng phục vụ tác vụ hằng ngày của người dùng khá tốt và không gian lưu trữ dung lượng thoải mái.Về kết nối, ZTE Libero 5G III hỗ trợ 5G, Wi-Fi băng tần kép, Bluetooth 5.1, GNSS, NFC và USB Type-C. Viên pin có dung lượng 4420mAh.So sánh ZTE LIBERO IV (A302) VS ZTE LIBERO III (A202ZT)Tên thiết bịZTE LIBERO IV (A302)ZTE LIBERO III (A202ZT)GSM frequencies900 1800 1900900 1800 1900UMTS tiêu chuẩn900 1700 1900 2100900 1700 1900 2100LTE tiêu chuẩnFDD LTE: 2100, 1900, 1700, 900FDD LTE: 900TDD LTE: 3500, 2500TDD LTE: 3500, 25005G tiêu chuẩnFDD 5G: 1700, 700FDD 5G: 1800, 700TDD 5G: 3700TDD 5G: 3700TypeTouchTouchKhả năng chống nước,chống bụiIP65, IP67IP55, IP57Kích thước166.00 x 76.00 x 8.60 mm168.00 x 78.00 x 9.10 mmCân nặng194.00 g207.00 gMàn hìnhColor / IPS TFTColor / OLED16,7M colors16M colors1080 x 2408 px (6.60"") 400 ppi1080 x 2400 px (6.67"") 395 ppiThời gian đàm thoại (tối đa)4G: 2250 min. (37.5 h)4G: 2003 min. (33.4 h)Chờ (tối đa)4G: 627 h. (26.1 days)4G: 515 h. (21.5 days)Sạc nhanh22,5W18WPin tiêu chuẩnLi-Ion 4420 mAhBuy powerbankLi-Ion 4120 mAhBuy powerbankROM128 GB64 GBRAM memory4 GB4 GBOperating systemAndroid 13Android 12Bộ xử lýMediaTek Dimensity 700 MT6833MediaTek Dimensity 700 MT6833Đồng hồ bộ xử lý2200 MHz2200 MHzGPUARM Mail-G57 MC2 @955 MhzARM Mail-G57 MC2 @955 MhzTiêu chuẩn thẻ SIMeSIM, nanoSIMeSIM, nanoSIMGiá sản phẩm trên Tiki đã bao gồm thuế theo luật hiện hành. Bên cạnh đó, tuỳ vào loại sản phẩm, hình thức và địa chỉ giao hàng mà có thể phát sinh thêm chi phí khác như phí vận chuyển, phụ phí hàng cồng kềnh, thuế nhập khẩu (đối với đơn hàng giao từ nước ngoài có giá trị trên 1 triệu đồng).....",Tiki,274191775.0,2399000.0,-20%,11.0,Trung Quốc,Type C,6.6,12 Tháng,3.0
https://tiki.vn/dien-thoai-oppo-a38-4gb-128gb-hang-chinh-hang-p274171148.html?spid=274171838,Điện thoại Oppo A38 (4GB/128GB) - Hàng Chính Hãng,OPPO,,,,5000.0,5 MP,Chính 50 MP+Phụ 2 MP,Mali-G52 MP2,,4.0,720x1612,128.0,,,4.9,,"Vẻ ngoài đơn giản tối ưu trải nghiệmNâng cao trải nghiệm với màn hình lớnHiệu năng đủ dùng cho các tác vụ cơ bảnChụp ảnh chất lượng với cụm camera sắc nétViên pin lớn cho thời gian sử dụng dài lâuẤn tượng đầu tiên của mình với OPPO A38 chính là ngoại hình nổi bật của nó. Thiết kế của OPPO A38 với hình dáng vuông vức, cùng với hiệu ứng chuyển đổi màu sắc độc đáo ở phía sau, tạo ra một vẻ ngoài vô cùng sang trọng và tinh tế. Các cạnh và viền máy được làm phẳng, cung cấp cảm giác cầm nắm chắc chắn và giảm thiểu rủi ro rơi rớt khi sử dụng.Mặt lưng của chiếc điện thoại được chế tạo từ thủy tinh hữu cơ và được gia công một cách tinh tế, tạo ra một bề mặt liền mạch và bền bỉ. Ống kính camera được đặt dọc trong cụm có hình dáng như một viên thuốc, tạo nên một vẻ ngoài đẹp mắt và rất giống các mẫu điện thoại OPPO A năm nay.OPPO cũng đã trang bị đầy đủ các cổng kết nối xung quanh điện thoại, bao gồm cổng sạc Type-C và jack tai nghe 3.5 mm. Bên cạnh đó, khối lượng của máy khoảng 190 g không quá nặng, nên khi sử dụng vào thời gian dài cũng ít xuất hiện cảm giác mỏi tay.Tóm lại, về thiết kế của OPPO A38, theo mình là sự kết hợp tinh tế giữa sự đơn giản và vẻ lịch lãm, sang trọng. Và để bảo vệ vẻ đẹp này, việc sử dụng ốp lưng là một lựa chọn hợp lý để giảm thiểu nguy cơ gây hỏng hoặc trầy xước khi điện thoại gặp va đập mạnh.Về màn hình, máy được thiết kế theo dạng giọt nước phổ biến, cùng với việc tối ưu hóa các cạnh viền, OPPO A38 mang lại không gian rộng lớn và khả năng vuốt chạm tốt hơn trong quá trình sử dụng.Khi nói về thông số kỹ thuật, OPPO trang bị cho điện thoại một màn hình rộng, có kích thước lên đến 6.56 inch và sử dụng tấm nền IPS LCD. Độ phân giải đạt HD+ (720 x 1612 Pixels), tạo nên một trải nghiệm hiển thị chi tiết. Mặc dù các thông số này không nổi bật so với các sản phẩm khác trong phân khúc giá, nhưng thực tế lại cho một trải nghiệm vô cùng tuyệt vời.Mặc dù độ phân giải không cao, nhưng khi sử dụng màn hình này rất ấn tượng. Hình ảnh được tái tạo với độ chi tiết tốt, hạn chế rõ rệt các vết rỗ. Điều này đáp ứng tốt các nhu cầu cơ bản của đa số người dùng mà không gặp phải những trở ngại đáng kể. Độ sáng màn hình lên đến 720 nits mang lại chất lượng hiển thị tốt, đặc biệt là khi sử dụng ngoài trời dưới ánh nắng mặt trời.Màn hình ổn định khi nghiêng từ các góc độ khác nhau, mặc dù có một số điểm mù ở các góc nhất định, nhưng không tác động đáng kể đến trải nghiệm sử dụng của mình. Điểm đặc biệt là khả năng hỗ trợ tần số quét 90 Hz, giúp cho thao tác vuốt chạm trên màn hình được mượt mà, tăng cường trải nghiệm sử dụng, đặc biệt là khi tham gia các trò chơi.Một điểm khác mà mình ấn tượng khi trải nghiệm OPPO A38 là về khả năng xử lý âm thanh. Trong quá trình nghe nhạc và xem video trên YouTube, mình đã phát hiện rằng chất lượng âm thanh của máy là đặc biệt ấn tượng, âm thanh phát ra từ loa có độ lớn đủ để tạo ra trải nghiệm phong phú, mà không gặp phải hiện tượng rè.Ở OPPO A38, hãng đã trang bị cho máy con chip Helio G85 có 8 nhân xử lý bên trong. Đây là một mẫu chip thường thấy trên các dòng điện thoại Android tầm trung, vì thế với các tác vụ hằng ngày máy đem đến khả năng xử lý mượt mà và nhanh chóng.Điện thoại có khả năng xử lý tốt hầu hết các tác vụ cơ bản như duyệt web, xem phim, chụp ảnh hay thực hiện cuộc gọi và nhắn tin. Tuy nhiên, khi mình thao tác chuyển đổi các ứng dụng một cách liên tục thì máy xuất hiện tình trạng đơ nhẹ trong vài giây. Vì thế, bạn nên hạn chế tình trạng chuyển đổi liên tục giữa các ứng dụng để có một trải nghiệm tối ưu hơn.Về mặt chơi game, điện thoại đủ sức xử lý tốt khi đối mặt với các tựa game như Liên Quân Mobile. Tại thời điểm này, bạn có thể thoải mái thiết lập cấu hình trò chơi ở độ phân giải Siêu cao và chất lượng hình ảnh Cao, trải nghiệm thực tế cho thấy mọi thứ diễn ra khá mượt mà và ít gặp tình trạng giật lag.Tuy nhiên, khi đối mặt với các tựa game như PUBG Mobile ở cấu hình cực cao, máy không thể duy trì hiệu suất ổn định. Điều này là điều dễ hiểu khi Helio G85 không phải là một con chip quá mạnh mẽ và việc xử lý tốt trò chơi này trở nên khó khăn.OPPO A38 cũng là điện thoại chạy hệ điều hành Android 13, cho khả năng xử lý đa nhiệm mạnh mẽ. Việc chuyển đổi giữa các ứng dụng diễn ra trơn tru, không gặp hiện tượng phải tải lại từ đầu khi mở lại ứng dụng sau một thời gian chạy ngầm, trừ trường hợp đối mặt với các game online nặng chiếm dung lượng lớn. Do đó, để có trải nghiệm tốt hơn, bạn nên giới hạn việc mở quá nhiều trang cùng một lúc.Ở phần mặt sau, chiếc điện thoại trang bị hệ thống camera bao gồm camera chính 50 MP và camera phụ 2 MP. Điều này cùng với việc tích hợp nhiều tính năng tiên tiến, giúp tối ưu hóa hình ảnh chụp và mang lại sự hấp dẫn cho những bức ảnh.Với nhiều tính năng chụp ảnh như chế độ chụp đêm, chụp ảnh xóa phông, chụp toàn cảnh và nhiều tính năng khác, chiếc điện thoại mở rộng khả năng sáng tạo, tạo ra những bức hình đẹp mắt và đa dạng. Các tính năng này không chỉ làm phong phú tùy chọn chụp ảnh mà còn mang lại trải nghiệm chụp hình đỉnh cao, đáp ứng nhanh chóng đa dạng nhu cầu sáng tạo của người dùng.Mình đã thử nghiệm nhiều chế độ chụp khác nhau với camera chính 50 MP, trong điều kiện đủ sáng, OPPO A38 mang lại trải nghiệm chụp ảnh với độ chi tiết tốt khi zoom đến gần mà không bị vỡ nét nhiều. Màu sắc được tái tạo khá chân thực mà không có sự nịnh mắt như một số điện thoại Android khác, độ tương phản cũng như cân bằng sáng ở mức ổn, điều này giúp mình có thể tùy chỉnh màu sắc trên Photoshop với một tông màu chuẩn nhất.Tuy nhiên, trong môi trường ngược sáng, OPPO A38 có thể gặp khó khăn trong việc duy trì chi tiết và bảo toàn độ chính xác của màu sắc và hình ảnh cho ra hơi bị nhạt. Để giảm thiểu tình trạng này, bạn có thể giữ chặt thiết bị để tránh rung tay gây mờ hoặc nhòe, cũng như điều chỉnh độ sáng để bức ảnh trở nên tươi sáng hơn.Mặt trước của máy trang bị camera selfie 5 MP, hỗ trợ chế độ làm đẹp để xử lý các khuyết điểm trên da. Điều này không chỉ giúp tạo nên những bức ảnh tự tin mà còn giảm thời gian chỉnh sửa trước khi chia sẻ với bạn bè và người thân.Với viên pin dung lượng lớn 5000 mAh, chiếc điện thoại này cung cấp thời lượng sử dụng liên tục ổn định khoảng 9 giờ, thậm chí khi đối mặt với các tác vụ tổng hợp ở điều kiện độ sáng và âm thanh đạt 100%, cùng việc sử dụng WiFi trong môi trường máy lạnh (thời lượng sử dụng/sạc có thể thay đổi theo nhu cầu sử dụng của người dùng).Với dung lượng pin rộng lớn như vậy, bạn có thể sử dụng điện thoại một cách thoải mái suốt cả ngày, từ việc duyệt web, trò chuyện, chơi game cho đến thưởng thức nội dung giải trí, mà không cần quan tâm đến việc phải sạc lại pin liên tục.Với khả năng sạc nhanh 33 W, chiếc điện thoại này có thể phục hồi từ 0 đến 100% pin chỉ trong khoảng 1 tiếng 20 phút, một điểm đặc biệt ấn tượng. Điều này giúp loại bỏ lo lắng về thời gian chờ đợi khi điện thoại cạn kiệt năng lượng một cách đột ngột, mang lại sự thuận tiện và linh hoạt trong việc sử dụng hằng ngày.Giá sản phẩm trên Tiki đã bao gồm thuế theo luật hiện hành. Bên cạnh đó, tuỳ vào loại sản phẩm, hình thức và địa chỉ giao hàng mà có thể phát sinh thêm chi phí khác như phí vận chuyển, phụ phí hàng cồng kềnh, thuế nhập khẩu (đối với đơn hàng giao từ nước ngoài có giá trị trên 1 triệu đồng).....",Tiki,274171838.0,2990000.0,-25%,4607.0,Trung Quốc,Type-C,6.56,12 Tháng,22.0
https://tiki.vn/dien-thoai-xiaomi-redmi-note-13-6gb-128gb-hang-chinh-hang-p273942001.html?spid=273942312,Điện thoại Xiaomi Redmi Note 13 (6GB/128GB) - Hàng chính hãng,XIAOMI,,,,,,,,,,1080x2400,,,,4.8,,"Thiết kế đổi mới cùng độ mỏng ấn tượng 7.97 mmMàn hình AMOLED cho chất lượng hiển thị sắc nétCamera 108 MP và nhiều tính năng tích hợpSử dụng chipset nhà QualcommThoải mái sử dụng với pin 5000 mAhThiết kế của Redmi Note 13 mang đậm dấu ấn của sự tinh tế và sang trọng. Máy sở hữu một hình dáng vuông vức, với khung viền và mặt lưng được chế tạo độc đáo, tạo nên một diện mạo ấn tượng và làm nổi bật chiếc điện thoại trong phân khúc của nó.Điểm nổi bật của thiết kế Redmi Note 13 là độ mỏng chỉ 7.97 mm, mặc dù vẫn tích hợp viên pin lớn 5000 mAh. Điều này không chỉ giúp máy có một ngoại hình gọn gàng, thanh thoát mà còn mang đến cảm giác cầm nắm thoải mái, dễ dàng bỏ túi.Cụm camera của Redmi Note 13 được thiết kế độc đáo, với mỗi ống kính được đặt riêng biệt, tạo nên một dấu ấn độc đáo và phá cách, nó không chỉ giúp người dùng dễ dàng nhận biết sản phẩm mà còn mang lại sự mới mẻ và độc đáo, ngăn chặn sự nhàm chán từ việc lặp lại thiết kế truyền thống.Mặt trước của Redmi Note 13 là một màn hình tràn viền dạng nốt ruồi, với viền mỏng. Thiết kế này mang lại cái nhìn thị giác tốt, giúp người dùng tập trung vào nội dung trên màn hình. Ngoài ra, màn hình tràn viền cũng tối ưu hóa không gian hiển thị, mang đến trải nghiệm sử dụng thoải mái và tiện ích.Cổng sạc Type-C của Redmi Note 13 tiếp tục theo đuổi xu hướng công nghệ mới, mang lại tốc độ sạc nhanh và đơn giản hóa quá trình kết nối. Khả năng chống nước và bụi IP54 của Redmi Note 13 là một lợi thế đáng kể, giúp điện thoại đối mặt với môi trường khắc nghiệt.Màn hình của Redmi Note 13 sử dụng tấm nền AMOLED, tạo nên một không gian hiển thị màu sắc vô cùng ấn tượng. Điểm đặc biệt là độ tương phản cao và khả năng hiển thị màu đen sâu đã tạo nên hình ảnh sắc nét và chân thực. Khác biệt này làm cho mọi nội dung trên màn hình trở nên sống động và thuyết phục hơn bao giờ hết.Độ phân giải Full HD+ kết hợp với kích thước màn hình lớn 6.67 inch, mang lại trải nghiệm xem vô cùng sắc nét và chi tiết. Văn bản trở nên rõ ràng, ảnh và video hiển thị một cách sống động, đưa người dùng đến gần với thế giới số một cách chưa từng có.Tần số quét 120 Hz là một lợi thế lớn, làm cho mọi tác vụ trên màn hình trở nên mượt mà và chân thực. Cuộc gọi video, chơi game và thậm chí là việc lướt web đều trở nên linh hoạt và đáp ứng nhanh chóng.Một trong những ưu điểm nổi bật và đáng chú ý trên chiếc điện thoại dòng Redmi này chính là hệ thống camera, một công nghệ đột phá mang đến khả năng chụp ảnh vô song dưới mọi điều kiện ánh sáng.Camera chính 108 MP của Redmi Note 13 được trang bị cảm biến lớn, tối ưu hóa cho việc thu sáng và tạo ra những bức ảnh sắc nét và chi tiết. Sự kết hợp với ống kính phụ 8 MP và 2 MP giúp bổ sung thêm tính năng chụp ảnh xóa phông hay góc rộng thêm phần chất lượng.Redmi Note 13 cung cấp nhiều tính năng nhiếp ảnh hiện đại, giúp người dùng chụp ảnh một cách dễ dàng và chuyên nghiệp. Chế độ chụp ban đêm nổi bật với khả năng ghi lại những khoảnh khắc tuyệt vời dưới ánh sáng yếu, trong khi chế độ chuyên nghiệp mang lại sự linh hoạt và kiểm soát đối với các tham số nhiếp ảnh.Ngoài ra, điện thoại còn trang bị tính năng chụp ảnh siêu độ phân giải để đảm bảo mọi chi tiết được ghi lại một cách rõ ràng và hơn hết là chế độ xóa phông giúp tạo ra những bức ảnh nổi bật với hiệu ứng làm mờ hậu cảnh đầy thú vị.Camera selfie 16 MP cũng không kém phần ấn tượng, với nhiều tính năng hiện đại như làm đẹp AI, giúp cải thiện làn da và các đường nét trên khuôn mặt. Chế độ HDR làm nổi bật chi tiết trong mọi cảnh chụp, giảm thiểu tình trạng chói lóa hoặc tối om khi chụp ảnh trong môi trường có độ sáng cao hoặc ngược sáng.Trong danh sách những đặc điểm nổi bật của chiếc điện thoại Xiaomi này, hiệu năng là một trong những điểm mạnh ấn tượng nhất, mang lại trải nghiệm sử dụng mượt mà và ổn định.Chiếc điện thoại Android được trang bị con chip Snapdragon 685, một hiệu suất mạnh mẽ kết hợp cùng khả năng tiết kiệm năng lượng đáng kể. Chip này đem đến hiệu năng ổn định, giúp điện thoại vận hành mọi ứng dụng và tác vụ một cách nhanh chóng và mượt mà. Hơn hết, Snapdragon 685 có thể đáp ứng tốt trong việc chơi game như Liên Quân Mobile ở mức cấu hình trung bình.Với RAM 8 GB, Redmi Note 13 cho khả năng xử lý đa nhiệm một cách dễ dàng. Người dùng có thể mở đồng thời nhiều ứng dụng mà không gặp trở ngại, thậm chí là khi đang chơi game hoặc xem video chất lượng cao. Điều này tăng cường trải nghiệm người dùng, giúp bạn tận hưởng sự linh hoạt mà không lo lắng về tình trạng giật lag khi chuyển đổi giữa các ứng dụng.Bộ nhớ trong 128 GB là một ưu điểm nổi bật, mang đến không gian lưu trữ rộng rãi. Người dùng có thể thoải mái lưu trữ ảnh, video, ứng dụng và nhiều dữ liệu cá nhân khác mà không phải lo lắng về việc thiếu không gian, từ đó làm cho Redmi Note 13 trở thành một người bạn đồng hành đáng tin cậy.Redmi Note 13 tự tin khi sở hữu viên pin với dung lượng khủng lên đến 5000 mAh, một con số ấn tượng đảm bảo cho việc sử dụng điện thoại thoải mái suốt cả ngày mà không phải lo lắng về việc hết pin. Với dung lượng lớn này, bạn có thể dễ dàng xem phim, chơi game, lướt web hay thực hiện mọi tác vụ mà không sợ điện thoại hết pin giữa chừng.Hệ thống sạc nhanh 33 W là một ưu điểm nổi bật khác của Redmi Note 13, giúp điện thoại nhanh chóng sạc đầy pin. Điều này trở nên rất hữu ích khi bạn cần sử dụng điện thoại ngay lập tức và không muốn phải chờ đợi lâu.Xiaomi Redmi Note 13 rất có thể trở thành mẫu điện thoại quốc dân trong năm 2024 nhờ hội tụ nhiều yếu điểm tốt vượt ngoài mức giá. Dù bạn là người yêu thích nghệ thuật thiết kế hay người đang tìm kiếm sự tiện ích, chiếc điện thoại này sẽ đáp ứng tốt mọi nhu cầu của bạn khi đây được xem là một sự kết hợp độc đáo của vẻ đẹp và hiệu suất.Giá sản phẩm trên Tiki đã bao gồm thuế theo luật hiện hành. Bên cạnh đó, tuỳ vào loại sản phẩm, hình thức và địa chỉ giao hàng mà có thể phát sinh thêm chi phí khác như phí vận chuyển, phụ phí hàng cồng kềnh, thuế nhập khẩu (đối với đơn hàng giao từ nước ngoài có giá trị trên 1 triệu đồng).....",Tiki,273942312.0,3390000.0,-26%,721.0,Trung Quốc,,,18 Tháng,154.0
https://tiki.vn/apple-iphone-15-plus-p271967379.html?spid=271967576,iPhone 15 Plus,APPLE,,,,4383.0,,,Apple GPU 5 nhân,,6.0,1290x2796,512.0,,,4.7,,"Nội dung quảng cáoTính năng nổi bậtPháp lýThông số kỹ thuậtLuôn cập nhật những thông tin mới nhất cho công việc của bạn với các cảnh báo trên Dynamic Island và Hoạt Động Trực Tiếp. Biến những sản phẩm tốt nhất của bạn trở nên sống động với camera Chính 48MP và Telephoto 2x. Thời lượng pin cả ngày và USB-C giúp bạn sạc dễ dàng hơn bao giờ hết.11Thời lượng pin khác nhau tùy theo cách sử dụng và cấu hình; truy cập  để biết thêm thông tin.2iPhone 15, iPhone 15 Plus, iPhone 15 Pro và iPhone 15 Pro Max có khả năng chống tia nước, chống nước và chống bụi. Sản phẩm đã qua kiểm nghiệm trong điều kiện phòng thí nghiệm có kiểm soát đạt mức IP68 theo tiêu chuẩn IEC 60529 (chống nước ở độ sâu tối đa 6 mét trong vòng tối đa 30 phút). Khả năng chống tia nước, chống nước và chống bụi không phải là các điều kiện vĩnh viễn. Khả năng này có thể giảm do hao mòn thông thường. Không sạc pin khi iPhone đang bị ướt. Vui lòng tham khảo hướng dẫn sử dụng để biết cách lau sạch và làm khô máy. Không bảo hành sản phẩm bị hỏng do thấm chất lỏng.3Màn hình có các góc bo tròn. Khi tính theo hình chữ nhật chuẩn, kích thước màn hình theo đường chéo là 6,12 inch (iPhone 15 Pro, iPhone 15) hoặc 6,69 inch (iPhone 15 Pro Max, iPhone 15 Plus). Diện tích hiển thị thực tế nhỏ hơn.4iPhone 15 và iPhone 15 Pro có thể phát hiện va chạm ô tô nghiêm trọng và gọi trợ giúp. Yêu cầu kết nối mạng di động hoặc Cuộc Gọi Wi-Fi.Truy cập để xem cấu hình đầy đủ.Giá sản phẩm trên Tiki đã bao gồm thuế theo luật hiện hành. Bên cạnh đó, tuỳ vào loại sản phẩm, hình thức và địa chỉ giao hàng mà có thể phát sinh thêm chi phí khác như phí vận chuyển, phụ phí hàng cồng kềnh, thuế nhập khẩu (đối với đơn hàng giao từ nước ngoài có giá trị trên 1 triệu đồng).....",Tiki,271967576.0,18950000.0,-27%,287.0,Trung Quốc,Type-C,6.7,12 Tháng,47.0
https://tiki.vn/apple-iphone-15-p271966786.html?spid=271966796,iPhone 15,APPLE,,,,3349.0,,,Apple GPU 5 nhân,,6.0,1179x2556,128.0,,,4.9,,"Nội dung quảng cáoTính năng nổi bậtPháp lýThông số kỹ thuậtiPhone 15 sở hữu Dynamic Island, camera Chính 48MP và USB-C trong thiết kế bằng kính pha màu và nhôm bền bỉ.CÁC TÍNH NĂNG AN TOÀN QUAN TRỌNG — Với tính năng Phát Hiện Va Chạm, iPhone có thể phát hiện va chạm ô tô nghiêm trọng và gọi trợ giúp khi cần kíp.41iPhone 15, iPhone 15 Plus, iPhone 15 Pro và iPhone 15 Pro Max có khả năng chống tia nước, chống nước và chống bụi. Sản phẩm đã qua kiểm nghiệm trong điều kiện phòng thí nghiệm có kiểm soát đạt mức IP68 theo tiêu chuẩn IEC 60529 (chống nước ở độ sâu tối đa 6 mét trong vòng tối đa 30 phút). Khả năng chống tia nước, chống nước và chống bụi không phải là các điều kiện vĩnh viễn. Khả năng này có thể giảm do hao mòn thông thường. Không sạc pin khi iPhone đang bị ướt. Vui lòng tham khảo hướng dẫn sử dụng để biết cách lau sạch và làm khô máy. Không bảo hành sản phẩm bị hỏng do thấm chất lỏng.2Màn hình có các góc bo tròn. Khi tính theo hình chữ nhật chuẩn, kích thước màn hình theo đường chéo là 6,12 inch (iPhone 15 Pro, iPhone 15) hoặc 6,69 inch (iPhone 15 Pro Max, iPhone 15 Plus). Diện tích hiển thị thực tế nhỏ hơn.3Thời lượng pin khác nhau tùy theo cách sử dụng và cấu hình; truy cập để biết thêm thông tin.4iPhone 15 và iPhone 15 Pro có thể phát hiện va chạm ô tô nghiêm trọng và gọi trợ giúp. Yêu cầu kết nối mạng di động hoặc Cuộc Gọi Wi-Fi.Truy cập để xem cấu hình đầy đủ.Giá sản phẩm trên Tiki đã bao gồm thuế theo luật hiện hành. Bên cạnh đó, tuỳ vào loại sản phẩm, hình thức và địa chỉ giao hàng mà có thể phát sinh thêm chi phí khác như phí vận chuyển, phụ phí hàng cồng kềnh, thuế nhập khẩu (đối với đơn hàng giao từ nước ngoài có giá trị trên 1 triệu đồng).....",Tiki,271966796.0,15450000.0,-28%,547.0,Trung Quốc,Type-C,6.1,12 Tháng,106.0
https://tiki.vn/dien-thoai-xiaomi-redmi-note-10-je-5g-4gb-64gb-man-90hz-chong-nuoc-ip68-hang-nhap-khau-ban-quoc-te-p230155305.html?spid=230155311,Điện thoại Xiaomi Redmi Note 10 JE 5G 4GB/64GB - Màn 90HZ - Chống Nước IP68 - Hàng Nhập Khẩu - Bản quốc tế,XIAOMI,,,,,,,,,4.0,,64.0,,,4.7,,"Redmi Note 10 5G phiên bản xuất cho thị trường Nhật Bản (mã Note10 JE) mẫu điện thoại có thiết kế thời thượng, màn hình 90 Hz mượt mà lại còn hỗ trợ luôn kết nối 5G với mức giá tốt, hứa hẹn sẽ đáp ứng tốt nhu cầu sử dụng ngày càng cao của người dùng.Thiết kế nguyên khối sang trọng sáng bóngMàn hình sắc nét, hỗ trợ tần số quét 90 HzHiệu năng ổn định có hỗ trợ mạng 5GCụm camera chất lượng caoThời lượng pin ấn tượng lại còn hỗ trợ thêm sạc nhanhRedmi Note 10 JE mang một vẻ ngoài thời trang và tinh tế, có thiết kế nguyên khối với mặt lưng cong 3D được chế tác từ nhựa cao cấp với nhiều hiệu ứng chuyển đổi màu sắc thời thượng.Chất liệu này không chỉ giúp làm giảm trọng lượng máy, lại còn góp phần hạn chế tối đa tình huống rơi vỡ hơn những smartphone có mặt lưng làm từ kính.Từng chi tiết đều được Xiaomi chau chuốt hoàn thiện một cách tinh xảo, qua đó đem lại một ngoại hình sang trọng và bắt mắt để bạn bạn tự tin hơn khi cầm máy.Redmi Note 10 JE có khả năng kháng nước, kháng bụi chuẩn IP68 giúp bạn phần nào yên tâm hơn nếu vô tình làm ướt máy trong quá trình sử dụng.Redmi Note 10 JE được trang bị màn hình IPS LCD kích thước 6.5 inch, hỗ trợ độ phân giải Full HD+, đem đến khả năng hiển thị vô cùng sắc nét, độ sáng cao, màu sắc trung thực thích hợp để xem youtube hay chơi game vô cùng đã mắt.Thiết kế màn hình đục lỗ với camera trước được đặt ở giữa màn hình mang đến cái nhìn trọn vẹn, nhiều thông tin không ảnh hưởng quá nhiều đến nội dung hiển thị.Đồng thời, màn hình còn được phủ kính cường lực Corning Gorilla Glass 3 đem lại sự an tâm về độ bền trong quá trình bạn sử dụng.Redmi Note 10 JE được hỗ trợ tần số quét 90 Hz và công nghệ AdaptiveSync cho phép bạn tùy chỉnh chỉnh tần số quét giữa các mức 90 Hz, 60 Hz, 50 Hz theo từng nội dung hiển thị, đem lại hiệu ứng chuyển cảnh, lướt web mượt mà hay chơi game với tốc độ phản hồi nhanh hơn cũng như khả năng tiết kiệm pin đáng kể.Redmi Note 10 JE được trang bị con chip Snapdragon 480 5G hiệu suất sử dụng cao, hiệu năng CPU và GPU tốt hơn, bạn sẽ được trải nghiệm khả năng xử lý mượt mà và nhanh chóng nhất khi giải trí với những tựa game đồ họa nặng với mức cài đặt phù hợp.Bên cạnh đó, góp phần cung cấp sức mạnh cho sản phẩm này là 4 GB RAM, hỗ trợ đa nhiệm tuyệt vời, mở nhiều ứng dụng cùng một lúc mà ít bị giật lag.Trong khi đó, bộ nhớ trong 64 GB có thể mở rộng thêm dung lượng bộ nhớ lên đến 1 TB thông qua thẻ nhớ MicroSD cho bạn thoải mái sử dụng để lưu trữ dữ liệu.Việc sử dụng Snapdragon 480, điện thoại Redmi Note 10 JE được trang bị công nghệ 5G giúp bạn thoải mái sử dụng kết nối mạng siêu tốc 5G, tải ứng dụng hay phần mềm chỉ trong phút chốc.Redmi Note 10 JE được trang bị bộ 3 camera bao gồm camera chính 48 MP, đi kèm camera độ sâu 2 MP và camera macro 2 MP cho khả năng chụp ảnh một cách chuyên nghiệp và đẹp xuất sắc.Trải nghiệm thực tế, camera chính trên Redmi Note 10 JE cho chất lượng ảnh chụp sắc nét, độ chi tiết khá ổn. Trong khi bộ đôi camera còn lại sẽ cho bạn nhiều bức ảnh chụp cận cảnh để khám phá các vật thể nhỏ xung quanh hay xóa phông làm mờ chủ thể một cách đầy nghệ thuật.Camera trước có độ phân giải 8 MP trang bị đầy đủ các tính năng như làm đẹp, chụp HDR,... sẵn sàng hỗ trợ bạn chia sẻ ảnh đẹp lên mạng xã hội bất cứ lúc nào.Redmi Note 10 JE được trang bị viên pin 4.800 mAh, bạn có thể trải nghiệm các ứng dụng, các trò chơi, duyệt web thoải mái cả một ngày dài với cường độ sử dụng dày đặc.Hơn thế nữa, máy hỗ trợ sạc nhanh 18 W mang đến một thời gian sử dụng liền mạch, chơi game hay xem youtube tương đối thoải mái mà không phải đau đáu phải sạc đi sạc lại máy nhiều lần.Rõ ràng, Xiaomi Redmi Note 10 JE là chiếc điện thoại tầm trung nhưng mang trên mình hàng loạt các công nghệ hàng đầu như công nghệ 5G, màn hình 90 Hz, hiệu năng ổn áp cùng viên pin lớn và chuẩn kháng nước IP68, xứng đáng là một món hời cho các dân đam mê công nghệ.Giá sản phẩm trên Tiki đã bao gồm thuế theo luật hiện hành. Bên cạnh đó, tuỳ vào loại sản phẩm, hình thức và địa chỉ giao hàng mà có thể phát sinh thêm chi phí khác như phí vận chuyển, phụ phí hàng cồng kềnh, thuế nhập khẩu (đối với đơn hàng giao từ nước ngoài có giá trị trên 1 triệu đồng).....",Tiki,230155311.0,2659000.0,-33%,162.0,Trung Quốc,,,12 Tháng,62.0
https://tiki.vn/apple-iphone-13-hang-chinh-hang-p184059211.html?spid=123547399,Apple iPhone 13,APPLE,,,,3240.0,,2 Camera: Góc rộng ống kính f/1.8 - Siêu rộng,Apple GPU 4 nhân,,4.0,1170x2532,128.0,,,4.9,,"Tính năng nổi bậtPháp lýThông số kỹ thuậtiPhone 13. Hệ thống camera kép tiên tiến nhất từng có trên iPhone. Chip A15 Bionic thần tốc. Bước nhảy vọt về thời lượng pin. Thiết kế bền bỉ. Mạng 5G siêu nhanh.1 Cùng với màn hình Super Retina XDR sáng hơn.1Cần có gói cước dữ liệu. Mạng 5G chỉ khả dụng ở một số thị trường và được cung cấp qua một số nhà mạng. Tốc độ có thể thay đổi tùy địa điểm và nhà mạng. Để biết thông tin về hỗ trợ mạng 5G, vui lòng liên hệ nhà mạng và truy cập apple.com/iphone/cellular2Màn hình có các góc bo tròn theo đường cong tuyệt đẹp và nằm gọn theo một hình chữ nhật chuẩn. Khi tính theo hình chữ nhật chuẩn, kích thước màn hình là 6.06 inch theo đường chéo. Diện tích hiển thị thực tế nhỏ hơn.3Thời lượng pin khác nhau tùy theo cách sử dụng và cấu hình. Truy cập apple.com/batteries để biết thêm thông tin.4iPhone 13 có khả năng chống nước, chống tia nước và chống bụi. Sản phẩm đã qua kiểm nghiệm trong điều kiện phòng thí nghiệm có kiểm soát đạt mức IP68 theo tiêu chuẩn IEC 60529. Khả năng chống tia nước, chống nước và chống bụi không phải là các điều kiện vĩnh viễn. Khả năng này có thể giảm do hao mòn thông thường. Không sạc pin khi iPhone đang bị ướt. Vui lòng tham khảo hướng dẫn sử dụng để biết cách lau sạch và làm khô máy. Không bảo hành sản phẩm bị hỏng do thấm chất lỏng.5Một số tính năng không khả dụng tại một số quốc gia hoặc khu vực.6Phụ kiện được bán riêng.Truy cập apple.com/iphone/compare để xem cấu hình đầy đủ.Giá sản phẩm trên Tiki đã bao gồm thuế theo luật hiện hành. Bên cạnh đó, tuỳ vào loại sản phẩm, hình thức và địa chỉ giao hàng mà có thể phát sinh thêm chi phí khác như phí vận chuyển, phụ phí hàng cồng kềnh, thuế nhập khẩu (đối với đơn hàng giao từ nước ngoài có giá trị trên 1 triệu đồng).....",Tiki,123547399.0,11590000.0,-54%,7957.0,Trung Quốc,Lightning,6.1,12 Tháng,2045.0
https://tka.tiki.vn/pixel/pixel?data=UDf4XNl6sV7Cb4muf1Sk6exjD-FpK1lUzrVbGDlgdxYHwIL2i4IeRPKXMcAAlVeIfntck_IqUc5ahO1OOa8cxwnYF4XdZMWpD75G7HyO6cDsTPm0z97qxF30w0A2XrX0V5RnhrNJIIGpxFgbCISKqpnyC7Wyr5WijMtlwlXgtAGy_w-TkJG_HFH57-tNbu97DY0glwpvT7G0Ap_eRAmpf3uIm9fQFSOz9lOBRux6Bs-xezUcWzWzKJztAMhu_GLv6tDvg33RSaeMVCgFQHYkUQg0AP1UEomDRj6eHptSdfLQOyxDi55PRL8cFJ7Ee0Fc-jGc6u4s5_tfq--F43q0E7YD03tPvR_aaYUqQhke-5hK1VXW1VulO26Sny2RUreOEfG7I8eo6D7p0OqbD8qz0Ld-3KHS7i5D1CeMLy3RGlp5i24K6ZilzttAtVpqBgqvzSBmTief8iKUxYsE6L2UyqrhC8_3fhVOijgyZeVAIHkn8YJRCB2Fn3v0jWMpPkmrBob5u_bDUiPxrxwGt7-_M_mBTmxGkTXabjDjTyeRXPXiDlBxLtmorJiA03BZkiyD_FkJS2XsNpkjDNmCY_GzXSHbdCfuofQvUaipvbKjL5h9MCl1Qm4oX5a9GWCmFEc3bGPU1Socgzy8xwDkJKRpWMijdxu4qKdzuxQASDZZxSHea3TYPFGvNY9yXRoOS2pvaH9TerbL5Lyc-Y89MOix_VUGpt8UexPv_BTnNMsNqZ9A-hQ8gJanQEkgN6WmLVbV9oGGjYZqlfHz3u36vGg1KZSErsD__oWnDnkDt3FM6Trym_KQxj2oov2cNsLKq64utSHO_X_bdXYguOMlVsXFXc_wxhcK5UXycyW3jhWPYxAYLUtmpkpjEjbqZZce_zk3Hq7_Y5gAv50gdrlcTD8ack2ZDqrTQl_pLvGPHoIVDJicwhE7xB4YmXlKG4W7EfY8_3pktaWSOGTgn5il0mKmhk1lFawo433RTa8NKwGCHq5tru1R0dlCZ0FCmN6fMg7vNkELOQyL4yjid6583XKfT8pYpFt82VEqF5wS28Guis71rST43ZKtLiM8VFGZ9sy_alQPobnqgIjG9JFDmbl7&reqid=81SSYWqYRA44tlwt&type=CLICK&pos=41,"Điện thoại Samsung Galaxy S25+, Điện thoại AI, Tìm kiếm thông minh, Video camera đêm Nightography, Chip Snapdragon - Hàng Chính Hãng",SAMSUNG,,,,5000.0,12.0 MP,50.0 MP + 12.0 MP + 5.0 MP,,,8.0,1080x2340,,,,5.0,,"Điện thoại Samsung Galaxy A56 5G - Awesome Intelligence- Thiết kế tinh xảo, đẳng cấp cùng bộ nhận diện camera mới – Camera Island
- Mặt lưng kính cường lực Gorilla Glass 7 và viền kim loại cao cấp
- Ảnh và video sắc nét, sáng rõ hơn, kể cả trong điều kiện thiếu sáng, nhờ công nghệ HDR và Giảm Nhiễu Ảnh Chụp Đêm tối tân được trang bị ở cả camera trước và sau
- Tính năng AI thông minh Best Face tự nhận diện khuôn mặt và đề xuất ra biểu cảm tốt nhất trong khung hình, đặc biệt hữu ích cho ảnh nhóm, tạo ra bức ảnh ưng ý và hoàn hảo nhất
- Vi xử lý tiến trình 4nm tích hợp AI thế hệ mới: Đa nhiệm mạnh mẽ hơn, xử lý tác vụ AI mượt mà hơn, cùng hệ thống tản nhiệt buồng hơi lớn hơn, giúp thiết bị luôn mát trong quá trình sử dụng.
- Pin 5000mAh thế hệ mới và công nghệ sạc siêu nhanh 45W, sạc đầy 70% chỉ trong 30 phút
- Mượt mà, ổn định dài lâu với 6 lần cập nhật hệ điều hành và 6 năm cập nhật bảo mật
- Bảo vệ tuyệt đối dữ liệu cá nhân và chặn đứng các loại tấn công nguy hiểm qua di động với Knox Vault đi kèm chứng chỉ EAL 5+Giá sản phẩm trên Tiki đã bao gồm thuế theo luật hiện hành. Bên cạnh đó, tuỳ vào loại sản phẩm, hình thức và địa chỉ giao hàng mà có thể phát sinh thêm chi phí khác như phí vận chuyển, phụ phí hàng cồng kềnh, thuế nhập khẩu (đối với đơn hàng giao từ nước ngoài có giá trị trên 1 triệu đồng).....",Tiki,277465336.0,22990000.0,-15%,1.0,Việt Nam,,6.7,12 Tháng,1.0
https://tka.tiki.vn/pixel/pixel?data=ES02LD7KvZSrpR89ZVvE-RaIqe2iN-8eWMxonL7QArPzWZjeGG9Us7JkwSnsWFWniwlbVIRhH3sKkOM51hUwf78ySrEUGxdLE2vX7ylFrJPSkz_K8eRWWscLCNehZAkXbZ7g2ddvZftMHSp8wDD9sPCLwA3p92sWBcfePaiAL3BnCV_m6XDao4kZwb9zcPkXoVMYzCIW0cIiI4Ezygd83hHL0i2DtQ659qGFhzcxmxZYD0RgbFjRtHDSdGO18_EPfIb3m2KRxjx8fJ9L7QEq_E5wQP6wBPwmw8bKhgW8s1mGQwus_JV5t4GRPVfmoGrkgfnLB6K5CCLTNO0waUtbuEGc0xr5gme_RHeOcgWn9MbfcS4MG1mFwkirumUHgRTLAZc2ekDpnHMdnQO61ZdvRh1VPur7pbfc5Ir_VSeMl2E0Xqas9KkrKwXHA8otOEpIegsfegLQRFpnK9ot7Sgfr7SigUtTdiLelzbdOdQyW1NVV1PCxCmEddXsfllRz3M5_xUknsEKx81KTgBJS4mXFhWI5KFKeR6-ptxaMfAAWJ3LIaYi0Samc2OqdWRv9zopnGZdRM_zvcYDZf-g5hbot6YMS-oWb7B0HEV4SRvBJKgaW2AwRSB8vaa_O4sgdk19aa4jkJpT_V3vHSDdGLuOCWWZEQLWmJ5Uf092fxBX2Jnq5jPGLNna_7jOk3gK0rGSlCwWJVbZ9YYhQCIjaC8rTSjjbEjXIJjIQiczgIXvexnX30ir2ht9Uh7ITtVCg5cqlDy3zDVgpBhArS7AqiA7ms5BDnA2AG38R4mVvbPXAkFBS92A9zuOtLmdAELiSIAopzkHBrh2lfQVb6TjYZSd2Dj_SPbfVi3Mcdi7J5RZu1IR2Zt3bccEYbuH-VpbTLROekWYCDqGFyv3aAcDrsUzbEOMeS-9zYXs5xVS740KSOZvn1OB8OZHLxiIxEDaaaPk_uOz0r3q0lXCSVDtgyD8aul_Dlt6HOaLrEHX4v_DYnY60Py5NcehLaTAoV0JUUkDPAWpGDvWn3_VolCFJHklYu10WdCD0Whahz3oGz2-jijgx7PsOFuqnbB8LnsiIKWmyUbHg99DLokupmmz5UO_VR1RjA0Sa1fF_fdYCRiDvd8kR4PZZdBHizAYQb09E40_HJA-mibaJ64cClfCMZNJfG4UHucHqq1TDOsdLBaLKd7wscDHMjW5CnakgJmSxGzres8_dw&reqid=81SSYWqYRA44tlwt&type=CLICK&pos=44,"Điện thoại Samsung Galaxy A26 5G (8/128GB), Mặt lưng kính, AI-Circle to Search, Camera HDR chụp đêm sáng rõ - Hàng chính hãng",SAMSUNG,,,,5000.0,12.0 MP,200.0 MP + 50.0 MP + 50.0 MP + 10.0 MP,,,12.0,,256.0,,,,,"Galaxy S25 Ultra - Cánh tay đắc lực AI
- Now Brief: Đưa ra các đề xuất được cá nhân hoá dựa trên phân tích thông minh về lịch trình riêng, sở thích và mục tiêu cá nhân.
- Seamless Actions across Apps: Ra câu lệnh bằng lời nói để xử lý tác vụ liên ứng dụng
- Camera góc siêu rộng 50MP: Nâng tầm nhiếp ảnh di động với Camera nâng cấp 50MP, giúp bắt trọn phong cảnh ở góc rộng chi tiết hơn 4x lần và sáng hơn 34% (so với S24 Ultra)
- Video camera đêm: Hệ thống khử nhiễu thông minh, giúp video thật sắc nét, chấp mọi điều kiện ánh sáng
- Vi xử lý thế hệ mới: Thế hệ Galaxy S với hiệu năng mạnh mẽ nhất cùng vi xử lý 3nm, lần đầu tiên có trên Galaxy - Snapdragon 8 Elite for Galaxy
- Hệ điều hành: Android 15, One UI 7
- Dung lượng RAM: 12GB
- Dung lượng bộ nhớ: 256GB, 512GB, 1TBGiá sản phẩm trên Tiki đã bao gồm thuế theo luật hiện hành. Bên cạnh đó, tuỳ vào loại sản phẩm, hình thức và địa chỉ giao hàng mà có thể phát sinh thêm chi phí khác như phí vận chuyển, phụ phí hàng cồng kềnh, thuế nhập khẩu (đối với đơn hàng giao từ nước ngoài có giá trị trên 1 triệu đồng).....",Tiki,277068422.0,6990000.0,,1.0,Việt Nam,USB Type-C,6.9,12 Tháng,0.0
https://tiki.vn/dien-thoai-samsung-galaxy-a05s-4gb-128gb-hang-chinh-hang-p277617509.html?spid=277617518,Điện thoại Samsung Galaxy A05s - Hàng chính hãng,SAMSUNG,,,,,,,,,,,,,,4.8,,"Giá sản phẩm trên Tiki đã bao gồm thuế theo luật hiện hành. Bên cạnh đó, tuỳ vào loại sản phẩm, hình thức và địa chỉ giao hàng mà có thể phát sinh thêm chi phí khác như phí vận chuyển, phụ phí hàng cồng kềnh, thuế nhập khẩu (đối với đơn hàng giao từ nước ngoài có giá trị trên 1 triệu đồng).....",Tiki,277617518.0,4490000.0,,996.0,Việt Nam,,,12 Tháng,5.0
https://tiki.vn/vivo-y19s-4gb-128gb-p277607297.html?spid=277608199,Điện thoại Smartphone Vivo Y19s siêu bền - RAM 4GB ROM 128GB - Màu đen và xanh - 5500mAh - Hàng chính hãng,VIVO,,,,5500.0,,,,,4.0,720x1612,128.0,,,,,"Là chiếc điện thoại giá rẻ với thiết kế mỏng nhẹ, bền bỉ và hiệu suất mạnh mẽ. Viên pin 5500 mAh, màn hình sắc nét và camera chất lượng giúp đáp ứng tốt nhu cầu giải trí và làm việc suốt ngày. Đây là lựa chọn lý tưởng cho những ai tìm kiếm một smartphone ổn định, giá phải chăng.Bền bỉ, chống va đập, sẵn sàng mọi thử tháchVận hành ổn định với chip Unisoc Tiger T612Trải nghiệm xem thoải mái, bảo vệ sức khỏe đôi mắtChụp ảnh sắc nét, từ ban ngày đến ban đêmMột điểm nhấn thú vị nhỏ ở mẫu  chính là đèn báo thông minh được tích hợp phía dưới cụm camera, cho phép người dùng tùy chỉnh màu sắc theo sở thích. Đồng thời, thiết kế đèn này còn hỗ trợ thay đổi màu sắc theo nhạc và thông báo, tạo hiệu ứng ánh sáng sinh động, cho trải nghiệm sử dụng mới mẻ hơn.Y19s được thiết kế chắc chắn theo tiêu chuẩn quân sự MIL-STD 810H, mang đến độ bền vượt trội và khả năng chịu đựng cực kỳ ấn tượng. Sản phẩm còn đạt chứng nhận 5 sao SGS về khả năng chống va đập, giúp bảo vệ thiết bị an toàn ngay cả khi gặp phải những va chạm bất ngờ.Ngoài ra, công nghệ bảo vệ góc chống sốc tiên tiến trên chiếc smartphone này càng nâng cao khả năng chống va đập của máy. Mỗi góc cạnh của điện thoại được gia cố chắc chắn, giúp giảm thiểu tối đa nguy cơ hư hỏng khi không may xảy ra va chạm hoặc rơi rớt.Y19s sở hữu khả năng kháng bụi và nước đạt chuẩn IP64, giúp bảo vệ hiệu quả trước nước văng khi rửa tay hay môi trường đầy bụi bẩn. Nhờ đó, bạn có thể an tâm sử dụng thiết bị hàng ngày mà không lo lắng về các tác động từ bên ngoài.Y19s trang bị vi xử lý Unisoc Tiger T612 kết hợp với 4 GB RAM, mang đến khả năng xử lý mượt mà và ổn định, giúp thiết bị hoạt động hiệu quả trong nhiều tác vụ. Vi xử lý mạnh mẽ này kết hợp với dung lượng RAM hợp lý, giúp bạn dễ dàng trải nghiệm các ứng dụng, duyệt web, và chơi game mà không gặp phải tình trạng giật lag.Y19s đi kèm bộ nhớ 128 GB, giúp bạn lưu trữ hình ảnh, video, ứng dụng và các tệp tin một cách thoải mái. Nếu có nhu cầu cao hơn, bạn có thể mở rộng bộ nhớ bằng thẻ MicroSD lên đến 1 TB, mang lại khả năng lưu trữ thoải mái hơn.Y19s mang đến một trải nghiệm hình ảnh tuyệt vời với màn hình rộng 6.68 inch, mang lại không gian hiển thị sống động và chân thực. Với tần số quét 90 Hz, mỗi thao tác vuốt chạm trên màn hình đều trở nên mượt mà, nhanh nhạy, giảm thiểu độ trễ và mang lại cảm giác liền mạch khi sử dụng.Ngoài ra, công nghệ bảo vệ mắt tiên tiến của màn hình còn giúp giảm thiểu tình trạng mỏi mắt khi sử dụng lâu dài. Dù bạn đang xem phim, đọc sách điện tử hay lướt mạng xã hội, Y19s đảm bảo cho bạn một trải nghiệm thoải mái mà không lo ảnh hưởng đến thị lực, giúp bảo vệ đôi mắt trong những giờ sử dụng liên tục.Sở hữu độ sáng màn hình lên đến 1000 nits, chiếc  này mang đến trải nghiệm xem ổn định ngay cả dưới nắng mặt trời. Nội dung hiển thị rõ nét, màu sắc luôn giữ được sự chính xác. Điều này giúp đảm bảo hiệu quả làm việc và giải trí, dù bạn sử dụng thiết bị ở bất kỳ đâu.Hệ thống loa kép trên máy còn cho trải nghiệm âm thanh sống động, rõ nét, đáp ứng tốt nhu cầu giải trí của người dùng. Bởi âm lượng tối đa của sản phẩm có thể được tăng cường lên đến 300%, cho phép bạn tận hưởng trọn vẹn từng giai điệu, lời ca.Ở mặt sau của máy là hệ thống camera 2 ống kính được sắp xếp ngay ngắn, với camera chính 50 MP hỗ trợ tạo ra những bức ảnh ổn định, sắc nét. Ngoài ra, camera còn được trang bị thêm một cảm biến 0.08 MP hỗ trợ xoá phông mượt mà, giúp bạn lưu giữ những khoảnh khắc đẹp một cách ấn tượng và chuyên nghiệp.Khi chụp trong điều kiện ánh sáng yếu, việc có được những bức ảnh đẹp có thể là một thử thách. Tuy nhiên, với Y19s, bạn hoàn toàn có thể tự tin ghi lại những khoảnh khắc đáng nhớ vào ban đêm. Thuật toán chụp đêm của máy giúp tăng cường ánh sáng và mang lại những bức ảnh sáng rõ, sắc nét.Kết hợp cùng tính năng tăng cường ảnh AI, điện thoại này sẽ biến những bức ảnh bị mờ của bạn trở nên sắc nét và sống động hơn. Chỉ với vài thao tác đơn giản, người dùng có thể phục hồi chi tiết khuôn mặt, làm tươi mới những bức ảnh cũ kỹ hoặc cải thiện chất lượng ảnh chụp trong điều kiện thiếu sáng.Giá sản phẩm trên Tiki đã bao gồm thuế theo luật hiện hành. Bên cạnh đó, tuỳ vào loại sản phẩm, hình thức và địa chỉ giao hàng mà có thể phát sinh thêm chi phí khác như phí vận chuyển, phụ phí hàng cồng kềnh, thuế nhập khẩu (đối với đơn hàng giao từ nước ngoài có giá trị trên 1 triệu đồng).....",Tiki,277608199.0,3050000.0,,,Trung Quốc,TYPE C,6.67,12 Tháng,0.0
https://tka.tiki.vn/pixel/pixel?data=ce8likkXL0zU18KF9gbYjvCJEsLDFgKRGswYxdNv6AGzXGMa1meLXHH2bHPPWlVJ0_-yqcTmZScTZveNkv15PLkcuhpxXMSL1uYWDHg2BvH5Y5TviobU353WPdpt5xWC2jsUoWuE9kCqlbHhENLrgB0ue0L0hU-IByjdtHCUSK5a1nT735cQdJFq8-QuVteABIb10-W62eGqJY3fULd1m24ZjlpzzVWkHj7m7SPA9jiQRlGz4pYVwfgOWNvMg3IDS-1GUdqMn6Koe67pPKwyXMn8zDARE4goUGnU1zx_bWCBu60VILkOj0y34nTp3UQgYxbN8gWd43qLa4nKudkyHW_hvNKiqIemaUjC7B7QrahWLtnzynLukypldQfn2zUDXiKjx51-aat8x-4TQ1VjWGb0Vi4N4I-X07-TpdWkFPHLgalzN8-SlbKzg7RFhXOxMoIdgbDl0rWrfCLs1XDxtlRxVfsAtX0zqCEOOly2K60OWrkQ7toPlYBb2n5nYWscvnsA6bUPwsgDe12pdvfhSW-1Brx_xlxEWhkHjz-Tlu95YK9rBXtGoMDfMpOsd5tkBJhhNrWlt1yR98EWt0OVoPquEmFXPhNvvuawOAwv3iy6z75WINeyAqVF-36R70w3xc4OiABWrpo8X-OlZQQYS6nMF5MH-wUWr9N6VHjYwT9rOGGhoWZ5PSJ5ieZs9_kvNl6qs3CE90HsE0Kf_aidO1GCbDRUZ79sTBiKmsy2tFM3GSnK7dX5-MFizTnKxIyQlRk-laq9IOrWV0eGnu8zR23jvMwI0-vOyzOav9JxYmaT5o903ZbE5O3g7_YmAL4Mm0x7wFV2HRcsM1pEZvqAZHwxJHMUAev3ojGRZOPnRvl6-Mj5QYwk85d_NeuMi8B1viz4EIpwr76L8GDQTXti1g8_E4utvMR_Ubim2IsOY7u8z2GfgJpk5RF6bmTQa28fXItFofLJeXZi9RDVlyyCb0rVxFf2Jm2qwcvCpferwbxOELXjnZ8HYV9Cibqj3KXZqThCJlSFAfPnyeR7p_yRypTvDjbaaxnQyzggalVG4wdUvJC4ZJ9meMN5mXFaY8dt2MaEzyZkCnae_OtJYa82j6A9Ig&reqid=81SSYWqYRA44tlwt&type=CLICK&pos=54,"Điện thoại AI Samsung Galaxy S24 Ultra 12GB/512GB, Camera 200MP Zoom 100x, S Pen- Xám- Hàng Chính Hãng",SAMSUNG,,,,5000.0,8 MP,Chính 50 MP & Phụ 2 MP,Mali-G52,,4.0,720x1600,128.0,,,4.8,,"Với thiết kế thanh lịch, công nghệ mạnh mẽ và tính năng bảo mật cao, Samsung Galaxy A06 mang đến trải nghiệm đỉnh cao.Màn hình lớn 6.7 inch, camera 50 MP tinh xảo và thời lượng pin dài lâu giúp thiết bị này trở thành trợ thủ hoàn hảo cho những công việc và giải trí hàng ngày của bạn.Với màn hình lớn 6.7 inch, Galaxy A06 mang đến không gian giải trí rộng mở, cho phép bạn tận hưởng phim ảnh, trò chơi và sách điện tử một cách thoải mái và tiện lợi.Thêm vào đó, màn hình PLS LCD giúp tiết kiệm pin một cách hiệu quả, đồng thời mở rộng góc nhìn và giữ cho hình ảnh luôn sắc sảo. Mặc dù tần số quét 60 Hz không thuộc hàng cao cấp như các flagship, nhưng vẫn đủ để mang lại trải nghiệm lướt mượt mà và ổn định cho người dùng phổ thôngGalaxy A06 nổi bật với thiết kế thon gọn, giảm độ dày từ 8.8 mm xuống chỉ còn 8 mm, một bước đột phá so với phiên bản trước. Sự thay đổi tinh tế này mang lại cảm giác cầm nắm dễ chịu, đặc biệt hữu ích khi bạn sử dụng máy trong thời gian dài.Mặt lưng của Galaxy A06 với họa tiết sọc dọc không chỉ tạo nét thẩm mỹ nổi bật mà còn giảm thiểu dấu vân tay, giữ cho điện thoại luôn sạch sẽ và bóng bẩy sau nhiều giờ sử dụng. Sự đa dạng về màu sắc làm cho thiết bị trở thành lựa chọn hoàn hảo cho mọi phong cách cá nhân.Thiết kế nút bấm “Key Islands” độc đáo của chiếc điện thoại Samsung này mang lại sự sắp xếp nút vật lý khoa học, giúp người dùng dễ dàng thao tác chính xác mà không cần phải nhìn xuống máy.Camera chính 50 MP trên Galaxy A06 cho phép chụp ảnh với độ phân giải siêu nét, đảm bảo mọi chi tiết đều được giữ lại sắc sảo, ngay cả khi bạn phóng to hay cắt ảnh. Bên cạnh đó, camera 2 MP tạo hiệu ứng mờ hậu cảnh chuyên nghiệp, giúp các bức chân dung trở nên cuốn hút hơn bao giờ hết.Galaxy A06 không chỉ gây ấn tượng với camera chính mạnh mẽ mà còn sở hữu camera trước 8 MP, lý tưởng cho những bức ảnh selfie và cuộc gọi video chất lượng cao. Với khả năng tái hiện hình ảnh sắc nét, sống động, đây là sự lựa chọn lý tưởng cho tín đồ yêu nhiếp ảnh di động.Galaxy A06 nổi bật với tính năng bảo mật mạnh mẽ, tích hợp cảm biến vân tay ngay trên nút nguồn, cho phép bạn mở khóa nhanh chóng chỉ bằng một cú chạm. Hơn nữa, Samsung Knox Vault còn đảm bảo an toàn tuyệt đối, bảo vệ các thông tin cá nhân như PIN và mật khẩu khỏi các nguy cơ tấn công từ hacker.Galaxy A06 được trang bị chip MediaTek G85, một vi xử lý tầm trung mạnh mẽ, hoàn hảo cho các tác vụ hàng ngày và thậm chí đủ sức xử lý các tựa game nhẹ nhàng. Nhờ con chip này, mọi ứng dụng chạy mượt mà và ổn định. Cùng với RAM 6 GB, Galaxy A06 mang đến khả năng đa nhiệm xuất sắc, cho phép người dùng dễ dàng chuyển đổi giữa các ứng dụng mà không lo giật lag.Hỗ trợ 2 lần cập nhật hệ điều hành, Galaxy A06 thể hiện sự cam kết bền vững của Samsung, mang lại sự an tâm về tính năng mới và không lo lạc hậu theo thời gian. Đặc biệt, Samsung còn cung cấp gói bảo mật kéo dài 4 năm, đảm bảo dữ liệu cá nhân luôn được bảo vệ tốt nhất.Với viên pin 5000 mAh mạnh mẽ, chiếc điện thoại Android này mang đến năng lượng dồi dào để bạn thoải mái sử dụng suốt cả ngày mà không cần lo lắng về thời lượng pin. Dù là chơi game hay xem video, viên pin lớn này thực sự trở thành người bạn đồng hành lý tưởng. Đặc biệt, sạc nhanh 25W giúp bạn nhanh chóng nạp lại năng lượng, sẵn sàng quay lại các hoạt động giải trí chỉ trong chớp mắt.Samsung Galaxy A06 không chỉ nổi bật với tính ổn định và bảo mật hàng đầu mà còn đem lại hiệu năng đa nhiệm mượt mà trong một thiết kế sang trọng. Sở hữu màn hình rộng cùng camera chuyên nghiệp, sản phẩm này cam kết mang đến trải nghiệm trọn vẹn, phục vụ tốt nhu cầu sử dụng dài lâu.Giá sản phẩm trên Tiki đã bao gồm thuế theo luật hiện hành. Bên cạnh đó, tuỳ vào loại sản phẩm, hình thức và địa chỉ giao hàng mà có thể phát sinh thêm chi phí khác như phí vận chuyển, phụ phí hàng cồng kềnh, thuế nhập khẩu (đối với đơn hàng giao từ nước ngoài có giá trị trên 1 triệu đồng).....",Tiki,276251225.0,28490000.0,-24%,1939.0,Việt Nam,Type-C,6.7,12 Tháng,12.0
https://tiki.vn/dien-thoai-xiaomi-redmi-note-14-6gb-128gb-hang-chinh-hang-p277356260.html?spid=277356266,Điện thoại Xiaomi Redmi Note 14 (6GB/128GB) - Hàng chính hãng,XIAOMI,,,,,,,,,,,,,,,,"LƯU Ý KHI MUA HÀNGCảm ơn quý khách đã quan tâm đến sản phẩm bên shop, quý khách vui lòng dành ít thời gian đọc kĩ các thông tin sau:️ Sản phẩm được bao test 7 ngày kể từ ngày nhận được sản phẩm và sẽ được đổi máy mới cùng model hoặc giá trị tương đương sau khi được thẩm định lỗi kĩ thuật.️ Sản phẩm lỗi kĩ thuật được xác nhận bởi trung tâm bảo hành ủy quyền chính hãng (bằng văn bản); khách hàng có thể gửi lại shop để xác nhận lỗi hoặc tới trung tâm bảo hành ủy quyền để thẩm định lỗi.️ Shop hỗ trợ phí vận chuyển trong vòng 7 ngày (kể từ ngày mình nhận hàng), sau 7 ngày shop chỉ hỗ trợ khách bảo hành (phí vận chuyển khách trả)️ Sau 7 ngày bao test, sản phẩm vẫn nhận chính sách bảo hành theo quy định của nhà sản xuất (khách chịu phí vận chuyển tới shop bảo hành hộ hoặc tự đến trung tâm bảo hành).️ Sản phẩm đổi trả phải còn nguyên hộp trùng imei, phụ kiện kèm theo máy không trầy xước, cháy nổ, đứt dây (nếu trầy xước shop không đổi phụ kiện mới)️ Shop nhận đổi trả trong trường hợp hàng sai mẫu, size, màu do shop gửi. Bên shop chỉ giải quyết khiếu nại khi quý khách có video clip khi mở/nhận hàng.️ Trong một số trường hợp sản phẩm đã được kích hoạt bảo hành tham gia chương trình khuyến mãi có giá tốt nhất cho khách hàng. Vui lòng chat với shop để được hỗ trợ thêm thông tin.️ Khách hàng có nhu cầu xuất hóa đơn VAT, vui lòng liên hệ với gian hàng trực tiếp qua tin nhắn hoặc chat với Shop khi đơn hàng được giao thành công.Không nhận đổi trả khi sản phẩm bị hư hại do tác động ngoại lực từ người mua như móp, bể, trầy xước, nổ điện, rớt nước, rách tem bảo hành, không đầy đủ phụ kiện và hộp.Các sản phẩm bị khóa tài khoản như Gmail, account… Khách tự chịu phí mở khóa nếu không nhớ mật khẩu.Vì lượng hàng hoá nhiều shop không nhận đổi trả trong trường hợp khách không thích, không ưng màu, chất liệu; quý khách vui lòng đọc kĩ mô tả và xem hình ảnh cụ thể; nếu cần hãy chat với shop để được tư vấn.Giá sản phẩm trên Tiki đã bao gồm thuế theo luật hiện hành. Bên cạnh đó, tuỳ vào loại sản phẩm, hình thức và địa chỉ giao hàng mà có thể phát sinh thêm chi phí khác như phí vận chuyển, phụ phí hàng cồng kềnh, thuế nhập khẩu (đối với đơn hàng giao từ nước ngoài có giá trị trên 1 triệu đồng).....",Tiki,277356266.0,4990000.0,,,Trung Quốc,,,,0.0
https://tiki.vn/samsung-galaxy-a16-lte-hang-chinh-hang-p276925932.html?spid=276925934,Điện thoại Samsung Galaxy A16 LTE - Hàng chính hãng,SAMSUNG,,,,,,,,,,,,,,5.0,,"LƯU Ý KHI MUA HÀNGCảm ơn quý khách đã quan tâm đến sản phẩm bên shop, quý khách vui lòng dành ít thời gian đọc kĩ các thông tin sau:️ Sản phẩm được bao test 7 ngày kể từ ngày nhận được sản phẩm và sẽ được đổi máy mới cùng model hoặc giá trị tương đương sau khi được thẩm định lỗi kĩ thuật.️ Sản phẩm lỗi kĩ thuật được xác nhận bởi trung tâm bảo hành ủy quyền chính hãng (bằng văn bản); khách hàng có thể gửi lại shop để xác nhận lỗi hoặc tới trung tâm bảo hành ủy quyền để thẩm định lỗi.️ Shop hỗ trợ phí vận chuyển trong vòng 7 ngày (kể từ ngày mình nhận hàng), sau 7 ngày shop chỉ hỗ trợ khách bảo hành (phí vận chuyển khách trả)️ Sau 7 ngày bao test, sản phẩm vẫn nhận chính sách bảo hành theo quy định của nhà sản xuất (khách chịu phí vận chuyển tới shop bảo hành hộ hoặc tự đến trung tâm bảo hành).️ Sản phẩm đổi trả phải còn nguyên hộp trùng imei, phụ kiện kèm theo máy không trầy xước, cháy nổ, đứt dây (nếu trầy xước shop không đổi phụ kiện mới)️ Shop nhận đổi trả trong trường hợp hàng sai mẫu, size, màu do shop gửi. Bên shop chỉ giải quyết khiếu nại khi quý khách có video clip khi mở/nhận hàng.️ Trong một số trường hợp sản phẩm đã được kích hoạt bảo hành tham gia chương trình khuyến mãi có giá tốt nhất cho khách hàng. Vui lòng chat với shop để được hỗ trợ thêm thông tin.️ Khách hàng có nhu cầu xuất hóa đơn VAT, vui lòng liên hệ với gian hàng trực tiếp qua tin nhắn hoặc chat với Shop khi đơn hàng được giao thành công.Không nhận đổi trả khi sản phẩm bị hư hại do tác động ngoại lực từ người mua như móp, bể, trầy xước, nổ điện, rớt nước, rách tem bảo hành, không đầy đủ phụ kiện và hộp.Các sản phẩm bị khóa tài khoản như Gmail, account… Khách tự chịu phí mở khóa nếu không nhớ mật khẩu.Vì lượng hàng hoá nhiều shop không nhận đổi trả trong trường hợp khách không thích, không ưng màu, chất liệu; quý khách vui lòng đọc kĩ mô tả và xem hình ảnh cụ thể; nếu cần hãy chat với shop để được tư vấn.Giá sản phẩm trên Tiki đã bao gồm thuế theo luật hiện hành. Bên cạnh đó, tuỳ vào loại sản phẩm, hình thức và địa chỉ giao hàng mà có thể phát sinh thêm chi phí khác như phí vận chuyển, phụ phí hàng cồng kềnh, thuế nhập khẩu (đối với đơn hàng giao từ nước ngoài có giá trị trên 1 triệu đồng).....",Tiki,276925934.0,3699000.0,-27%,2.0,Hàn Quốc,,,,1.0
https://tiki.vn/dien-thoai-samsung-galaxy-a16-5g-hang-chinh-hang-p276802409.html?spid=276802415,Điện thoại Samsung Galaxy A16 5G - Hàng chính hãng,SAMSUNG,,,,,,,,,,,,,,,,"LƯU Ý KHI MUA HÀNGCảm ơn quý khách đã quan tâm đến sản phẩm bên shop, quý khách vui lòng dành ít thời gian đọc kĩ các thông tin sau:️ Sản phẩm được bao test 7 ngày kể từ ngày nhận được sản phẩm và sẽ được đổi máy mới cùng model hoặc giá trị tương đương sau khi được thẩm định lỗi kĩ thuật.️ Sản phẩm lỗi kĩ thuật được xác nhận bởi trung tâm bảo hành ủy quyền chính hãng (bằng văn bản); khách hàng có thể gửi lại shop để xác nhận lỗi hoặc tới trung tâm bảo hành ủy quyền để thẩm định lỗi.️ Shop hỗ trợ phí vận chuyển trong vòng 7 ngày (kể từ ngày mình nhận hàng), sau 7 ngày shop chỉ hỗ trợ khách bảo hành (phí vận chuyển khách trả)️ Sau 7 ngày bao test, sản phẩm vẫn nhận chính sách bảo hành theo quy định của nhà sản xuất (khách chịu phí vận chuyển tới shop bảo hành hộ hoặc tự đến trung tâm bảo hành).️ Sản phẩm đổi trả phải còn nguyên hộp trùng imei, phụ kiện kèm theo máy không trầy xước, cháy nổ, đứt dây (nếu trầy xước shop không đổi phụ kiện mới)️ Shop nhận đổi trả trong trường hợp hàng sai mẫu, size, màu do shop gửi. Bên shop chỉ giải quyết khiếu nại khi quý khách có video clip khi mở/nhận hàng.️ Trong một số trường hợp sản phẩm đã được kích hoạt bảo hành tham gia chương trình khuyến mãi có giá tốt nhất cho khách hàng. Vui lòng chat với shop để được hỗ trợ thêm thông tin.️ Khách hàng có nhu cầu xuất hóa đơn VAT, vui lòng liên hệ với gian hàng trực tiếp qua tin nhắn hoặc chat với Shop khi đơn hàng được giao thành công.Không nhận đổi trả khi sản phẩm bị hư hại do tác động ngoại lực từ người mua như móp, bể, trầy xước, nổ điện, rớt nước, rách tem bảo hành, không đầy đủ phụ kiện và hộp.Các sản phẩm bị khóa tài khoản như Gmail, account… Khách tự chịu phí mở khóa nếu không nhớ mật khẩu.Vì lượng hàng hoá nhiều shop không nhận đổi trả trong trường hợp khách không thích, không ưng màu, chất liệu; quý khách vui lòng đọc kĩ mô tả và xem hình ảnh cụ thể; nếu cần hãy chat với shop để được tư vấn.Giá sản phẩm trên Tiki đã bao gồm thuế theo luật hiện hành. Bên cạnh đó, tuỳ vào loại sản phẩm, hình thức và địa chỉ giao hàng mà có thể phát sinh thêm chi phí khác như phí vận chuyển, phụ phí hàng cồng kềnh, thuế nhập khẩu (đối với đơn hàng giao từ nước ngoài có giá trị trên 1 triệu đồng).....",Tiki,276802415.0,5499000.0,-10%,,Hàn Quốc,,,,0.0
https://tiki.vn/dien-thoai-zte-libero-flip-6gb-128gb-snapdragon-7-gen-1-man-oled-120hz-rom-quoc-te-hang-nhap-nhat-p276536922.html?spid=276537323,"Điện thoại ZTE Libero Flip (6GB/128GB) Snapdragon 7 Gen 1 Màn Oled ,120Hz , Rom quốc tế - Hàng nhập khẩu",TECNO,,,,,,,,,6.0,,128.0,,,5.0,,"Thắng thao mobile cam kết
Hàng chính hãng mới 100%
Bảo hành 6 tháng phần cứng,12 tháng phần mềmThông số kỹ thuậtMàn hình: OLED, 120Hz, HDR10 6.9 inches,
Màn phụ: 1.43 inches, 466 x 466 pixels
Hệ điều hành:Android 13
Camera sau:50 MP
Quay phim: 4K, 1080p
Camera trước: 16 MP (góc rộng)
Quay phim: 1080p
CPU: Qualcomm SM7450-AB Snapdragon 7 Gen 1
RAM: 6GB
Bộ nhớ trong: 128GB
Thẻ SIM: NanoSIM/eSIM
Dung lượng pin: 4310 mAh
Sạc nhanh 33W
Thiết kế: Khung nhôm phẳng
Mặt lưng kính cường lực
Kháng nước IPX4
Cảm biến vân tay cạnh bên tích hợp với nút nguồnLƯU Ý
️ Máy là hàng xách tay đã chạy Rom quốc tế có sẳn tiếng việt
️ Tình trạng: Mới 100% chưa Active , chưa từng được sử dụng
️ Bảo hành: 1 đổi 1 trong vòng 7 ngày; 12 tháng tiếp theo bảo hành miễn phí - 6 tháng phần cứng 12 tháng phần mềm , lỗi nặng đổi máy mới miễn phí
️ Lưu ý: máy đã có rom quốc tế, mua máy về quý khách chỉ việc mở ra sử dụng#thangthaomobile #dienthoaicamung #dienthoaizte #zteliberoflipGiá sản phẩm trên Tiki đã bao gồm thuế theo luật hiện hành. Bên cạnh đó, tuỳ vào loại sản phẩm, hình thức và địa chỉ giao hàng mà có thể phát sinh thêm chi phí khác như phí vận chuyển, phụ phí hàng cồng kềnh, thuế nhập khẩu (đối với đơn hàng giao từ nước ngoài có giá trị trên 1 triệu đồng).....",Tiki,276537323.0,4899000.0,-18%,12.0,Nhật Bản / Trung Quốc,,,6 Tháng,4.0
https://tiki.vn/sap-ra-mat-dien-thoai-vivo-y19s-8gb-128gb-1-doi-1-trong-thang-dau-tien-bao-hanh-chinh-hang-12-thang-p276440892.html?spid=276492925,[MỚI] Điện thoại vivo Y19s (8GB+128GB) - 1 Đổi 1 trong tháng đầu tiên - Bảo hành chính hãng 12 tháng - Hàng Chính Hãng,VIVO,,,,5500.0,,,,,8.0,,128.0,,,,,"Giá sản phẩm trên Tiki đã bao gồm thuế theo luật hiện hành. Bên cạnh đó, tuỳ vào loại sản phẩm, hình thức và địa chỉ giao hàng mà có thể phát sinh thêm chi phí khác như phí vận chuyển, phụ phí hàng cồng kềnh, thuế nhập khẩu (đối với đơn hàng giao từ nước ngoài có giá trị trên 1 triệu đồng).....",Tiki,276492925.0,4390000.0,-8%,1.0,Trung Quốc,Type C,,12 Tháng,0.0
https://tiki.vn/dien-thoai-samsung-galaxy-m15-5g-hang-chinh-hang-p275362333.html?spid=275362340,Điện thoại Samsung Galaxy M15 5G - Hàng chính hãng,SAMSUNG,,,,,,,,,,,,,,,,"LƯU Ý KHI MUA HÀNGCảm ơn quý khách đã quan tâm đến sản phẩm bên shop, quý khách vui lòng dành ít thời gian đọc kĩ các thông tin sau:️ Sản phẩm được bao test 7 ngày kể từ ngày nhận được sản phẩm và sẽ được đổi máy mới cùng model hoặc giá trị tương đương sau khi được thẩm định lỗi kĩ thuật.️ Sản phẩm lỗi kĩ thuật được xác nhận bởi trung tâm bảo hành ủy quyền chính hãng (bằng văn bản); khách hàng có thể gửi lại shop để xác nhận lỗi hoặc tới trung tâm bảo hành ủy quyền để thẩm định lỗi.️ Shop hỗ trợ phí vận chuyển trong vòng 7 ngày (kể từ ngày mình nhận hàng), sau 7 ngày shop chỉ hỗ trợ khách bảo hành (phí vận chuyển khách trả)️ Sau 7 ngày bao test, sản phẩm vẫn nhận chính sách bảo hành theo quy định của nhà sản xuất (khách chịu phí vận chuyển tới shop bảo hành hộ hoặc tự đến trung tâm bảo hành).️ Sản phẩm đổi trả phải còn nguyên hộp trùng imei, phụ kiện kèm theo máy không trầy xước, cháy nổ, đứt dây (nếu trầy xước shop không đổi phụ kiện mới)️ Shop nhận đổi trả trong trường hợp hàng sai mẫu, size, màu do shop gửi. Bên shop chỉ giải quyết khiếu nại khi quý khách có video clip khi mở/nhận hàng.️ Trong một số trường hợp sản phẩm đã được kích hoạt bảo hành tham gia chương trình khuyến mãi có giá tốt nhất cho khách hàng. Vui lòng chat với shop để được hỗ trợ thêm thông tin.️ Khách hàng có nhu cầu xuất hóa đơn VAT, vui lòng liên hệ với gian hàng trực tiếp qua tin nhắn hoặc chat với Shop khi đơn hàng được giao thành công.Không nhận đổi trả khi sản phẩm bị hư hại do tác động ngoại lực từ người mua như móp, bể, trầy xước, nổ điện, rớt nước, rách tem bảo hành, không đầy đủ phụ kiện và hộp.Các sản phẩm bị khóa tài khoản như Gmail, account… Khách tự chịu phí mở khóa nếu không nhớ mật khẩu.Vì lượng hàng hoá nhiều shop không nhận đổi trả trong trường hợp khách không thích, không ưng màu, chất liệu; quý khách vui lòng đọc kĩ mô tả và xem hình ảnh cụ thể; nếu cần hãy chat với shop để được tư vấn.Giá sản phẩm trên Tiki đã bao gồm thuế theo luật hiện hành. Bên cạnh đó, tuỳ vào loại sản phẩm, hình thức và địa chỉ giao hàng mà có thể phát sinh thêm chi phí khác như phí vận chuyển, phụ phí hàng cồng kềnh, thuế nhập khẩu (đối với đơn hàng giao từ nước ngoài có giá trị trên 1 triệu đồng).....",Tiki,275362340.0,3949000.0,-16%,3.0,Hàn Quốc,,,,0.0
https://tiki.vn/dien-thoai-redmi-note-13r-5g-4gb-128gb-dimensity-6100-man-90hz-rom-quoc-te-co-san-tieng-viet-hang-nhap-khau-p274638430.html?spid=274638438,"Điện thoại Xiaomi Redmi 13R 5G 6GB/128GB Dimensity 6100+ , Màn 90Hz , Rom quốc tế có sẳn Tiếng việt - Hàng nhập khẩu",XIAOMI,,,,5000.0,,,,,6.0,720x1600,128.0,,,,,"LƯU Ý
️ Máy là hàng nội địa trung đã chạy Rom quốc tế có sẳn tiếng việt
️ Tình trạng: Mới 100% , chưa từng được sử dụng
️ Bảo hành: 1 đổi 1 trong vòng 7 ngày; 12 tháng tiếp theo bảo hành miễn phí - 6 tháng phần cứng 12 tháng phần mềm , lỗi nặng đổi máy mới miễn phí
️ Lưu ý: máy đã có rom quốc tế, mua máy về quý khách chỉ việc mở ra sử dụng
️ Máy Full phụ kiện : Cáp sạc ,Cốc sạc , Ốp lưng , Que chọc sim ,HDSDXiaomi hôm nay âm thầm ra mắt mẫu điện thoại mới tại Trung Quốc với tên gọi Redmi 13R 5G. Mẫu điện thoại này có Camera AI 50MP, màn hình IPS LCD 6,74 inch với notch hình giọt nước, tần số quét 90 Hz, có thể dễ dàng nhận thấy Redmi 13R 5G chính là Redmi 13C 5G được đổi tên, có thể ra mắt toàn cầu.Redmi 13R 5G được cung cấp sức mạnh từ chipset Dimensity 6100+ và một cấu hình duy nhất đi kèm RAM 4 GB và bộ nhớ trong 128 GB UFS 2.2. Redmi 13R 5G cũng có pin lớn 5.000 mAh với hỗ trợ sạc 18W, nhưng Xiaomi chỉ cung cấp bộ sạc 10W trong hộp.Điểm khác biệt duy nhất giữa Redmi 13C 5G và Redmi 13R 5G là thiết kế xung quanh camera, phiên bản Trung Quốc có một hình chữ nhật lớn màu đen trải dài từ bên này sang bên kia. Redmi 13R 5G có camera trước 5 MP. Hệ thống camera phía sau khá nổi bật gồm một camera chính 50 MP cho khẩu độ f/1.8, một camera phụ và đèn Flash.Thay vì được cài hệ điều hành HyperOS, mẫu điện thoại hiện chỉ chạy sẵn giao diện MIUI 14 dựa trên Android 13. Hãng cũng trang bị cảm biến vân tay được đặt cạnh bên để bảo mật.Các tính năng khác của điện thoại bao gồm SIM kép, 5G, cổng USB-C, khe cắm thẻ nhớ microSD và giắc cắm tai nghe 3.5 mm. Nó có kích thước 168.05 x 77.91 x 8.19mm và nặng 195 gram.Giá sản phẩm trên Tiki đã bao gồm thuế theo luật hiện hành. Bên cạnh đó, tuỳ vào loại sản phẩm, hình thức và địa chỉ giao hàng mà có thể phát sinh thêm chi phí khác như phí vận chuyển, phụ phí hàng cồng kềnh, thuế nhập khẩu (đối với đơn hàng giao từ nước ngoài có giá trị trên 1 triệu đồng).....",Tiki,274638438.0,2629000.0,-27%,24.0,Trung Quốc,,6.74,12 Tháng,0.0
https://tiki.vn/dien-thoai-redmi-note-12r-5g-6-128gb-snapdragon-4-gen-2-rom-quoc-te-co-san-tieng-viet-hang-nhap-khau-p274544634.html?spid=274544644,"Điện thoại Redmi Note 12R 5G 6/128GB Snapdragon 4 Gen 2, Rom Quốc tế có sẳn Tiếng việt - Hàng nhập khẩu",XIAOMI,,,,5000.0,,,,,6.0,,128.0,,,,,"Trong tầm giá từ 2-3 triệu đồng, liệu rằng có chiếc smartphone nào trang bị cấu hình đủ tốt, đảm bảo đa nhiệm mượt mà, thời gian dùng lâu dài lại đồng thời sở hữu thiết kế đẹp hay không? Nếu bạn mong muốn tìm kiếm chiếc điện thoại như vậy thì Xiaomi Redmi Note 12R 5G chính hãng chính là đề cử sáng giá nhất. Tại sao ư? Hãy cùng Dienthoaihay khám phá chi tiết sản phẩm trong bài viết dưới đây nhé!Chip rồng nhà Qualcomm luôn là đối thủ nặng ký dành cho vi xử lý trên smartphone Android. Hiện nay, với nguồn lực các công nghệ cải tiến trang bị trên Snapdragon 4 Gen 2, người dùng smartphone yên tâm trải nghiệm các tác vụ hàng ngày mượt mà, nhất là khi nó được tích hợp trên Redmi Note 12R hỗ trợ kết nối mạng 5G đẩy nhanh tốc độ tải, truyền dữ liệu và sở hữu dung lượng bộ nhớ tiêu chuẩn đến mở rộng - RAM 4GB/6GB/8GB, cung cấp không gian lưu trữ khá thoải mái.Chipset này sở hữu 8 lõi CPU, chia thành 2 cụm. Trong đó, cụm 1 gồm 2 lõi hiệu năng cao, tốc độ xung nhịp 2.2GHz. Cụm 2 gồm 6 lõi còn lại tiết kiệm điện năng, tốc độ xung nhịp đạt 2.0GHz. Đây là phiên bản cải tiến, thay thế tiền nhiệm đáng để người dùng nâng cấp. Máy cài đặt hệ điều hành mới nhất, phiên bản Android 13 cùng giao diện tùy biến MIUI 14 thân thiện người dùng. Theo kèm là GPU Adreno 613 mang đến hiệu suất tốt xử lý thông tin cùng chất lượng đồ họa tốt hơn.Dung lượng pin lớn 5000mAh và củ sạc nhanh 18W là một trong những đặc trưng nổi trội nhất của Redmi Note 12R 5G. Dù được định hướng là dòng sản phẩm giá rẻ dành đến cho người dùng nhưng Xiaomi đã cho thấy một sự đầu tư thiết kế vượt trội, mang đến cho cộng đồng yêu công nghệ một thiết bị đáng giá. Cho đến nay, rất ít smartphone phân khúc giá rẻ, nhất là trong tầm giá chỉ từ hơn 2 triệu đồng như này được thiết kế sạc nhanh, tối ưu thời gian sử dụng.Tốc độ làm tươi đạt 90Hz, vượt qua ngưỡng tiêu chuẩn 60Hz trên smartphone tạo ra cách biệt cho Redmi Note 12R 5G so với nhiều đối thủ cạnh tranh khác cùng phân khúc giá. Kèm theo đó là màn hình kích thước lớn 6.79 inch, độ phân giải 1080 x 2460 pixels nâng cao chất lượng hình ảnh, hiển thị rõ nét, màu chân thực, mang đến trải nghiệm thị giác tốt hơn cho người dùng trên tấm nền IPS LCD.Redmi Note 12R 5G trở thành chiếc điện thoại thông minh cực đáng mua trong tầm giá khi nó không những trội về tần số quét, kích thước màn hình hay có mức hiệu năng cực ổn mà còn có thể đảm bảo chức năng chụp ảnh đa dạng, phù hợp theo nhu cầu cơ bản của người dùng. Đó là ảnh chụp đẹp mắt từ camera chính 50MP, ảnh chụp cận cảnh, chi tiết rõ nét nhờ ống kính phục macro 2MP và ảnh selfie ấn tượng từ vị trí camera trước 5MP.Rất bất ngờ và đầy cuốn hút khi chất liệu kính sáng loáng hoàn thiện cho mặt lưng Redmi Note 12R cùng đường nét thanh thoát, mềm mại trong từng góc cạnh. Mặt trước máy là màn hình đục lỗ thời thượng với các cạnh viền rất mỏng và tối ưu khá đồng đều, mang đến cái nhìn cân đối đầy thiện cảm. Mặt lưng thiết kế 2 camera sau gắn trực tiếp trên thân máy tạo cảm giác gọn gàng, đồng nhất.Khung viền nhựa bao quanh tăng cảm giác cầm nắm chắc tay nhờ hiệu quả ma sát cao. Sự kết hợp chất liệu hoàn thiện máy rất khéo léo tạo nên khả năng tối ưu trọng lượng mà không làm mất đi nét đẹp sang trọng của thiết bị. Ngoài ra, các vị trí nút bấm vật lý (nút tăng, giảm âm lượng, phím nguồn - nơi tích hợp cảm biến bảo mật mở khóa vân tay) được thiết kế rất hợp lý tại hai cạnh bên, giúp người dùng thuận tiện trong sử dụng.Giá sản phẩm trên Tiki đã bao gồm thuế theo luật hiện hành. Bên cạnh đó, tuỳ vào loại sản phẩm, hình thức và địa chỉ giao hàng mà có thể phát sinh thêm chi phí khác như phí vận chuyển, phụ phí hàng cồng kềnh, thuế nhập khẩu (đối với đơn hàng giao từ nước ngoài có giá trị trên 1 triệu đồng).....",Tiki,274544644.0,3099000.0,-14%,27.0,Trung Quốc,,6.78,6 Tháng,0.0
https://tiki.vn/dien-thoai-xiaomi-redmi-12-4gb-128gb-helio-g88-man-90hz-hang-chinh-hang-p273440662.html?spid=273440665,"Điện thoại Xiaomi Redmi 12 (4GB/128GB) , Helio G88 , Màn 90HZ - Hàng nhập khẩu nhật",XIAOMI,,,,5000.0,,,,,4.0,,128.0,,,,,"Xiaomi Redmi 12 mẫu điện thoại mới nhất được nhà Xiaomi tung ra vào tháng 06/2023 khiến cho cộng đồng đam mê công nghệ vô cùng thích thú. Máy khoác lên mình một vẻ ngoài cá tính, màn hình lớn đem đến trải nghiệm đã mắt cùng một hiệu năng ổn định với mọi tác vụ.Vẻ ngoài đơn giảnMàn hình lớn giải trí vuiTrải nghiệm ổn định với các tác vụ thường ngàyCụm camera chất lượng để trải nghiệmViên pin 5000 mAh thoải mái dùng cả ngàyCấu hình sản phẩm:
Thẻ Sim:2 SIM, 1 esim +1 Nano SIM /5G
Màn hình:6.79 inches, IPS LCD, 90Hz, 550 nits
Độ phân giải:1080 x 2460 pixels (~396 ppi density)
CPU: Qualcomm Snapdragon 4 Gen 2 (4 nm)
RAM: 4GB
Bộ nhớ: 128GB
Camera sau: 50 MP, f/1.8, (wide), PDAF 2 MP, f/2.4, (macro)
Camera trước: 5 MP, f/2.2, (wide), 1/5"", 1.12µm
Jack 3.5mm/ Loa: yes
Pin: 5000 mAh, sạc nhanh 18W
Chống nước :có
NFC : cóLƯU Ý
️ Máy là hàng quốc tế do Xiaomi Nhật Bản phân phối ( Máy xách tay nhật ),Có sẳn tiếng việt
️ Tình trạng: Mới 100% , chưa từng được sử dụng
️ Bảo hành: 1 đổi 1 trong vòng 7 ngày; 12 tháng tiếp theo bảo hành miễn phí - 6 tháng phần cứng 12 tháng phần mềm
️ Máy Fullbox mới 100% không có sạc đi kèmThiết kế của Xiaomi Redmi 12 4GB được lấy cảm hứng từ sự tối giản khi mặt lưng được làm từ kính bóng bẩy đi cùng với thân máy khá mỏng nhẹ mang đến vẻ ngoài thời trang, trẻ trung cùng khả năng cầm nắm tốt hơn khi sử dụng trong thời gian dài.Mặt trước của điện thoại thiết kế kiểu nốt ruồi, đồng thời các viền xung quanh được hãng tối ưu khá mỏng hứa hẹn mang đến cho bạn góc nhìn rộng hơn giúp việc giải trí trở nên trọn vẹn.Với mong muốn đem lại sự thư giãn sau giờ làm việc căng thẳng hoặc một góc nhìn rõ ràng sắc nét hơn. Xiaomi đã trang bị tấm nền IPS LCD với kích thước lên đến 6.79 inch cùng độ phân giải Full HD+ (1080 x 2460 Pixels) giúp bạn xem các nội dung trên YouTube hoặc Netflix tốt hơn. Màn hình này cho chất lượng hiển thị tốt, màu sắc chân thực, độ tương phản cao và góc nhìn rộng.Redmi 12 hiển thị hình ảnh khá tốt khi ở ngoài trời nắng, không bị mờ khi máy có độ sáng tối đa lên đến 550 nits một con số ổn trong phân khúc. Ngoài ra, màn hình này còn được hỗ trợ tần số quét 90 Hz giúp cho các thao tác vuốt chạm trên máy được diễn ra mượt mà và nhanh chóng hơn.Cung cấp sức mạnh cho máy là chip xử lý Snapdragon 4 Gen 2 cho khả năng xử lý khá ổn định và mượt mà với các tác vụ lướt web, nghe nhạc,chơi game, xem phim, chỉnh sửa ảnh,… thậm chí bạn có thể chơi với các tựa game như: Liên Quân Mobile, PUBG Mobile ở mức cấu hình tầm trung.Điện thoại RAM 4 GB tuy mức RAM không quá cao nhưng hãng cũng đã tích hợp tính năng mở rộng RAM nên vấn đề đa nhiệm trên máy không còn quá bận tâm nữa. Khi các thao tác chuyển đổi qua lại giữa tab không phải đợi load lại cũng như gặp hiện tượng giật lag.Cụm camera sau của Redmi 12 bao gồm camera chính 50 MP, 2 camera phụ 8 MP và 2 MP, hỗ trợ quay phim và chụp ảnh chất lượng cao với các hiệu ứng làm đẹp thông minh, cân bằng tốt màu sắc và ánh sáng cho bức ảnh chân thực, có độ nét cao.Phía trước điện thoại bạn sẽ có ngay camera selfie với độ phân giải 8 MP đi cùng với nhiều tính năng như: làm đẹp, bộ lọc màu, giúp bạn có những bức ảnh tự sướng đẹp mắt mà không cần dùng đến ứng dụng bên thứ 3.Một chi tiết đáng chú ý khác của Xiaomi Redmi 12 là viên pin lớn 5000 mAh, điện thoại có thể dễ dàng cung cấp đủ năng lượng để giữ cho thiết bị hoạt động suốt cả ngày, ngay cả khi sử dụng nhiều.Bên cạnh đó, máy cũng hỗ trợ sạc nhanh 18 W, vì vậy bạn có thể nhanh chóng lấp đầy dung lượng của thiết bị mà không cần phải mất quá nhiều thời gian chờ đợi.Xiaomi Redmi 12 sẽ là sự lựa chọn phù hợp với những bạn đang có nhu cầu tìm kiếm một chiếc điện thoại có vẻ ngoài đẹp mắt, màn hình lớn cho hình ảnh sắc nét cùng một hiệu năng ổn định với các tác vụ hằng ngày.Giá sản phẩm trên Tiki đã bao gồm thuế theo luật hiện hành. Bên cạnh đó, tuỳ vào loại sản phẩm, hình thức và địa chỉ giao hàng mà có thể phát sinh thêm chi phí khác như phí vận chuyển, phụ phí hàng cồng kềnh, thuế nhập khẩu (đối với đơn hàng giao từ nước ngoài có giá trị trên 1 triệu đồng).....",Tiki,273440665.0,2899000.0,-19%,11.0,Việt Nam,,6.79,12 Tháng,0.0
https://tiki.vn/dien-thoai-oppo-a77-4gb-4gb-128gb-sac-sieu-nhanh-33w-hang-nhap-khau-nhat-ban-quoc-te-p263675862.html?spid=263675864,Điện thoại OPPO A77 4GB+4GB/128GB - Sạc siêu nhanh 33W - Hàng nhập khẩu nhật - Bản quốc tế,OPPO,,,,5000.0,,,,,4.0,,128.0,,,,,"OPPO vừa cho ra mắt sản phẩm tiếp nối dòng A-Series đến người tiêu dùng với cái tên OPPO A77 4G (8/2022). Điện thoại mới chạy bộ vi xử lý MediaTek Helio, được trang bị pin lớn và công nghệ sạc nhanh SuperVOOC.Thiết kế trẻ trung, màu sắc năng độngMàn hình lớn, camera 50 MPHiệu năng ổn định, pin lớn với sạc SuperVOOCOPPO A77 4G có thiết kế tổng thể trông rất trẻ trung khi cạnh viền được vát phẳng tạo vẻ hiện đại, mặt trước có màn hình giọt nước với viền mỏng ở các cạnh, mặt lưng có một mô-đun camera hình chữ nhật nhỏ gọn chứa tổng cộng hai máy ảnh.Màu sắc trên chiếc điện thoại OPPO A Series rất năng động và không kém phần sang trọng, mặt lưng được phủ nhám có khả năng hạn chế vết bám vân tay hay mồ hôi trong quá trình sử dụng.OPPO trang bị cho A77 4G màn hình LCD kích thước lớn lên đến 6.56 inch với độ phân giải HD+, đủ để hiển thị sắc nét các chi tiết của hình ảnh. Màn hình hỗ trợ tốc độ làm tươi 60 Hz tiêu chuẩn, đồng thời có một notch hình giọt nước chứa camera selfie 8 MP.Phía mặt lưng thiết bị có một mô-đun camera chứa hệ thống hai máy ảnh, một cảm biến chính độ phân giải cao lên đến 50 MP, hứa hẹn những bức ảnh với độ chi tiết cao. Máy ảnh còn lại trên mặt lưng thiết bị là ống kính đo độ sâu 2 MP chuyên chụp ảnh chân dung.được trang bị bộ vi xử lý Helio G35 của MediaTek, cho hiệu năng ổn định có thể chạy tốt và mượt các ứng dụng cơ bản thường dùng. Điện thoại RAM 4 GB và bộ nhớ trong 128 GB, có khả năng nâng cấp thêm bộ nhớ lưu trữ bằng thẻ microSD.Cuối cùng, OPPO A77 4G sở hữu viên pin lớn 5000 mAh cho thời gian sử dụng lâu dài chỉ với một lần sạc. Hơn nữa việc sạc thiết bị cũng trở nên rất nhanh chóng nhờ công nghệ SuperVOOC công suất 33 W.Nhìn chung OPPO A77 4G là một chiếc điện thoại giá rẻ đáp ứng được nhu cầu cao của người dùng, các thông số từ màn hình, camera, bộ vi xử lý và pin đều ấn tượng không kém một sản phẩm tầm trung.Giá sản phẩm trên Tiki đã bao gồm thuế theo luật hiện hành. Bên cạnh đó, tuỳ vào loại sản phẩm, hình thức và địa chỉ giao hàng mà có thể phát sinh thêm chi phí khác như phí vận chuyển, phụ phí hàng cồng kềnh, thuế nhập khẩu (đối với đơn hàng giao từ nước ngoài có giá trị trên 1 triệu đồng).....",Tiki,263675864.0,3299000.0,-34%,9.0,Trung Quốc,,6.56,12 Tháng,0.0
https://tiki.vn/apple-iphone-14-p197214029.html?spid=197214033,Apple iPhone 14,APPLE,,,,3279.0,12MP,12MP/12MP,Apple GPU 5 nhân,,6.0,1170x2532,128.0,,,,,"Nội dung quảng cáoTính năng nổi bậtPháp lýThông số kỹ thuậtiPhone 14. Với hệ thống camera kép tiên tiến nhất từng có trên iPhone. Chụp những bức ảnh tuyệt đẹp trong điều kiện từ thiếu sáng đến dư sáng. Phát hiện Va Chạm,1 một tính năng an toàn mới, thay bạn gọi trợ giúp khi cần kíp.1SOS Khẩn Cấp sử dụng kết nối mạng di động hoặc Cuộc Gọi Wi-Fi.2Màn hình có các góc bo tròn. Khi tính theo hình chữ nhật chuẩn, kích thước màn hình theo đường chéo là 6,06 inch. Diện tích hiển thị thực tế nhỏ hơn.3Thời lượng pin khác nhau tùy theo cách sử dụng và cấu hình; truy cập apple.com/batteries để biết thêm thông tin.4Cần có gói cước dữ liệu. Mạng 5G chỉ khả dụng ở một số thị trường và được cung cấp qua một số nhà mạng. Tốc độ có thể thay đổi tùy địa điểm và nhà mạng. Để biết thông tin về hỗ trợ mạng 5G, vui lòng liên hệ nhà mạng và truy cập apple.com/iphone/cellular.5iPhone 14 có khả năng chống tia nước, chống nước và chống bụi. Sản phẩm đã qua kiểm nghiệm trong điều kiện phòng thí nghiệm có kiểm soát đạt mức IP68 theo tiêu chuẩn IEC 60529 (chống nước ở độ sâu tối đa 6 mét trong vòng tối đa 30 phút). Khả năng chống tia nước, chống nước và chống bụi không phải là các điều kiện vĩnh viễn. Khả năng này có thể giảm do hao mòn thông thường. Không sạc pin khi iPhone đang bị ướt. Vui lòng tham khảo hướng dẫn sử dụng để biết cách lau sạch và làm khô máy. Không bảo hành sản phẩm bị hỏng do thấm chất lỏng.6Một số tính năng không khả dụng tại một số quốc gia hoặc khu vực.Truy cập apple.com/iphone/compareGiá sản phẩm trên Tiki đã bao gồm thuế theo luật hiện hành. Bên cạnh đó, tuỳ vào loại sản phẩm, hình thức và địa chỉ giao hàng mà có thể phát sinh thêm chi phí khác như phí vận chuyển, phụ phí hàng cồng kềnh, thuế nhập khẩu (đối với đơn hàng giao từ nước ngoài có giá trị trên 1 triệu đồng).....",Tiki,197214033.0,12750000.0,-49%,651.0,Trung Quốc,Lightning,6.1,12 Tháng,0.0
https://tiki.vn/dien-thoai-thong-minh-itel-a26-gia-re-2-sim-2-song-4g-lte-man-hinh-ips-5-7-hd-ram-2gb-rom-32-gb-ho-tro-the-nho-32-gb-mo-khoa-bang-guong-mat-chinh-hang-bao-hanh-12-thang-1-doi-1-trong-30-ngay-p147969070.html?spid=147969294,"Điện thoại thông minh itel A26 - giá rẻ | 2 Sim 2 Sóng 4G LTE | Màn hình IPS 5.7"" HD+ | RAM 2GB + ROM 32 GB (Hỗ trợ thẻ nhớ 32 GB) | Mở khoá bằng Gương Mặt | Chính Hãng bảo hành 12 tháng| 1 đổi 1 trong 30 ngày",ITEL,,,,2950.0,,,Single-coreARM mali820 as 3D graphics accelerator,,2.0,720x1520,32.0,,,,,"Điện thoại thông minh Itel A26 với thiết kế liền lạc, nguyên khối tối giản, nắp lưng bằng nhựa phủ nhám chống bám dấu vân tay, trẻ trung, Mặt kính cong 2.5D tạo bề mặt trơn tru, liền mạch, thao tác màn hình mượt mà và cho cảm giác xem đã mắt hơn, nâng cao đáng kể giá trị thẩm mỹ của chiếc điện thoại thông minh nhà Itel.Với màn hình IPS, A26 có thể nhìn từ 180 độ, giúp bạn có thể nhìn rõ nội dung từ hầu hết mọi góc độ. Hỗtrợ tốt hơn cho việc xem nhóm. Ngoài ra hệ thông có chế độ bảo vệ mắt, điều chỉnhđộ sáng hiển thị của màn hình A26 sẽ trở nên rất mềm mại và ấm áp để bảo vệ thị lực của bạn, đặc biệt nếu bạn dànhnhiều thời gian cho điện thoại.Hoạt động trên bộ xử lý UniSoC SC9832E (28 nm) nhân, tốc độ xung nhịp trung bình đạt 1.4 GHz giúp máy xử lý tốt các các tác vụ cơ bản như lướt web giải trí, ứng dụng chỉnh sửa ảnh hay chơi game có mức cấu hình trung bình thấp. Khả năng đồ họa của máy được cải tiến để đảm bảo độ mượt và tính ổn định nâng cao trải nghiệm.Máy được trang bị dung lượng RAM 2 GB, bộ nhớ trong 32 GB và hỗ trợ thẻ nhớ ngoài MicroSD tối đa 128GB thoải mái lưu trữ với các tệp yêu thích cho nhu cầu giải trí, công việc.Điện thoại Itel A26 sử dụng hệ điều hành Android 10 (Go Edition) được tinh chỉnh để mang lại hiệu năng mượt mà hơn cho các dòng máy giá rẻ, dễ dùng, trải nghiệm thân thiện. Hỗ trợ internet 4G cho tốc độ truy cập mạng nhanh, tải tập tin hay chia sẻ dữ liệu tốc độ cao, ổn định.Dòng điện thoại A26 của itel này có chức năng Đóng băng(Freezer). Bạn có thể giữ các ứng dụng không thường xuyên sử dụng của mình trong Đóng băng cho đến khi bạn cần. Điều này sẽ đảm bảo rằng hệ thống của bạn sẽ không bị làm chậm bởi quá nhiều ứng dụng. Trải nghiệm sử dụng sẽ them phần mượt mà.Hệ thống camera trước vàsau của Itel A26 đều được hỗ trợ trí tuệ nhân tạo AI, để xử lý nhanh chóng cácdữ liệu ảnh và video thu được, mang đến chất lượng sáng tạo đẹp tự nhiên màkhông cần tốn công sức chỉnh sửa.Cụm camera 2 ống kínhmặt sau 5MP cùng đèn LED trợ sáng. Khả năng thu sáng và lấy nét tự độngtốt giúp bạn thu về những bức ảnh với màu sắc và độ sáng ổn, độ chân thực cao.Để khung hình trở nên chuyên nghiệp hơn, không thể thiếu đi kỹ thuật chụp ảnh bokeh giúp làm nổi bật hiệu quả chủ thể để cho bức hình lung linh, một chút huyền ảo, đầy nghệ thuật.Camera selfie cảm biến 2 MP được hỗ trợ AI để làm nổi bật, làm đẹp các chi tiết trên khuôn mặt một cách tự nhiên, chân thật, để bạn tự tin thể hiện trước ống kính.Rất hiếm có trên dòng điện thoại giá dưới 2 triệu, A26 được itel trang bị chức năng nhận diện – mở khóa bằng khuôn mặt – cực kì tiện lợi khi bạn cần mở khóa nhanh chóng khi đang ở ngoài đường,bận 1 tay hay đang bao tay.Trang bị viên pin dung lượng 3020mAh, kết hợp với sức mạnh quản lý và tối ưu thời lượng sử dụng từ chipset, Itel A26 cho phép người dùng thoải mái sử dụng với nhiều tác vụ khácnhau, từ việc xem phim, lướt web đến chơi game giải trí mà không quá ái ngại vấn đề cạn nguồn nhanh chóng. Bạn có thể sử dụng A26 cả ngày mà không lo hết pin. Nếu để A26 ở chế độ chờ thì có thể kéo dài tới 30ngày.Ở một mức giá mềm khá ấntượng, ItelA26 thực sự gây bất ngờ về thiết kế sang chảnh cùng cấu hình khá ổn,hẳn sẽ là một lựa chọn mới hợp túi tiền cho những người dùng bình dân muốn trảinghiệm những tiện ích tốt trên điện thoại thông minh.Giá sản phẩm trên Tiki đã bao gồm thuế theo luật hiện hành. Bên cạnh đó, tuỳ vào loại sản phẩm, hình thức và địa chỉ giao hàng mà có thể phát sinh thêm chi phí khác như phí vận chuyển, phụ phí hàng cồng kềnh, thuế nhập khẩu (đối với đơn hàng giao từ nước ngoài có giá trị trên 1 triệu đồng).....",Tiki,147969294.0,2390000.0,,7.0,Trung Quốc,Micro USB,5.7,12 Tháng,0.0
https://tiki.vn/dien-thoai-samsung-galaxy-a06-5g-4-128gb-man-hinh-cuc-dai-hd-6-7-5g-ket-noi-cuc-nhanh-hang-chinh-hang-p277553639.html?spid=277553641,"Điện thoại Samsung Galaxy A06 5G (4/128GB), Màn Hình Cực Đại HD+ 6.7”, 5G Kết nối cực nhanh - Hàng chính hãng",SAMSUNG,,,,5000.0,8MP,50+2MP,Mali-G57,,4.0,720x1600,128.0,,,,,"Điện thoại Samsung Galaxy A06 5G (4/128GB)
Điện thoại 5G - Số 1 về giá trong Galaxy AThông số kỹ thuậtMàn Hình
- Công nghệ màn hình: PLS LCD
- Độ phân giải: 720 x 1600 (HD+)
- Kích thước: 6.7 inch
- Tần số quét: 90Hz
- Độ sáng tối đa: 480 nits
- Mặt kính cảm ứng: GlassCamera sau
- Độ phân giải: 50+2MP
- Quay phim: FHD (1920 x 1080)@30fps| Quay chậm 120fps @HD
- TÍnh năng: Zoom quang học 10x, Panorama, Xóa phông, Chế độ ban đêm, Chuyên nghiệp, Hyperlapse, Chuyển động siêu chậm, Tự động lấy nét.Camera trước
- Độ phân giải: 8MP
- Tính năng: Chụp làm đẹpHệ điều hành & CPU
- Hệ điều hành: Android 15
- CPU: MediaTek Dimensity 6300
- Tốc độ CPU: 2.4GHz,2GHz, Octa-Core
- Chip đồ họa (GPU): Mali-G57Bộ nhớ & Lưu trữ
- RAM: 4GB
- Bộ nhớ trong: 128GB
- Bộ nhớ còn lại (khả dụng) khoảng: 109.4GB
- Thẻ nhớ: MicroSD 1.5 TBKết nối
- Mạng di động: Hỗ trợ 5G
- Sim: SIM 1 + (SIM 2 hoặc 1 thẻ nhớ)Pin và sạc
- Dung lượng pin: 5000 mAh
- Công nghệ pin: Sạc nhanh
- Hỗ trợ sạc tối đa: 25WThông tin chung
- Thiết kế: Nguyên khối
- Chất liệu khung viền: Nhựa
- Chất liệu mặt lưng máy: Nhựa
- Kích thước: 167.3 x 77.3 x 8.0 mm
- Khối lượng:191gGiá sản phẩm trên Tiki đã bao gồm thuế theo luật hiện hành. Bên cạnh đó, tuỳ vào loại sản phẩm, hình thức và địa chỉ giao hàng mà có thể phát sinh thêm chi phí khác như phí vận chuyển, phụ phí hàng cồng kềnh, thuế nhập khẩu (đối với đơn hàng giao từ nước ngoài có giá trị trên 1 triệu đồng).....",Tiki,277553641.0,3990000.0,,,Việt Nam,,6.7,12 Tháng,0.0
https://tiki.vn/dien-thoai-samsung-galaxy-a56-5g-8gb-128gb-hang-chinh-hang-p277499293.html?spid=277499297,Điện thoại Samsung Galaxy A56 5G (8GB/128GB) - Hàng chính hãng,SAMSUNG,,,,,,,,,,,,,,,,,Tiki,277499297.0,8769000.0,-12%,1.0,Hàn Quốc,,,,0.0
https://tiki.vn/dien-thoai-samsung-galaxy-s25-ultra-12gb-256gb-hang-chinh-hang-p277484785.html?spid=277489458,Điện thoại Samsung Galaxy S25 Ultra (12GB/256GB) - Hàng chính hãng,SAMSUNG,,,,,,,,,,,,,,,,,Tiki,277489458.0,33990000.0,,,Hàn Quốc,,,,0.0
https://tiki.vn/dien-thoai-xiaomi-redmi-note-14-pro-5g-8gb-256gb-hang-chinh-hang-p277356193.html?spid=277356199,Điện thoại Xiaomi Redmi Note 14 Pro+ 5G (8GB/256GB) - Hàng chính hãng,XIAOMI,,,,,,,,,,,,,,,,,Tiki,277356199.0,10990000.0,,,Trung Quốc,,,,0.0
https://tiki.vn/dien-thoai-xiaomi-redmi-a3-hang-chinh-hang-p277356031.html?spid=277356041,Điện thoại Xiaomi Redmi A3 - Hàng chính hãng,XIAOMI,,,,,,,,,,,,,,,,,Tiki,277356041.0,2699000.0,-18%,,Trung Quốc,,,,0.0
https://tiki.vn/dien-thoai-xiaomi-poco-c75-hang-chinh-hang-p276745570.html?spid=276745576,Điện thoại Xiaomi Poco C75 - Hàng chính hãng,XIAOMI,,,,,,,,,,,,,,,,"LƯU Ý KHI MUA HÀNGCảm ơn quý khách đã quan tâm đến sản phẩm bên shop, quý khách vui lòng dành ít thời gian đọc kĩ các thông tin sau:️ Sản phẩm được bao test 7 ngày kể từ ngày nhận được sản phẩm và sẽ được đổi máy mới cùng model hoặc giá trị tương đương sau khi được thẩm định lỗi kĩ thuật.️ Sản phẩm lỗi kĩ thuật được xác nhận bởi trung tâm bảo hành ủy quyền chính hãng (bằng văn bản); khách hàng có thể gửi lại shop để xác nhận lỗi hoặc tới trung tâm bảo hành ủy quyền để thẩm định lỗi.️ Shop hỗ trợ phí vận chuyển trong vòng 7 ngày (kể từ ngày mình nhận hàng), sau 7 ngày shop chỉ hỗ trợ khách bảo hành (phí vận chuyển khách trả)️ Sau 7 ngày bao test, sản phẩm vẫn nhận chính sách bảo hành theo quy định của nhà sản xuất (khách chịu phí vận chuyển tới shop bảo hành hộ hoặc tự đến trung tâm bảo hành).️ Sản phẩm đổi trả phải còn nguyên hộp trùng imei, phụ kiện kèm theo máy không trầy xước, cháy nổ, đứt dây (nếu trầy xước shop không đổi phụ kiện mới)️ Shop nhận đổi trả trong trường hợp hàng sai mẫu, size, màu do shop gửi. Bên shop chỉ giải quyết khiếu nại khi quý khách có video clip khi mở/nhận hàng.️ Trong một số trường hợp sản phẩm đã được kích hoạt bảo hành tham gia chương trình khuyến mãi có giá tốt nhất cho khách hàng. Vui lòng chat với shop để được hỗ trợ thêm thông tin.️ Khách hàng có nhu cầu xuất hóa đơn VAT, vui lòng liên hệ với gian hàng trực tiếp qua tin nhắn hoặc chat với Shop khi đơn hàng được giao thành công.Không nhận đổi trả khi sản phẩm bị hư hại do tác động ngoại lực từ người mua như móp, bể, trầy xước, nổ điện, rớt nước, rách tem bảo hành, không đầy đủ phụ kiện và hộp.Các sản phẩm bị khóa tài khoản như Gmail, account… Khách tự chịu phí mở khóa nếu không nhớ mật khẩu.Vì lượng hàng hoá nhiều shop không nhận đổi trả trong trường hợp khách không thích, không ưng màu, chất liệu; quý khách vui lòng đọc kĩ mô tả và xem hình ảnh cụ thể; nếu cần hãy chat với shop để được tư vấn.Giá sản phẩm trên Tiki đã bao gồm thuế theo luật hiện hành. Bên cạnh đó, tuỳ vào loại sản phẩm, hình thức và địa chỉ giao hàng mà có thể phát sinh thêm chi phí khác như phí vận chuyển, phụ phí hàng cồng kềnh, thuế nhập khẩu (đối với đơn hàng giao từ nước ngoài có giá trị trên 1 triệu đồng).....",Tiki,276745576.0,2899000.0,-14%,,Trung Quốc,,,,0.0
https://tiki.vn/dien-thoai-xiaomi-14t-pro-5g-hang-chinh-hang-p276641263.html?spid=276323422,Điện thoại Xiaomi 14T Pro 5G - Hàng chính hãng,XIAOMI,,,,,,,,,,,,,,,,"LƯU Ý KHI MUA HÀNGCảm ơn quý khách đã quan tâm đến sản phẩm bên shop, quý khách vui lòng dành ít thời gian đọc kĩ các thông tin sau:️ Sản phẩm được bao test 7 ngày kể từ ngày nhận được sản phẩm và sẽ được đổi máy mới cùng model hoặc giá trị tương đương sau khi được thẩm định lỗi kĩ thuật.️ Sản phẩm lỗi kĩ thuật được xác nhận bởi trung tâm bảo hành ủy quyền chính hãng (bằng văn bản); khách hàng có thể gửi lại shop để xác nhận lỗi hoặc tới trung tâm bảo hành ủy quyền để thẩm định lỗi.️ Shop hỗ trợ phí vận chuyển trong vòng 7 ngày (kể từ ngày mình nhận hàng), sau 7 ngày shop chỉ hỗ trợ khách bảo hành (phí vận chuyển khách trả)️ Sau 7 ngày bao test, sản phẩm vẫn nhận chính sách bảo hành theo quy định của nhà sản xuất (khách chịu phí vận chuyển tới shop bảo hành hộ hoặc tự đến trung tâm bảo hành).️ Sản phẩm đổi trả phải còn nguyên hộp trùng imei, phụ kiện kèm theo máy không trầy xước, cháy nổ, đứt dây (nếu trầy xước shop không đổi phụ kiện mới)️ Shop nhận đổi trả trong trường hợp hàng sai mẫu, size, màu do shop gửi. Bên shop chỉ giải quyết khiếu nại khi quý khách có video clip khi mở/nhận hàng.️ Trong một số trường hợp sản phẩm đã được kích hoạt bảo hành tham gia chương trình khuyến mãi có giá tốt nhất cho khách hàng. Vui lòng chat với shop để được hỗ trợ thêm thông tin.️ Khách hàng có nhu cầu xuất hóa đơn VAT, vui lòng liên hệ với gian hàng trực tiếp qua tin nhắn hoặc chat với Shop khi đơn hàng được giao thành công.Không nhận đổi trả khi sản phẩm bị hư hại do tác động ngoại lực từ người mua như móp, bể, trầy xước, nổ điện, rớt nước, rách tem bảo hành, không đầy đủ phụ kiện và hộp.Các sản phẩm bị khóa tài khoản như Gmail, account… Khách tự chịu phí mở khóa nếu không nhớ mật khẩu.Vì lượng hàng hoá nhiều shop không nhận đổi trả trong trường hợp khách không thích, không ưng màu, chất liệu; quý khách vui lòng đọc kĩ mô tả và xem hình ảnh cụ thể; nếu cần hãy chat với shop để được tư vấn.Giá sản phẩm trên Tiki đã bao gồm thuế theo luật hiện hành. Bên cạnh đó, tuỳ vào loại sản phẩm, hình thức và địa chỉ giao hàng mà có thể phát sinh thêm chi phí khác như phí vận chuyển, phụ phí hàng cồng kềnh, thuế nhập khẩu (đối với đơn hàng giao từ nước ngoài có giá trị trên 1 triệu đồng).....",Tiki,276323422.0,14769000.0,-18%,,Trung Quốc,,,,0.0
https://tiki.vn/dien-thoai-realme-v60-6gb-128gb-5g-chip-dimensity-6300-rom-tieng-viet-hang-nhap-khau-p276410628.html?spid=276410632,"Điện thoại Realme V60 (6GB/128GB) 5G , Chíp Dimensity 6300, Rom tiếng việt - Hàng nhập khẩu",REALME,,,,,,,,,6.0,,128.0,,,,,"Thiết kếMàn hìnhHiệu năngCameraPin, sạcBạn có thể tham khảo cấu hình Realme V60 ra mắt dưới đây.Thông sốRealme V60Kích thướcTrọng lượngMàn hìnhĐộ phân giảiBộ xử lýCamera sauCamera trướcPin, sạcBảo mậtChống nướcRealme V60 dự kiến sẽ mang đến một thiết kế vuông vức và hợp xu hướng thời đại. Với khung viền phẳng và mặt lưng phẳng, máy không chỉ cho cảm giác bền bỉ mà còn nhẹ nhàng với chất liệu nhựa. Tuy thiết kế nhựa nhưng máy vẫn giữ được vẻ sang trọng và bắt mắt với mặt lưng giả kính. Khả năng kháng nước và bụi IP64 là một điểm cộng, giúp bảo vệ thiết bị trong các tình huống thường ngày.Realme V60 có kích thước 165,6 x 76,1 x 7,94 mm, giúp cầm nắm và sử dụng bằng một tay tương đối dễ dàng dù vẫn hơn cấn tay. Trọng lượng 192g giúp máy trở nên không quá nặng khi sử dụng trong thời gian lâu dài. Sản phẩm mang đến 2 phiên bản màu sắc là Vàng và Xanh lá rất trẻ trung cho người dùng lựa chọn theo sở thích của bản thân.Realme V60 sở hữu màn hình 6,67 inh sử dụng tấm nền IPS LCD 120Hz cho chất lượng hình ảnh hiển thị khá tốt, màu sắc chân thực và hiển thị mượt mà các hình ảnh chuyển động. Tuy nhiên, màn hình này chỉ có độ phân giải thấp là HD+ (720×1604 pixel). Điều này khiến cho hình ảnh hiển thị không được sắc nét như màn hình Full HD+.Realme V60 sở hữu hiệu năng tương đối mạnh mẽ với chip 8 nhân xung nhip 2.4GHz cùng GPU lõi kép Mali-G57 MC2. Điều này giúp thiết bị có thể xử lý tốt mọi tác vụ của người dùng. Máy được cài sẵn hệ điều hành Android 14 mới nhất được tùy biến theo giao diện Realme UI 5.0 với nhiều tính năng, khả năng tương tác mượt mà mọi tác vụ người dùng. Với điểm AnTuTu hơn 400 nghìn điểm, đủ để người dùng trải nghiệm các tựa game thịnh hành nhất hiện nay như Liên quân Mobile, Free Fire,...Realme V60 có RAM sử dụng chuẩn LPDDR4X cho tốc độ xử lý tương đối nhanh chóng. Với dung lượng 6GB và 8GB cho bạn thoải mái lựa chọn theo nhu cầu đa nhiệm và ngân sách của mình.Camera sau Realme V60 chỉ có một ống kính chính 32MP và một ống kính phụ khá khiêm tốn, giúp người dùng có thể chụp ảnh và quay phim ở mức cơ bản. Ở điều kiện đủ sáng, Realme V60 vẫn cho chất ảnh sắc nét, độ chi tiết tương đối cao. Trong điều kiện thiếu sáng, ảnh đêm thì chúng ta không thể kỳ vọng gì nhiều, bởi chất lượng ảnh noise nhiều. Phía trước cảm biến selfie 8MP đủ cho người dùng chụp ảnh và đàm thoại sắc nét. Máy hỗ trợ quay phim 1080p ở 30fps đủ cho người dùng lưu lại những khoảnh khắc đáng nhớ trong cuộc sống.Pin 5000mAh đủ để bạn trải nghiệm trong thời gian dài với chỉ một lần sạc. Với màn hình độ phân giải thấp, chip khá tiết kiệm điện giúp Realme V60 có thể trụ được sang ngày thứ 2 nếu chỉ sử dụng cơ bản. Tuy là máy được tích hợp sạc nhanh 15W, nhưng thời gian chờ đợi vẫn khá lâu thường phải hơn 2 tiếng mới đầy 100% dung lượng pin.Giá sản phẩm trên Tiki đã bao gồm thuế theo luật hiện hành. Bên cạnh đó, tuỳ vào loại sản phẩm, hình thức và địa chỉ giao hàng mà có thể phát sinh thêm chi phí khác như phí vận chuyển, phụ phí hàng cồng kềnh, thuế nhập khẩu (đối với đơn hàng giao từ nước ngoài có giá trị trên 1 triệu đồng).....",Tiki,276410632.0,2999000.0,-25%,3.0,Trung Quốc,,6.67,12 Tháng,0.0
https://tiki.vn/moi-dien-thoai-vivo-y100-8gb-256gb-chinh-hang-1-doi-1-trong-thang-dau-tien-bao-hanh-12-thang-p276305472.html?spid=276492915,[MỚI] Điện thoại vivo Y100 (8GB+256GB) - Hàng chính hãng - 1 Đổi 1 trong tháng đầu tiên - Bảo hành 12 tháng,VIVO,,,,,,,,,,,,,,,,"THÂN MÁY:Kích thước (cao x ngang x dày)163.17 × 75.81 × 7.79 mm (Pha Lê Đen)163.17 × 75.81 × 7.95 mm (Kim Cương Xanh)Trọng lượng : 186g (Pha Lê Đen)Chất liệu: PolymerPhương thức mở khóa: Vân tay dưới màn hìnhTHÔNG SỐ KỸ THUẬT CƠ BẢNMàu sắc: Kim Cương Xanh, Pha Lê ĐenKháng nước kháng bụi: IP54Phiên bản Android: Android 14Hệ điều hành: Funtouch OS 14NỀN TẢNGChip: Chip Snapdragon 685Số nhân CPU: 8 nhânTiến trình CPU: 6nmTốc độ CPU: 4 × 2.8 GHz + 4 × 1.9 GHzBỘ NHỚRAM & ROM: 8GB + 256GBLoại RAM: LPDDR4XLoại ROM: UFS 2.2RAM mở rộng: 8GBMở rộng thẻ nhớ: 1TBPINPin: Giá trị tiêu chuẩn 5000mAh (3.91V)Sạc nhanh: 80WLoại pin: Li-ionMÀN HÌNH HIỂN THỊMàn hình: 6.67″ (16.94cm)Độ phân giải: 2400 × 1080Tần số quét: Hỗ trợ 60 Hz, 120 HzChất liệu màn hình: AMOLEDMàn hình cảm ứng: Cảm ứng điện dung đa điểmĐộ sáng cực đại: 1800 nitsTHÔNG SỐ MẠNGQuốc gia: Việt Nam5G: Không hỗ trợKhe cắm thẻ: 1 nano SIM + 1 nano SIM / microSDCAMERACamera: Trước 8MP, Sau 50MP + 2MPKhẩu độ: Trước f/2.0 (8MP), Sau f/1.8 (50MP) + f/2.4 (2MP)Đèn Flash; Đèn Flash camera sauKẾT NỐIWi-Fi: 2.4 GHz, 5 GHzBluetooth: Bluetooth 5.0GPS: Hỗ trợNFC: Không hỗ trợCHIP CẢM BIẾNCảm biến trọng lực: Hỗ trợCảm biến ánh sáng: Hỗ trợCảm biến nhiệt độ màu: Không hỗ trợGiá sản phẩm trên Tiki đã bao gồm thuế theo luật hiện hành. Bên cạnh đó, tuỳ vào loại sản phẩm, hình thức và địa chỉ giao hàng mà có thể phát sinh thêm chi phí khác như phí vận chuyển, phụ phí hàng cồng kềnh, thuế nhập khẩu (đối với đơn hàng giao từ nước ngoài có giá trị trên 1 triệu đồng).....",Tiki,276492915.0,6290000.0,-18%,,Trung Quốc,,,12 Tháng,0.0
https://tiki.vn/dien-thoai-samsung-galaxy-a06-hang-chinh-hang-p276281988.html?spid=276281992,Điện thoại Samsung Galaxy A06 - Hàng chính hãng,SAMSUNG,,,,,,,,,,,,,,1.0,,"LƯU Ý KHI MUA HÀNGCảm ơn quý khách đã quan tâm đến sản phẩm bên shop, quý khách vui lòng dành ít thời gian đọc kĩ các thông tin sau:️ Sản phẩm được bao test 7 ngày kể từ ngày nhận được sản phẩm và sẽ được đổi máy mới cùng model hoặc giá trị tương đương sau khi được thẩm định lỗi kĩ thuật.️ Sản phẩm lỗi kĩ thuật được xác nhận bởi trung tâm bảo hành ủy quyền chính hãng (bằng văn bản); khách hàng có thể gửi lại shop để xác nhận lỗi hoặc tới trung tâm bảo hành ủy quyền để thẩm định lỗi.️ Shop hỗ trợ phí vận chuyển trong vòng 7 ngày (kể từ ngày mình nhận hàng), sau 7 ngày shop chỉ hỗ trợ khách bảo hành (phí vận chuyển khách trả)️ Sau 7 ngày bao test, sản phẩm vẫn nhận chính sách bảo hành theo quy định của nhà sản xuất (khách chịu phí vận chuyển tới shop bảo hành hộ hoặc tự đến trung tâm bảo hành).️ Sản phẩm đổi trả phải còn nguyên hộp trùng imei, phụ kiện kèm theo máy không trầy xước, cháy nổ, đứt dây (nếu trầy xước shop không đổi phụ kiện mới)️ Shop nhận đổi trả trong trường hợp hàng sai mẫu, size, màu do shop gửi. Bên shop chỉ giải quyết khiếu nại khi quý khách có video clip khi mở/nhận hàng.️ Trong một số trường hợp sản phẩm đã được kích hoạt bảo hành tham gia chương trình khuyến mãi có giá tốt nhất cho khách hàng. Vui lòng chat với shop để được hỗ trợ thêm thông tin.️ Khách hàng có nhu cầu xuất hóa đơn VAT, vui lòng liên hệ với gian hàng trực tiếp qua tin nhắn hoặc chat với Shop khi đơn hàng được giao thành công.Không nhận đổi trả khi sản phẩm bị hư hại do tác động ngoại lực từ người mua như móp, bể, trầy xước, nổ điện, rớt nước, rách tem bảo hành, không đầy đủ phụ kiện và hộp.Các sản phẩm bị khóa tài khoản như Gmail, account… Khách tự chịu phí mở khóa nếu không nhớ mật khẩu.Vì lượng hàng hoá nhiều shop không nhận đổi trả trong trường hợp khách không thích, không ưng màu, chất liệu; quý khách vui lòng đọc kĩ mô tả và xem hình ảnh cụ thể; nếu cần hãy chat với shop để được tư vấn.Giá sản phẩm trên Tiki đã bao gồm thuế theo luật hiện hành. Bên cạnh đó, tuỳ vào loại sản phẩm, hình thức và địa chỉ giao hàng mà có thể phát sinh thêm chi phí khác như phí vận chuyển, phụ phí hàng cồng kềnh, thuế nhập khẩu (đối với đơn hàng giao từ nước ngoài có giá trị trên 1 triệu đồng).....",Tiki,276281992.0,3190000.0,,2.0,Hàn Quốc,,,,1.0
https://tiki.vn/dien-thoai-xiaomi-redmi-13-6gb-128gb-hang-chinh-hang-p276074109.html?spid=276074119,Điện thoại Xiaomi Redmi 13 - Hàng chính hãng,XIAOMI,,,,,,,,,,,,,,,,"LƯU Ý KHI MUA HÀNGCảm ơn quý khách đã quan tâm đến sản phẩm bên shop, quý khách vui lòng dành ít thời gian đọc kĩ các thông tin sau:️ Sản phẩm được bao test 7 ngày kể từ ngày nhận được sản phẩm và sẽ được đổi máy mới cùng model hoặc giá trị tương đương sau khi được thẩm định lỗi kĩ thuật.️ Sản phẩm lỗi kĩ thuật được xác nhận bởi trung tâm bảo hành ủy quyền chính hãng (bằng văn bản); khách hàng có thể gửi lại shop để xác nhận lỗi hoặc tới trung tâm bảo hành ủy quyền để thẩm định lỗi.️ Shop hỗ trợ phí vận chuyển trong vòng 7 ngày (kể từ ngày mình nhận hàng), sau 7 ngày shop chỉ hỗ trợ khách bảo hành (phí vận chuyển khách trả)️ Sau 7 ngày bao test, sản phẩm vẫn nhận chính sách bảo hành theo quy định của nhà sản xuất (khách chịu phí vận chuyển tới shop bảo hành hộ hoặc tự đến trung tâm bảo hành).️ Sản phẩm đổi trả phải còn nguyên hộp trùng imei, phụ kiện kèm theo máy không trầy xước, cháy nổ, đứt dây (nếu trầy xước shop không đổi phụ kiện mới)ư️ Shop nhận đổi trả trong trường hợp hàng sai mẫu, size, màu do shop gửi. Bên shop chỉ giải quyết khiếu nại khi quý khách có video clip khi mở/nhận hàng.️ Trong một số trường hợp sản phẩm đã được kích hoạt bảo hành tham gia chương trình khuyến mãi có giá tốt nhất cho khách hàng. Vui lòng chat với shop để được hỗ trợ thêm thông tin.️ Khách hàng có nhu cầu xuất hóa đơn VAT, vui lòng liên hệ với gian hàng trực tiếp qua tin nhắn hoặc chat với Shop khi đơn hàng được giao thành công.Không nhận đổi trả khi sản phẩm bị hư hại do tác động ngoại lực từ người mua như móp, bể, trầy xước, nổ điện, rớt nước, rách tem bảo hành, không đầy đủ phụ kiện và hộp.Các sản phẩm bị khóa tài khoản như Gmail, account… Khách tự chịu phí mở khóa nếu không nhớ mật khẩu.Vì lượng hàng hoá nhiều shop không nhận đổi trả trong trường hợp khách không thích, không ưng màu, chất liệu; quý khách vui lòng đọc kĩ mô tả và xem hình ảnh cụ thể; nếu cần hãy chat với shop để được tư vấn.Giá sản phẩm trên Tiki đã bao gồm thuế theo luật hiện hành. Bên cạnh đó, tuỳ vào loại sản phẩm, hình thức và địa chỉ giao hàng mà có thể phát sinh thêm chi phí khác như phí vận chuyển, phụ phí hàng cồng kềnh, thuế nhập khẩu (đối với đơn hàng giao từ nước ngoài có giá trị trên 1 triệu đồng).....",Tiki,276074119.0,3379000.0,-28%,1.0,Trung Quốc,,,,0.0
https://tiki.vn/dien-thoai-samsung-galaxy-z-flip-6-12gb-256gb-hang-chinh-hang-p275695395.html?spid=275695407,Điện thoại Samsung Galaxy Z Flip6 (12GB/256GB) - Hàng chính hãng,SAMSUNG,,,,,,,,,,,,,,,,"LƯU Ý KHI MUA HÀNGCảm ơn quý khách đã quan tâm đến sản phẩm bên shop, quý khách vui lòng dành ít thời gian đọc kĩ các thông tin sau:️ Sản phẩm được bao test 7 ngày kể từ ngày nhận được sản phẩm và sẽ được đổi máy mới cùng model hoặc giá trị tương đương sau khi được thẩm định lỗi kĩ thuật.️ Sản phẩm lỗi kĩ thuật được xác nhận bởi trung tâm bảo hành ủy quyền chính hãng (bằng văn bản); khách hàng có thể gửi lại shop để xác nhận lỗi hoặc tới trung tâm bảo hành ủy quyền để thẩm định lỗi.️ Shop hỗ trợ phí vận chuyển trong vòng 7 ngày (kể từ ngày mình nhận hàng), sau 7 ngày shop chỉ hỗ trợ khách bảo hành (phí vận chuyển khách trả)️ Sau 7 ngày bao test, sản phẩm vẫn nhận chính sách bảo hành theo quy định của nhà sản xuất (khách chịu phí vận chuyển tới shop bảo hành hộ hoặc tự đến trung tâm bảo hành).️ Sản phẩm đổi trả phải còn nguyên hộp trùng imei, phụ kiện kèm theo máy không trầy xước, cháy nổ, đứt dây (nếu trầy xước shop không đổi phụ kiện mới)️ Shop nhận đổi trả trong trường hợp hàng sai mẫu, size, màu do shop gửi. Bên shop chỉ giải quyết khiếu nại khi quý khách có video clip khi mở/nhận hàng.️ Trong một số trường hợp sản phẩm đã được kích hoạt bảo hành tham gia chương trình khuyến mãi có giá tốt nhất cho khách hàng. Vui lòng chat với shop để được hỗ trợ thêm thông tin.️ Khách hàng có nhu cầu xuất hóa đơn VAT, vui lòng liên hệ với gian hàng trực tiếp qua tin nhắn hoặc chat với Shop khi đơn hàng được giao thành công.Không nhận đổi trả khi sản phẩm bị hư hại do tác động ngoại lực từ người mua như móp, bể, trầy xước, nổ điện, rớt nước, rách tem bảo hành, không đầy đủ phụ kiện và hộp.Các sản phẩm bị khóa tài khoản như Gmail, account… Khách tự chịu phí mở khóa nếu không nhớ mật khẩu.Vì lượng hàng hoá nhiều shop không nhận đổi trả trong trường hợp khách không thích, không ưng màu, chất liệu; quý khách vui lòng đọc kĩ mô tả và xem hình ảnh cụ thể; nếu cần hãy chat với shop để được tư vấn.Giá sản phẩm trên Tiki đã bao gồm thuế theo luật hiện hành. Bên cạnh đó, tuỳ vào loại sản phẩm, hình thức và địa chỉ giao hàng mà có thể phát sinh thêm chi phí khác như phí vận chuyển, phụ phí hàng cồng kềnh, thuế nhập khẩu (đối với đơn hàng giao từ nước ngoài có giá trị trên 1 triệu đồng).....",Tiki,275695407.0,20990000.0,-28%,,Hàn Quốc,,,,0.0
https://tiki.vn/dien-thoai-nokia-3210-4g-hang-chinh-hang-p275589968.html?spid=275589974,Điện thoại Nokia 3210 4G - Hàng chính hãng,NOKIA,,,,,,,,,,,,,,5.0,,"LƯU Ý KHI MUA HÀNGCảm ơn quý khách đã quan tâm đến sản phẩm bên shop, quý khách vui lòng dành ít thời gian đọc kĩ các thông tin sau:️ Sản phẩm được bao test 7 ngày kể từ ngày nhận được sản phẩm và sẽ được đổi máy mới cùng model hoặc giá trị tương đương sau khi được thẩm định lỗi kĩ thuật.️ Sản phẩm lỗi kĩ thuật được xác nhận bởi trung tâm bảo hành ủy quyền chính hãng (bằng văn bản); khách hàng có thể gửi lại shop để xác nhận lỗi hoặc tới trung tâm bảo hành ủy quyền để thẩm định lỗi.️ Shop hỗ trợ phí vận chuyển trong vòng 7 ngày (kể từ ngày mình nhận hàng), sau 7 ngày shop chỉ hỗ trợ khách bảo hành (phí vận chuyển khách trả)️ Sau 7 ngày bao test, sản phẩm vẫn nhận chính sách bảo hành theo quy định của nhà sản xuất (khách chịu phí vận chuyển tới shop bảo hành hộ hoặc tự đến trung tâm bảo hành).️ Sản phẩm đổi trả phải còn nguyên hộp trùng imei, phụ kiện kèm theo máy không trầy xước, cháy nổ, đứt dây (nếu trầy xước shop không đổi phụ kiện mới)️ Shop nhận đổi trả trong trường hợp hàng sai mẫu, size, màu do shop gửi. Bên shop chỉ giải quyết khiếu nại khi quý khách có video clip khi mở/nhận hàng.️ Trong một số trường hợp sản phẩm đã được kích hoạt bảo hành tham gia chương trình khuyến mãi có giá tốt nhất cho khách hàng. Vui lòng chat với shop để được hỗ trợ thêm thông tin.️ Khách hàng có nhu cầu xuất hóa đơn VAT, vui lòng liên hệ với gian hàng trực tiếp qua tin nhắn hoặc chat với Shop khi đơn hàng được giao thành công.Không nhận đổi trả khi sản phẩm bị hư hại do tác động ngoại lực từ người mua như móp, bể, trầy xước, nổ điện, rớt nước, rách tem bảo hành, không đầy đủ phụ kiện và hộp.Các sản phẩm bị khóa tài khoản như Gmail, account… Khách tự chịu phí mở khóa nếu không nhớ mật khẩu.Vì lượng hàng hoá nhiều shop không nhận đổi trả trong trường hợp khách không thích, không ưng màu, chất liệu; quý khách vui lòng đọc kĩ mô tả và xem hình ảnh cụ thể; nếu cần hãy chat với shop để được tư vấn.Giá sản phẩm trên Tiki đã bao gồm thuế theo luật hiện hành. Bên cạnh đó, tuỳ vào loại sản phẩm, hình thức và địa chỉ giao hàng mà có thể phát sinh thêm chi phí khác như phí vận chuyển, phụ phí hàng cồng kềnh, thuế nhập khẩu (đối với đơn hàng giao từ nước ngoài có giá trị trên 1 triệu đồng).....",Tiki,275589974.0,1599000.0,-5%,8.0,Phần Lan,,,12 Tháng,1.0
https://tiki.vn/moi-dien-thoai-vivo-y18s-6gb-128gb-hang-chinh-hang-bao-hanh-1-doi-1-trong-thang-dau-tien-p275108186.html?spid=275108218,Điện thoại vivo Y18s (6GB+128GB) - Hàng chính hãng - Bảo hành 1 đổi 1 trong tháng đầu tiên,VIVO,,,,,,,,,,,,,,,,"Thông số kỹ thuật:THÂN MÁYKích thước (cao x ngang x dày):163.63 × 75.58 × 8.39mm (Nâu Mocha)163.63 × 75.58 × 8.53mm (Xanh Hải Lưu)Trọng lượng: 185gChất liệu: PolymerPhương thức mở khóa: Vân tay cạnh bênTHÔNG SỐ CƠ BẢNMàu sắc: Xanh Hải Lưu, Nâu MochaKháng nước kháng bụi: IP54Phiên bản Android: Android 14Hệ điều hành: Funtouch OS 14NỀN TẢNGChip: Helio G85Số nhân CPU: 8 nhânTiến trình CPU: 12nmTốc độ CPU: 2×2.0GHz + 6×1.8GHzPINPin: 5000mAh (TYP)Sạc nhanh: 15WLoại pin: Li-ionCAMERACamera; Trước 8MP / Sau 50MP + 0.08MPMÀN HÌNH HIỂN THỊMàn hình: 6.56""Độ phân giải: 1612 × 720Tần số quét: 90HzChất liệu màn hình: LCDMàn hình cảm ứng: Cảm ứng điện dung đa điểmĐộ sáng cao (HBM): 840 nits#vivo #vivovn #vivovietnam #dienthoaivivo #dienthoai #dienthoaicamung #y18 #vivoY18 #y18SGiá sản phẩm trên Tiki đã bao gồm thuế theo luật hiện hành. Bên cạnh đó, tuỳ vào loại sản phẩm, hình thức và địa chỉ giao hàng mà có thể phát sinh thêm chi phí khác như phí vận chuyển, phụ phí hàng cồng kềnh, thuế nhập khẩu (đối với đơn hàng giao từ nước ngoài có giá trị trên 1 triệu đồng).....",Tiki,275108218.0,3390000.0,-19%,,Trung Quốc,,,12 Tháng,0.0
https://tiki.vn/dien-thoai-realme-v50-5g-6gb-128gb-cpu-dimensity-6100-man-120hz-rom-quoc-te-co-tieng-viet-hang-nhap-khau-p274507025.html?spid=277227916,"Điện thoại Realme V60S (6GB/128GB) 5G , Chíp Dimensity 6300, Rom tiếng việt - Hàng nhập khẩu",REALME,,,,5000.0,,,,,6.0,1080x2400,128.0,,,4.8,,"Màn hình 6.67 inch hiển thị chi tiếtHiệu năng đa nhiệm MediaTek Dimensity 6300Viên pin và hệ điều hành tối ưu thời lượng sử dụngCamera 32MP chụp hình chi tiếtThiết kế bắt mắt và bền bỉThông tin chi tiết✅Màn hình IPS LCD, 120Hz 6,67 inch
✅Hệ điều hành: Android 14, Realme UI 5.0
✅Chíp: MediaTek Dimensity 6300
✅ Camera sau :32 MP (góc rộng)
✅ Camera phụ: 8 MP, (rộng)
✅ RAM: 6GB
✅ Bộ nhớ 128GB
✅ Thẻ SIM 2 SIM, Nano SIM
✅Dung lượng pin:5000 mAh
✅ Sạc nhanh: 15W
✅Thiết kế:Khung nhựa vuông vức
✅Mặt lưng nhựa phẳng
✅Kháng nước, bụi IP64
✅Cảm biến vân tay cạnh bênDòng điện thoại realme V60 - V60s trang bị màn hình kích thước 6.67 inch với tần số quét 120Hz, mang đến trải nghiệm mượt mà và trơn tru. Độ phân giải của thiết bị chỉ đạt mức 720 x 1604 pixel nhưng máy vẫn đảm bảo khả năng hiển thị đủ chi tiết cho nhu cầu sử dụng mỗi ngày.Tần số quét màn hình 120HzMàn hình của cả hai có thể đạt độ sáng tối đa lên tới mức 625 nits, giúp người dùng thuận tiện khi sử dụng dưới điều kiện ánh sáng mạnh. Thêm vào đó, hãng còn chú trọng đến việc bảo vệ đôi mắt của người khi trang bị tính năng tự động giảm độ sáng màn hình xuống 1 nit, hữu ích khi sử dụng thiết bị vào ban đêm.realme V60 - V60s được trang bị con chip xử lý của MediaTek mang tên Dimensity 6300, đem đến khả năng xử lý mượt mà và mạnh mẽ cho những tác vụ hàng ngày. Bộ vi này có 8 nhân bao gồm 2 lõi Cortex-A76 tốc độ 2.4 GHz cùng 6 lõi Cortex-A55 tốc độ 2.0 GHz. Điều này đáp ứng những tác vụ đòi hỏi hiệu năng cao, tối ưu hóa những tác vụ thông thường và tăng cường khả năng tiết kiệm năng lượng.Mở rộng dung lượng bộ nhớ RAM ảo lên đến 8GBBên cạnh con chip xử lý mạnh mẽ này, cả hai điện thoại được trang bị những tùy chọn bộ RAM lớn như 6GB hoặc 8GB, bộ nhớ trong 128GB hoặc 256GB. Điện thoại này cũng hỗ trợ mở rộng RAM ảo lên đến 8GB, gia tăng khả năng xử lý và đảm bảo quá trình sử dụng mượt mà ngay cả khi chạy nhiều ứng dụng cùng một lúc.Dòng điện thoại realme này được trang bị viên pin có dung lượng 5000 mAh, đảm bảo thời lượng sử dụng cho cả một ngày dài. Ngoài ra, thiết bị còn hỗ trợ sạc với công suất 10W, giúp người dùng nhanh chóng nạp đầy lại năng lượng cho máy khi cần thiết.Viên pin sử dụng cả ngày không lo cạn năng lượngrealme V60 - V60s đều sử dụng giao diện người dùng realme UI 5.0 trên hệ điều hành Android 14 được cài đặt sẵn, mang đến trải nghiệm thú vị với nhiều tính năng tiện ích khác nhau. Viên pin lớn kết hợp với phần mềm được tối ưu hóa hiệu năng, giúp thời gian sử dụng được tối đa hóa nhằm đáp ứng nhu cầu sử dụng hàng ngày của người dùng.Dòng điện thoại realme V60 - V60s có một mô-đun camera sau với 4 lỗ khoét, nhưng thiết bị chỉ sở hữu một cảm biến chính có độ phân giải 32MP và đèn flash LED. Ống kính 32MP sẽ mang lại khả năng chụp ảnh chi tiết và sắc nét, đáp ứng tốt nhu cầu chụp ảnh thường xuyên của người dùng.Camera chính độ phân giải 32MPPhía trước điện thoại là một camera selfie độ phân giải 8MP ở dạng đục lỗ, giúp người dùng thực hiện các cuộc gọi video chất lượng cao và đem lại nhiều bức ảnh tự sướng ấn tượng.realme V60 - V60s mang đến một phong cách thiết kế vuông vức hợp thời. Với khung viền phẳng không chỉ đem đến cảm giác bền bỉ, mà còn gọn nhẹ khi thiết bị được làm từ chất liệu nhựa và có độ mỏng 7,9 mm.Độ mỏng tương đối giúp cầm nắm dễ chịuMặt lưng của cả hai đều được thiết kế bắt mắt với logo “realme” được khắc bên dưới, tạo ra điểm nhấn tinh tế và mang lại cảm giác cao cấp. Trọng lượng máy nặng 192 gam, thiết bị không quá nặng và gây mỏi tay khi sử dụng trong thời gian dài.Tùy chọn màu vàng và xanh đẹp mắt của realme V60 và realme V60sHãng cũng mang đến 2 tùy chọn màu sắc cho dòng sản phẩm này là màu Vàng và Xanh ngọc lam. Cả hai điện thoại đều được trang bị khả năng chống nước và kháng bụi đạt chuẩn IP64.Giá sản phẩm trên Tiki đã bao gồm thuế theo luật hiện hành. Bên cạnh đó, tuỳ vào loại sản phẩm, hình thức và địa chỉ giao hàng mà có thể phát sinh thêm chi phí khác như phí vận chuyển, phụ phí hàng cồng kềnh, thuế nhập khẩu (đối với đơn hàng giao từ nước ngoài có giá trị trên 1 triệu đồng).....",Tiki,277227916.0,2999000.0,-25%,22.0,Trung Quốc,,6.72,12 Tháng,8.0
https://tiki.vn/dien-thoai-samsung-galaxy-a55-8gb-128gb-hang-chinh-hang-p274456687.html?spid=274456689,Điện thoại Samsung Galaxy A55 5G (8GB/128GB) - Hàng chính hãng,SAMSUNG,,,,,,,,,,,,,,5.0,,"LƯU Ý KHI MUA HÀNGCảm ơn quý khách đã quan tâm đến sản phẩm bên shop, quý khách vui lòng dành ít thời gian đọc kĩ các thông tin sau:️ Sản phẩm được bao test 7 ngày kể từ ngày nhận được sản phẩm và sẽ được đổi máy mới cùng model hoặc giá trị tương đương sau khi được thẩm định lỗi kĩ thuật.️ Sản phẩm lỗi kĩ thuật được xác nhận bởi trung tâm bảo hành ủy quyền chính hãng (bằng văn bản); khách hàng có thể gửi lại shop để xác nhận lỗi hoặc tới trung tâm bảo hành ủy quyền để thẩm định lỗi.️ Shop hỗ trợ phí vận chuyển trong vòng 7 ngày (kể từ ngày mình nhận hàng), sau 7 ngày shop chỉ hỗ trợ khách bảo hành (phí vận chuyển khách trả)️ Sau 7 ngày bao test, sản phẩm vẫn nhận chính sách bảo hành theo qui định của nhà sản xuất (khách chịu phí vận chuyển tới shop bảo hành hộ hoặc tự đến trung tâm bảo hành).️ Sản phẩm đổi trả phải còn nguyên hộp trùng imei, phụ kiện kèm theo máy không trầy xước, cháy nổ, đứt dây (nếu trầy xước shop không đổi phụ kiện mới)️ Shop nhận đổi trả trong trường hợp hàng sai mẫu, size, màu do shop gửi. Bên shop chỉ giải quyết khiếu nại khi quý khách có video clip khi mở/nhận hàng.️ Trong một số trường hợp sản phẩm đã được kích hoạt bảo hành tham gia chương trình khuyến mãi có giá tốt nhất cho khách hàng. Vui lòng chat với shop để được hỗ trợ thêm thông tin.️ Khách hàng có nhu cầu xuất hóa đơn VAT, vui lòng liên hệ với gian hàng trực tiếp qua phần chat khi đơn hàng được giao thành công.Không nhận đổi trả khi sản phẩm bị hư hại do tác động ngoại lực từ người mua như móp, bể, trầy xước, nổ điện, rớt nước, rách tem bảo hành, không đầy đủ phụ kiện và hộp.Các sản phẩm bị khóa tài khoản như Gmail,account… Khách tự chịu phí mở khóa nếu không nhớ mật khẩu.Vì lượng hàng hoá nhiều shop không nhận đổi trả trong trường hợp khách không thích, không ưng màu, chất liệu; quý khách vui lòng đọc kĩ mô tả và xem hình ảnh cụ thể; nếu cần hãy chat với shop để được tư vấn.Giá sản phẩm trên Tiki đã bao gồm thuế theo luật hiện hành. Bên cạnh đó, tuỳ vào loại sản phẩm, hình thức và địa chỉ giao hàng mà có thể phát sinh thêm chi phí khác như phí vận chuyển, phụ phí hàng cồng kềnh, thuế nhập khẩu (đối với đơn hàng giao từ nước ngoài có giá trị trên 1 triệu đồng).....",Tiki,274456689.0,7999000.0,-20%,3.0,Trung Quốc,,,12 Tháng,1.0
https://tiki.vn/dien-thoai-samsung-galaxy-a35-5g-8gb-128gb-hang-chinh-hang-p274456447.html?spid=274456451,Điện thoại Samsung Galaxy A35 5G (8GB/128GB) - Hàng chính hãng,SAMSUNG,,,,,,,,,,,,,,,,"LƯU Ý KHI MUA HÀNGCảm ơn quý khách đã quan tâm đến sản phẩm bên shop, quý khách vui lòng dành ít thời gian đọc kĩ các thông tin sau:️ Sản phẩm được bao test 7 ngày kể từ ngày nhận được sản phẩm và sẽ được đổi máy mới cùng model hoặc giá trị tương đương sau khi được thẩm định lỗi kĩ thuật.️ Sản phẩm lỗi kĩ thuật được xác nhận bởi trung tâm bảo hành ủy quyền chính hãng (bằng văn bản); khách hàng có thể gửi lại shop để xác nhận lỗi hoặc tới trung tâm bảo hành ủy quyền để thẩm định lỗi.️ Shop hỗ trợ phí vận chuyển trong vòng 7 ngày (kể từ ngày mình nhận hàng), sau 7 ngày shop chỉ hỗ trợ khách bảo hành (phí vận chuyển khách trả)️ Sau 7 ngày bao test, sản phẩm vẫn nhận chính sách bảo hành theo qui định của nhà sản xuất (khách chịu phí vận chuyển tới shop bảo hành hộ hoặc tự đến trung tâm bảo hành).️ Sản phẩm đổi trả phải còn nguyên hộp trùng imei, phụ kiện kèm theo máy không trầy xước, cháy nổ, đứt dây (nếu trầy xước shop không đổi phụ kiện mới)️ Shop nhận đổi trả trong trường hợp hàng sai mẫu, size, màu do shop gửi. Bên shop chỉ giải quyết khiếu nại khi quý khách có video clip khi mở/nhận hàng.️ Trong một số trường hợp sản phẩm đã được kích hoạt bảo hành tham gia chương trình khuyến mãi có giá tốt nhất cho khách hàng. Vui lòng chat với shop để được hỗ trợ thêm thông tin.️ Khách hàng có nhu cầu xuất hóa đơn VAT, vui lòng liên hệ với gian hàng trực tiếp qua phần chat khi đơn hàng được giao thành công.Không nhận đổi trả khi sản phẩm bị hư hại do tác động ngoại lực từ người mua như móp, bể, trầy xước, nổ điện, rớt nước, rách tem bảo hành, không đầy đủ phụ kiện và hộp.Các sản phẩm bị khóa tài khoản như Gmail,account… Khách tự chịu phí mở khóa nếu không nhớ mật khẩu.Vì lượng hàng hoá nhiều shop không nhận đổi trả trong trường hợp khách không thích, không ưng màu, chất liệu; quý khách vui lòng đọc kĩ mô tả và xem hình ảnh cụ thể; nếu cần hãy chat với shop để được tư vấn.Giá sản phẩm trên Tiki đã bao gồm thuế theo luật hiện hành. Bên cạnh đó, tuỳ vào loại sản phẩm, hình thức và địa chỉ giao hàng mà có thể phát sinh thêm chi phí khác như phí vận chuyển, phụ phí hàng cồng kềnh, thuế nhập khẩu (đối với đơn hàng giao từ nước ngoài có giá trị trên 1 triệu đồng).....",Tiki,274456451.0,6899000.0,-17%,,Trung Quốc,,,12 Tháng,0.0
https://tiki.vn/dien-thoai-oppo-a38-hang-chinh-hang-p274392442.html?spid=274392450,Điện thoại Oppo A38 - Hàng chính hãng,OPPO,,,,,,,,,,,,,,,,"LƯU Ý KHI MUA HÀNGCảm ơn quý khách đã quan tâm đến sản phẩm bên shop, quý khách vui lòng dành ít thời gian đọc kĩ các thông tin sau:️ Sản phẩm được bao test 7 ngày kể từ ngày nhận được sản phẩm và sẽ được đổi máy mới cùng model hoặc giá trị tương đương sau khi được thẩm định lỗi kĩ thuật.️ Sản phẩm lỗi kĩ thuật được xác nhận bởi trung tâm bảo hành ủy quyền chính hãng (bằng văn bản); khách hàng có thể gửi lại shop để xác nhận lỗi hoặc tới trung tâm bảo hành ủy quyền để thẩm định lỗi.️ Shop hỗ trợ phí vận chuyển trong vòng 7 ngày (kể từ ngày mình nhận hàng), sau 7 ngày shop chỉ hỗ trợ khách bảo hành (phí vận chuyển khách trả)️ Sau 7 ngày bao test, sản phẩm vẫn nhận chính sách bảo hành theo qui định của nhà sản xuất (khách chịu phí vận chuyển tới shop bảo hành hộ hoặc tự đến trung tâm bảo hành).️ Sản phẩm đổi trả phải còn nguyên hộp trùng imei, phụ kiện kèm theo máy không trầy xước, cháy nổ, đứt dây (nếu trầy xước shop không đổi phụ kiện mới)️ Shop nhận đổi trả trong trường hợp hàng sai mẫu, size, màu do shop gửi. Bên shop chỉ giải quyết khiếu nại khi quý khách có video clip khi mở/nhận hàng.️ Trong một số trường hợp sản phẩm đã được kích hoạt bảo hành tham gia chương trình khuyến mãi có giá tốt nhất cho khách hàng. Vui lòng chat với shop để được hỗ trợ thêm thông tin.️ Khách hàng có nhu cầu xuất hóa đơn VAT, vui lòng liên hệ với gian hàng trực tiếp qua phần chat khi đơn hàng được giao thành công.Không nhận đổi trả khi sản phẩm bị hư hại do tác động ngoại lực từ người mua như móp, bể, trầy xước, nổ điện, rớt nước, rách tem bảo hành, không đầy đủ phụ kiện và hộp.Các sản phẩm bị khóa tài khoản như Gmail, account… Khách tự chịu phí mở khóa nếu không nhớ mật khẩu.Vì lượng hàng hoá nhiều shop không nhận đổi trả trong trường hợp khách không thích, không ưng màu, chất liệu; quý khách vui lòng đọc kĩ mô tả và xem hình ảnh cụ thể; nếu cần hãy chat với shop để được tư vấn.Giá sản phẩm trên Tiki đã bao gồm thuế theo luật hiện hành. Bên cạnh đó, tuỳ vào loại sản phẩm, hình thức và địa chỉ giao hàng mà có thể phát sinh thêm chi phí khác như phí vận chuyển, phụ phí hàng cồng kềnh, thuế nhập khẩu (đối với đơn hàng giao từ nước ngoài có giá trị trên 1 triệu đồng).....",Tiki,274392450.0,3699000.0,-26%,,Trung Quốc,,,12 Tháng,0.0
https://tiki.vn/dien-thoai-xiaomi-redmi-13c-4-128gb-6-74-90hz-media-tek-helio-g85-5000mah-hang-chinh-hang-p273412211.html?spid=273412217,"Điện thoại Xiaomi Redmi 13C (4+128GB) | 6.74"" 90Hz| Media Tek Helio G85| 5000mAh - Hàng chính hãng",XIAOMI,,,,5000.0,,,,,4.0,,128.0,,,,,"Thiết kế đẹp mắt, trendy trong tầm giáTrải nghiệm xem hàng đầu với màn hình 90HzLưu lại mọi thước phim cùng cụm camera 50MPChế độ filmCamera cực chấtTrải nghiệm hiệu năng mượt mà, ổn địnhSử dụng đến 1 ngày, sạc nhanh chuẩn PDVân tay cạnh bên, có cổng kết nối tai nghe tiện lợiRedmi 13C sẽ là lựa chọn cực tốt cho người dùng phổ thông cho thời điểm cuối năm 2023. Máy được trang bị cấu hình mạnh, hệ thống camera chất lượng cùng thời lượng pin không thua kém sản phẩm nào. Điện thoại Xiaomi này hứa hẹn sẽ tạo nên cơn sốt lớn như những sản phẩm của thương hiệu này đã từng làm.Redmi 13C sẽ sử dụng thiết kế phẳng tinh tế từ mặt trước đến mặt sau. Trong khi đó, mặt lưng sẽ sử dụng chất liệu nhựa với lớp phủ nhám cực độc đáo, do đó máy sẽ không bị bám vân tay hay mồ hôi. Điện thoại cũng sẽ mang đến cảm giác cầm nắm dễ chịu khi sở hữu độ mỏng chỉ 8,09mm.Không những thế, cụm camera sau với phong cách thiết kế vuông vức, gọn gàng sẽ tôn lên vẻ nổi bật của sản phẩm. Kết hợp với đó, 3 phiên bản màu trên Redmi 13C bao gồm màu Xanh hải quân, Đen bán dạ và xanh cỏ ba lá cực trendy sẽ giúp người dùng tự tin thể hiện phong cách riêng của mình với những lựa chọn đầy phong cách.Dù là một thiết bị giá rẻ, Redmi 13C cũng đảm bảo cho người dùng một không gian hiển thị và trải nghiệm nội dung tràn đầy sức sống. Kích thước màn hình 6.74 inch sẽ giúp bạn dễ dàng thao tác với nội dung hiển thị cũng như tấm nền LCD được bảo vệ bởi kính cường lực Corning Gorilla sẽ giúp máy bền bỉ và chắc chắn hơn.Với tần số quét màn hình đến 90Hz, Redm 13C sẽ giúp người dùng tương tác với thiết bị mượt mà và liền mạch từ những cử chỉ vuốt, chạm, cuộn trên màn hình. Hơn nữa, chứng nhận mức ánh sáng xanh thấp và chứng nhận không nhấp nháy của TÜV sẽ giúp người dùng giảm mỏi mắt khi sử dụng liên tục hay ở môi trường ánh sáng yếu.Với phần cứng mạnh mẽ kết hợp với các thuật toán xử lý hình ảnh được cải tiến, Redmi 13C sẽ ghi lại mọi khoảnh khắc của bạn một cách rõ nét dù ngày hay đêm. Bên cạnh đó, với tốc độ chụp chân dung tăng 65% và tốc độ chụp cảnh đêm tăng gần 40%, bạn sẽ không cần phải lo lắng cho những bức ảnh chân dung của mình.Với các vòng ánh sáng dịu ở camera trước, Redmi 13C cũng sẽ cung cấp khả năng chụp selfie siêu ấn tượng, các bức ảnh sẽ được cân bằng về ánh sáng và trông tự nhiên hơn. Nhờ vậy, người dùng có thể tự tin khoe những bức ảnh selfie chất lượng dù được chụp ở hoàn cảnh nào đi nữa.Chế độ filmCamera trên Redmi 13C sẽ làm cho các bức ảnh trông độc đáo và có chất riêng của nó. Thực chất cơ chế hoạt động của chế độ này là sử dụng các bộ lọc màu để mô phỏng các phong cách trên máy ảnh phim cổ điển, vintage.Bộ lọc Phim vàng sẽ phù hợp với ảnh chân dung ở điều kiện tốiBộ lọc Phim điện ảnh ban ngày sẽ phù hợp với những ảnh chân dung đầy nghệ thuậtBộ xử lý Helio G85 8 nhân sẽ cung cấp hiệu năng ổn định cho nhu cầu chơi game hay các tác vụ thông thường của người dùng trên Redmi 13C. Con chip này được MediaTek tối ưu hiệu suất chơi game, do đó mạnh sẽ vận hành tốt các tựa game hot hiện nay cũng như có sự cân bằng tốt về sức mạnh và hiệu quả tiết kiệm điện năng.2 phiên bản RAM bao gồm 4GB và 6GB trên Redmi 13C sẽ cung cấp khả năng đa nhiệm trơn tru. Cùng với việc tích hợp công nghệ RAM Mở rộng có thể đạt đến 12GB (mở rộng tối đa 6GB), điện thoại sẽ có khả năng chuyển đổi qua lại các ứng dụng mượt mà, độ trễ thấp. Về bộ nhớ trong, Redmi 13C cũng sẽ là kho lưu trữ rộng lớn nhờ hỗ trợ thẻ nhớ ngoài.Dung lượng pin đến 5000mAh sẽ mang tới thời lượng sử dụng 1 ngày cho mọi tác vụ. Dù bạn chơi game, xem phim hay đàm thoại, điện thoại cũng luôn cung cấp năng lượng tràn đầy. Máy sẽ hoạt động ở chế độ chờ đến 25 ngày, sử dụng để đàm thoại đến 31 giờ, xem phim đến 23 giờ hoặc nghe nhạc đến 114 giờ cho một lần sạc đầy.Hơn hết, Redmi 13C cũng sẽ hỗ trợ sạc nhanh 18W chuẩn Power Delivery (PD) an toàn và nhanh chóng. Nhờ vậy, người dùng có thể sử dụng dễ dàng với nhiều cáp sạc khác nếu chúng cũng tương thích với chuẩn PD.Redmi 13C có hệ thống bảo mật tốt với nhận diện khuôn mặt và mở khóa vân tay cạnh bên, cả hai sẽ xử lý rất nhanh để mở khóa. Điện thoại vẫn sẽ sử dụng giao diện MIUI 14 và có hỗ trợ giắc cắm tai nghe 3,5mm tiện lợi để người dùng sử dụng.Giá sản phẩm trên Tiki đã bao gồm thuế theo luật hiện hành. Bên cạnh đó, tuỳ vào loại sản phẩm, hình thức và địa chỉ giao hàng mà có thể phát sinh thêm chi phí khác như phí vận chuyển, phụ phí hàng cồng kềnh, thuế nhập khẩu (đối với đơn hàng giao từ nước ngoài có giá trị trên 1 triệu đồng).....",Tiki,273412217.0,2799000.0,-15%,9.0,Việt Nam,,,18 Tháng,0.0
https://tiki.vn/dien-thoai-xiaomi-redmi-13c-4gb-128gb-hang-chinh-hang-bao-hanh-18-thang-p273373420.html?spid=273373422,Điện thoại Xiaomi Redmi 13C (4GB/128GB) - Hàng chính hãng - Bảo hành 18 tháng,XIAOMI,,,,5000.0,,,,,4.0,,128.0,,,4.0,,"Thiết kế đẹp mắt, trendy trong tầm giáTrải nghiệm xem hàng đầu với màn hình 90HzLưu lại mọi thước phim cùng cụm camera 50MPChế độ filmCamera cực chấtTrải nghiệm hiệu năng mượt mà, ổn địnhSử dụng đến 1 ngày, sạc nhanh chuẩn PDVân tay cạnh bên, có cổng kết nối tai nghe tiện lợiRedmi 13C sẽ là lựa chọn cực tốt cho người dùng phổ thông cho thời điểm cuối năm 2023. Máy được trang bị cấu hình mạnh, hệ thống camera chất lượng cùng thời lượng pin không thua kém sản phẩm nào. Điện thoại Xiaomi này hứa hẹn sẽ tạo nên cơn sốt lớn như những sản phẩm của thương hiệu này đã từng làm.Redmi 13C sẽ sử dụng thiết kế phẳng tinh tế từ mặt trước đến mặt sau. Trong khi đó, mặt lưng sẽ sử dụng chất liệu nhựa với lớp phủ nhám cực độc đáo, do đó máy sẽ không bị bám vân tay hay mồ hôi. Điện thoại cũng sẽ mang đến cảm giác cầm nắm dễ chịu khi sở hữu độ mỏng chỉ 8,09mm.Không những thế, cụm camera sau với phong cách thiết kế vuông vức, gọn gàng sẽ tôn lên vẻ nổi bật của sản phẩm. Kết hợp với đó, 3 phiên bản màu trên Redmi 13C bao gồm màu Xanh hải quân, Đen bán dạ và xanh cỏ ba lá cực trendy sẽ giúp người dùng tự tin thể hiện phong cách riêng của mình với những lựa chọn đầy phong cách.Dù là một thiết bị giá rẻ, Redmi 13C cũng đảm bảo cho người dùng một không gian hiển thị và trải nghiệm nội dung tràn đầy sức sống. Kích thước màn hình 6.74 inch sẽ giúp bạn dễ dàng thao tác với nội dung hiển thị cũng như tấm nền LCD được bảo vệ bởi kính cường lực Corning Gorilla sẽ giúp máy bền bỉ và chắc chắn hơn.Với tần số quét màn hình đến 90Hz, Redm 13C sẽ giúp người dùng tương tác với thiết bị mượt mà và liền mạch từ những cử chỉ vuốt, chạm, cuộn trên màn hình. Hơn nữa, chứng nhận mức ánh sáng xanh thấp và chứng nhận không nhấp nháy của TÜV sẽ giúp người dùng giảm mỏi mắt khi sử dụng liên tục hay ở môi trường ánh sáng yếu.Với phần cứng mạnh mẽ kết hợp với các thuật toán xử lý hình ảnh được cải tiến, Redmi 13C sẽ ghi lại mọi khoảnh khắc của bạn một cách rõ nét dù ngày hay đêm. Bên cạnh đó, với tốc độ chụp chân dung tăng 65% và tốc độ chụp cảnh đêm tăng gần 40%, bạn sẽ không cần phải lo lắng cho những bức ảnh chân dung của mình.Với các vòng ánh sáng dịu ở camera trước, Redmi 13C cũng sẽ cung cấp khả năng chụp selfie siêu ấn tượng, các bức ảnh sẽ được cân bằng về ánh sáng và trông tự nhiên hơn. Nhờ vậy, người dùng có thể tự tin khoe những bức ảnh selfie chất lượng dù được chụp ở hoàn cảnh nào đi nữa.Chế độ filmCamera trên Redmi 13C sẽ làm cho các bức ảnh trông độc đáo và có chất riêng của nó. Thực chất cơ chế hoạt động của chế độ này là sử dụng các bộ lọc màu để mô phỏng các phong cách trên máy ảnh phim cổ điển, vintage.Bộ lọc Phim vàng sẽ phù hợp với ảnh chân dung ở điều kiện tốiBộ lọc Phim điện ảnh ban ngày sẽ phù hợp với những ảnh chân dung đầy nghệ thuậtBộ xử lý Helio G85 8 nhân sẽ cung cấp hiệu năng ổn định cho nhu cầu chơi game hay các tác vụ thông thường của người dùng trên Redmi 13C. Con chip này được MediaTek tối ưu hiệu suất chơi game, do đó mạnh sẽ vận hành tốt các tựa game hot hiện nay cũng như có sự cân bằng tốt về sức mạnh và hiệu quả tiết kiệm điện năng.2 phiên bản RAM bao gồm 4GB và 6GB trên Redmi 13C sẽ cung cấp khả năng đa nhiệm trơn tru. Cùng với việc tích hợp công nghệ RAM Mở rộng có thể đạt đến 12GB (mở rộng tối đa 6GB), điện thoại sẽ có khả năng chuyển đổi qua lại các ứng dụng mượt mà, độ trễ thấp. Về bộ nhớ trong, Redmi 13C cũng sẽ là kho lưu trữ rộng lớn nhờ hỗ trợ thẻ nhớ ngoài.Dung lượng pin đến 5000mAh sẽ mang tới thời lượng sử dụng 1 ngày cho mọi tác vụ. Dù bạn chơi game, xem phim hay đàm thoại, điện thoại cũng luôn cung cấp năng lượng tràn đầy. Máy sẽ hoạt động ở chế độ chờ đến 25 ngày, sử dụng để đàm thoại đến 31 giờ, xem phim đến 23 giờ hoặc nghe nhạc đến 114 giờ cho một lần sạc đầy.Hơn hết, Redmi 13C cũng sẽ hỗ trợ sạc nhanh 18W chuẩn Power Delivery (PD) an toàn và nhanh chóng. Nhờ vậy, người dùng có thể sử dụng dễ dàng với nhiều cáp sạc khác nếu chúng cũng tương thích với chuẩn PD.Redmi 13C có hệ thống bảo mật tốt với nhận diện khuôn mặt và mở khóa vân tay cạnh bên, cả hai sẽ xử lý rất nhanh để mở khóa. Điện thoại vẫn sẽ sử dụng giao diện MIUI 14 và có hỗ trợ giắc cắm tai nghe 3,5mm tiện lợi để người dùng sử dụng.Giá sản phẩm trên Tiki đã bao gồm thuế theo luật hiện hành. Bên cạnh đó, tuỳ vào loại sản phẩm, hình thức và địa chỉ giao hàng mà có thể phát sinh thêm chi phí khác như phí vận chuyển, phụ phí hàng cồng kềnh, thuế nhập khẩu (đối với đơn hàng giao từ nước ngoài có giá trị trên 1 triệu đồng).....",Tiki,273373422.0,2799000.0,-9%,7.0,Việt Nam,Type C,6.74,18 Tháng,2.0
https://tiki.vn/dien-thoai-samsung-galaxy-a05s-4gb-128gb-da-kich-hoat-bao-hanh-dien-tu-hang-chinh-hang-p273258825.html?spid=273550760,Điện thoại Samsung Galaxy A05s (4GB/128GB) - Đã kích hoạt bảo hành điện tử - Hàng chính hãng,SAMSUNG,,,,5000.0,13 MP,"Chính 50 MP & Phụ 2 MP, 2 MP",Adreno 610,,4.0,1080x2400,128.0,,,,,"Giá sản phẩm trên Tiki đã bao gồm thuế theo luật hiện hành. Bên cạnh đó, tuỳ vào loại sản phẩm, hình thức và địa chỉ giao hàng mà có thể phát sinh thêm chi phí khác như phí vận chuyển, phụ phí hàng cồng kềnh, thuế nhập khẩu (đối với đơn hàng giao từ nước ngoài có giá trị trên 1 triệu đồng).....",Tiki,273550760.0,3625000.0,,1.0,Trung Quốc,Type-C,,1 Năm,0.0
https://tiki.vn/dien-thoai-zte-libero-5g-iii-4-64gb-dimensity-700-man-oled-khang-nuoc-ip57-hang-nhap-khau-nhat-p272850971.html?spid=274142097,"Điện thoại Libero 5G III - 4/64GB Dimensity 700 ,Màn OLED ,Kháng nước IP57 - Hàng nhập khẩu nhật",TECNO,,,,4120.0,,,,,4.0,,64.0,,,5.0,,"ZTE Libero 5G III là sản phẩm thị trường Nhật Bản. ZTE Libero 5G III có thiết kế khung vuông. Chiếc máy dày 9.1mm và nặng 207 gram. Điện thoại có khả năng kháng bụi kháng nước theo tiêu chuẩn IP57.ZTE Libero 5G III là sản phẩm dành riêng cho thị trường Nhật Bản, sở hữu thiết kế vuông vức người dùng dễ dàng cầm nắm chắc chắn. Hơn nữa, chiếc điện thoại này còn có khả năng kháng bụi kháng nước chuẩn IP57.ZTE Libero sở hữu màn hình OLED có kích thước 6.67 inch với độ phân giải Full HD màn hình có thiết kế đục lỗ đi kèm cảm biến vân tay đây là sự cải tiến mới mẻ trên chiếc điện thoại này.ZTE Libero 5G III ở hữu thông số camera:ZTE Libero 5G III được trang bị con chip Dimensity 700 đi kèm với RAM 4GB vơi với bộ nhớ 64GB điều này khiến thiết bị đem đến khả năng phục vụ tác vụ hằng ngày của người dùng khá tốt và không gian lưu trữ dung lượng thoải mái.Về kết nối, ZTE Libero 5G III hỗ trợ 5G, Wi-Fi băng tần kép, Bluetooth 5.1, GNSS, NFC và USB Type-C. Viên pin có dung lượng 4120mAh.Tổng kếtGiá sản phẩm trên Tiki đã bao gồm thuế theo luật hiện hành. Bên cạnh đó, tuỳ vào loại sản phẩm, hình thức và địa chỉ giao hàng mà có thể phát sinh thêm chi phí khác như phí vận chuyển, phụ phí hàng cồng kềnh, thuế nhập khẩu (đối với đơn hàng giao từ nước ngoài có giá trị trên 1 triệu đồng).....",Tiki,274142097.0,2990000.0,,11.0,Trung Quốc,,6.7,12 Tháng,4.0
https://tiki.vn/dien-thoai-samsung-galaxy-a05s-4gb-128gb-hang-chinh-hang-da-kich-hoat-bao-hanh-dien-tu-p272394241.html?spid=273550715,Điện thoại Samsung Galaxy A05s (4Gb/128Gb) - Hàng chính hãng - Đã kích hoạt bảo hành điện tử,SAMSUNG,,,,5000.0,,,Adreno 610,,4.0,1080x2400,128.0,,,,,"Bộ xử lý Snapdragon 680 đầu tiên trong phân khúcMàn hình 6.7 inch lớn nhất dòng Galaxy AMàu sắc tươi trẻ, “cân” mọi phong cách Gen ZBộ 3 camera 50MP chất lượng, ảnh sắc nét vượt trộiTrải nghiệm camera selfie nâng cấpPin “vượt đỉnh”, hỗ trợ công nghệ sạc nhanh 25WSamsung Galaxy A05s là chiếc smartphone giá rẻ hiệu năng cao, sở hữu con chip Snapdragon 680 đầu tiên phân khúc, giúp người dùng tận hưởng trải nghiệm mượt mà, ổn định. Chưa hết, điện thoại còn ghi điểm bởi viên pin 5.000mAh, 3 camera 50MP chất lượng và màn hình lớn nhất từ trước đến nay dòng Galaxy A.Sự cải tiến sáng giá trên chiếc Galaxy A05s mới nhà Samsung đó là hiệu năng. Máy sở hữu con chip Snapdragon 680 thường được trang bị trên các mẫu tầm trung. Sự ưu ái này của Samsung, giúp người dùng nâng tầm trải nghiệm hiệu năng tốt trong phân khúc.Cụ thể hơn về Snapdragon 680 thì đây là chipset sản xuất trên tiến trình 6nm, tám nhân Kryo, có 4 nhân Cortex-A73 tốc độ đạt 2.4GHz và 4 nhân Cortex-A53 tốc độ 1.8GHz, mang tới khả năng xử lý mượt mà, ổn định, đáp ứng nhiều nhu cầu sử dụng khác nhau từ học tập đến giải trí, xem phim, lướt mạng xã hội hay các tựa game phổ biến.Bên cạnh hiệu năng, cấu hình  còn nổi bật bởi dung lượng bộ nhớ 128GB, cho phép bạn lưu trữ thoải mái mọi ảnh, video và game yêu thích.Sở hữu màn hình lớn nhất , siêu phẩm mới nhà Samsung dễ dàng chinh phục người dùng khi lần đầu sử dụng. Mở ra mắt trước mắt bạn là màn hình 6.7 inch mãn nhãn, độ phân giải FHD+ sắc nét, từng chi tiết được hiển thị rõ ràng và sống động.Màn hình Samsung A05s sẽ là người bạn đồng hành lý tưởng cho mọi tác vụ từ xem tin tức, xử lý công việc, tìm kiếm thông tin học tập, giải trí, lướt mạng xã hội, hay gaming. Chưa hết, đây còn là thiết kế Infinity-U tối ưu không gian tốt cho khả năng hiển thị nhiều nhất có thể.Samsung Galaxy A05s xuất hiện với diện mạo trẻ trung, hiện đại nhiều màu sắc cá tính khác nhau, đảm bảo “cân” mọi phong cách Gen Z. Ba màu trên Samsung A05s là xanh, bạc và đen. Đặc biệt màu xanh rất nổi bật, hứa hẹn là màu được nhiều Gen Z ưa chuộng trong thời gian tới.Thiết kế Samsung Galaxy A05s còn ấn tượng bởi mức độ hoàn thiện tốt, cầm nắm chắc tay, vừa vặn. Phần mặt lưng được phủ nhám, tôn vinh nét đẹp hiện đại lại có khả năng hạn chế bám vân tay và mồ hôi tối ưu, đảm bảo tính thẩm mỹ theo thời gian.Nếu bạn đang tìm kiếm cho mình chiếc smartphone giá rẻ có hệ thống camera chất lượng thì Galaxy A05s là lựa chọn tuyệt hảo. Hãy thử tưởng tượng, mọi khung hình, chi tiết hay tạo dáng của bạn đều được ghi lại một cách rõ ràng, màu sắc tái tạo tốt thì còn gì tuyệt vời bằng.Samsung Galaxy A05s được hoàn thiện bởi hệ thống camera ấn tượng so với phân khúc. Máy sở hữu camera chính 50MP, cho phép tấm ảnh có chi tiết sắc nét trong nhiều điều kiện ánh sáng.Camera thứ hai là camera xóa phông 2MP có khả năng tách chủ đề và hậu cảnh chuyên nghiệp, giúp bạn thật nổi bật ở khung hình nhiều chi tiết hay chỗ đông người. Camera thứ ba là chụp cận cảnh 2MP để bạn khám phá thế giới vi mô đầy nghệ thuật.So với bản cũ Galaxy A04s, Galaxy A05s năm nay được cải tiến camera selfie cao hơn 1.6x khi độ phân giải lên tới 13MP. Bản tiền nhiệm trước đây từng sở hữu camera chỉ 5MP. Sự nâng cấp này giúp người dùng yêu thích selfie có những trải nghiệm tốt hơn.Sự kết hợp với AI thông minh nhà , tấm ảnh selfie còn rạng ngời. Chính vì vậy, bạn không chỉ có tấm ảnh “tự sướng” chất lượng mà mỗi khoảnh khắc ghi lại đều ưng ý với nét đẹp tự nhiên. Chắc hẳn, bạn và hội bạn thân sẽ không ngừng “suýt xoa” khi chụp ảnh selfie trên Samsung A05s.Bạn sẽ không lo lắng về vấn đề cạn pin giữa ngày khi sử dụng Samsung Galaxy A05s. Điện thoại có pin 5.000mAh “vượt đỉnh” mọi tác vụ, đáp ứng tốt nhu cầu dùng cả ngày dài hay thậm chí đến hai ngày. Bạn chỉ cần sạc đêm trước và mang Galaxy A05s theo bên mình đi học vào sáng hôm sau, mọi kết nối, trải nghiệm đều sẽ liền mạch.cũng hỗ trợ sạc nhanh 25W, giúp người dùng lấy lại dung lượng pin nhanh hơn, tiết kiệm thời gian hiệu quả trong mỗi lần sạc. Theo đó, bạn chỉ cần 30 phút là điện thoại đã sạc hơn 50% pin.Lưu ý: Bộ sạc siêu nhanh 25W được bán riêng.Samsung Galaxy A05s được trang bị cảm biến vân tay cạnh bên hiện đại , giúp mở khóa nhanh chóng, tiện lợi lại rất an toàn. Người dùng chỉ cần chạm vào nút nguồn là máy đã sẵn sàng cho mọi trải nghiệm mà không cần thao tác rườm rà. Đồng thời, mở khóa này cũng có tính bảo mật cao giúp bạn yên tâm hoàn toàn trong quá trình sử dụng điện thoại.Giá sản phẩm trên Tiki đã bao gồm thuế theo luật hiện hành. Bên cạnh đó, tuỳ vào loại sản phẩm, hình thức và địa chỉ giao hàng mà có thể phát sinh thêm chi phí khác như phí vận chuyển, phụ phí hàng cồng kềnh, thuế nhập khẩu (đối với đơn hàng giao từ nước ngoài có giá trị trên 1 triệu đồng).....",Tiki,273550715.0,3625000.0,,1.0,,Type-C,6.7,1 Năm,0.0
https://tiki.vn/dien-thoai-thong-minh-sieu-ben-oukitel-wp28-man-hinh-6-52-hd-pin-10600mah-ram-15gb-8gb-7gb-rom-256gb-android13-camera-48mp-hang-chinh-hang-p271798615.html?spid=271798616,"Điện thoại thông minh siêu bền Oukitel WP28 (màn hình 6.52‘' ,HD+ ,pin 10600mAh ,Ram 15Gb(8GB+7Gb),Rom 256GB ,Android13, camera 48MP)-hàng chính hãng",OUKITEL,,,,,,,,,,,,,,5.0,,"Màn hình 6.52 in, HD+720*1600Pin 10.600 mAhRam 15Gb(8GB+7Gb mở rộng),Rom 256GBHệ điều hành Android 13Camera sau 48MP,camera trước 5MPSử dụng 2 sim nano hoặc 1 sim nano,1 thẻ nhớBluetooth 5.0,GPS+Glonass+Beidou+Galileo,NFC(Only Support Google Pay) ,google play ,Face ID,SOS,OTGDài 174.2mm,Rộng 82.3mm,Dày 17.1mm,nặng 345gamMạng :2G GSM:B5/B8/B3/B2,3G WCDMA: B1/B8,4G FDD-LTE: B1/B3/B7/B8/B19/B20Trong cái hộp: ĐT oukitel WP28,cáp sạc,cốc sạc, HDSD,PBHGiá sản phẩm trên Tiki đã bao gồm thuế theo luật hiện hành. Bên cạnh đó, tuỳ vào loại sản phẩm, hình thức và địa chỉ giao hàng mà có thể phát sinh thêm chi phí khác như phí vận chuyển, phụ phí hàng cồng kềnh, thuế nhập khẩu (đối với đơn hàng giao từ nước ngoài có giá trị trên 1 triệu đồng).....",Tiki,271798616.0,5940000.0,,8.0,,,,12 Tháng,3.0
https://tiki.vn/dien-thoai-realme-c51-4gb-128gb-hang-chinh-hang-p271467653.html?spid=273467296,Điện thoại Realme C51 (4GB/128GB) - Hàng chính hãng,REALME,,,,,,,,,,,,,,5.0,,"realme C51 với camera AI 50MP vô địch trong phân khúcPin dài lâu, chơi game thỏa thíchrealme C51 thiết kế trẻ trung với điểm nhấn cá tínhKhông gian hiển thị 90Hz ấn tượng và mượt màChip tám nhân và cơ chế mở rộng RAM trên realme C51Bảo mật vân tay, mở khóa trong chớp mắtKhông chỉ tạo điểm nhấn qua phong cách thiết kế trẻ trung, realme C51 còn gây ấn tượng bởi camera AI 50MP với khả năng chụp ảnh xuất sắc. Sản phẩm sở hữu viên pin lớn 5.000 mAh kết hợp cùng sạc nhanh 33W, màn hình 6.74 inch tần số quét 90Hz sẽ đem lại trải nghiệm đã mắt trong mọi tác vụ giải trí.So với các đối thủ cùng tầm giá, realme C51 cho thấy sự vượt trội về khả năng quay chụp khi sở hữu camera với độ phân giải lên tới 50MP. Sự hỗ trợ bởi công nghệ AI và các thuật toán xử lý hình ảnh chuyên nghiệp giúp sản phẩm dễ dàng tái hiện sự sắc nét của khung hình ngay cả trong những bối cảnh phức tạp.Khi kích hoạt chế độ ban đêm, realme C51 hỗ trợ chụp rõ nét hơn đối với các bối cảnh thiếu sáng, mang lại trải nghiệm quay chụp tốt bất kể khoảng thời gian nào trong ngày. Ngoài ra, nhà sản xuất còn cung cấp sẵn nhiều bộ lọc khác nhau để bạn thoải mái lựa chọn, giúp bức hình truyền đạt rõ ràng cảm xúc của người dùng và diễn đạt tinh thần chủ thể bức hình theo cách sống động hơn.Sự kết hợp giữa viên pin 5.000 mAh và công nghệ sạc siêu nhanh SuperVOOC 33W khiến realme C51 mang tới cho người dùng trải nghiệm pin cực kỳ ưng ý. Sản phẩm có thể lưu trữ nguồn năng lượng dồi dào, phục vụ các tác vụ hỗn hợp của bạn suốt một ngày hoặc xem phim, chơi game trong nhiều giờ liên tục.Trong trường hợp cần thiết, công nghệ sạc SuperVOOC 33W sẽ giúp tái tạo pin trong chớp mắt với công suất nhanh hơn 200% so với thế hệ cũ. Bạn có thể sạc tới 50% pin cho chiếc điện thoại chỉ trong 28 phút, tránh mất nhiều thời gian chờ đợi.realme C51 dễ dàng thu hút ánh mắt của bạn ngay từ cái nhìn đầu tiên nhờ diện mạo sắc sảo với điểm nhấn nằm ở cấu trúc nửa trên mặt lưng được phủ ánh thủy tinh bóng bẩy. Nghiêng máy dưới ánh nắng mặt trời, bạn sẽ thấy thiết bị tỏa sáng lấp lánh với hiệu ứng phản quang nổi bật.Về thân máy, cấu trúc tổng thể của realme C51 rất mỏng nhẹ. Thiết bị chỉ  mỏng 7.99mm và nặng vỏn vẹn 186 gram. Nhờ đó, bạn sẽ có trải nghiệm thoải mái, chắc chắn khi cầm nắm sản phẩm trên tay, không gây cảm giác cấn cộm và dễ dàng thực hiện mọi thao tác chức năng trên màn hình. realme C51 lên kệ với hai gam màu trẻ trung là Xanh Ngọc và Đen Đá.Sở hữu màn hình rộng 6.74 inch với độ phân giải HD, realme C51 hứa hẹn mang tới những phút giây giải trí đã mắt cho người dùng. Không gian hiển thị của sản phẩm có thể tái hiện tới 16.7 triệu gam màu, diễn đạt hình ảnh hết sức sống động và chân thực.Với tần số quét 90Hz, màn hình của realme C51 diễn đạt hiệu ứng cuộn vuốt rất mượt, đồng thời dễ dàng tái hiện tiết tấu chuyển động trong game và phim ảnh đã mắt, để bạn đắm chìm vào nội dung theo cách trọn vẹn nhất. Cơ chế Mini Capsule sẽ tận dụng không gian màn hình ở hai bên camera selfie nhằm bật mở các thông báo cần thiết, hiển thị phần trăm pin và số bước di chuyển hàng ngày.Yếu tố quyết định sức mạnh của realme C51 nằm ở bộ vi xử lý tám nhân mạnh mẽ, có khả năng xử lý nhanh nhạy mọi tác vụ thường ngày của bạn. Nhà sản xuất đã đưa lên sản phẩm cơ chế RAM Mở Rộng (DRE), có thể đưa dung lượng RAM từ mức 4GB mặc định lên 8GB nhờ tận dụng một phần không gian lưu trữ của bộ nhớ trong làm RAM ảo. Cơ chế này sẽ tự kích hoạt khi bạn thực hiện đa nhiệm nhiều ứng dụng nhằm đảm bảo trải nghiệm của bạn được mượt mà nhất.Ngoài ra, điện thoại realme này còn có bộ nhớ trong lên tới 128GB, đủ để lưu giữ hình ảnh, video, game và các bộ phim yêu thích của bạn trong thời gian dài.Với realme C51, bạn không cần thao tác gõ mật khẩu rườm rà khi mở khóa và xác thực thanh toán bởi sản phẩm sử dụng cơ chế bảo mật qua cảm biến vân tay tiện dụng. Chỉ với một cú chạm nhẹ, việc đăng nhập vào màn hình chính sẽ diễn ra trong chớp mắt, cực kỳ nhanh chóng và hết sức an toàn.Giá sản phẩm trên Tiki đã bao gồm thuế theo luật hiện hành. Bên cạnh đó, tuỳ vào loại sản phẩm, hình thức và địa chỉ giao hàng mà có thể phát sinh thêm chi phí khác như phí vận chuyển, phụ phí hàng cồng kềnh, thuế nhập khẩu (đối với đơn hàng giao từ nước ngoài có giá trị trên 1 triệu đồng).....",Tiki,273467296.0,2990000.0,-25%,3.0,,,,12 Tháng,1.0
https://tiki.vn/dien-thoai-oppo-a58-6gb-128gb-hang-chinh-hang-p271235147.html?spid=271235149,Điện thoại Oppo A58 (6GB/128GB) - Hàng chính hãng,OPPO,,,,,,,,,,,,,,,,"Điện thoại Oppo A58 (6GB/128GB)LƯU Ý KHI MUA HÀNGCảm ơn quý khách đã quan tâm đến sản phẩm bên shop, quý khách vui lòng dành ít thời gian đọc kĩ các thông tin sau:️ Sản phẩm được bao test 7 ngày kể từ ngày nhận được sản phẩm và sẽ được đổi máy mới cùng model hoặc giá trị tương đương sau khi được thẩm định lỗi kĩ thuật.️ Sản phẩm lỗi kĩ thuật được xác nhận bởi trung tâm bảo hành ủy quyền chính hãng (bằng văn bản); khách hàng có thể gửi lại shop để xác nhận lỗi hoặc tới trung tâm bảo hành ủy quyền để thẩm định lỗi.️ Shop hỗ trợ phí vận chuyển trong vòng 7 ngày (kể từ ngày mình nhận hàng), sau 7 ngày shop chỉ hỗ trợ khách bảo hành (phí vận chuyển khách trả)️ Sau 7 ngày bao test, sản phẩm vẫn nhận chính sách bảo hành theo qui định của nhà sản xuất (khách chịu phí vận chuyển tới shop bảo hành hộ hoặc tự đến trung tâm bảo hành).️ Sản phẩm đổi trả phải còn nguyên hộp trùng imei, phụ kiện kèm theo máy không trầy xước, cháy nổ, đứt dây (nếu trầy xước shop không đổi phụ kiện mới)️ Shop nhận đổi trả trong trường hợp hàng sai mẫu, size, màu do shop gửi. Bên shop chỉ giải quyết khiếu nại khi quý khách có video clip khi mở/nhận hàng.️ Trong một số trường hợp sản phẩm đã được kích hoạt bảo hành tham gia chương trình khuyến mãi có giá tốt nhất cho khách hàng. Vui lòng chat với shop để được hỗ trợ thêm thông tin.️ Khách hàng có nhu cầu xuất hóa đơn VAT, vui lòng liên hệ với gian hàng trực tiếp qua phần chat khi đơn hàng được giao thành công.Không nhận đổi trả khi sản phẩm bị hư hại do tác động ngoại lực từ người mua như móp, bể, trầy xước, nổ điện, rớt nước, rách tem bảo hành, không đầy đủ phụ kiện và hộp.Các sản phẩm bị khóa tài khoản như Gmail, account… Khách tự chịu phí mở khóa nếu không nhớ mật khẩu.Vì lượng hàng hoá nhiều shop không nhận đổi trả trong trường hợp khách không thích, không ưng màu, chất liệu; quý khách vui lòng đọc kĩ mô tả và xem hình ảnh cụ thể; nếu cần hãy chat với shop để được tư vấn.Giá sản phẩm trên Tiki đã bao gồm thuế theo luật hiện hành. Bên cạnh đó, tuỳ vào loại sản phẩm, hình thức và địa chỉ giao hàng mà có thể phát sinh thêm chi phí khác như phí vận chuyển, phụ phí hàng cồng kềnh, thuế nhập khẩu (đối với đơn hàng giao từ nước ngoài có giá trị trên 1 triệu đồng).....",Tiki,271235149.0,3849000.0,-23%,,Trung Quốc,,,12 Tháng,0.0
https://tiki.vn/dien-thoai-oppo-a55s-5g-4gb-64gb-man-90hz-chong-nuoc-ip68-hang-nhap-khau-ban-quoc-te-p230203067.html?spid=230203073,Điện thoại OPPO A55s 5G 4GB/64GB - Màn 90hz - Chống nước IP68 - Hàng nhập khẩu - Bản quốc tế,OPPO,,,,4000.0,,,,,4.0,,64.0,,,4.4,,"Thiết kế đơn giản giản trong gam màu hiện đạiMàn hình đục lỗ 6.5 inch, tần số quét 90HzThiết kế với hiệu năng ổn định, trải nghiệm mượt màCamera xóa phông chuyên nghiệp, hỗ trợ quay phim FullHDDung lượng pin lớn, hỗ trợ 5G tốc độ caoThông số kỹ thuậtQuý khách lưu ý: Máy khi xuất xưởng không có sạc đi kèm ,Xuất xứ: Nhật BảnBảo hành: 1 đổi 1 trong vòng 7 ngày; 12 tháng tiếp theo bảo hành miễn phí, lỗi nặng đổi máy mới miễn phíLưu ý:OPPO vừa cho ra mắt chiếc OPPO A55s nâng cấp từ dòng OPPO A55 trước đó. Với một thiết bị tầm trung sở hữu cấu hình khá mạnh, thiết kế hiện đại cùng dung lượng pin ấn tượng chắc chắn sẽ làm hài lòng những tín đồ công nghệ.Kế thừa những điểm sáng về mặt thiết kế so với thế hệ trước như thiết kế mỏng nhẹ vừa tay người cằm, các đường viền nhẹ nhàng tinh tế. Bên cạnh đó, với 2 lựa chọn màu sắc đen huyền bí và xanh rêu lạ mắt, phù hợp với những người yêu thích sự tối giản nhưng vẫn rất năng động và cá tính.Mặt lưng của OPPO A55s sử dụng chất liệu nhựa được làm nhám cho cảm giác thoải mái khi cầm nắm, hạn chế rơi vỡ và bám dấu vân tay.OPPO A55s có màn hình 6.5 inch, sử dụng tấm nền LCD cho trải nghiệm màu sắc chân thật, rực rỡ. Viền màn hình với thiết kế mỏng, camera đục lỗ bên cạnh trái cho không gian trải nghiệm đã mắt.Ngoài ra, OPPO A55s đã được nâng cấp lên tần số quét 90Hz so với 60Hz trên OPPO A55, cho các thao tác vuốt chạm trở nên mượt mà mà hơn. Khả năng cân chỉnh độ sáng tự động trên thiết bị cũng được đánh giá cao, giúp tự động điều chỉnh độ sáng phù hợp khi sử dụng trong nhà hay ngoài trời.OPPO A55s cho hiệu năng khá ổn khi sử dụng con chip Snapdragon 480 8 nhân, xử lý các tác vụ cơ bản mượt mà. Bên cạnh đó với chip đồ họa Adreno 619 giúp gia tăng hiệu năng GPU, cho trải nghiệm hình ảnh chất lượng.Bộ nhớ RAM 4GB hỗ trợ đa nhiệm tốt, bạn có thể di chuyển qua lại giữa nhiều ứng dụng mà không lo giật lag hay phải khởi động lại ứng dụng.Dung lượng bộ nhớ trong 64GB cho phép không gian lưu trữ lớn. Với bộ nhớ này, bạn có thể lưu đến hơn 40.000 bức ảnh chất lượng cao mà không lo hết dung lượng. Ngoài ra, OPPO A55s còn hỗ trợ khe cắm thẻ nhớ mở rộng dung lượng tối đa lên đến 256GB.Điện thoại OPPO A55s chạy trên hệ điều hành Android 11 mới nhất với nhiều tính năng thông minh, dễ tùy biến và thân thiện với người dùng.Mặt sau OPPO A55s với cụm camera đặt dọc nổi bật tạo điểm nhấn cho thiết kế. Cụm camera bao gồm một camera chính 13MP và một cảm biến đo chiều sâu 2MP. Nhờ vào khả năng thu sáng và lấy nét cực tốt trên cụm camera này nên các bức ảnh đều đem lại sự tươi mới và độ sắc nét cao.Với cảm biến đo chiều sâu giúp xóa phông hiệu quả giúp bức ảnh có điểm nhấn hơn. Bên cạnh đó, khả năng chụp ảnh ban đêm trên thiết bị cũng khá ấn tượng, bức ảnh không bị vỡ nhòe, màu sắc khá chuẩn.Camera trước của OPPO A55s có độ phân giải 8MP với tính năng chụp xóa phông chuyên nghiệp. Thiết bị còn hỗ trợ quay phim FullHD sắc nét bằng cả camera trước và sau rất tiện lợi khi facetime.Điện thoại OPPO A55s với dung lượng pin 4000 mAh cho phép sử dụng thoải mái cả ngày mà không lo hết pin. Chế độ siêu tiết kiệm pin tiện lợi giúp kéo dài thời gian sử dụng.OPPO A55s được nâng cấp lên 5G tốc độ cao. Đảm bảo smartphone kết nối, lướt web, xem phim, chơi game,… nhanh chóng và ổn định, cho trải nghiệm mượt mà mọi lúc mọi nơi.Giá sản phẩm trên Tiki đã bao gồm thuế theo luật hiện hành. Bên cạnh đó, tuỳ vào loại sản phẩm, hình thức và địa chỉ giao hàng mà có thể phát sinh thêm chi phí khác như phí vận chuyển, phụ phí hàng cồng kềnh, thuế nhập khẩu (đối với đơn hàng giao từ nước ngoài có giá trị trên 1 triệu đồng).....",Tiki,230203073.0,2799000.0,-24%,31.0,Trung Quốc,,6.5,12 Tháng,14.0
https://tiki.vn/dien-thoai-samsung-galaxy-z-fold4-5g-12gb-256gb-hang-chinh-hang-p196197701.html?spid=196197705,Điện thoại Samsung Galaxy Z Fold4 5G (12GB/256GB) - Hàng chính hãng,SAMSUNG,,,,,,,,,,,,,,,,"Shop nhận đổi trả trong trường hợp hàng sai mẫu, size, màu do shop gửi. Bên shop chỉ giải quyết khiếu nại khi quý khách có video clip khi mở/nhận hàng.Bảo hành đối với sản phẩm chính hãng, quý khách trực tiếp mang sản phẩm bảo hành tới trung tâm bảo hành.Đối với các sản phẩm nhập khẩu , quý khách gửi sản phẩm về lại bên shop để được kiểm tra (khách hàng chịu phí vận chuyển khi gửi sản phẩm bảo hành).Không nhận đổi trả khi sản phẩm bị hư hại do tác động ngoại lực từ người mua như móp, bể, trầy xước, nổ điện, rớt nước, rách tem bảo hành, không đầy đủ phụ kiện và hộp.Vì lượng hàng hoá nhiều shop không nhận đổi trả trong trường hợp khách không thích, không ưng màu, chất liệu; quý khách vui lòng đọc kĩ mô tả và xem hình ảnh cụ thể; nếu cần hãy chat với shop để được tư vấn.Giá sản phẩm trên Tiki đã bao gồm thuế theo luật hiện hành. Bên cạnh đó, tuỳ vào loại sản phẩm, hình thức và địa chỉ giao hàng mà có thể phát sinh thêm chi phí khác như phí vận chuyển, phụ phí hàng cồng kềnh, thuế nhập khẩu (đối với đơn hàng giao từ nước ngoài có giá trị trên 1 triệu đồng).....",Tiki,196197705.0,40990000.0,,,,USB-C,6.7,12 Tháng,0.0
https://tiki.vn/dien-thoai-oneplus-10t-5g-hang-chinh-hang-p193366048.html?spid=193366050,Điện thoại OnePlus 10T 5G - Hàng Chính Hãng,ONEPLUS,,,,4800.0,,,Adreno 730,,8.0,1080x2408,128.0,,,,,"BẢO HÀNH 12 THÁNG TẠI CÁC TTBH OnePlus TOÀN QUỐC [xem thông tin địa chỉ tại website bên dưới].
30 NGÀY ĐỔI MỚI 1 - 1 nếu có lỗi từ nhà sản xuất tại các TTBH OnePlus Toàn quốc.
HOT LINE HỖ TRỢ MIỄN PHÍ: 1800.588.870
Xem thông tin địa chỉ các gian hàng trưng bày và trải nghiệm sản phẩm OnePlus tại:
Website:Điện thoại OnePlus 10T 5G 8GB/128GB - Hàng chính hãng.1. Fast & Smooth Performance:
- SDM 8+ Gen 1 + 3D Cooling System
- 150W SuperVOOC
- OOS12.1
- Gaming Experience2. Futuristic Design:
- Futuristic Unibody Design
- Advanced hot bending glass
- Pioneering dual film tech
- LDI craft3. Flagship Camera System
- 50MP IMX766 + OIS4. Screen: 6.7'' FHD+, 120Hz, HDR10+, 950 nits (peak)5. Battery: 4800 mAh - 150WGiá sản phẩm trên Tiki đã bao gồm thuế theo luật hiện hành. Bên cạnh đó, tuỳ vào loại sản phẩm, hình thức và địa chỉ giao hàng mà có thể phát sinh thêm chi phí khác như phí vận chuyển, phụ phí hàng cồng kềnh, thuế nhập khẩu (đối với đơn hàng giao từ nước ngoài có giá trị trên 1 triệu đồng).....",Tiki,193366050.0,15990000.0,,,HK/TQ,Type C,6.7,1 Năm,0.0
https://tiki.vn/dien-thoai-samsung-galaxy-s25-ultra-12gb-512gb-hang-chinh-hang-p277497325.html?spid=277497327,Điện thoại Samsung Galaxy S25 Ultra (12GB/512GB) - Hàng chính hãng,SAMSUNG,,,,,,,,,,,,,,,,"LƯU Ý KHI MUA HÀNGCảm ơn quý khách đã quan tâm đến sản phẩm bên shop, quý khách vui lòng dành ít thời gian đọc kĩ các thông tin sau:️ Sản phẩm được bao test 7 ngày kể từ ngày nhận được sản phẩm và sẽ được đổi máy mới cùng model hoặc giá trị tương đương sau khi được thẩm định lỗi kĩ thuật.️ Sản phẩm lỗi kĩ thuật được xác nhận bởi trung tâm bảo hành ủy quyền chính hãng (bằng văn bản); khách hàng có thể gửi lại shop để xác nhận lỗi hoặc tới trung tâm bảo hành ủy quyền để thẩm định lỗi.️ Shop hỗ trợ phí vận chuyển trong vòng 7 ngày (kể từ ngày mình nhận hàng), sau 7 ngày shop chỉ hỗ trợ khách bảo hành (phí vận chuyển khách trả)️ Sau 7 ngày bao test, sản phẩm vẫn nhận chính sách bảo hành theo quy định của nhà sản xuất (khách chịu phí vận chuyển tới shop bảo hành hộ hoặc tự đến trung tâm bảo hành).️ Sản phẩm đổi trả phải còn nguyên hộp trùng imei, phụ kiện kèm theo máy không trầy xước, cháy nổ, đứt dây (nếu trầy xước shop không đổi phụ kiện mới)️ Shop nhận đổi trả trong trường hợp hàng sai mẫu, size, màu do shop gửi. Bên shop chỉ giải quyết khiếu nại khi quý khách có video clip khi mở/nhận hàng.️ Trong một số trường hợp sản phẩm đã được kích hoạt bảo hành tham gia chương trình khuyến mãi có giá tốt nhất cho khách hàng. Vui lòng chat với shop để được hỗ trợ thêm thông tin.️ Khách hàng có nhu cầu xuất hóa đơn VAT, vui lòng liên hệ với gian hàng trực tiếp qua tin nhắn hoặc chat với Shop khi đơn hàng được giao thành công.Không nhận đổi trả khi sản phẩm bị hư hại do tác động ngoại lực từ người mua như móp, bể, trầy xước, nổ điện, rớt nước, rách tem bảo hành, không đầy đủ phụ kiện và hộp.Các sản phẩm bị khóa tài khoản như Gmail, account… Khách tự chịu phí mở khóa nếu không nhớ mật khẩu.Vì lượng hàng hoá nhiều shop không nhận đổi trả trong trường hợp khách không thích, không ưng màu, chất liệu; quý khách vui lòng đọc kĩ mô tả và xem hình ảnh cụ thể; nếu cần hãy chat với shop để được tư vấn.Giá sản phẩm trên Tiki đã bao gồm thuế theo luật hiện hành. Bên cạnh đó, tuỳ vào loại sản phẩm, hình thức và địa chỉ giao hàng mà có thể phát sinh thêm chi phí khác như phí vận chuyển, phụ phí hàng cồng kềnh, thuế nhập khẩu (đối với đơn hàng giao từ nước ngoài có giá trị trên 1 triệu đồng).....",Tiki,277497327.0,31490000.0,-16%,,Hàn Quốc,,,,0.0
https://tiki.vn/dien-thoai-samsung-galaxy-a36-5g-hang-chinh-hang-p277490201.html?spid=277490203,Điện thoại Samsung Galaxy A36 5G (8GB/128GB) - Hàng chính hãng,SAMSUNG,,,,,,,,,,,,,,,,"LƯU Ý KHI MUA HÀNGCảm ơn quý khách đã quan tâm đến sản phẩm bên shop, quý khách vui lòng dành ít thời gian đọc kĩ các thông tin sau:️ Sản phẩm được bao test 7 ngày kể từ ngày nhận được sản phẩm và sẽ được đổi máy mới cùng model hoặc giá trị tương đương sau khi được thẩm định lỗi kĩ thuật.️ Sản phẩm lỗi kĩ thuật được xác nhận bởi trung tâm bảo hành ủy quyền chính hãng (bằng văn bản); khách hàng có thể gửi lại shop để xác nhận lỗi hoặc tới trung tâm bảo hành ủy quyền để thẩm định lỗi.️ Shop hỗ trợ phí vận chuyển trong vòng 7 ngày (kể từ ngày mình nhận hàng), sau 7 ngày shop chỉ hỗ trợ khách bảo hành (phí vận chuyển khách trả)️ Sau 7 ngày bao test, sản phẩm vẫn nhận chính sách bảo hành theo quy định của nhà sản xuất (khách chịu phí vận chuyển tới shop bảo hành hộ hoặc tự đến trung tâm bảo hành).️ Sản phẩm đổi trả phải còn nguyên hộp trùng imei, phụ kiện kèm theo máy không trầy xước, cháy nổ, đứt dây (nếu trầy xước shop không đổi phụ kiện mới)️ Shop nhận đổi trả trong trường hợp hàng sai mẫu, size, màu do shop gửi. Bên shop chỉ giải quyết khiếu nại khi quý khách có video clip khi mở/nhận hàng.️ Trong một số trường hợp sản phẩm đã được kích hoạt bảo hành tham gia chương trình khuyến mãi có giá tốt nhất cho khách hàng. Vui lòng chat với shop để được hỗ trợ thêm thông tin.️ Khách hàng có nhu cầu xuất hóa đơn VAT, vui lòng liên hệ với gian hàng trực tiếp qua tin nhắn hoặc chat với Shop khi đơn hàng được giao thành công.Không nhận đổi trả khi sản phẩm bị hư hại do tác động ngoại lực từ người mua như móp, bể, trầy xước, nổ điện, rớt nước, rách tem bảo hành, không đầy đủ phụ kiện và hộp.Các sản phẩm bị khóa tài khoản như Gmail, account… Khách tự chịu phí mở khóa nếu không nhớ mật khẩu.Vì lượng hàng hoá nhiều shop không nhận đổi trả trong trường hợp khách không thích, không ưng màu, chất liệu; quý khách vui lòng đọc kĩ mô tả và xem hình ảnh cụ thể; nếu cần hãy chat với shop để được tư vấn.Giá sản phẩm trên Tiki đã bao gồm thuế theo luật hiện hành. Bên cạnh đó, tuỳ vào loại sản phẩm, hình thức và địa chỉ giao hàng mà có thể phát sinh thêm chi phí khác như phí vận chuyển, phụ phí hàng cồng kềnh, thuế nhập khẩu (đối với đơn hàng giao từ nước ngoài có giá trị trên 1 triệu đồng).....",Tiki,277490203.0,7449000.0,-10%,,Hàn Quốc,,,,0.0
https://tiki.vn/dien-thoai-realme-note-60-4gb-128gb-hang-chinh-hang-p277356569.html?spid=277356573,Điện thoại Realme Note 60 (4GB/128GB) - Hàng chính hãng,REALME,,,,,,,,,,,,,,,,"LƯU Ý KHI MUA HÀNGCảm ơn quý khách đã quan tâm đến sản phẩm bên shop, quý khách vui lòng dành ít thời gian đọc kĩ các thông tin sau:️ Sản phẩm được bao test 7 ngày kể từ ngày nhận được sản phẩm và sẽ được đổi máy mới cùng model hoặc giá trị tương đương sau khi được thẩm định lỗi kĩ thuật.️ Sản phẩm lỗi kĩ thuật được xác nhận bởi trung tâm bảo hành ủy quyền chính hãng (bằng văn bản); khách hàng có thể gửi lại shop để xác nhận lỗi hoặc tới trung tâm bảo hành ủy quyền để thẩm định lỗi.️ Shop hỗ trợ phí vận chuyển trong vòng 7 ngày (kể từ ngày mình nhận hàng), sau 7 ngày shop chỉ hỗ trợ khách bảo hành (phí vận chuyển khách trả)️ Sau 7 ngày bao test, sản phẩm vẫn nhận chính sách bảo hành theo quy định của nhà sản xuất (khách chịu phí vận chuyển tới shop bảo hành hộ hoặc tự đến trung tâm bảo hành).️ Sản phẩm đổi trả phải còn nguyên hộp trùng imei, phụ kiện kèm theo máy không trầy xước, cháy nổ, đứt dây (nếu trầy xước shop không đổi phụ kiện mới)️ Shop nhận đổi trả trong trường hợp hàng sai mẫu, size, màu do shop gửi. Bên shop chỉ giải quyết khiếu nại khi quý khách có video clip khi mở/nhận hàng.️ Trong một số trường hợp sản phẩm đã được kích hoạt bảo hành tham gia chương trình khuyến mãi có giá tốt nhất cho khách hàng. Vui lòng chat với shop để được hỗ trợ thêm thông tin.️ Khách hàng có nhu cầu xuất hóa đơn VAT, vui lòng liên hệ với gian hàng trực tiếp qua tin nhắn hoặc chat với Shop khi đơn hàng được giao thành công.Không nhận đổi trả khi sản phẩm bị hư hại do tác động ngoại lực từ người mua như móp, bể, trầy xước, nổ điện, rớt nước, rách tem bảo hành, không đầy đủ phụ kiện và hộp.Các sản phẩm bị khóa tài khoản như Gmail, account… Khách tự chịu phí mở khóa nếu không nhớ mật khẩu.Vì lượng hàng hoá nhiều shop không nhận đổi trả trong trường hợp khách không thích, không ưng màu, chất liệu; quý khách vui lòng đọc kĩ mô tả và xem hình ảnh cụ thể; nếu cần hãy chat với shop để được tư vấn.Giá sản phẩm trên Tiki đã bao gồm thuế theo luật hiện hành. Bên cạnh đó, tuỳ vào loại sản phẩm, hình thức và địa chỉ giao hàng mà có thể phát sinh thêm chi phí khác như phí vận chuyển, phụ phí hàng cồng kềnh, thuế nhập khẩu (đối với đơn hàng giao từ nước ngoài có giá trị trên 1 triệu đồng).....",Tiki,277356573.0,2709000.0,-20%,,Trung Quốc,,,,0.0
https://tiki.vn/dien-thoai-xiaomi-redmi-a3x-3gb-64gb-hang-chinh-hang-p276421931.html?spid=276421933,Điện thoại Xiaomi Redmi A3x (3GB/64GB) - Hàng chính hãng,XIAOMI,,,,,,,,,,,,,,,,"LƯU Ý KHI MUA HÀNGCảm ơn quý khách đã quan tâm đến sản phẩm bên shop, quý khách vui lòng dành ít thời gian đọc kĩ các thông tin sau:️ Sản phẩm được bao test 7 ngày kể từ ngày nhận được sản phẩm và sẽ được đổi máy mới cùng model hoặc giá trị tương đương sau khi được thẩm định lỗi kĩ thuật.️ Sản phẩm lỗi kĩ thuật được xác nhận bởi trung tâm bảo hành ủy quyền chính hãng (bằng văn bản); khách hàng có thể gửi lại shop để xác nhận lỗi hoặc tới trung tâm bảo hành ủy quyền để thẩm định lỗi.️ Shop hỗ trợ phí vận chuyển trong vòng 7 ngày (kể từ ngày mình nhận hàng), sau 7 ngày shop chỉ hỗ trợ khách bảo hành (phí vận chuyển khách trả)️ Sau 7 ngày bao test, sản phẩm vẫn nhận chính sách bảo hành theo quy định của nhà sản xuất (khách chịu phí vận chuyển tới shop bảo hành hộ hoặc tự đến trung tâm bảo hành).️ Sản phẩm đổi trả phải còn nguyên hộp trùng imei, phụ kiện kèm theo máy không trầy xước, cháy nổ, đứt dây (nếu trầy xước shop không đổi phụ kiện mới)️ Shop nhận đổi trả trong trường hợp hàng sai mẫu, size, màu do shop gửi. Bên shop chỉ giải quyết khiếu nại khi quý khách có video clip khi mở/nhận hàng.️ Trong một số trường hợp sản phẩm đã được kích hoạt bảo hành tham gia chương trình khuyến mãi có giá tốt nhất cho khách hàng. Vui lòng chat với shop để được hỗ trợ thêm thông tin.️ Khách hàng có nhu cầu xuất hóa đơn VAT, vui lòng liên hệ với gian hàng trực tiếp qua tin nhắn hoặc chat với Shop khi đơn hàng được giao thành công.Không nhận đổi trả khi sản phẩm bị hư hại do tác động ngoại lực từ người mua như móp, bể, trầy xước, nổ điện, rớt nước, rách tem bảo hành, không đầy đủ phụ kiện và hộp.Các sản phẩm bị khóa tài khoản như Gmail, account… Khách tự chịu phí mở khóa nếu không nhớ mật khẩu.Vì lượng hàng hoá nhiều shop không nhận đổi trả trong trường hợp khách không thích, không ưng màu, chất liệu; quý khách vui lòng đọc kĩ mô tả và xem hình ảnh cụ thể; nếu cần hãy chat với shop để được tư vấn.Giá sản phẩm trên Tiki đã bao gồm thuế theo luật hiện hành. Bên cạnh đó, tuỳ vào loại sản phẩm, hình thức và địa chỉ giao hàng mà có thể phát sinh thêm chi phí khác như phí vận chuyển, phụ phí hàng cồng kềnh, thuế nhập khẩu (đối với đơn hàng giao từ nước ngoài có giá trị trên 1 triệu đồng).....",Tiki,276421933.0,2239000.0,-10%,,Trung Quốc,,,,0.0
https://tiki.vn/dien-thoai-xiaomi-redmi-14c-hang-chinh-hang-p276369646.html?spid=276082758,Điện thoại Xiaomi Redmi 14C - Hàng chính hãng,XIAOMI,,,,,,,,,,,,,,,,"LƯU Ý KHI MUA HÀNGCảm ơn quý khách đã quan tâm đến sản phẩm bên shop, quý khách vui lòng dành ít thời gian đọc kĩ các thông tin sau:️ Sản phẩm được bao test 7 ngày kể từ ngày nhận được sản phẩm và sẽ được đổi máy mới cùng model hoặc giá trị tương đương sau khi được thẩm định lỗi kĩ thuật.️ Sản phẩm lỗi kĩ thuật được xác nhận bởi trung tâm bảo hành ủy quyền chính hãng (bằng văn bản); khách hàng có thể gửi lại shop để xác nhận lỗi hoặc tới trung tâm bảo hành ủy quyền để thẩm định lỗi.️ Shop hỗ trợ phí vận chuyển trong vòng 7 ngày (kể từ ngày mình nhận hàng), sau 7 ngày shop chỉ hỗ trợ khách bảo hành (phí vận chuyển khách trả)️ Sau 7 ngày bao test, sản phẩm vẫn nhận chính sách bảo hành theo quy định của nhà sản xuất (khách chịu phí vận chuyển tới shop bảo hành hộ hoặc tự đến trung tâm bảo hành).️ Sản phẩm đổi trả phải còn nguyên hộp trùng imei, phụ kiện kèm theo máy không trầy xước, cháy nổ, đứt dây (nếu trầy xước shop không đổi phụ kiện mới)ư️ Shop nhận đổi trả trong trường hợp hàng sai mẫu, size, màu do shop gửi. Bên shop chỉ giải quyết khiếu nại khi quý khách có video clip khi mở/nhận hàng.️ Trong một số trường hợp sản phẩm đã được kích hoạt bảo hành tham gia chương trình khuyến mãi có giá tốt nhất cho khách hàng. Vui lòng chat với shop để được hỗ trợ thêm thông tin.️ Khách hàng có nhu cầu xuất hóa đơn VAT, vui lòng liên hệ với gian hàng trực tiếp qua tin nhắn hoặc chat với Shop khi đơn hàng được giao thành công.Không nhận đổi trả khi sản phẩm bị hư hại do tác động ngoại lực từ người mua như móp, bể, trầy xước, nổ điện, rớt nước, rách tem bảo hành, không đầy đủ phụ kiện và hộp.Các sản phẩm bị khóa tài khoản như Gmail, account… Khách tự chịu phí mở khóa nếu không nhớ mật khẩu.Vì lượng hàng hoá nhiều shop không nhận đổi trả trong trường hợp khách không thích, không ưng màu, chất liệu; quý khách vui lòng đọc kĩ mô tả và xem hình ảnh cụ thể; nếu cần hãy chat với shop để được tư vấn.Giá sản phẩm trên Tiki đã bao gồm thuế theo luật hiện hành. Bên cạnh đó, tuỳ vào loại sản phẩm, hình thức và địa chỉ giao hàng mà có thể phát sinh thêm chi phí khác như phí vận chuyển, phụ phí hàng cồng kềnh, thuế nhập khẩu (đối với đơn hàng giao từ nước ngoài có giá trị trên 1 triệu đồng).....",Tiki,276082758.0,2889000.0,-12%,1.0,Trung Quốc,,,,0.0
https://tiki.vn/dien-thoai-realme-note-50-3gb-64gb-hang-chinh-hang-p275746497.html?spid=275746499,Điện thoại Realme Note 50 (3GB/64GB) - Hàng chính hãng,REALME,,,,,,,,,,,,,,,,"LƯU Ý KHI MUA HÀNGCảm ơn quý khách đã quan tâm đến sản phẩm bên shop, quý khách vui lòng dành ít thời gian đọc kĩ các thông tin sau:️ Sản phẩm được bao test 7 ngày kể từ ngày nhận được sản phẩm và sẽ được đổi máy mới cùng model hoặc giá trị tương đương sau khi được thẩm định lỗi kĩ thuật.️ Sản phẩm lỗi kĩ thuật được xác nhận bởi trung tâm bảo hành ủy quyền chính hãng (bằng văn bản); khách hàng có thể gửi lại shop để xác nhận lỗi hoặc tới trung tâm bảo hành ủy quyền để thẩm định lỗi.️ Shop hỗ trợ phí vận chuyển trong vòng 7 ngày (kể từ ngày mình nhận hàng), sau 7 ngày shop chỉ hỗ trợ khách bảo hành (phí vận chuyển khách trả)️ Sau 7 ngày bao test, sản phẩm vẫn nhận chính sách bảo hành theo quy định của nhà sản xuất (khách chịu phí vận chuyển tới shop bảo hành hộ hoặc tự đến trung tâm bảo hành).️ Sản phẩm đổi trả phải còn nguyên hộp trùng imei, phụ kiện kèm theo máy không trầy xước, cháy nổ, đứt dây (nếu trầy xước shop không đổi phụ kiện mới)️ Shop nhận đổi trả trong trường hợp hàng sai mẫu, size, màu do shop gửi. Bên shop chỉ giải quyết khiếu nại khi quý khách có video clip khi mở/nhận hàng.️ Trong một số trường hợp sản phẩm đã được kích hoạt bảo hành tham gia chương trình khuyến mãi có giá tốt nhất cho khách hàng. Vui lòng chat với shop để được hỗ trợ thêm thông tin.️ Khách hàng có nhu cầu xuất hóa đơn VAT, vui lòng liên hệ với gian hàng trực tiếp qua tin nhắn hoặc chat với Shop khi đơn hàng được giao thành công.Không nhận đổi trả khi sản phẩm bị hư hại do tác động ngoại lực từ người mua như móp, bể, trầy xước, nổ điện, rớt nước, rách tem bảo hành, không đầy đủ phụ kiện và hộp.Các sản phẩm bị khóa tài khoản như Gmail, account… Khách tự chịu phí mở khóa nếu không nhớ mật khẩu.Vì lượng hàng hoá nhiều shop không nhận đổi trả trong trường hợp khách không thích, không ưng màu, chất liệu; quý khách vui lòng đọc kĩ mô tả và xem hình ảnh cụ thể; nếu cần hãy chat với shop để được tư vấn.Giá sản phẩm trên Tiki đã bao gồm thuế theo luật hiện hành. Bên cạnh đó, tuỳ vào loại sản phẩm, hình thức và địa chỉ giao hàng mà có thể phát sinh thêm chi phí khác như phí vận chuyển, phụ phí hàng cồng kềnh, thuế nhập khẩu (đối với đơn hàng giao từ nước ngoài có giá trị trên 1 triệu đồng).....",Tiki,275746499.0,2299000.0,-8%,,Trung Quốc,,,,0.0
https://tiki.vn/dien-thoai-ulefone-note-17-pro-ram-12gb-rom-256gb-android-13-camera-108mp-mediatek-helio-g99-sac-nhanh-33w-man-hinh-amoled-6-78-inch-pin-5-050mah-hang-chinh-hang-p274378214.html?spid=274378215,"Điện thoại Ulefone Note 17 Pro(Ram 12Gb,Rom 256Gb,Android 13,camera 108MP, MediaTek Helio G99,sạc nhanh 33W,Màn hình AMOLED 6.78 inch,pin 5.050mAh)- hàng chính hãng",ULEFONE,,,,,,,,,,,,,,,,"Trong cái hộp : Điện thoại ,cốc sạc,cáp sạc,Phim bảo vệ (Đã cài đặt sẵn),ốp lưng,Kim SIM,HDSD,PBHGiá sản phẩm trên Tiki đã bao gồm thuế theo luật hiện hành. Bên cạnh đó, tuỳ vào loại sản phẩm, hình thức và địa chỉ giao hàng mà có thể phát sinh thêm chi phí khác như phí vận chuyển, phụ phí hàng cồng kềnh, thuế nhập khẩu (đối với đơn hàng giao từ nước ngoài có giá trị trên 1 triệu đồng).....",Tiki,274378215.0,8970000.0,,,Trung Quốc,,,12 Tháng,0.0
https://tiki.vn/dien-thoai-xiaomi-redmi-note-13-pro-4g-8gb-128gb-hang-chinh-hang-p274375122.html?spid=274375124,Điện thoại Xiaomi Redmi Note 13 Pro 4G (8GB/128GB) - Hàng chính hãng,XIAOMI,,,,,,,,,,,,,,,,"LƯU Ý KHI MUA HÀNGCảm ơn quý khách đã quan tâm đến sản phẩm bên shop, quý khách vui lòng dành ít thời gian đọc kĩ các thông tin sau:️ Sản phẩm được bao test 7 ngày kể từ ngày nhận được sản phẩm và sẽ được đổi máy mới cùng model hoặc giá trị tương đương sau khi được thẩm định lỗi kĩ thuật.️ Sản phẩm lỗi kĩ thuật được xác nhận bởi trung tâm bảo hành ủy quyền chính hãng (bằng văn bản); khách hàng có thể gửi lại shop để xác nhận lỗi hoặc tới trung tâm bảo hành ủy quyền để thẩm định lỗi.️ Shop hỗ trợ phí vận chuyển trong vòng 7 ngày (kể từ ngày mình nhận hàng), sau 7 ngày shop chỉ hỗ trợ khách bảo hành (phí vận chuyển khách trả)️ Sau 7 ngày bao test, sản phẩm vẫn nhận chính sách bảo hành theo qui định của nhà sản xuất (khách chịu phí vận chuyển tới shop bảo hành hộ hoặc tự đến trung tâm bảo hành).️ Sản phẩm đổi trả phải còn nguyên hộp trùng imei, phụ kiện kèm theo máy không trầy xước, cháy nổ, đứt dây (nếu trầy xước shop không đổi phụ kiện mới)️ Shop nhận đổi trả trong trường hợp hàng sai mẫu, size, màu do shop gửi. Bên shop chỉ giải quyết khiếu nại khi quý khách có video clip khi mở/nhận hàng.️ Trong một số trường hợp sản phẩm đã được kích hoạt bảo hành tham gia chương trình khuyến mãi có giá tốt nhất cho khách hàng. Vui lòng chat với shop để được hỗ trợ thêm thông tin.️ Khách hàng có nhu cầu xuất hóa đơn VAT, vui lòng liên hệ với gian hàng trực tiếp qua phần chat khi đơn hàng được giao thành công.Không nhận đổi trả khi sản phẩm bị hư hại do tác động ngoại lực từ người mua như móp, bể, trầy xước, nổ điện, rớt nước, rách tem bảo hành, không đầy đủ phụ kiện và hộp.Các sản phẩm bị khóa tài khoản như Gmail, account… Khách tự chịu phí mở khóa nếu không nhớ mật khẩu.Vì lượng hàng hoá nhiều shop không nhận đổi trả trong trường hợp khách không thích, không ưng màu, chất liệu; quý khách vui lòng đọc kĩ mô tả và xem hình ảnh cụ thể; nếu cần hãy chat với shop để được tư vấn.Giá sản phẩm trên Tiki đã bao gồm thuế theo luật hiện hành. Bên cạnh đó, tuỳ vào loại sản phẩm, hình thức và địa chỉ giao hàng mà có thể phát sinh thêm chi phí khác như phí vận chuyển, phụ phí hàng cồng kềnh, thuế nhập khẩu (đối với đơn hàng giao từ nước ngoài có giá trị trên 1 triệu đồng).....",Tiki,274375124.0,5999000.0,-18%,,Trung Quốc,,,18 Tháng,0.0
https://tiki.vn/dien-thoai-xiaomi-redmi-note-13-8gb-128gb-hang-chinh-hang-p274065023.html?spid=274065081,Điện thoại Xiaomi Redmi Note 13 (8GB/128GB) - Hàng chính hãng,XIAOMI,,,,,,,,,,,,,,,,"LƯU Ý KHI MUA HÀNGCảm ơn quý khách đã quan tâm đến sản phẩm bên shop, quý khách vui lòng dành ít thời gian đọc kĩ các thông tin sau:️ Sản phẩm được bao test 7 ngày kể từ ngày nhận được sản phẩm và sẽ được đổi máy mới cùng model hoặc giá trị tương đương sau khi được thẩm định lỗi kĩ thuật.️ Sản phẩm lỗi kĩ thuật được xác nhận bởi trung tâm bảo hành ủy quyền chính hãng (bằng văn bản); khách hàng có thể gửi lại shop để xác nhận lỗi hoặc tới trung tâm bảo hành ủy quyền để thẩm định lỗi.️ Shop hỗ trợ phí vận chuyển trong vòng 7 ngày (kể từ ngày mình nhận hàng), sau 7 ngày shop chỉ hỗ trợ khách bảo hành (phí vận chuyển khách trả)️ Sau 7 ngày bao test, sản phẩm vẫn nhận chính sách bảo hành theo quy định của nhà sản xuất (khách chịu phí vận chuyển tới shop bảo hành hộ hoặc tự đến trung tâm bảo hành).️ Sản phẩm đổi trả phải còn nguyên hộp trùng imei, phụ kiện kèm theo máy không trầy xước, cháy nổ, đứt dây (nếu trầy xước shop không đổi phụ kiện mới)️ Shop nhận đổi trả trong trường hợp hàng sai mẫu, size, màu do shop gửi. Bên shop chỉ giải quyết khiếu nại khi quý khách có video clip khi mở/nhận hàng.️ Trong một số trường hợp sản phẩm đã được kích hoạt bảo hành tham gia chương trình khuyến mãi có giá tốt nhất cho khách hàng. Vui lòng chat với shop để được hỗ trợ thêm thông tin.️ Khách hàng có nhu cầu xuất hóa đơn VAT, vui lòng liên hệ với gian hàng trực tiếp qua phần chat khi đơn hàng được giao thành công.Không nhận đổi trả khi sản phẩm bị hư hại do tác động ngoại lực từ người mua như móp, bể, trầy xước, nổ điện, rớt nước, rách tem bảo hành, không đầy đủ phụ kiện và hộp.Các sản phẩm bị khóa tài khoản như Gmail, account… Khách tự chịu phí mở khóa nếu không nhớ mật khẩu.Vì lượng hàng hoá nhiều shop không nhận đổi trả trong trường hợp khách không thích, không ưng màu, chất liệu; quý khách vui lòng đọc kĩ mô tả và xem hình ảnh cụ thể; nếu cần hãy chat với shop để được tư vấn.Giá sản phẩm trên Tiki đã bao gồm thuế theo luật hiện hành. Bên cạnh đó, tuỳ vào loại sản phẩm, hình thức và địa chỉ giao hàng mà có thể phát sinh thêm chi phí khác như phí vận chuyển, phụ phí hàng cồng kềnh, thuế nhập khẩu (đối với đơn hàng giao từ nước ngoài có giá trị trên 1 triệu đồng).....",Tiki,274065081.0,4349000.0,-18%,1.0,Trung Quốc,,,18 Tháng,0.0
https://tiki.vn/dien-thoai-oppo-a18-hang-chinh-hang-p273553649.html?spid=273553653,Điện thoại Oppo A18 - Hàng chính hãng,OPPO,,,,,,,,,,,,,,,,"LƯU Ý KHI MUA HÀNGCảm ơn quý khách đã quan tâm đến sản phẩm bên shop, quý khách vui lòng dành ít thời gian đọc kĩ các thông tin sau:️ Sản phẩm được bao test 7 ngày kể từ ngày nhận được sản phẩm và sẽ được đổi máy mới cùng model hoặc giá trị tương đương sau khi được thẩm định lỗi kĩ thuật.️ Sản phẩm lỗi kĩ thuật được xác nhận bởi trung tâm bảo hành ủy quyền chính hãng (bằng văn bản); khách hàng có thể gửi lại shop để xác nhận lỗi hoặc tới trung tâm bảo hành ủy quyền để thẩm định lỗi.️ Shop hỗ trợ phí vận chuyển trong vòng 7 ngày (kể từ ngày mình nhận hàng), sau 7 ngày shop chỉ hỗ trợ khách bảo hành (phí vận chuyển khách trả)️ Sau 7 ngày bao test, sản phẩm vẫn nhận chính sách bảo hành theo qui định của nhà sản xuất (khách chịu phí vận chuyển tới shop bảo hành hộ hoặc tự đến trung tâm bảo hành).️ Sản phẩm đổi trả phải còn nguyên hộp trùng imei, phụ kiện kèm theo máy không trầy xước, cháy nổ, đứt dây (nếu trầy xước shop không đổi phụ kiện mới)️ Shop nhận đổi trả trong trường hợp hàng sai mẫu, size, màu do shop gửi. Bên shop chỉ giải quyết khiếu nại khi quý khách có video clip khi mở/nhận hàng.️ Trong một số trường hợp sản phẩm đã được kích hoạt bảo hành tham gia chương trình khuyến mãi có giá tốt nhất cho khách hàng. Vui lòng chat với shop để được hỗ trợ thêm thông tin.️ Khách hàng có nhu cầu xuất hóa đơn VAT, vui lòng liên hệ với gian hàng trực tiếp qua phần chat khi đơn hàng được giao thành công.Không nhận đổi trả khi sản phẩm bị hư hại do tác động ngoại lực từ người mua như móp, bể, trầy xước, nổ điện, rớt nước, rách tem bảo hành, không đầy đủ phụ kiện và hộp.Các sản phẩm bị khóa tài khoản như Gmail, account… Khách tự chịu phí mở khóa nếu không nhớ mật khẩu.Vì lượng hàng hoá nhiều shop không nhận đổi trả trong trường hợp khách không thích, không ưng màu, chất liệu; quý khách vui lòng đọc kĩ mô tả và xem hình ảnh cụ thể; nếu cần hãy chat với shop để được tư vấn.Giá sản phẩm trên Tiki đã bao gồm thuế theo luật hiện hành. Bên cạnh đó, tuỳ vào loại sản phẩm, hình thức và địa chỉ giao hàng mà có thể phát sinh thêm chi phí khác như phí vận chuyển, phụ phí hàng cồng kềnh, thuế nhập khẩu (đối với đơn hàng giao từ nước ngoài có giá trị trên 1 triệu đồng).....",Tiki,273553653.0,2659000.0,-28%,1.0,Trung Quốc,,,12 Tháng,0.0
https://tiki.vn/dien-thoai-ulefone-armor-13-pin-khung-pin-13-200mah-ram-8gb-rom-256gb-chong-soc-chong-va-dap-noi-soi-tia-hong-ngoai-tia-lade-loa-to-hoc-online-hang-chinh-hang-p273430216.html?spid=273430217,"Điện thoại Ulefone Armor 13 (pin khủng,pin 13.200mAh, Ram 8Gb,Rom 256Gb,chống sốc,chống va đập,nội soi,tia hồng ngoại,tia lade,loa to,học online)- hàng chính hãng",ULEFONE,,,,,,,,,,,,,,,,"Trong cái hộp1 điện thoại ,cốc sạc,cáp sạc,Cáp OTGBộ chuyển đổi USB sang Type-C, Dán màn hình,Kim SIM,HDSD,PBHGiá sản phẩm trên Tiki đã bao gồm thuế theo luật hiện hành. Bên cạnh đó, tuỳ vào loại sản phẩm, hình thức và địa chỉ giao hàng mà có thể phát sinh thêm chi phí khác như phí vận chuyển, phụ phí hàng cồng kềnh, thuế nhập khẩu (đối với đơn hàng giao từ nước ngoài có giá trị trên 1 triệu đồng).....",Tiki,273430217.0,8980000.0,,,,,,12 Tháng,0.0
https://tiki.vn/dien-thoai-ulefone-armor-22-chong-nuoc-chong-va-dap-man-hinh-giot-nuoc-6-58-inch-ram-8gb-rom-128gb-256gb-the-nho-microsd-len-den-512gb-camera-kep-64mp-64mp-hang-chinh-hang-p273360836.html?spid=273360837,"Điện thoại Ulefone armor 22(chống nước,chống va đập, Màn hình giọt nước 6,58 inch, RAM:8GB,Rom 128GB/256GB,Thẻ nhớ microSD Lên đến 512GB, Camera kép 64MP + 64MP)- hàng chính hãng",ULEFONE,,,,,,,,,,,,,,,,"trong hộp :Điện thoại,Cáp sạc,cốc sạc,Phim bảo vệ (Được cài đặt sẵn) Kính cường lực bảo vệ màn hình, Dây buộc, Kim SIM,HDSD,PBHGiá sản phẩm trên Tiki đã bao gồm thuế theo luật hiện hành. Bên cạnh đó, tuỳ vào loại sản phẩm, hình thức và địa chỉ giao hàng mà có thể phát sinh thêm chi phí khác như phí vận chuyển, phụ phí hàng cồng kềnh, thuế nhập khẩu (đối với đơn hàng giao từ nước ngoài có giá trị trên 1 triệu đồng).....",Tiki,273360837.0,5990000.0,,2.0,,,,12 Tháng,0.0
https://tiki.vn/dien-thoai-samsung-galaxy-a05s-4gb-128gb-hang-chinh-hang-p273186334.html?spid=273550701,Điện thoại Samsung Galaxy A05s 4GB/128GB- Hàng Chính hãng,SAMSUNG,,,,,,,,,,,,,,,,"Thiết kế tràn viền siêu mỏng đẹp mắt với màn hình 6,7 inchCamera 50MP kết hợp cùng bộ đôi camera phụChip Snapdragon 680 ổn định, viên pin khủng 5000mAhlà nhà sản xuất nổi tiếng với những chiếc  chất lượng trong mọi phân khúc từ tầm trung cho đến cao cấp. Mới đây, thương hiệu đã giới thiệu mẫu điện thoại Samsung Galaxy A05S. Thiết bị này có cấu hình mạnh mẽ, ổn định với chip Snapdragon 680, camera 50MP và bộ đôi cam phụ 2MP, màn hình 6.7 inch và viên pin lớn dung lượng tới 5000mAh.Nếu bạn là một Samfans thì chắc chắn không còn xa lạ với những mẫu điện thoại dòng . Với mức giá phải chăng, điện thoại dòng Galaxy A có thể đáp ứng được nhu cầu của hầu hết đối tượng người dùngNhững chiếc điện thoại của Samsung luôn gây ấn tượng với người dùng bởi thiết kế dẫn đầu xu hướng. Galaxy A05S chính hãng nằm trong phân khúc giá tầm trung nhưng nhà sản xuất vẫn rất chú trọng đến thiết kế của nó. Điện thoại có màn hình tràn viền siêu mỏng, kích thước lên tới 6.7 inch. Nhà sản xuất sử dụng thiết kế notch “giọt nước” quen thuộc, vừa đẹp mắt vừa mở rộng không gian hiển thị nội dung cho người dùng. Màn hình của Galaxy A05S chính hãng có độ phân giải Full HD+, hiển thị các hình ảnh rực rỡ, sắc nét.Bên cạnh đó, nhà sản xuất cũng trang bị cho chiếc điện thoại Samsung Galaxy A05S chính hãng tần số quét màn hình 90 Hz. Đây không phải tốc độ làm mới màn hình tối đa nhưng nó vẫn mang đến trải nghiệm mượt, hình ảnh hiển thị trơn tru và phản hồi nhanh chóng. Mặt sau của điện thoại là cụm camera không viền xếp dọc ở góc trên bên trái. Samsung Galaxy A05S chính hãng được hoàn thiện từ chất liệu bền, nhẹ, khi cầm trên tay tạo cảm giác thoải mái và chắc chắn. Nhìn chung, điện thoại Samsung Galaxy A05S chính hãng có vẻ ngoài trẻ trung, nhiều màu sắc hiện đại.Công nghệ chụp ảnh trên những chiếc điện thoại Samsung luôn được người dùng đánh giá cao. Mô-đun camera sau của Samsung Galaxy A05S chính hãng có 3 ống kính. Trong đó bao gồm một cảm biến chính 50MP, hai cảm biến 2MP, và đèn flash LED. Với cụm camera này, người dùng có thể thỏa sức chụp những bức ảnh, ghi lại khoảnh khắc với các chi tiết rõ ràng và màu sắc đẹp mắt. Ngoài ra, ống kính macro còn cho phép người dùng chụp những bức ảnh cận cảnh vật thể, xóa phông đầy nghệ thuật và có chiều sâu hơn.Trong khi đó, mặt trước của điện thoại Samsung Galaxy A05S chính hãng là camera selfie đặt trong phần notch màn hình. Camera selfie có độ phân giải 13MP, hỗ trợ người dùng chụp các bức ảnh “tự sướng” sắc nét. Ngoài ra, bạn cũng có thể sử dụng camera selfie để tham gia vào những cuộc họp trực tuyến hoặc gọi điện video với người thân, bạn bè với chất lượng ổn định nhất.Nằm trong phân khúc giá tầm trung, điện thoại Samsung Galaxy A05S chính hãng được trang bị chip Snapdragon 680. Con chip này mang đến hiệu năng ổn định, mạnh mẽ, để xử lý các tác vụ của người dùng. Bạn có thể thoải mái lướt web, chơi game trên điện thoại mà không gặp phải các tình trạng đơ, giật, lag máy. Ngoài ra, điện thoại cũng đi kèm với RAM 4GB và dung lượng lưu trữ 128GB. Bạn cũng có thể mở rộng thẻ nhớ thông qua khe cắm thẻ MicroSD tiện lợi.
Samsung Galaxy A05S sở hữu viên pin dung lượng 5000mAh. Đây là thời lượng pin tối đa phổ biến trên những chiếc điện thoại Android. Nó có thể cung cấp năng lượng, cho phép người dùng sử dụng điện thoại trong suốt một ngày dài. Nhà sản xuất cũng trang bị công nghệ sạc nhanh công suất 25W để giảm thời gian sạc đầy thiết bị đáng kể. Như vậy, với chiếc điện thoại Samsung Galaxy A05S chính hãng, người dùng có thể trải nghiệm, kết nối mọi lúc, mọi nơi.Giá sản phẩm trên Tiki đã bao gồm thuế theo luật hiện hành. Bên cạnh đó, tuỳ vào loại sản phẩm, hình thức và địa chỉ giao hàng mà có thể phát sinh thêm chi phí khác như phí vận chuyển, phụ phí hàng cồng kềnh, thuế nhập khẩu (đối với đơn hàng giao từ nước ngoài có giá trị trên 1 triệu đồng).....",Tiki,273550701.0,3625000.0,,,,,6.7,1 Năm,0.0
https://tiki.vn/dien-thoai-samsung-a05-4gb-hang-chinh-hang-p273185467.html?spid=273550748,Điện thoại Samsung A05 4GB - hàng chính hãng,SAMSUNG,,,,,,,,,,,,,,,,"Thiết kế cải tiến, màn hình mượt mà, sắc nétMàn hình giọt nước sắc nét, khả năng hiển thị màu sắc chân thựcCamera ấn tượng, tự tin chụp ảnhPin lớn 5000 mAh cho trải nghiệm cả ngày dàiTrong phân khúc giá rẻ, Samsung Galaxy A05 được nhiều người dùng quan tâm và chọn lựa bởi sở hữu nhiều tính năng nổi bật:- 3 phiên bản màu độc đáo, ấn tượng: Xanh Matcha, Bạc và Đen phù hợp với khách hàng ở nhiều độ tuổi khác nhau- Cảm biến vân tay thiết kế ở cạnh bên thiết bị mang đến khả nnawg bảo mật an toàn- Camera xoá phông 2MP cho ảnh chụp chân dung chuyên nghiệp-  Độ phân giải HD+ cho hình ảnh sắc nét, ổn địnhSamsung Galaxy A05 sở hữu thiết kế thời trang và hiệu năng ổn định kết hợp với đó là dung lượng pin trâu mang tới cho người dùng trải nghiệm trọn vẹn nhất. Để biết thêm chi tiết về mẫu điện thoại mới thuộc phân khúc giá rẻ này, mời bạn đọc tham khảo chi tiết bài viết dưới đây.Điện thoại Samsung A05 mang trên mình thiết kế cải tiến giúp mang tới những điểm mới lạ và độc đáo. Toàn bộ khung viền của máy được hoàn thiện bằng chất liệu cao cấp mang tới cảm giác cầm nắm chắc chắn cũng như độ bền cao hơn.Ngoài ra, các góc của điện thoại được bo tròn như phiên bản tiền nhiệm. Độ mỏng tối ưu cùng đường nét tinh tế từ đó gây ấn tượng mạnh mẽ với người dùng người dùng ngay từ cái nhìn đầu tiên.tần số quét lớn cho cho cảm giác vuốt chạm mượt mà trong mọi thao tác.Ngoài ra, màn hình của máy được giữ nguyên thiết kế giọt nước quen thuộc. Bề mặt được bảo vệ bằng kính cường lực mang tới sự quen thuộc cũng như sự an toàn bền bỉ trong thời gian sử dụng. Được sản xuất trên tiến trình 6nm với 8 nhân đảm bảo sức mạnh vượt trội.Đi kèm với con chip ấn tượng, độc đáo là con RAM 4 GB kết hợp với bộ nhớ trong 128 GB cho khả năng nâng cấp tối đa lên tới 1 TB thông qua khe cắm thẻ MicroSD. Từ đó bạn có thể lưu trữ dữ liệu thả ga.Trên phiên bản này, camera cũng được người dùng đánh giá cao với cảm biến chính 50 MP và camera selfie 8MP. Với sự đầu tư này người dùng không chỉ có những bức ảnh có độ phân giải chất lượng hơn, sắc nét hơn mà khả năng thu sáng cũng được cải thiện một cách ấn tượng.Hơn thế nữa, người dùng còn có thể tự tin nhiếp ảnh trong mọi tình huống khác nhau nhờ ống kính chiều sâu 2MP chuyên dụng. Bạn có thể chụp ảnh chân dung xóa phông theo cách chuyên nghiệp nhất.Dung lượng pin lớn cũng là một điểm cộng giúp Samsung Galaxy A05 ghi điểm trong mắt người dùng. Với trang bị viên pin 5000 mAh cùng khả năng tiết kiệm pin một kết tối ưu điện thoại mang tới cho người dùng khả năng sử dụng trong cả ngày dài với các tác vụ như lướt web, nghe nhạc hoặc xem phim.
Ngoài ra điện thoại còn được đồng thời hỗ trợ công nghệ sạc nhanh với công suất 25W. Với Trang bị này bạn có thể tiết kiệm được tối đa thời gian sạc đầy pin pin trên điện thoại.Giá sản phẩm trên Tiki đã bao gồm thuế theo luật hiện hành. Bên cạnh đó, tuỳ vào loại sản phẩm, hình thức và địa chỉ giao hàng mà có thể phát sinh thêm chi phí khác như phí vận chuyển, phụ phí hàng cồng kềnh, thuế nhập khẩu (đối với đơn hàng giao từ nước ngoài có giá trị trên 1 triệu đồng).....",Tiki,273550748.0,3037000.0,,,,,,1 Năm,0.0
https://tiki.vn/dien-thoai-samsung-galaxy-a05s-4gb-128gb-hang-chinh-hang-p272273680.html?spid=273550658,Điện thoại Samsung Galaxy A05s (4GB/128GB) - Hàng chính hãng,SAMSUNG,,,,,,,,,,,,,,5.0,,"Màn hình 6.7 inch nâng cấp với độ phân giải FHD+Thoải thích selfie cùng camera trước 13MPHiệu năng ổn định cùng chip Snapdragon SM 6225Màn hình 6.7 inch và tần số quét 90 Hz siêu chấtSamsung Galaxy A05s 128GB có lẽ sẽ vẫn giữ thiết kế màn hình giọt nước quen thuộc, chứa camera trước và các cảm biến. Đồng thời với màn hình có kích thước 6.7 inch máy cũng sẽ có nhiều không gian hiển thị hơn.Về khả năng quay - chụp, Samsung Galaxy A05s 128GB có lẽ sẽ vẫn giữ độ phân giải 50MP cho camera chính và 2 camera phụ là 2MP. Đây vẫn là mức đủ để người dùng lưu giữ lại những kỉ niệm đáng nhớ dưới nhiều góc độ khác nhau.Đối với camera trước, dự kiến độ phân giải sẽ được nâng cấp lên 13MP. Đây sẽ là cải tiến lớn cho phép người dùng thỏa thích tạo ra những bức ảnh selfie chất lượng, sắc nét hơn. Đồng thời với những người sử dụng chiếc điện thoại này để học tập, làm việc thì việc nâng cấp camera trước cũng mang lại chất lượng hình ảnh của video call tốt hơn.Về cấu hình, dự kiến Samsung Galaxy A05s 128GB sẽ có sự thay đổi so với thế hệ tiền nhiệm Galaxy A04s khi chuyển sang sử dụng chip Snapdragon SM 6225. Sự thay đổi này có thể sẽ cho ra hiệu năng mạnh mẽ hơn, mang đến người dùng trải nghiệm mượt mà và ổn định hơn.Chip sẽ có sự thay đổi tuy nhiên dung lượng RAM vẫn sẽ giữ nguyên ở mức 4GB nhưng dung lượng lưu trữ sẽ được nâng lên 128GB. Do đó người dùng có thể thoải mái đa nhiệm, lưu trữ nhiều hình ảnh, thước phim, dữ liệu, phục vụ cho mục đích làm việc, học tập và giải trí hằng ngày.Khi sử dụng bạn sẽ được trải nghiệm màn hình với thiết kế giọt nước quen thuộc. Đi cùng với thiết kế là kích thước 6.7 inch kết hợp với viền màn siêu mỏng. Từ đó giúp cho không gian hiển thị rộng hơn. Độ phân giải Full HD+ siêu chất lượng cho hình ảnh vô cùng sắc nét.Giá sản phẩm trên Tiki đã bao gồm thuế theo luật hiện hành. Bên cạnh đó, tuỳ vào loại sản phẩm, hình thức và địa chỉ giao hàng mà có thể phát sinh thêm chi phí khác như phí vận chuyển, phụ phí hàng cồng kềnh, thuế nhập khẩu (đối với đơn hàng giao từ nước ngoài có giá trị trên 1 triệu đồng).....",Tiki,273550658.0,3625000.0,,2.0,,,,1 Năm,1.0
https://tiki.vn/dien-thoai-oppo-a58-6gb-128gb-sac-nhanh-33w-hang-chinh-hang-p271954384.html?spid=271954388,"Điện thoại OPPO A58 6GB/128GB , Sạc nhanh 33W - Hàng Chính Hãng",OPPO,,,,5000.0,,,,,6.0,,128.0,,,5.0,,"Phong cách thời trang, mặt lưng trang nhãOPPO A58 màn hình Full HD+ rộng tới 6.72 inchChế độ âm thanh nổi, sống động từng tiết tấuPin 5.000 mAh mạnh mẽ, sạc SuperVOOC siêu nhanh trên OPPO A58Chip hiệu suất cao, phản hồi cực mượtTrải nghiệm camera kép 50MP với sự hỗ trợ từ AI trên OPPO A58ColorOS đẹp mắt, thân thiện, bảo mật tốtKhông chỉ ghi điểm nhờ thiết kế thanh lịch mà độc đáo, OPPO A58 còn thể hiện sự xuất sắc với màn hình rộng 6.72 inch Full HD, loa âm thanh nổi sống động, pin 5.000 mAh mạnh mẽ cùng chế độ sạc SuperVOOC 33W siêu tốc. Hệ thống camera kép 50MP hỗ trợ bởi AI sẽ cho bạn những khuôn hình ưng ý trong mọi khoảnh khắc.OPPO A58 dễ dàng gây ấn tượng với người dùng từ những khoảnh khắc đầu tiên. Chiếc điện thoại thể hiện sự thanh lịch ở cả hai mặt trước - sau. Sản phẩm sử dụng màn hình bấm lỗ với kết cấu tràn viền đẹp mắt, mặt lưng được hoàn thiện kỳ công với họa tiết nhám mờ chạy dọc, mang tới cảm quan như một dải lụa satin sang trọng.Nhờ cách chế tác khéo léo của OPPO, bạn sẽ cảm nhận rõ độ nhám trên mặt lưng chiếc điện thoại khi cầm nắm, đây cũng là yếu tố hạn chế lưu mồ hôi và dấu vân tay trong quá trình sử dụng. OPPO A58 mang tới hai tùy chọn màu sắc để bạn lựa chọn là Xanh và Đen.Với trọng tâm là tấm nền IPS LCD cho khả năng diễn đạt màu sắc trong trẻo, chân thực, OPPO A58 sẽ trải rộng trước tầm mắt bạn một không gian hiển thị rộng tới 6.72 inch hết sức đã mắt. Màn hình này đạt độ sáng tối đa 680 nits, có độ phân giải Full HD+ (1.080 x 2.400 pixels), thể hiện độ chi tiết tốt trong thực tế và phù hợp với mọi nội dung giải trí.Với độ phủ màu lên tới 100% DCI-P3 và 100% sRGB, OPPO A58 có thể diễn đạt được tới 16.7 triệu gam màu sống động. Nhờ việc đưa camera selfie vào trong màn hình theo dạng bấm lỗ, màn hình sản phẩm chiếm lĩnh tới 91.4% mặt trước thiết bị. Nhờ vậy, OPPO A58 vẫn giữ được thân máy gọn gàng dù sở hữu không gian hiển thị lớn.Hệ thống loa âm thanh nổi với sự kết hợp của nhiều loa ngoài đặt ở các vị trí khác nhau trên thân máy sẽ giúp OPPO A58 thể hiện chất âm đã tai khi chúng ta nghe nhạc, xem phim, hoặc thưởng thức các nội dung giải trí. So với thế hệ tiền nhiệm, âm lượng tối đa của sản phẩm đã lớn hơn 40%.Đặc biệt, khi muốn thưởng thức nhạc ở những nơi quá ồn ào, bạn có thể kích hoạt chế độ siêu âm lượng - tăng gấp đôi công suất cho tai nghe hoặc gấp ba công suất nếu nghe nhạc bằng loa ngoài.Pin là một trong những thế mạnh nổi bật của OPPO A58. Sản phẩm có thể gọi điện liên tục trong 32 tiếng hoặc xem video xuyên suốt 16 giờ không nghỉ. Với sự hỗ trợ của viên pin 5.000 mAh kết hợp cùng chế độ tiết kiệm năng lượng, chiếc điện thoại sẽ luôn sẵn sàng phục vụ trải nghiệm của bạn suốt ngày dài.Không chỉ vậy, sản phẩm được tích hợp công nghệ sạc SuperVOOC do OPPO phát triển độc quyền, cho tốc độ sạc siêu nhanh mà vẫn đảm bảo an toàn mọi lúc. Công suất 33W cho phép tái tạo tới 52% pin cho thiết bị chỉ trong nửa tiếng. Vào những lúc cần kíp, bạn chỉ cần sạc máy trong 5 phút là có thể gọi điện hơn 3 giờ đồng hồ.OPPO A58 sử dụng chip Helio G85 với tám nhân xung nhịp 2.0GHz - một trong những bộ vi xử lý nổi bật của MediaTek trong phân khúc tầm trung. Bạn sẽ thoải mái lướt web, trải nghiệm mạng xã hội và chơi những tựa game được yêu thích nhất hiện nay.Trải nghiệm đa nhiệm trên OPPO A58 đảm bảo độ mượt mà khi thiết bị sở hữu tới 6GB RAM, kết hợp cùng cơ chế RAM ảo để gia tăng hiệu suất khi cần. Bộ nhớ trong 128GB đủ để lưu trữ dữ liệu cơ bản trong nhiều năm sử dụng.Sử dụng camera kép 50MP + 2MP, OPPO A58 dễ dàng mang tới những khuôn hình chất lượng với sự hỗ trợ từ công nghệ AI. Mỗi bức ảnh chụp từ thiết bị đều cho thấy độ sắc sảo, chi tiết, khả năng tái tạo màu sắc tốt và diễn đạt trung thực mọi yếu tố trong bối cảnh chụp.Ngoài ra, sản phẩm còn thừa hưởng những công nghệ chụp chân dung làm nên tên tuổi của OPPO với hiệu ứng xóa phông chỉnh xác nhằm tôn lên chủ thể khuôn hình. Cảm nhận ảnh chụp mà OPPO A58 mang lại tương tự như khi chúng ta sử dụng DSLR.OPPO A58 được cài đặt hệ điều hành ColorOS 13.1 - vốn rất nổi tiếng về giao diện nịnh mắt, dễ dùng và thân thiện với người sử dụng. Đặc biệt, nền tảng này còn được tối ưu độ bảo mật khi có thể xóa mọi thông tin định vị và dữ liệu ảnh chụp khỏi tệp hoặc video mà bạn chia sẻ.Giá sản phẩm trên Tiki đã bao gồm thuế theo luật hiện hành. Bên cạnh đó, tuỳ vào loại sản phẩm, hình thức và địa chỉ giao hàng mà có thể phát sinh thêm chi phí khác như phí vận chuyển, phụ phí hàng cồng kềnh, thuế nhập khẩu (đối với đơn hàng giao từ nước ngoài có giá trị trên 1 triệu đồng).....",Tiki,271954388.0,3999000.0,-20%,2.0,Trung Quốc,,,12 Tháng,1.0
https://tiki.vn/dien-thoai-chac-chan-ulefone-armor-x13-ram-6gb-rom-64gb-chong-nuoc-chong-va-dap-ip68-ip69k-android-13-cpu-mediatek-helio-g36-octa-core-man-hinh-6-52-inch-mang-4g-nfc-otg-hang-chinh-hang-p271730109.html?spid=271730110,"Điện thoại chắc chắn Ulefone Armor X13, (Ram 12GB(6Gb+6Gb),Rom 64GB,chống nước,chống va đập IP68/IP69K, Android 13,CPU MediaTek Helio G36 Octa Core,Màn hình 6,52 inch, Mạng: 4G, NFC,OTG)-hàng chính hãng",ULEFONE,,,,,,,,,,,,,,5.0,,"Màn hình: 6,52 inch, 720 x 1600 HD+, 20:9, 269PPIAndroid 13CPU: MediaTek Helio G36 8 nhânRAM 12GB(6GB +6GB),Rom 64GB,thẻ nhớ 256GB (không bao gồm)Mở khóa: ID vân tay & Mở khóa bằng khuôn mặtIP68/IP69K/MIL-STD-810HPin Li-polymer 6320mAh,Sạc: 10W, 5V/2AUSB: Type-C, 2.0,Giắc cắm tai nghe: 3,5 mmCamera sau: Chính 50MP,Camera quan sát ban đêm 24MPCamera trước: 8MPTính năng đặc biệt: Chế độ bình thường, Chế độ nhìn ban đêm, Chân dung, Chế độ ban đêm, Chế độ làm đẹp, Gif, Pro Chế độ, Chế độ toàn cảnh, UHD, Chuyển động chậm, Tua nhanh thời gian, Quét thông minh; Mặt trước: Chế độ bình thường, Chân dung, Chế độ làm đẹp, Gif3Khe cắm thẻ:Nano-SIM,Nano-SIM,microSDBên phải: Nút nguồn (Vân tay) + Nút âm lượng , Bên trái: Phím tùy chỉnhDài 173mm,rộng 83mm,dày13,55 mm,nặng 300gMạng :2,3,4GVoLTE: Hỗ trợ,WiFi: 2.4G/5G, 802.11 a/ac/b/g/nBluetooth: BT5.0GPS/GLONASS/Beidou/GalileoỨNG DỤNG được cài đặt sẵn: Trợ lý Google, Máy tính, Lịch Google, Máy ảnh, Chrome, Đồng hồ, Danh bạ, Google Drive, Tệp của Google, Tìm thiết bị, Đài FM, Gmail, Google, Cửa hàng Google Play, Google TV, Google Maps, Google Meet, Google Messages, Mobile Guardian, Hộp công cụ ngoài trời, An toàn cá nhân, Điện thoại, Google Photos, Trung tâm dịch vụ, Cài đặt, Bộ công cụ SIM, Máy ghi âm, Chủ đề, Youtube, Youtube Music 2.Đa Ngôn ngữ:có Tiếng ViệtĐài FM: Hỗ trợ, đài FM không cần tai ngheCảm biến: Cảm biến,trọng lực,ánh sáng,gia tốc, ,địa từCác tính năng đặc biệt: Camera dưới nước, Chế độ găng tay, Hộp công cụ kỹ thuật số, Máy đo chiều cao, Campass, Máy đo độ dốc, Đèn pin, Tranh treo, Kính lúp, Chuông báo thức, Dây dọi, Thước đo góc, Kiểm tra tiếng ồnChức năng OTG,NFC:Trong cái hộp:Điện thoại,cốc sạc,Cáp sạc,Phim bảo vệ (Đã cài đặt sẵn), Kính cường lực ,chọt SIM,Dây buộc,HDSD,PBHGiá sản phẩm trên Tiki đã bao gồm thuế theo luật hiện hành. Bên cạnh đó, tuỳ vào loại sản phẩm, hình thức và địa chỉ giao hàng mà có thể phát sinh thêm chi phí khác như phí vận chuyển, phụ phí hàng cồng kềnh, thuế nhập khẩu (đối với đơn hàng giao từ nước ngoài có giá trị trên 1 triệu đồng).....",Tiki,271730110.0,4390000.0,,7.0,,,,12 Tháng,2.0
https://tiki.vn/dien-thoai-samsung-galaxy-a34-5g-8gb-128gb-xanh-hang-chinh-hang-p249178196.html?spid=262512882,Điện thoại Samsung Galaxy A34 5G 8GB/128GB Xanh - Hàng chính hãng,SAMSUNG,,,,,,,,,,1080x2408,,,,,,"Giá sản phẩm trên Tiki đã bao gồm thuế theo luật hiện hành. Bên cạnh đó, tuỳ vào loại sản phẩm, hình thức và địa chỉ giao hàng mà có thể phát sinh thêm chi phí khác như phí vận chuyển, phụ phí hàng cồng kềnh, thuế nhập khẩu (đối với đơn hàng giao từ nước ngoài có giá trị trên 1 triệu đồng).....",Tiki,262512882.0,7164000.0,,,,Type-C,,1 Năm,0.0
https://tiki.vn/dien-thoai-samsung-galaxy-a34-5g-8gb-128gb-den-hang-chinh-hang-p249169833.html?spid=262512883,Điện thoại Samsung Galaxy A34 5G 8GB/128GB Đen - Hàng chính hãng,SAMSUNG,,,,,,,,,,1080x2408,,,,,,"Giá sản phẩm trên Tiki đã bao gồm thuế theo luật hiện hành. Bên cạnh đó, tuỳ vào loại sản phẩm, hình thức và địa chỉ giao hàng mà có thể phát sinh thêm chi phí khác như phí vận chuyển, phụ phí hàng cồng kềnh, thuế nhập khẩu (đối với đơn hàng giao từ nước ngoài có giá trị trên 1 triệu đồng).....",Tiki,262512883.0,7164000.0,,,,Type-C,,1 Năm,0.0
https://tiki.vn/dien-thoai-samsung-galaxy-a34-5g-8gb-128gb-hang-chinh-hang-da-kich-hoat-bao-hanh-dien-tu-p249143473.html?spid=252536621,Điện thoại Samsung Galaxy A34 5G (8GB/128GB) - Hàng chính hãng - ĐÃ KÍCH HOẠT BẢO HÀNH ĐIỆN TỬ,SAMSUNG,,,,,,,,,8.0,1080x2340,128.0,,,,,"Được giới thiệu vào tháng 03/2023, Samsung Galaxy A34 5G 128GB là một lựa chọn đáng chú ý trong thị trường điện thoại Android tầm trung. Với kết nối 5G tiên tiến và hiệu suất đáng tin cậy, sản phẩm hứa hẹn mang lại trải nghiệm mượt mà và thú vị cho người dùng.Tạo hình sang trọng đầy hiện đạiVới thiết kế đẹp và hiện đại, Galaxy A34 5G có mặt lưng nhẵn làm từ nhựa cao cấp và cụm camera được bố trí đối xứng theo một hàng dọc đầy bắt mắt. Nhờ sử dụng vật liệu nhựa giúp máy trở nên nhẹ hơn và cảm thấy thoải mái khi cầm nắm.Màn hình của Galaxy A34 5G có thiết kế giọt nước tinh tế và viền màn hình được tối ưu hóa, tạo ra cảm giác thoải mái khi nhìn và dễ dàng sử dụng.Màn hình hiển thị tươi mới, rực rỡGalaxy A34 5G trang bị màn hình Super AMOLED kích thước 6.6 inch với thiết kế notch dạng chữ U, đi kèm với độ phân giải Full HD+ giúp hiển thị hình ảnh sắc nét, chân thực và màu sắc trung thực.Bên cạnh đó, tần số quét 120 Hz giúp các thao tác chạm vuốt trên màn hình được thực hiện một cách mượt mà và phản hồi nhanh hơn, mang đến trải nghiệm thị giác tuyệt vời cho người dùng.Hiệu năng đáng gờm trong phân khúcGalaxy A34 5G được trang bị bộ vi xử lý MediaTek Dimensity 1080, chip có thể hoạt động lên đến tốc độ tối đa 2.2 GHz, điều này tạo nên một hiệu năng mạnh mẽ giúp thực hiện các tác vụ hằng ngày một cách mượt mà và nhanh chóng.Không chỉ thế, thiết bị này còn là điện thoại RAM 8 GB với khả năng đa nhiệm tối ưu, cho phép bạn mở đồng thời nhiều ứng dụng mà không gặp tình trạng chậm lại hay phải tải lại từ đầu sau khi đa nhiệm ứng dụng một thời gian dài.Chụp lại mọi khung cảnh được sắc nétỞ Galaxy A34 5G, bạn sẽ tìm thấy ba camera ở mặt sau, bao gồm camera chính 48 MP, camera siêu rộng 8 MP và camera macro 5 MP. Nhờ sự kết hợp của chúng, chiếc điện thoại Samsung này mang đến nhiều chế độ chụp ảnh đầy thú vị, mỗi bức ảnh chụp từ máy đều sắc nét và tươi sáng với độ chi tiết tốt.Ngoài ra, ở mặt trước của Galaxy A34 5G sẽ có một camera selfie 13 MP cùng góc chụp rộng, cho phép bạn chụp ảnh chất lượng cao và đầy màu sắc. Hơn nữa, tính năng chụp ảnh ban đêm và quay chuyển động siêu chậm còn làm tăng thêm sự thú vị khi sử dụng chiếc điện thoại này để chụp ảnh.Thoải mái dùng cho cả ngày dàiBên trong của chiếc điện thoại Galaxy A34 5G này, bạn sẽ tìm thấy viên pin có dung lượng lớn lên tới 5000 mAh, nó giúp cho thời gian sử dụng của máy có thể kéo dài suốt cả ngày để bạn không cần quá lo lắng đến việc sạc pin.Bên cạnh đó, điện thoại còn được trang bị tính năng sạc nhanh với công suất tối đa lên tới 25 W giúp bạn nhanh chóng sạc đầy pin lại mỗi khi cần thiết.Được thiết kế để cung cấp kết nối 5G và tính năng nổi bật với giá cả phải chăng. Với vẻ bề ngoài sang trọng, khả năng chụp ảnh đáng kinh ngạc và hiệu suất ấn tượng, Galaxy A34 5G có thể là sự lựa chọn lý tưởng cho những người muốn sở hữu một thiết bị 5G với các tính năng chất lượng cao.Giá sản phẩm trên Tiki đã bao gồm thuế theo luật hiện hành. Bên cạnh đó, tuỳ vào loại sản phẩm, hình thức và địa chỉ giao hàng mà có thể phát sinh thêm chi phí khác như phí vận chuyển, phụ phí hàng cồng kềnh, thuế nhập khẩu (đối với đơn hàng giao từ nước ngoài có giá trị trên 1 triệu đồng).....",Tiki,252536621.0,7164000.0,,,Việt Nam,Type-C,6.6,1 Năm,0.0
https://tiki.vn/dien-thoai-samsung-galaxy-a34-5g-8gb-128gb-hang-chinh-hang-p247730209.html?spid=248784132,Điện thoại Samsung Galaxy A34 5G (8GB/128GB) - Hàng chính hãng,SAMSUNG,,,,,,,,,,,,,,,,"Giá sản phẩm trên Tiki đã bao gồm thuế theo luật hiện hành. Bên cạnh đó, tuỳ vào loại sản phẩm, hình thức và địa chỉ giao hàng mà có thể phát sinh thêm chi phí khác như phí vận chuyển, phụ phí hàng cồng kềnh, thuế nhập khẩu (đối với đơn hàng giao từ nước ngoài có giá trị trên 1 triệu đồng).....",Tiki,248784132.0,7164000.0,,3.0,,,,1 Năm,0.0
https://tiki.vn/dien-thoai-xiaomi-redmi-a5-3gb-64gb-hang-chinh-hang-p277877804.html?spid=277877810,Điện thoại Xiaomi Redmi A5 (3GB/64GB) - Hàng chính hãng,XIAOMI,,,,,,,,,,,,,,,,"LƯU Ý KHI MUA HÀNGCảm ơn quý khách đã quan tâm đến sản phẩm bên shop, quý khách vui lòng dành ít thời gian đọc kĩ các thông tin sau:️ Sản phẩm được bao test 7 ngày kể từ ngày nhận được sản phẩm và sẽ được đổi máy mới cùng model hoặc giá trị tương đương sau khi được thẩm định lỗi kĩ thuật.️ Sản phẩm lỗi kĩ thuật được xác nhận bởi trung tâm bảo hành ủy quyền chính hãng (bằng văn bản); khách hàng có thể gửi lại shop để xác nhận lỗi hoặc tới trung tâm bảo hành ủy quyền để thẩm định lỗi.️ Shop hỗ trợ phí vận chuyển trong vòng 7 ngày (kể từ ngày mình nhận hàng), sau 7 ngày shop chỉ hỗ trợ khách bảo hành (phí vận chuyển khách trả)️ Sau 7 ngày bao test, sản phẩm vẫn nhận chính sách bảo hành theo quy định của nhà sản xuất (khách chịu phí vận chuyển tới shop bảo hành hộ hoặc tự đến trung tâm bảo hành).️ Sản phẩm đổi trả phải còn nguyên hộp trùng imei, phụ kiện kèm theo máy không trầy xước, cháy nổ, đứt dây (nếu trầy xước shop không đổi phụ kiện mới)️ Shop nhận đổi trả trong trường hợp hàng sai mẫu, size, màu do shop gửi. Bên shop chỉ giải quyết khiếu nại khi quý khách có video clip khi mở/nhận hàng.️ Trong một số trường hợp sản phẩm đã được kích hoạt bảo hành tham gia chương trình khuyến mãi có giá tốt nhất cho khách hàng. Vui lòng chat với shop để được hỗ trợ thêm thông tin.️ Khách hàng có nhu cầu xuất hóa đơn VAT, vui lòng liên hệ với gian hàng trực tiếp qua tin nhắn hoặc chat với Shop khi đơn hàng được giao thành công.Không nhận đổi trả khi sản phẩm bị hư hại do tác động ngoại lực từ người mua như móp, bể, trầy xước, nổ điện, rớt nước, rách tem bảo hành, không đầy đủ phụ kiện và hộp.Các sản phẩm bị khóa tài khoản như Gmail, account… Khách tự chịu phí mở khóa nếu không nhớ mật khẩu.Vì lượng hàng hoá nhiều shop không nhận đổi trả trong trường hợp khách không thích, không ưng màu, chất liệu; quý khách vui lòng đọc kĩ mô tả và xem hình ảnh cụ thể; nếu cần hãy chat với shop để được tư vấn.Giá sản phẩm trên Tiki đã bao gồm thuế theo luật hiện hành. Bên cạnh đó, tuỳ vào loại sản phẩm, hình thức và địa chỉ giao hàng mà có thể phát sinh thêm chi phí khác như phí vận chuyển, phụ phí hàng cồng kềnh, thuế nhập khẩu (đối với đơn hàng giao từ nước ngoài có giá trị trên 1 triệu đồng).....",Tiki,277877810.0,2569000.0,-8%,,Trung Quốc,,,,0.0
https://tiki.vn/dien-thoai-xiaomi-redmi-note-14-pro-5g-8gb-256gb-hang-chinh-hang-p277857825.html?spid=277857829,Điện thoại Xiaomi Redmi Note 14 Pro 5G (8GB/256GB) - Hàng chính hãng,XIAOMI,,,,,,,,,,,,,,,,"LƯU Ý KHI MUA HÀNGCảm ơn quý khách đã quan tâm đến sản phẩm bên shop, quý khách vui lòng dành ít thời gian đọc kĩ các thông tin sau:️ Sản phẩm được bao test 7 ngày kể từ ngày nhận được sản phẩm và sẽ được đổi máy mới cùng model hoặc giá trị tương đương sau khi được thẩm định lỗi kĩ thuật.️ Sản phẩm lỗi kĩ thuật được xác nhận bởi trung tâm bảo hành ủy quyền chính hãng (bằng văn bản); khách hàng có thể gửi lại shop để xác nhận lỗi hoặc tới trung tâm bảo hành ủy quyền để thẩm định lỗi.️ Shop hỗ trợ phí vận chuyển trong vòng 7 ngày (kể từ ngày mình nhận hàng), sau 7 ngày shop chỉ hỗ trợ khách bảo hành (phí vận chuyển khách trả)️ Sau 7 ngày bao test, sản phẩm vẫn nhận chính sách bảo hành theo quy định của nhà sản xuất (khách chịu phí vận chuyển tới shop bảo hành hộ hoặc tự đến trung tâm bảo hành).️ Sản phẩm đổi trả phải còn nguyên hộp trùng imei, phụ kiện kèm theo máy không trầy xước, cháy nổ, đứt dây (nếu trầy xước shop không đổi phụ kiện mới)️ Shop nhận đổi trả trong trường hợp hàng sai mẫu, size, màu do shop gửi. Bên shop chỉ giải quyết khiếu nại khi quý khách có video clip khi mở/nhận hàng.️ Trong một số trường hợp sản phẩm đã được kích hoạt bảo hành tham gia chương trình khuyến mãi có giá tốt nhất cho khách hàng. Vui lòng chat với shop để được hỗ trợ thêm thông tin.️ Khách hàng có nhu cầu xuất hóa đơn VAT, vui lòng liên hệ với gian hàng trực tiếp qua tin nhắn hoặc chat với Shop khi đơn hàng được giao thành công.Không nhận đổi trả khi sản phẩm bị hư hại do tác động ngoại lực từ người mua như móp, bể, trầy xước, nổ điện, rớt nước, rách tem bảo hành, không đầy đủ phụ kiện và hộp.Các sản phẩm bị khóa tài khoản như Gmail, account… Khách tự chịu phí mở khóa nếu không nhớ mật khẩu.Vì lượng hàng hoá nhiều shop không nhận đổi trả trong trường hợp khách không thích, không ưng màu, chất liệu; quý khách vui lòng đọc kĩ mô tả và xem hình ảnh cụ thể; nếu cần hãy chat với shop để được tư vấn.Giá sản phẩm trên Tiki đã bao gồm thuế theo luật hiện hành. Bên cạnh đó, tuỳ vào loại sản phẩm, hình thức và địa chỉ giao hàng mà có thể phát sinh thêm chi phí khác như phí vận chuyển, phụ phí hàng cồng kềnh, thuế nhập khẩu (đối với đơn hàng giao từ nước ngoài có giá trị trên 1 triệu đồng).....",Tiki,277857829.0,7499000.0,-21%,,Trung Quốc,,,,0.0
https://tiki.vn/dien-thoai-xiaomi-redmi-note-14-5g-8gb-256gb-hang-chinh-hang-p277811118.html?spid=277811124,"Điện thoại Samsung Galaxy A26 5G (8/128GB), Mặt lưng kính, AI-Circle to Search, Camera HDR chụp đêm sáng rõ - Hàng chính hãng",SAMSUNG,,,,5110.0,,,IMG BXM-8-256,,8.0,,256.0,,,,,"Điện Thoại Xiaomi Redmi Note 14 5G 8GB/256GB - Hàng Chính HãngBộ sản phẩm bao gồm: Bộ sạc, cáp USB Type-C, dụng cụ tháo sim, ốp bảo vệ, hướng dẫn sử dụng.Trải nghiệm hình ảnh sống động- Trang bị màn hình AMOLED 6.67 inch độ phân giải 1080 x 2400 pixels, mang đến màu sắc rực rỡ, độ tương phản cao và hình ảnh sắc nét.- Bên cạnh đó, tần số quét 120Hz cao, giúp việc cuộn qua các ứng dụng, trang web, mạng xã hội trở nên mượt mà và trôi chảy. Các hình ảnh động xuất hiện tự nhiên hơn và khả năng phản hồi tổng thể của điện thoại được nâng cao đáng kể.Hiệu năng mạnh mẽ, mượt mà- Trang bị vi xử lý MediaTek Dimensity 7025-Ultra kết hợp cùng ram 8GB, giúp máy xử lý mượt mà mọi tác vụ. Dù duyệt web, sử dụng mạng xã hội hay chơi game nặng, thiết bị vẫn đảm bảo phản hồi nhanh, chuyển đổi ứng dụng liền mạch mà không gặp tình trạng giật lag.Camera ấn tượng sắc nét- Sở hữu hệ thống camera ấn tượng với camera chính 108 MP, hứa hẹn sẽ chụp những bức ảnh tuyệt đẹp với độ chi tiết và rõ nét vượt trội, cho phép bạn lưu giữ những kỷ niệm của mình với chất lượng sống động, ngay cả trong điều kiện ánh sáng khó khăn.- Camera macro 2MP, cho phép bắt trọn những chi tiết nhỏ mà mắt thường khó thấy. Ngoài ra, camera góc siêu rộng 8MP giúp bạn thu trọn cảnh vật rộng lớn, chụp ảnh nhóm dễ dàng hay ghi lại những công trình kiến trúc hoành tráng với góc nhìn ấn tượng hơn.- Ở mặt trước, camera 20MP với thuật toán làm đẹp đảm bảo ảnh selfie của bạn sắc nét và sống động, với các cải tiến tích hợp giúp bạn trông đẹp nhất.Pin trâu, sạc nhanh, bền bỉ theo thời gian- Trang bị viên pin lớn 5110mAh giúp người dùng thoải mái sử dụng cả ngày mà không lo gián đoạn. Ngoài ra máy còn được trang bị công nghệ sạc nhanh 45W đảm bảo thiết bị luôn sẵn sàng hoạt động mà không mất nhiều thời gian chờ đợi.Điện Thoại Xiaomi Redmi Note 14 5G 8GB/256GB - Hàng Chính HãngCảm ơn quý khách đã quan tâm đến sản phẩm bên shop, quý khách vui lòng dành ít thời gian đọc kĩ chính sách bảo hành đổi trả:- Sản phẩm được bao test 7 ngày kể từ ngày nhận được sản phẩm và sẽ được đổi máy mới cùng model hoặc giá trị tương đương sau khi được thẩm định lỗi kĩ thuật.- Sản phẩm lỗi kĩ thuật được xác nhận bởi trung tâm bảo hành ủy quyền chính hãng (bằng văn bản); khách hàng có thể gửi lại shop để xác nhận lỗi hoặc tới trạm bảo hành gần nhất để thẩm định lỗi.- Sản phẩm đổi trả phải còn nguyên hiện trạng máy không trầy xước, không bể vỡ, vô nước, gãy chân sim, khung thẻ nhớ… (tất cả các tác động ngoại lực từ phía khách hàng đều TỪ CHỐI BẢO HÀNH)- Sản phẩm đổi trả phải còn nguyên hộp trùng imei, phụ kiện kèm theo máy không trầy xước, cháy nổ, đứt dây (nếu trầy xước shop không đổi phụ kiện mới)- Sau 7 ngày bao test, sản phẩm vẫn nhận chính sách bảo hành 18 tháng kể từ ngày kích hoạt bảo hành (khách chịu phí vận chuyển tới shop bảo hành hộ hoặc tự đến trung tâm bảo hành gần nhất để được hỗ trợ)- Trong một số trường hợp sản phẩm đã được kích hoạt bảo hành điện tử để tham gia chương trình khuyến mãi có giá tốt cho khách hàng. Vui lòng chat với nhân viên tư vấn để được hỗ trợ thêm thông tin.- Sản phẩm bị TỪ CHỐI BẢO HÀNH khi cháy nổ, bể vỡ, tác động ngoại lực vào thân và bên trong máy, có thay đổi sửa chữa bên ngoài.- Các sản phẩm bị khóa tài khoản như Gmail, Samsung account… Khách tự chịu phí mở khóa nếu không nhớ mật khẩu.Điện Thoại Xiaomi Redmi Note 14 5G 8GB/256GB - Hàng Chính Hãng#honghanhmobile #honghanhmobilemall #hhm #dienthoaichinhhanghonghanh #xiaomi_redmi_note_14_5g #redmi_note_14_5g #note_14_5g #điện_thoại #dienthoai #di_động #didong #điện_thoại_di_động #dien_thoai_di_dong #điện_thoại_chính_hãng #hàng_chính_hãng #điện_thoại_giá_rẻ #dien_thoai_gia_re #giá_rẻ #khuyen_mai #freeship #mobile #smartphone #điện_thoại_xiaomi #xiaomiGiá sản phẩm trên Tiki đã bao gồm thuế theo luật hiện hành. Bên cạnh đó, tuỳ vào loại sản phẩm, hình thức và địa chỉ giao hàng mà có thể phát sinh thêm chi phí khác như phí vận chuyển, phụ phí hàng cồng kềnh, thuế nhập khẩu (đối với đơn hàng giao từ nước ngoài có giá trị trên 1 triệu đồng).....",Tiki,277811124.0,6990000.0,,1.0,Trung Quốc,Type-C,6.67,18 Tháng,0.0
https://tiki.vn/dien-thoai-samsung-galaxy-a26-5g-8-128gb-mat-lung-kinh-ai-circle-to-search-camera-hdr-chup-dem-sang-ro-hang-chinh-hang-p277777809.html?spid=277777811,Điện thoại Oppo A3 (8GB/256GB) - Hàng chính hãng,OPPO,,,,5000.0,13MP,50+8+2MP,Mali-G68,,8.0,1080x2340,128.0,,,5.0,,"Điện thoại Samsung Galaxy A26 5G (8/128GB) -
Awesome Intelligence - Circle to Search - Chụp nét tìm nhanh, bắt trend càng xịnThông số kỹ thuật

Màn Hình
- Công nghệ màn hình: Super AMOLED
- Độ phân giải: 1080 x 2340 (FHD+)
- Kích thước: 6.7 inch
- Tần số quét: 120Hz
- Độ sáng tối đa: 800 nits
- Mặt kính cảm ứng: Gorilla Glass Victus

Camera sau
- Độ phân giải: 50+8+2MP
- Quay phim: UHD 4K (3840 x 2160)@30fps | Quay chậm: 480fps @HD,240fps
- TÍnh năng: Zoom quang học 10x, Chụp ban đêm, Chụp toàn cảnh Panorama, Chụp một chạm, Chụp làm đẹp, Chụp chuyên nghiệp, Chế độ quay chuyển động chậm, Chế độ quay chuyển động trôi nhanh.

Camera trước
- Độ phân giải: 13MP
- Tính năng: Chụp làm đẹp, Chụp chân dung

Hệ điều hành & CPU
- Hệ điều hành: Android 15
- CPU: Exynos 1380 (Quartz)
- Tốc độ CPU: 2.4GHz,2GHz, Octa-Core
- Chip đồ họa (GPU): Mali-G68

Bộ nhớ & Lưu trữ
- RAM: 8GB
- Bộ nhớ trong: 128GB
- Bộ nhớ còn lại (khả dụng) khoảng: 106.5GB
- Thẻ nhớ: MicroSD (Up to 2TB)

Kết nối
- Mạng di động: Hỗ trợ 5G
- Sim: 1 SIM + 1 khe đa năng (1 SIM or MicroSD)

Pin và sạc
- Dung lượng pin: 5000 mAh
- Công nghệ pin: Sạc nhanh
- Hỗ trợ sạc tối đa: 25W

Thông tin chung
- Thiết kế: Nguyên khối
- Chất liệu khung viền: Nhựa
- Chất liệu mặt lưng máy: Kính cường lực Gorilla Glass
- Kích thước: 164.0 x 77.5 x 7.7 mm
- Khối lượng: 200gGiá sản phẩm trên Tiki đã bao gồm thuế theo luật hiện hành. Bên cạnh đó, tuỳ vào loại sản phẩm, hình thức và địa chỉ giao hàng mà có thể phát sinh thêm chi phí khác như phí vận chuyển, phụ phí hàng cồng kềnh, thuế nhập khẩu (đối với đơn hàng giao từ nước ngoài có giá trị trên 1 triệu đồng).....",Tiki,277777811.0,5729000.0,-12%,,Việt Nam,,,12 Tháng,1.0
https://tiki.vn/dien-thoai-oppo-a3-8gb-256gb-hang-chinh-hang-p277776768.html?spid=277776770,Điện thoại Realme Note 60 (4GB/64GB) - Hàng chính hãng,REALME,,,,,,,,,,,,,,,,"LƯU Ý KHI MUA HÀNGCảm ơn quý khách đã quan tâm đến sản phẩm bên shop, quý khách vui lòng dành ít thời gian đọc kĩ các thông tin sau:️ Sản phẩm được bao test 7 ngày kể từ ngày nhận được sản phẩm và sẽ được đổi máy mới cùng model hoặc giá trị tương đương sau khi được thẩm định lỗi kĩ thuật.️ Sản phẩm lỗi kĩ thuật được xác nhận bởi trung tâm bảo hành ủy quyền chính hãng (bằng văn bản); khách hàng có thể gửi lại shop để xác nhận lỗi hoặc tới trung tâm bảo hành ủy quyền để thẩm định lỗi.️ Shop hỗ trợ phí vận chuyển trong vòng 7 ngày (kể từ ngày mình nhận hàng), sau 7 ngày shop chỉ hỗ trợ khách bảo hành (phí vận chuyển khách trả)️ Sau 7 ngày bao test, sản phẩm vẫn nhận chính sách bảo hành theo quy định của nhà sản xuất (khách chịu phí vận chuyển tới shop bảo hành hộ hoặc tự đến trung tâm bảo hành).️ Sản phẩm đổi trả phải còn nguyên hộp trùng imei, phụ kiện kèm theo máy không trầy xước, cháy nổ, đứt dây (nếu trầy xước shop không đổi phụ kiện mới)️ Shop nhận đổi trả trong trường hợp hàng sai mẫu, size, màu do shop gửi. Bên shop chỉ giải quyết khiếu nại khi quý khách có video clip khi mở/nhận hàng.️ Trong một số trường hợp sản phẩm đã được kích hoạt bảo hành tham gia chương trình khuyến mãi có giá tốt nhất cho khách hàng. Vui lòng chat với shop để được hỗ trợ thêm thông tin.️ Khách hàng có nhu cầu xuất hóa đơn VAT, vui lòng liên hệ với gian hàng trực tiếp qua tin nhắn hoặc chat với Shop khi đơn hàng được giao thành công.Không nhận đổi trả khi sản phẩm bị hư hại do tác động ngoại lực từ người mua như móp, bể, trầy xước, nổ điện, rớt nước, rách tem bảo hành, không đầy đủ phụ kiện và hộp.Các sản phẩm bị khóa tài khoản như Gmail, account… Khách tự chịu phí mở khóa nếu không nhớ mật khẩu.Vì lượng hàng hoá nhiều shop không nhận đổi trả trong trường hợp khách không thích, không ưng màu, chất liệu; quý khách vui lòng đọc kĩ mô tả và xem hình ảnh cụ thể; nếu cần hãy chat với shop để được tư vấn.Giá sản phẩm trên Tiki đã bao gồm thuế theo luật hiện hành. Bên cạnh đó, tuỳ vào loại sản phẩm, hình thức và địa chỉ giao hàng mà có thể phát sinh thêm chi phí khác như phí vận chuyển, phụ phí hàng cồng kềnh, thuế nhập khẩu (đối với đơn hàng giao từ nước ngoài có giá trị trên 1 triệu đồng).....",Tiki,277776770.0,2419000.0,-22%,,Trung Quốc,,,,0.0
https://tiki.vn/dien-thoai-realme-note-60-4gb-64gb-hang-chinh-hang-p277775803.html?spid=277775805,[MỚI] Điện thoại vivo V50 Lite (12GB/256GB) - Hàng chính hãng - Bảo hành 12 tháng - 1 Đổi 1 trong tháng đầu tiên,VIVO,,,,,,,,,,,,,,,,"LƯU Ý KHI MUA HÀNGCảm ơn quý khách đã quan tâm đến sản phẩm bên shop, quý khách vui lòng dành ít thời gian đọc kĩ các thông tin sau:️ Sản phẩm được bao test 7 ngày kể từ ngày nhận được sản phẩm và sẽ được đổi máy mới cùng model hoặc giá trị tương đương sau khi được thẩm định lỗi kĩ thuật.️ Sản phẩm lỗi kĩ thuật được xác nhận bởi trung tâm bảo hành ủy quyền chính hãng (bằng văn bản); khách hàng có thể gửi lại shop để xác nhận lỗi hoặc tới trung tâm bảo hành ủy quyền để thẩm định lỗi.️ Shop hỗ trợ phí vận chuyển trong vòng 7 ngày (kể từ ngày mình nhận hàng), sau 7 ngày shop chỉ hỗ trợ khách bảo hành (phí vận chuyển khách trả)️ Sau 7 ngày bao test, sản phẩm vẫn nhận chính sách bảo hành theo quy định của nhà sản xuất (khách chịu phí vận chuyển tới shop bảo hành hộ hoặc tự đến trung tâm bảo hành).️ Sản phẩm đổi trả phải còn nguyên hộp trùng imei, phụ kiện kèm theo máy không trầy xước, cháy nổ, đứt dây (nếu trầy xước shop không đổi phụ kiện mới)️ Shop nhận đổi trả trong trường hợp hàng sai mẫu, size, màu do shop gửi. Bên shop chỉ giải quyết khiếu nại khi quý khách có video clip khi mở/nhận hàng.️ Trong một số trường hợp sản phẩm đã được kích hoạt bảo hành tham gia chương trình khuyến mãi có giá tốt nhất cho khách hàng. Vui lòng chat với shop để được hỗ trợ thêm thông tin.️ Khách hàng có nhu cầu xuất hóa đơn VAT, vui lòng liên hệ với gian hàng trực tiếp qua tin nhắn hoặc chat với Shop khi đơn hàng được giao thành công.Không nhận đổi trả khi sản phẩm bị hư hại do tác động ngoại lực từ người mua như móp, bể, trầy xước, nổ điện, rớt nước, rách tem bảo hành, không đầy đủ phụ kiện và hộp.Các sản phẩm bị khóa tài khoản như Gmail, account… Khách tự chịu phí mở khóa nếu không nhớ mật khẩu.Vì lượng hàng hoá nhiều shop không nhận đổi trả trong trường hợp khách không thích, không ưng màu, chất liệu; quý khách vui lòng đọc kĩ mô tả và xem hình ảnh cụ thể; nếu cần hãy chat với shop để được tư vấn.Giá sản phẩm trên Tiki đã bao gồm thuế theo luật hiện hành. Bên cạnh đó, tuỳ vào loại sản phẩm, hình thức và địa chỉ giao hàng mà có thể phát sinh thêm chi phí khác như phí vận chuyển, phụ phí hàng cồng kềnh, thuế nhập khẩu (đối với đơn hàng giao từ nước ngoài có giá trị trên 1 triệu đồng).....",Tiki,277775805.0,10990000.0,,,Trung Quốc,,,,0.0
https://tiki.vn/dien-thoai-samsung-a06-5g-4gb-128gb-hang-chinh-hang-p277737595.html?spid=277737599,[MỚI] Điện thoại vivo Y04 (6GB+128GB) - Hàng chính hãng - 1 Đổi 1 trong tháng đầu tiên - Bảo hành 12 tháng,VIVO,,,,5000.0,,,Mali-G57,,4.0,,128.0,,,,,"Điện Thoại Samsung A06 5G 4GB/128GB - Hàng Chính HãngBộ sản phẩm bao gồm: Thân máy, cáp dữ liệu, tài liệu hướng dẫn, dụng cụ lấy sim.Màn hình sống động và thiết kế tinh tế- Sở hữu màn hình lớn 6.7inch, mang đến trải nghiệm rộng rãi, thoải mái cho mọi nhu cầu giải trí và làm việc. Đặc biệt, tần số quét 90Hz giúp thao tác cuộn trang, chuyển đổi ứng dụng mượt mà hơn, tạo cảm giác trơn tru và dễ chịu trong từng lần chạm lướt.- Samsung A06 5G được trang bị khả năng kháng bụi và nước chuẩn IP54, giúp bảo vệ máy trước bụi bẩn và nước bắn nhẹ.Hệ thống camera sắc nét, ghi lại mọi khoảnh khắc- Trang bị camera chính 50MP, giúp ghi lại hình ảnh sắc nét, chi tiết và sống động trong nhiều điều kiện ánh sáng. Dù là chụp phong cảnh hay những khoảnh khắc đời thường, bạn đều có thể yên tâm về chất lượng hình ảnh.- Bên cạnh đó, camera chiều sâu 2MP hỗ trợ chụp ảnh chân dung với hiệu ứng xóa phông tự nhiên, giúp chủ thể nổi bật hơn trong từng khung hình. Đây là lựa chọn lý tưởng cho những ai yêu thích chụp ảnh chân dung nghệ thuật.- Ở mặt trước, camera selfie 8MP đảm bảo hình ảnh rõ nét khi chụp ảnh tự sướng hoặc gọi video, giúp bạn luôn kết nối với bạn bè, gia đình một cách trọn vẹn.Hiệu năng mượt mà với Dimensity 6300- Trang bị bộ vi xử lý MediaTek Dimensity 6300 đủ sức đáp ứng tốt các nhu cầu sử dụng hàng ngày của người dùng, từ lướt web, xem phim, truy cập mạng xã hội cho đến chơi các tựa game nhẹ và trung bình.- Sự kết hợp giữa bộ vi xử lý này và bộ nhớ trong 128GB giúp máy hoạt động mượt mà, giảm thiểu tình trạng giật lag khi mở nhiều ứng dụng cùng lúc hoặc thực hiện các tác vụ đa nhiệm.Pin 5000mAh và sạc nhanh 25W- Trang bị viên pin 5000mAh, đủ để bạn sử dụng suốt cả ngày mà không lo gián đoạn. Dù là làm việc, giải trí hay lướt web, thiết bị vẫn đáp ứng tốt nhu cầu của bạn. Ngoài ra, công nghệ sạc nhanh 25W giúp rút ngắn thời gian chờ, nhanh chóng nạp đầy năng lượng để tiếp tục trải nghiệm.Điện Thoại Samsung A06 5G 4GB/128GB - Hàng Chính HãngCảm ơn quý khách đã quan tâm đến sản phẩm bên shop, quý khách vui lòng dành ít thời gian đọc kĩ chính sách bảo hành đổi trả:- Sản phẩm được bao test 7 ngày kể từ ngày nhận được sản phẩm và sẽ được đổi máy mới cùng model hoặc giá trị tương đương sau khi được thẩm định lỗi kĩ thuật.- Sản phẩm lỗi kĩ thuật được xác nhận bởi trung tâm bảo hành ủy quyền chính hãng (bằng văn bản); khách hàng có thể gửi lại shop để xác nhận lỗi hoặc tới trạm bảo hành gần nhất để thẩm định lỗi.- Sản phẩm đổi trả phải còn nguyên hiện trạng máy không trầy xước, không bể vỡ, vô nước, gãy chân sim, khung thẻ nhớ… (tất cả các tác động ngoại lực từ phía khách hàng đều TỪ CHỐI BẢO HÀNH)- Sản phẩm đổi trả phải còn nguyên hộp trùng imei, phụ kiện kèm theo máy không trầy xước, cháy nổ, đứt dây (nếu trầy xước shop không đổi phụ kiện mới)- Sau 7 ngày bao test, sản phẩm vẫn nhận chính sách bảo hành 12 tháng kể từ ngày kích hoạt bảo hành (khách chịu phí vận chuyển tới shop bảo hành hộ hoặc tự đến trung tâm bảo hành gần nhất để được hỗ trợ)- Trong một số trường hợp sản phẩm đã được kích hoạt bảo hành điện tử để tham gia chương trình khuyến mãi có giá tốt cho khách hàng. Vui lòng chat với nhân viên tư vấn để được hỗ trợ thêm thông tin.- Sản phẩm bị TỪ CHỐI BẢO HÀNH khi cháy nổ, bể vỡ, tác động ngoại lực vào thân và bên trong máy, có thay đổi sửa chữa bên ngoài.- Các sản phẩm bị khóa tài khoản như Gmail, Samsung account… Khách tự chịu phí mở khóa nếu không nhớ mật khẩu.Điện Thoại Samsung A06 5G 4GB/128GB - Hàng Chính Hãng#honghanhmobile #honghanhmobilemall #hhm #dienthoaichinhhanghonghanh #samsungA06_5g #samsung_A06_5g #A06_5g #điện_thoại #dienthoai #di_động #didong #điện_thoại_di_động #dien_thoai_di_dong #điện_thoại_chính_hãng #hàng_chính_hãng #điện_thoại_giá_rẻ #dien_thoai_gia_re #giá_rẻ #khuyen_mai #freeship #mobile #smartphone #điện_thoại_samsung #samsungGiá sản phẩm trên Tiki đã bao gồm thuế theo luật hiện hành. Bên cạnh đó, tuỳ vào loại sản phẩm, hình thức và địa chỉ giao hàng mà có thể phát sinh thêm chi phí khác như phí vận chuyển, phụ phí hàng cồng kềnh, thuế nhập khẩu (đối với đơn hàng giao từ nước ngoài có giá trị trên 1 triệu đồng).....",Tiki,277737599.0,3990000.0,,,Trung Quốc,Type-C,6.7,12 Tháng,0.0
https://tiki.vn/moi-dien-thoai-vivo-y04-6gb-128gb-hang-chinh-hang-1-doi-1-trong-thang-dau-tien-bao-hanh-12-thang-p277728993.html?spid=277743626,Điện thoại Samsung Galaxy A26 5G (6GB/128GB) - Hàng chính hãng,SAMSUNG,,,,5500.0,,,,,6.0,,128.0,,,,,"Giá sản phẩm trên Tiki đã bao gồm thuế theo luật hiện hành. Bên cạnh đó, tuỳ vào loại sản phẩm, hình thức và địa chỉ giao hàng mà có thể phát sinh thêm chi phí khác như phí vận chuyển, phụ phí hàng cồng kềnh, thuế nhập khẩu (đối với đơn hàng giao từ nước ngoài có giá trị trên 1 triệu đồng).....",Tiki,277743626.0,6249000.0,-5%,,Trung Quốc,Type C,,12 Tháng,0.0
https://tiki.vn/dien-thoai-samsung-galaxy-a26-5g-6gb-128gb-hang-chinh-hang-p277721774.html?spid=277721778,Điện thoại Samsung Galaxy A26 5G (8GB/128GB) - Hàng chính hãng,SAMSUNG,,,,,,,,,,,,,,,,"LƯU Ý KHI MUA HÀNGCảm ơn quý khách đã quan tâm đến sản phẩm bên shop, quý khách vui lòng dành ít thời gian đọc kĩ các thông tin sau:️ Sản phẩm được bao test 7 ngày kể từ ngày nhận được sản phẩm và sẽ được đổi máy mới cùng model hoặc giá trị tương đương sau khi được thẩm định lỗi kĩ thuật.️ Sản phẩm lỗi kĩ thuật được xác nhận bởi trung tâm bảo hành ủy quyền chính hãng (bằng văn bản); khách hàng có thể gửi lại shop để xác nhận lỗi hoặc tới trung tâm bảo hành ủy quyền để thẩm định lỗi.️ Shop hỗ trợ phí vận chuyển trong vòng 7 ngày (kể từ ngày mình nhận hàng), sau 7 ngày shop chỉ hỗ trợ khách bảo hành (phí vận chuyển khách trả)️ Sau 7 ngày bao test, sản phẩm vẫn nhận chính sách bảo hành theo quy định của nhà sản xuất (khách chịu phí vận chuyển tới shop bảo hành hộ hoặc tự đến trung tâm bảo hành).️ Sản phẩm đổi trả phải còn nguyên hộp trùng imei, phụ kiện kèm theo máy không trầy xước, cháy nổ, đứt dây (nếu trầy xước shop không đổi phụ kiện mới)️ Shop nhận đổi trả trong trường hợp hàng sai mẫu, size, màu do shop gửi. Bên shop chỉ giải quyết khiếu nại khi quý khách có video clip khi mở/nhận hàng.️ Trong một số trường hợp sản phẩm đã được kích hoạt bảo hành tham gia chương trình khuyến mãi có giá tốt nhất cho khách hàng. Vui lòng chat với shop để được hỗ trợ thêm thông tin.️ Khách hàng có nhu cầu xuất hóa đơn VAT, vui lòng liên hệ với gian hàng trực tiếp qua tin nhắn hoặc chat với Shop khi đơn hàng được giao thành công.Không nhận đổi trả khi sản phẩm bị hư hại do tác động ngoại lực từ người mua như móp, bể, trầy xước, nổ điện, rớt nước, rách tem bảo hành, không đầy đủ phụ kiện và hộp.Các sản phẩm bị khóa tài khoản như Gmail, account… Khách tự chịu phí mở khóa nếu không nhớ mật khẩu.Vì lượng hàng hoá nhiều shop không nhận đổi trả trong trường hợp khách không thích, không ưng màu, chất liệu; quý khách vui lòng đọc kĩ mô tả và xem hình ảnh cụ thể; nếu cần hãy chat với shop để được tư vấn.Giá sản phẩm trên Tiki đã bao gồm thuế theo luật hiện hành. Bên cạnh đó, tuỳ vào loại sản phẩm, hình thức và địa chỉ giao hàng mà có thể phát sinh thêm chi phí khác như phí vận chuyển, phụ phí hàng cồng kềnh, thuế nhập khẩu (đối với đơn hàng giao từ nước ngoài có giá trị trên 1 triệu đồng).....",Tiki,277721778.0,6229000.0,-11%,,Hàn Quốc,,,,0.0
https://tiki.vn/dien-thoai-samsung-a26-5g-8gb-128gb-hang-chinh-hang-p277704510.html?spid=277704512,Điện thoại Samsung Galaxy A06 5G (4GB/64GB) - Hàng chính hãng,SAMSUNG,,,,5000.0,,,Mali-G68,,8.0,,128.0,,,,,"Điện Thoại Samsung A26 5G 8GB/128GB - Hàng Chính HãngBộ sản phẩm bao gồm: Thân máy, cáp dữ liệu, tài liệu hướng dẫn, dụng cụ lấy sim.Màn hình 120 Hz mượt mà, trải nghiệm cực đã- Trang bị tấm nền Super AMOLED với kích thước màn hình lớn 6.7 inch Full HD+ (1080 x 2340 pixels) mang đến không gian hiển thị sắc nét, sống động.- Đặc biệt, tần số quét 120Hz giúp từng thao tác vuốt chạm, cuộn trang hay chuyển đổi ứng dụng trở nên mượt mà, nhanh nhạy như trên các mẫu flagship cao cấp.Hệ thống camera linh hoạt- Sở hữu hệ thống camera đa năng, đáp ứng mọi nhu cầu chụp ảnh. Camera chính 50MP (f/1.8) tích hợp công nghệ chống rung quang học OIS, giúp giảm thiểu nhòe ảnh khi chụp trong điều kiện thiếu sáng, mang lại những bức ảnh sắc nét và chi tiết hơn.- Bên cạnh đó, camera góc siêu rộng 8MP (f/2.2) giúp thu trọn khung cảnh rộng lớn, lý tưởng cho ảnh phong cảnh hay chụp nhóm. Camera macro 2MP (f/2.4) cho phép khám phá những chi tiết nhỏ ở cự ly gần, mở ra góc nhìn độc đáo.- Ở mặt trước, camera selfie 13MP (f/2.2) mang đến những bức ảnh tự nhiên, sắc nét, giúp bạn luôn nổi bật trong mọi khung hình.Chiến mọi tác vụ, game mượt mà- Trang bị vi xử lý Exynos 1380 tám nhân, mang lại sự cân bằng tối ưu giữa hiệu suất mạnh mẽ và tiết kiệm năng lượng. Kết hợp với RAM 8 GB, máy đảm bảo khả năng đa nhiệm mượt mà, cho phép bạn chuyển đổi giữa các ứng dụng nhanh chóng, hạn chế tình trạng giật lag.Pin bền bỉ, sạc nhanh tiện lợi- Trang bị viên pin dung lượng 5000mAh, giúp bạn yên tâm sử dụng cả ngày dài với các tác vụ thông thường mà không lo gián đoạn. Không chỉ vậy, máy còn hỗ trợ sạc nhanh 25W, giúp rút ngắn thời gian nạp năng lượng đáng kể..Điện Thoại Samsung A26 5G 8GB/128GB - Hàng Chính HãngCảm ơn quý khách đã quan tâm đến sản phẩm bên shop, quý khách vui lòng dành ít thời gian đọc kĩ chính sách bảo hành đổi trả:- Sản phẩm được bao test 7 ngày kể từ ngày nhận được sản phẩm và sẽ được đổi máy mới cùng model hoặc giá trị tương đương sau khi được thẩm định lỗi kĩ thuật.- Sản phẩm lỗi kĩ thuật được xác nhận bởi trung tâm bảo hành ủy quyền chính hãng (bằng văn bản); khách hàng có thể gửi lại shop để xác nhận lỗi hoặc tới trạm bảo hành gần nhất để thẩm định lỗi.- Sản phẩm đổi trả phải còn nguyên hiện trạng máy không trầy xước, không bể vỡ, vô nước, gãy chân sim, khung thẻ nhớ… (tất cả các tác động ngoại lực từ phía khách hàng đều TỪ CHỐI BẢO HÀNH)- Sản phẩm đổi trả phải còn nguyên hộp trùng imei, phụ kiện kèm theo máy không trầy xước, cháy nổ, đứt dây (nếu trầy xước shop không đổi phụ kiện mới)- Sau 7 ngày bao test, sản phẩm vẫn nhận chính sách bảo hành 12 tháng kể từ ngày kích hoạt bảo hành (khách chịu phí vận chuyển tới shop bảo hành hộ hoặc tự đến trung tâm bảo hành gần nhất để được hỗ trợ)- Trong một số trường hợp sản phẩm đã được kích hoạt bảo hành điện tử để tham gia chương trình khuyến mãi có giá tốt cho khách hàng. Vui lòng chat với nhân viên tư vấn để được hỗ trợ thêm thông tin.- Sản phẩm bị TỪ CHỐI BẢO HÀNH khi cháy nổ, bể vỡ, tác động ngoại lực vào thân và bên trong máy, có thay đổi sửa chữa bên ngoài.- Các sản phẩm bị khóa tài khoản như Gmail, Samsung account…Khách tự chịu phí mở khóa nếu không nhớ mật khẩu.Điện Thoại Samsung A26 5G 8GB/128GB - Hàng Chính Hãng#honghanhmobile #honghanhmobilemall #hhm #dienthoaichinhhanghonghanh #samsung_galaxy_a26_5g #samsung_a26_5g #a26_5g #điện_thoại #dienthoai #di_động #didong #điện_thoại_di_động #dien_thoai_di_dong #điện_thoại_chính_hãng #hàng_chính_hãng #điện_thoại_giá_rẻ #dien_thoai_gia_re #giá_rẻ #khuyen_mai #freeship #mobile #smartphone #điện_thoại_samsung #samsungGiá sản phẩm trên Tiki đã bao gồm thuế theo luật hiện hành. Bên cạnh đó, tuỳ vào loại sản phẩm, hình thức và địa chỉ giao hàng mà có thể phát sinh thêm chi phí khác như phí vận chuyển, phụ phí hàng cồng kềnh, thuế nhập khẩu (đối với đơn hàng giao từ nước ngoài có giá trị trên 1 triệu đồng).....",Tiki,277704512.0,3029000.0,-13%,,Trung Quốc,Type-C,6.7,12 Tháng,0.0
https://tiki.vn/dien-thoai-xiaomi-redmi-note-9t-4gb-128gb-5g-dimensity-800u-5g-co-nfc-rom-tieng-viet-hang-nhap-khau-nhat-p277315433.html?spid=277326234,"Điện thoại Xiaomi Redmi Note 9T 4GB/128GB 5G Dimensity 800U 5G, Có NFC , Rom tiếng việt - Hàng nhập khẩu Nhật",XIAOMI,,,,5000.0,,,,,4.0,,128.0,,,,,"Xiaomi Redmi Note 9T sở hữu thiết kế mạnh mẽ và chắc chắnHiệu năng có phải là điều bạn lo lắng trên Xiaomi Redmi Note 9T?Camera Xiaomi Redmi Note 9T còn nhiều hạn chếViên pin 5.000 mAh cho bạn trải nghiệm Redmi Note 9T hơn một ngàyThắng thao mobile cam kết
️Hàng nguyên hộp,mới 100%
️Bảo hành 6 tháng phần cứng,12 tháng phần mềmCấu hình sản phẩm️ Màn hình: IPS LCD 6.53 inchs 1080 x 2340 pixels
️ Hệ điều hành: Android 12
️ Ram: 4GB/64GB - 4GB/128GB
️ CPU: Dimensity 800U (7 nm)
️ GPU: Mali-G57 MC3
️Camera sau 48MP
️Camer sau 13MP
️ Dùng được 2 sim hỗ trợ 5G
️ Pin: dung lượng 5000 mAh Sạc nhanh 18W
️Rom Quốc tế có tiếng Việt, CH PLAY đầy đủ
LƯU Ý
️ Máy là hàng nội địa nhật đã chạy Rom quốc tế có sẳn tiếng việt
️ Tình trạng: Mới 100% chưa Active , chưa từng được sử dụng
️ Bảo hành: 1 đổi 1 trong vòng 7 ngày; 12 tháng tiếp theo bảo hành miễn phí - 6 tháng phần cứng 12 tháng phần mềmĐể đưa 5G vào một chiếc smartphone 5.6 triệu đồng buộc Xiaomi phải cắt giảm đi phần nào đó. Và ở đây Xiaomi đã chọn thiết kế vỏ nhựa để cắt giảm chi phí và hạ giá thành sản phẩm.Mặc dù được hoàn thiện bằng nhựa nhưng Redmi Note 9T vẫn có hoa văn riêng biệt mang lại cảm giác cầm nắm chặt chẽ và gắn kết với nhau. Thiết bị trông rất mạnh mẽ và nam tính.Về mặt chức năng, bạn sẽ tìm thấy nút tăng giảm âm lượng và nút nguồn kiêm cảm biến vân tay ở cạnh phải của điện thoại. Cảm biến vân tay cho phản hồi nhanh chóng, chính xác và dễ sử dụng.Ở cạnh trái bạn sẽ có khe SIM kép và khe cắm thẻ nhớ microSD. Ở phía dưới, là cổng USB-C, jack cắm tai nghe 3.5 mm và loa ngoài.Module camera là yếu tố khác biệt nhất trong thiết kế của Redmi Note 9T. Các ống kính được gói gọn trong một vòng tròn lớn gần cạnh trên của mặt sau điện thoại. Ba thấu kính và đèn flash tạo thành một tứ giác các điểm tròn hơi nhô lên và có thể bị vướng khi lấy ra từ trong túi.Redmi Note 9T có màu có 2 tùy chọn màu sắc là Nightfall Black và Daybreak Purple. Phiên bản màu Nightfall Black trông hấp dẫn hơn trong khi phiên bản màu Daybreak Purple bắt mắt hơn.Redmi Note 9 sở hữu màn hình có kích thước 6.53 inch độ phân giải Full HD + với tỷ lệ khung hình 19.5:9 và tốc độ làm mới 60 Hz, độ sáng ở mức 450 nits.Redmi Note 9T sử dụng vi xử lý MediaTek Dimensity 800U tám nhân với tốc độ lên đến 2.4 GHz. Bộ xử lý này dựa trên quy trình sản xuất 7 nm với GPU Mali-G57 mới nhất. Có một số khác biệt thú vị là phiên bản 64 GB sử dụng bộ nhớ UFS 2.1 trong khi phiên bản 128 GB sử dụng bộ nhớ UFS 2.2. Vì vậy, bạn nên cân nhắc thêm một ít tiền để có thể sở hữu phiên bản mạnh nhất nhé!Chip Dimensity 800U có thể là một trong những ngôi sao sáng về sự ổn định của MediaTek, nhưng đây không phải là cỗ máy mạnh mẽ. Reviewer của trang tin đã chạy Geekbench và 3DMark nhưng chỉ nhận lại mức điểm trong bình cho thiết bị này.Tuy nhiên, trong sử dụng hàng ngày, Redmi Note 9T đã làm rất tốt. Bạn sẽ không tìm thấy hiện tượng giật lag hay bất kỳ độ trễ hoặc giảm khung hình nào.Với một mức giá phải chăng, hoạt động mượt mà không giật lag và hỗ trợ SIM kép 5G là một phần thưởng rất đáng hoan nghênh cho Redmi Note 9T.Trong khi nhiều smartphone cao cấp trang bị camera tiêu chuẩn, góc rộng và tele, thì điện thoại giá rẻ tiếp tục nhồi nhét ống kính macro một cách khó hiểu và Redmi Note 9T cũng không ngoại lệ.Redmi Note 9T được trang bị camera chính 48 MP với cảm biến 1/2 inch. Xiaomi sử dụng pixel binning để kết hợp ống kính 6 thành phần và cho ra bức ảnh 12 MP theo mặc định. Ngoài camera chính chúng ta sẽ có cảm biến độ sâu 2 MP để chụp ảnh bokeh và camera macro 2 MP.Ứng dụng camera Redmi Note 9T trực quan và đủ nhanh để bạn không bỏ lỡ bất kỳ một khoảnh khắc nào. Đó là một ứng dụng khá chuẩn với một dải công cụ chạy dọc cạnh trái của màn hình với các chuyển đổi nhanh cho đèn flash, HDR,...Hình ảnh chụp từ Redmi Note 9T ở mức tương đối, điểm yếu lớn nhất chính là nhiễu hạt. Bạn có thể nhìn thấy những hạt nhỏ ngay cả trên những bức ảnh chụp đủ sáng. Hạt không xấu, nhưng đôi lúc sẽ làm mất đi nét đẹp của bức ảnh.Với trải nghiệm chụp phơi sáng, Redmi Note 9T thể hiện tốt. Tuy nhiên, màu sắc hơi buồn, hình ảnh ổn nhưng không tuyệt vời.Redmi Note 9T có thể quay video 4K ở tốc độ 30 khung hình/giây. Các cảnh quay khá tốt mặc dù vẫn xuất hiện vấn đề hạt tương tự như khi chụp ảnh, nhưng màu sắc trong video trông tốt hơn rất nhiều.Camera selfie 13 MP có xu hướng làm mờ các hậu cảnh sáng, chẳng hạn như cửa sổ hoặc đèn và ảnh selfie vẫn bị nhiễu hạt như trên camera chính.Xiaomi luôn dẫn đầu về thời lượng pin và Redmi Note 9T cũng sở hữu viên pin lớn lên đến 5.000 mAh.Với dung lượng pin lớn như thế này, bạn chỉ cần có thể sử dụng lên đến một ngày rưỡi hoặc hơn thế. Thời gian on-screen phổ biến ở mức 8 tiếng.Redmi Note 9T trang bị bộ sạc 22.5W trong hộp những chỉ hỗ trợ sạc nhanh 18W. Bạn sẽ mất khoảng 1 giờ 40 phút để sạc đầy điện thoại.Giá sản phẩm trên Tiki đã bao gồm thuế theo luật hiện hành. Bên cạnh đó, tuỳ vào loại sản phẩm, hình thức và địa chỉ giao hàng mà có thể phát sinh thêm chi phí khác như phí vận chuyển, phụ phí hàng cồng kềnh, thuế nhập khẩu (đối với đơn hàng giao từ nước ngoài có giá trị trên 1 triệu đồng).....",Tiki,277326234.0,2669000.0,-43%,,China,,6.53,6 Tháng,0.0
https://tiki.vn/dien-thoai-xiaomi-redmi-a3-4gb-128gb-man-hinh-6-71inch-pin-5000mah-hang-chinh-hang-p277315392.html?spid=277315398,"Điện thoại Xiaomi Redmi A3 (4GB/128GB) Màn hình 6.71inch,pin 5000mAh - Hàng chính hãng",XIAOMI,,,,5000.0,,,,,4.0,,128.0,,,,,"Trên thị trường điện thoại thông minh đang ngày càng phát triển, Xiaomi Redmi A3 128GB nổi bật như một sự lựa chọn đáng chú ý cho những người tìm kiếm một thiết bị đa năng, chất lượng mà không cần phải tốn kém quá nhiều tiền. Với các tính năng ấn tượng và giá cả hợp lý, Redmi A3 hứa hẹn là một đối thủ đáng gờm trong phân khúc thiết bị giá rẻ.Thiết kế nổi bật với tạo hình vuông vứcMàn hình lớn hỗ trợ tần số quét caoSử dụng chipset nhà MediaTekCamera đáp ứng tốt nhu cầu cơ bảnPin lớn đáp ứng đủ cho ngày dài sử dụngThắng thao mobile cam kếtHàng chính hãng mới 100%Bảo hành 6 tháng phần cứng,12 tháng phần mềmCấu hình sản phẩmKích thước màn hình :6.71 inchesCamera sau: Camera kép AI 8MPCamera trước: 5MPChipset: MediaTek Helio G36Dung lượng RAM : 4 GBBộ nhớ trong : 128 GBPin : 5000mAhThẻ SIM : 2 SIM (Nano-SIM)Hệ điều hành : Android 14Độ phân giải màn hình: 1650x720 pixelsTính năng màn hình: Tần số quét 90Hz,Với ngoại hình vuông vức, Xiaomi Redmi A3 thu hút người dùng bởi phong cách tối giản nhưng hiện đại. So với các dòng sản phẩm trước, máy này có các góc cạnh được bo cong ít hơn, từ đó tạo ra hình dáng tổng thể vuông vắn, tăng thêm phần sang trọng và nổi bật.Bộ đôi camera hình tròn lớn ở phía sau của Redmi A3 là điểm nhận dạng dễ thấy ngay từ lần đầu tiên. Không chỉ thu hút bởi vẻ ngoài, cụm camera này còn gợi lên hình ảnh Xiaomi 14 Ultra, một mẫu máy cao cấp vừa mới được Xiaomi ra mắt, giúp máy trở nên thời trang và nổi bật hơn.Đáng chú ý, chiếc điện thoại dòng Redmi này chuyển sang sử dụng cổng sạc Type C, mang đến sự thuận lợi khi sử dụng và nâng cao trải nghiệm người dùng. Bên cạnh đó, máy có pin 5000 mAh nhưng vẫn tối ưu được độ mỏng xuống còn 8.32 mm, một con số khá lý tưởng để tăng thêm vẻ đẹp cho một chiếc máy giá rẻ.Phần mặt trước của Redmi A3 được bảo vệ bởi lớp kính cường lực Corning Gorilla Glass 3, việc này giúp máy trở nên mới mẻ lâu hơn khi có thêm khả năng kháng lại các tác hại gây xước cho màn hình, ngoài ra việc hạn chế mức độ hư hại cho các tình huống như làm rơi cũng là một ưu điểm lớn cho tấm kính cường lực này.Xiaomi Redmi A3 chứng tỏ sức mạnh ấn tượng trong phân khúc giá rẻ với màn hình IPS LCD. Trang bị này cho phép thiết bị tái tạo màu sắc một cách trung thực, tạo ra chất lượng hình ảnh tốt so với mức giá hiện tại. Nói cách khác, màn hình này đem đến góc nhìn rộng, thực sự thích hợp cho việc lướt web, xem video và chơi game.Độ phân giải màn hình của Redmi A3 lên tới 1650 x 720 Pixels, tạo nền tảng cho chất lượng hiển thị ấn tượng. Mặc dù có thể xuất hiện tình trạng vỡ hình ở một số nội dung phức tạp, nhưng trên thực tế, điều này không ảnh hưởng quá nhiều đến trải nghiệm tổng thể của người dùng bởi đây cũng chỉ là một chiếc điện thoại giá rẻ.Màn hình của điện thoại đáng chú ý nhờ hỗ trợ độ sáng lên tới 500 nits và tần số quét 90 Hz. Điều này đặc biệt quan trọng khi chơi game hoặc xem các nội dung đa phương tiện. Độ sáng và tần số quét cao hơn giúp nâng cao trải nghiệm người dùng bằng cách giảm mờ hình ảnh và tăng mức độ chuyển động mượt mà.Xiaomi đã có cách tiếp cận thông minh để tối ưu không gian hiển thị. Hãng đã làm mỏng hai viền màn hình ở hai cạnh trái và phải, đẩy mức độ tận dụng màn hình lên tới mức tối đa với kích thước lớn 6.71 inch. Với chiếc điện thoại này, việc xem nội dung giải trí không chỉ rõ ràng mà còn rất thoải mái, hỗ trợ tốt trong việc lướt web đọc báo hay thực hiện các công việc văn phòng như Google Sheet ngay trên điện thoại.Điểm nhấn đầu tiên về cấu hình có lẽ là con chip MediaTek Helio G36 mới - sản phẩm được giới thiệu trong năm 2023, Xiaomi Redmi A3 mang lại một hiệu suất ổn định cho mọi nhu cầu hàng ngày. Hơn hết, khả năng xử lý của nó hoàn hảo khi mở rộng tới cả các hoạt động đòi hỏi sức mạnh đồ hoạ nhẹ.Xiaomi đã trang bị cho Redmi A3 bộ nhớ RAM 4 GB, đảm bảo khả năng làm việc đa nhiệm ổn cho những tác vụ nhẹ. Tuy nhiên, với những nhu cầu cao về hiệu năng như chơi game nặng hay xử lý file Google Sheet có lẽ sẽ hơi đuối đối với Redmi A3. Vì thế, người dùng nên hạn chế sử dụng các tác vụ trên nhằm tránh gặp phải những trải nghiệm không tốt.Chuyển đến vấn đề về bộ nhớ, 128 GB bộ nhớ trong của Xiaomi Redmi A3 có thể đáp ứng nhu cầu lưu trữ một cách thoải mái. Hơn nữa, máy còn có khả năng hỗ trợ thẻ nhớ mở rộng lên đến 1 TB, cho phép người dùng tải xuống hàng ngàn bức ảnh, video, tài liệu và nhiều nội dung khác.Trên chiếc điện thoại Xiaomi này, camera sau mang đến điểm nhấn đáng chú ý với cảm biến 8 MP, hỗ trợ bởi một cảm biến phụ 0.08 MP. Hệ thống camera sau này không chỉ ghi lại hình ảnh, mà còn phù hợp cho những người muốn khám phá thế giới nghệ thuật chân dung. Redmi A3 cho phép người dùng tạo ra những bức ảnh vui nhộn với hiệu ứng của chế độ chân dung, tạo độ sâu cho bức ảnh và làm mờ phần nền.Nếu bạn là người yêu thích selfie, Redmi A3 không bao giờ khiến bạn thất vọng. Với camera trước 5 MP, dù ở bất kì góc độ nào, bạn cũng có thể tự tin tạo ra những bức ảnh selfie rõ nét và sinh động. Không chỉ vậy, camera trước còn tích hợp nhiều tính năng và công nghệ hiện đại, giúp tăng thêm sự ấn tượng cho mỗi bức ảnh của bạn.Cuối cùng, điều tôi thực sự ấn tượng với camera trên Redmi A3 là khả năng ghi hình chất lượng Full HD ở cả camera trước và sau. Điều này tạo điều kiện cho bạn ghi lại các khoảnh khắc độc đáo của cuộc sống với sự sắc nét tuyệt vời, cho dù bạn đang quay video hay chụp ảnh.Tự hào với viên pin ""khủng"" dung lượng 5000 mAh, Xiaomi Redmi A3 không chỉ là một chiếc điện thoại thông thường mà còn là một người bạn đồng hành đáng tin cậy, sẵn sàng đồng hành cùng bạn trong mọi cuộc phiêu lưu và thử thách của cuộc sống hàng ngày một cách bền bỉ.Khả năng sử dụng liên tục trong nhiều giờ mà không cần phải lo lắng về việc sạc lại là điểm mạnh của Xiaomi Redmi A3. Dù bạn đang lướt web, xem video hay tham gia vào các trò chơi giải trí, bạn có thể yên tâm rằng viên pin ""khủng"" này sẽ đảm bảo điện thoại của bạn luôn hoạt động liên tục và ít bị gián đoạn.Tuy nhiên, mặc dù sở hữu viên pin ""khủng"", nhưng khả năng sạc của Redmi A3 vẫn chỉ là 10 W, điều này có nghĩa là quá trình sạc pin có thể mất một thời gian đáng kể để đạt đến mức đầy đủ. Vì thế người dùng nên có kế hoạch sạc pin sẵn, tránh mất thời gian chờ đợi quá lâu gây ảnh hưởng công việc hay nhu cầu giải trí.Tổng kết, Xiaomi Redmi A3 là một điện thoại thông minh đáng chú ý, có đầy đủ các tính năng cần thiết và vẫn giữ được mức giá hợp lý. Điều này chắc chắn sẽ là một sự lựa chọn tốt cho những ai muốn một chiếc điện thoại chất lượng mà không cần phải bỏ ra quá nhiều tiền.Giá sản phẩm trên Tiki đã bao gồm thuế theo luật hiện hành. Bên cạnh đó, tuỳ vào loại sản phẩm, hình thức và địa chỉ giao hàng mà có thể phát sinh thêm chi phí khác như phí vận chuyển, phụ phí hàng cồng kềnh, thuế nhập khẩu (đối với đơn hàng giao từ nước ngoài có giá trị trên 1 triệu đồng).....",Tiki,277315398.0,2290000.0,-15%,,China,,6.71,6 Tháng,0.0
https://tiki.vn/dien-thoai-realme-note-50-3gb-64gb-rom-quoc-te-hang-nhap-khau-nhat-p277030799.html?spid=277030804,"Điện thoại Realme Note 50 , Màn 90HZ (3GB/64GB) Rom quốc tế - Hàng chính hãng",REALME,,,,5000.0,,,,,3.0,,64.0,,,,,"Hiệu năng realme Note 50 vượt trội, đa nhiệm và lưu trữ mượt màQuay chụp rõ nét nhờ sở hữu cảm biến máy ảnh hiện đạiThoải mái giải trí, xử lý công việc suốt ngày dài với dung lượng pin khủngChất lượng hình ảnh rõ nét trên tấm nền hiển thị xịnThắng thao mobile cam kếtHàng nguyên hộp ,mới 100%Bảo hành 6 tháng phần cứng - 12 tháng phần mềmThông số kỹ thuậtKích thước màn hình: 6.74 inchesCông nghệ màn hình:IPS LCDCamera sau: Chính 13 MP & Phụ 0.08 MPCamera trước:5 MPChipset:Unisoc Tiger T612Dung lượng RAM: 3GBBộ nhớ trong: 64GBPin :5000 mAhThẻ SIM:2 SIM :NanoHệ điều hành:Android 13Độ phân giải màn hình:720 x 1600 pixelLƯU Ý️ Máy là hàng quốc tế do Realme  Nhật Bản phân phối ( Máy xách tay nhật ),Có sẳn tiếng việt️ Tình trạng: Mới 100% , chưa từng được sử dụng️ Bảo hành: 1 đổi 1 trong vòng 7 ngày; 12 tháng tiếp theo bảo hành miễn phí - 6 tháng phần cứng 12 tháng phần mềmBộ sàn phẩm gồm :Hộp ,thân máy,ốp lưng,dây cáp sạcĐiện thoại realme Note 50 là một trong những dòng smartphone cao cấp của nhà realme đang rất được người tiêu dùng yêu thích nhờ thiết kế hiện đại cùng hàng loạt những điểm nhấn ấn tượng về mặt cấu hình. Với màn hình 90Hz rộng lớn, camera chất lượng, pin lớn và hỗ trợ sạc nhanh, realme Note 50 xuất hiện như một lựa chọn tuyệt vời dành cho người dùng mong muốn sở hữu smartphone chất lượng với mức giá phải chăng.realme Note 50 này tập trung vào hiệu suất với bộ vi xử lý Unisoc Tiger T612, đảm bảo khả năng xử lý mượt mà cho mọi tác vụ từ cơ bản đến nâng cao. Máy được trang bị hệ điều hành Android 13, kết hợp với bộ nhớ trong 64GGB, cùng RAM 3GB, hứa hẹn sẽ cung cấp không gian và tốc độ đủ cho các ứng dụng hàng ngày.Với cấu hình mạnh mẽ này, realme Note 50 không chỉ đáp ứng nhu cầu giải trí mà còn đảm bảo trải nghiệm làm việc hiệu quả và ổn định.Về chất lượng quay phim, chụp ảnh, điện thoại realme Note 50 được hỗ trợ bởi hệ thống camera chính 13MP và camera phụ 0.8MP, cùng camera selfie 5MP, đáp ứng nhu cầu chụp ảnh cơ bản của người dùng. Camera chính 13MP hứa hẹn sẽ chụp được những bức ảnh sắc nét và rõ ràng, trong khi camera phụ và camera trước cung cấp những tiện ích bổ sung cho việc chụp ảnh nhanh và gọi video.Tuy không phải là điểm mạnh nhất, nhưng camera của realme Note 50 vẫn đủ để đáp ứng nhu cầu chụp ảnh hàng ngày và các hoạt động giải trí cơ bản.So với nhiều đối thủ cùng tầm khác thì realme Note 50 không hề tỏ ra thua kém khi được trang bị viên pin lớn 5000mAh, đáp ứng nhu cầu sử dụng liên tục trong một ngày liền mà không lo bị hết pin. Điểm nổi bật là khả năng sạc nhanh 10W, cho phép người dùng nhanh chóng sạc đầy pin trong thời gian ngắn, giảm thiểu thời gian chờ đợi.Sự kết hợp giữa dung lượng pin lớn và sạc nhanh mang lại lợi ích đáng kể cho người dùng thường xuyên bận rộn và cần sử dụng điện thoại trong thời gian dài. Công nghệ pin và sạc của realme Note 50 hứa hẹn sẽ đáp ứng hiệu quả nhu cầu của người dùng hiện đại, từ việc giải trí đến làm việc, không gian hạn chế bởi lo lắng về pin yếu.Ngoài những điểm nhấn ấn tượng trên thì realme Note 50 còn ghi điểm với màn hình 6.74 inch, mang đến không gian hiển thị rộng lớn, phù hợp cho việc xem phim, duyệt web và chơi game. Màn hình với notch hình giọt nước không chỉ hiện đại mà còn tối ưu hóa không gian hiển thị, đem lại trải nghiệm người dùng mượt mà và thoải mái.Nhờ có độ phân giải cao cùng với kích thước lớn mà mọi trải nghiệm hình ảnh hiển thị trên realme Note 50 đểu đảm bảo có được độ sắc nét cao, màu sắc trung thực. Qua đó, nó mang đến trải nghiệm người dùng chất lượng cao, đặc biệt khi xem nội dung đa phương tiện hay chơi game.Giá sản phẩm trên Tiki đã bao gồm thuế theo luật hiện hành. Bên cạnh đó, tuỳ vào loại sản phẩm, hình thức và địa chỉ giao hàng mà có thể phát sinh thêm chi phí khác như phí vận chuyển, phụ phí hàng cồng kềnh, thuế nhập khẩu (đối với đơn hàng giao từ nước ngoài có giá trị trên 1 triệu đồng).....",Tiki,277030804.0,2099000.0,-22%,1.0,Nhật Bản,,6.74,6 Tháng,0.0
https://tiki.vn/dien-thoai-xiaomi-redmi-14c-4gb-128gb-hang-chinh-hang-p277004858.html?spid=277004862,Điện thoại Xiaomi Redmi 14C (4GB/128GB) - Hàng chính hãng,XIAOMI,,,,5160.0,,,,,4.0,,128.0,,,,,"Thắng thao mobile cam kết
Hàng chính hãng mới 100%
Bảo hành 12 thángThông số sản phầm
Kích thước màn hình : 6.88 inches
Camera sau:50MP, Ống kính -5P, f/1.8
Camera trước:13MP - f/2.0
Chipset:MediaTek Helio G81-Ultra
Dung lượng RAM:4 GB
Bộ nhớ trong :128 GB
Pin:5160mAh
Thẻ SIM:2 SIM (Nano-SIM)
Độ phân giải màn hình:720 x 1640 pixels
Tính năng màn hình:Tốc độ làm mới lên tới 120Hz
Độ sáng: 450 nits (typ), 600 nits (HBM)Giá sản phẩm trên Tiki đã bao gồm thuế theo luật hiện hành. Bên cạnh đó, tuỳ vào loại sản phẩm, hình thức và địa chỉ giao hàng mà có thể phát sinh thêm chi phí khác như phí vận chuyển, phụ phí hàng cồng kềnh, thuế nhập khẩu (đối với đơn hàng giao từ nước ngoài có giá trị trên 1 triệu đồng).....",Tiki,277004862.0,2799000.0,-15%,,Trung Quốc,Type C,6.8,18 Tháng,0.0
https://tiki.vn/dien-thoai-tecno-camon-30-8gb-256gb-hang-chinh-hang-p275206906.html?spid=275207279,Điện thoại Tecno Camon 30 (8GB/256GB) - Hàng Chính Hãng,TECNO,,,,5000.0,50 MP,50 MP + 2 MP,ARM Mali-G57 MC2,,8.0,1080x2436,256.0,,,4.7,,"Hoàn hảo đến từng chi tiếtMàn hình tập hợp hàng loạt công nghệ hàng đầuCamera selfie 50MP, lấy nét theo mắt ngườiSáng tạo nghệ thuật với khả năng nhiếp ảnh chuyên nghiệpThời lượng pin lên tới 30 giờ, sạc nhanh 70WHiệu năng đẳng cấp, thỏa sức chơi gameThiết kế cảm hứng từ máy ảnhLà chiếc điện thoại tập trung cho tính năng chính là máy ảnh, Tecno Camon 30 có thiết kế mô phỏng lại những chiếc máy ảnh cổ điển với cụm ống kính hình tròn nổi bật trên mặt lưng. Đây là kiểu thiết kế mang đến sự pha trộn hoàn hảo giữa thiết kế hiện đại và phong cách cổ điển. Tính sang trọng còn được thể hiện ở hiệu ứng vân đá cẩm thạch độc đáo tạo nên vẻ đẹp tinh tế và đẳng cấp. Sản phẩm có ba tùy chọn màu sắc bao gồm Đen Trời Đêm, Trắng Núi Tuyết, và Nâu Sa Mạc, trong đó phiên bản Nâu Sa Mạc sử dụng chất liệu da cà phê, mang lại cảm giác thời trang và bền vững. Các phiên bản còn lại làm từ chất liệu kính nhám sang trọng, chống bám vân tay.Điện thoại Tecno Camon 30 được chăm chút đến từng chi tiết nhỏ để tạo ra sản phẩm cao cấp và hữu ích nhất đối với người dùng. Viền camera được làm từ hợp kim nhôm CNC chạm khắc kết cấu 3 chiều rất tinh xảo và khiến chúng ta ngay lập tức liên tưởng đến ống kính của các máy ảnh chuyên nghiệp. Đặc biệt, Tecno Camon 30 có một đèn báo độc đáo ở mặt sau để thông báo các trạng thái như đang quay video, đếm ngược chụp ảnh, sạc pin, cuộc gọi đến, … Đây là tính năng tưởng như đã bị quên lãng ở những chiếc điện thoại phổ thông trước đây giờ đã quay lại một cách đầy khéo léo trên Tecno Camon 30 8GB 256GB.Với màn hình AMOLED 6.78 inch, độ phân giải FHD+ và tần số quét 120Hz, Camon 30 mang lại trải nghiệm hình ảnh mượt mà, sắc nét và sống động. Màn hình hỗ trợ độ sáng tối đa lên đến 1300 nit và gam màu rộng 100% P3, giúp hiển thị màu sắc chân thực và rực rỡ. Công nghệ bảo vệ mắt TÜV Rheinland giảm ánh sáng xanh gây hại, đảm bảo an toàn cho mắt khi sử dụng trong thời gian dài. Phần viền màn hình cũng được thu hẹp tối đa, tràn ra sát cạnh máy, giúp diện tích màn hình chiếm tới 94% thân máy, cho trải nghiệm hình ảnh sống động hơn bao giờ hết.Tecno Camon 30 được trang bị camera selfie 50MP, đảm bảo bạn luôn nổi bật trong từng bức ảnh. Với công nghệ lấy nét theo mắt, camera nhận diện và lấy nét chính xác vào đôi mắt của bạn, tạo ra những bức ảnh chân dung sắc nét và tự nhiên. Đèn flash kép tích hợp giúp gương mặt bạn luôn sáng và rõ ràng ngay cả trong điều kiện ánh sáng yếu. Chế độ làm đẹp AI tự động điều chỉnh và làm mịn da, mang lại những bức ảnh tự sướng hoàn hảo mà không cần qua chỉnh sửa. Camera sẽ tự động phân tích giới tính, màu da, ngoại cảnh, các nét riêng trên khuôn mặt của bạn để điều chỉnh thông minh và phù hợp nhất.Được đầu tư mạnh mẽ về khả năng nhiếp ảnh, bạn có thể chọn chế độ camera chính 100MP trên Tecno Camon 30 8GB 256GB. Khi kích hoạt chế độ này, kích thước cảm biến sẽ được nâng cấp từ 1/1.73"" lên 1/1.57"", kích thước pixel độc lập cũng tăng từ 0.64um lên 1.0um, giúp tăng cường khả năng thu sáng và chi tiết ảnh, hỗ trợ tốt trong điều kiện ánh sáng yếu. Những tính năng cao cấp đều được trang bị như chống rung quang học (OIS) và chống rung điện tử (EIS), để bạn tự tin chụp ảnh, quay video trong mọi hoàn cảnh, dù là chuyển động nhanh hay ánh sáng yếu.Ảnh HDR trên Tecno Camon 30 cũng được nâng lên một tầm cao mới ở cả chế độ chân dung và chế độ AI, giúp cân bằng sáng tối, mang lại những bức ảnh có độ tương phản cao và màu sắc trung thực. Nếu bạn thích chỉnh sửa ảnh, Tecno Camon 30 có sẵn các hiệu ứng như bộ lọc màu, ánh sao, tone màu vũ trụ, pro để tạo ra nhiều phong cách hình ảnh khác nhau. Chỉ đơn giản với vài thao tác, AI sẽ giúp bạn chỉnh sửa hình ảnh nhanh chóng và tạo ra kết quả đáng kinh ngạc.Với viên pin 5000mAh, Camon 30 cho phép sử dụng liên tục hơn 30 giờ, khoảng hơn 1 ngày mới cần phải sạc. Công nghệ sạc siêu tốc 70W giúp sạc đầy pin chỉ trong 48 phút, tiết kiệm thời gian chờ đợi và đảm bảo bạn luôn sẵn sàng cho mọi hoạt động. Không chỉ hoạt động dài và sạc nhanh, pin của Tecno Camon 30 còn rất bền bỉ, ngay cả sau 1600 chu kỳ sạc (khoảng 4 năm sử dụng), pin vẫn có hiệu suất 80%, giảm thiểu hiện tượng chai pin.Tecno Camon 30 là chiếc điện thoại thực sự mạnh mẽ với bộ vi xử lý Helio G99 Ultimate. Con chip mới từ nhà MediaTek có 8 nhân, sản xuất trên tiến trình 6nm hiện đại, giúp bạn chơi mượt hầu hết các game Mobile hiện nay. Tecno cũng không quên chú trọng phần tản nhiệt với hệ thống làm mát gaming 20 lớp, tăng 19% khu vực làm mát để điện thoại luôn hoạt động tốt dù bạn chơi game trong thời gian dài. Sẽ có 2 phiên bản 8GB RAM/256GB bộ nhớ và 12GB RAM/256GB bộ nhớ để bạn lựa chọn. Dù là phiên bản nào bạn cũng có thể nâng dung lượng RAM lên gấp đôi qua tính năng mở rộng RAM có sẵn. Với hiệu năng cực mạnh, điện thoại Tecno Camon 30 8GB-256GB có thể đáp ứng hoàn hảo cả những tác vụ hàng ngày lẫn chơi game.Giá sản phẩm trên Tiki đã bao gồm thuế theo luật hiện hành. Bên cạnh đó, tuỳ vào loại sản phẩm, hình thức và địa chỉ giao hàng mà có thể phát sinh thêm chi phí khác như phí vận chuyển, phụ phí hàng cồng kềnh, thuế nhập khẩu (đối với đơn hàng giao từ nước ngoài có giá trị trên 1 triệu đồng).....",Tiki,275207279.0,5350000.0,-18%,26.0,Trung Quốc,USB Type-C,6.78,12 Tháng,11.0
https://tiki.vn/dien-thoai-sieu-ben-oukitel-wp33-pro-5g-loa-to-136-db-5w-pin-22000mah-man-hinh-6-6-inch-fhd-ram-24gb-8-16-rom-256gb-camera-64mp-sac-nhanh-33w-hang-chinh-hang-p274065746.html?spid=274065747,"Điện thoại siêu bền Oukitel WP33 Pro 5G (Loa to 136 dB (5W) ,Pin 22000mAh,màn hình 6,6 inch FHD+,Ram 24GB(8+16),Rom 256GB, Camera 64MP,sạc nhanh 33W)- hàng chính hãng",OUKITEL,,,,,,,,,,,,,,1.0,,"Màn hình 6,6 inch FHD+HĐH: Android 13CPU: MediaTek Kích thước 6100+Loa to đa phương tiện 136 dB (5W)Pin: 22000 mAh Sạc nhanh: hỗ trợ 33 WRAM: 24Gb (8+16),Rom 256 GBCamera sau: 64MP/Camera nhìn đêm 20MPCamera trước: Camera 32MPThẻ SIM/TF: Dual SIM, 2 khe sim Nano+NanoNFC , Google Play, Face ID, SOS,OTG Khác:Bluetooth 5.2, GPS,Glonass,Beidou,GalileoCChứng nhận: IP68 và IP69K/MIL-STD-810H/GMS/ FCC/ CE/ MIC/ ICDài 175.40mm,rộng 84 mm ,dày 27.20 mm,Nặng 577.50gBăng tần: GSM: 2,3,4,5GLoa đa phương tiện OUKITEL WP33 Pro136 dB 66/77/78/79Đóng gói: 1x WP33 PRO,1x Cáp Type,cốc dạc nhanh 33 W ,Thẻ bảo hành1x Hướng dẫn SDGiá sản phẩm trên Tiki đã bao gồm thuế theo luật hiện hành. Bên cạnh đó, tuỳ vào loại sản phẩm, hình thức và địa chỉ giao hàng mà có thể phát sinh thêm chi phí khác như phí vận chuyển, phụ phí hàng cồng kềnh, thuế nhập khẩu (đối với đơn hàng giao từ nước ngoài có giá trị trên 1 triệu đồng).....",Tiki,274065747.0,8990000.0,,1.0,Mỹ / Trung Quốc,,,12 Tháng,1.0
https://tiki.vn/dien-thoai-samsung-galaxy-a05-4gb-128gb-hang-chinh-hang-p273438458.html?spid=273550757,Điện thoại Samsung Galaxy A05 (4GB/128GB)- Helio G85 - Sạc nhanh 25W - Hàng chính hãng,SAMSUNG,,,,5000.0,,,,,4.0,,128.0,,,,,"Màn hình lớn đáng kinh ngạcThiết kế thời thượng, hiện đạiBộ đôi camera kép 50MP, lưu lại mọi khoảnh khắc siêu nétCamera selfie 8MP đẹp tự nhiênPin bền bỉ đến 2 ngày dài, hỗ trợ sạc nhanh 25WHiệu năng ổn định Helio G85, bộ nhớ siêu lớnTận hưởng những công nghệ mới ở tầm giá phải chăng cùng Galaxy A05. Từ diện mạo trẻ trung, năng động đến màn hình rộng lớn 6.7 inch, bộ đôi camera 50MP sắc nét, pin “trâu” sử dụng cả ngày dài và dung lượng bộ nhớ lớn, Samsung Galaxy A05 là lựa chọn lý tưởng ở phân khúc giá rẻ trong năm 2023.Ở tầm giá “hạt dẻ” nhưng Galaxy A05 mang trong mình một màn hình đáng mơ ước với kích thước lớn đến 6.7 inch. Được biết đây cũng là mẫu điện thoại có kích thước màn hình lớn nhất dòng Galaxy A hiện nay. Chính vì vậy, khi trải nghiệm Samsung A05, từng thao tác sẽ rất thoải mái, bạn không phải khó chịu vì chi tiết hiển thị nhỏ. Với ai thường xuyên sử dụng điện thoại và thích màn hình lớn, thì Galaxy A05 sẽ là lựa chọn hoàn hảo.Kết hợp với tấm nền PLS LCD, Samsung Galaxy A05 cho chất lượng hiển thị sống động, đáp ứng tốt nhiều nhu cầu sử dụng như xem phim hay chiến game đắm chìm. Ngoài ra, với thiết kế Infinity-U, không gian sẽ được “nới” rộng, sẵn sàng giúp bạn tận hưởng chiếc điện thoại ở tầm nhìn rộng rãi hơn nữa.Hướng tới người dùng trẻ Gen Z, học sinh, sinh viên yêu thích khám phá và đề cao sự sáng tạo, hiện đại, Samsung Galaxy A05 “chiều lòng” bạn với đầy đủ màu sắc thời thượng. Các màu bao gồm: xanh lá, bạc và đen. Mỗi màu là mỗi cá tính, giúp Gen Z thỏa thích chọn được màu sắc phù hợp với “gu” của mình.Nét đẹp của Galaxy A05 còn được thể hiện qua quy trình sản xuất khắt khe, cho từng chi tiết được hoàn thiện tinh xảo, chuẩn xác. Các góc điện thoại được bo cong nhẹ, màn hình vát phẳng hiện đại và mặt lưng nhám, tăng cường tính bền bỉ, thẩm mỹ trong suốt quá trình trải nghiệm. Có thể nói, Samsung A05 là một thiết kế xuất sắc trong tầm giá rẻ mà bất kì người dùng nào cũng sẽ bị thuyết phục khi nhìn thấy.Chụp ảnh và sáng tạo nội dung ở bất kì nơi nào bạn đến với camera kép 50MP. Chất lượng camera chính 50MP này sẽ giúp bạn dễ dàng lưu lại mọi khoảnh khắc, khung hình, chi tiết, cảm xúc nơi bạn đi qua. Không cần quá cầu kì hay nhiều thông số cao cấp, camera Samsung Galaxy A05 vẫn kiêu hãnh thể hiện khả năng nhiếp ảnh “cực chất” của mình.Nếu bạn thích những tấm ảnh xóa phông, tập trung vào chủ thể hay tạo chiều sâu ấn tượng cho tấm ảnh, hãy thử ngay camera xóa phông 2MP. Samsung Galaxy A05 sẽ làm mờ các hậu cảnh, khung hình đông người, để bạn trở thành tâm điểm của mọi sự chú ý, nổi bật chưa bao giờ đơn giản đến thế.Nỗ lực nâng tầm trải nghiệm nhiếp ảnh Galaxy A05 của Samsung được thể hiện qua sự nâng cấp camera selfie. Ở bản Galaxy A04, người dùng có camera selfie 5MP và ở bản mới là camera 8MP. Kết cùng với AI làm đẹp thông minh, tối ưu màu da, làm đẹp tự nhiên, điện thoại sẽ giúp bạn luôn nổi bật, tôn vinh nét đẹp vốn có, vẫn là bạn nhưng sẽ rạng ngời và nhiều năng lượng hơn.Điện thoại có dung lượng pin đến 5.000mAh – một con số thường thấy khi bạn tìm kiếm những mẫu điện thoại pin “trâu”. Dung lượng này sẽ mang tới cho bạn trải nghiệm thoải mái, không lo lắng việc gián đoạn cuộc gọi, mất kết nối trực tuyến giữa ngày. Nếu bạn dùng ít, thời lượng pin có thể kéo đến hai ngày dài trên Samsung Galaxy A05.Samsung Galaxy A05 có hỗ trợ công nghệ sạc siêu nhanh 25W. Theo đó, khi có hỗ trợ sạc nhanh 25W, Samsung A05 sạc 50% chỉ trong khoảng 30 phút, tiết kiệm thời gian hiệu quả cho người dùng bận rộn.*Lưu ý: Bộ sạc siêu nhanh 25W được bán riêng.Cung cấp sức mạnh cho Samsung A05 cho Helio G85, đi kèm 4GB RAM và 128GB bộ nhớ trong. Helio G85 là vi xử lý sản xuất trên quy trình 12nm, 8 lõi với 2 lõi Cortex-A75 tốc độ 2.0 GHz, 6 lõi Cortex-A55 tốc độ 1.8 GHz và đi kèm GPU Mali-G52 tốc độ 1 GHz. Thông số sẽ đáp ứng nhu cầu xử lý cơ bản như lướt web, xem phim, lướt mạng xã hội.Phần đặc biệt của cấu hình Samsung Galaxy A05 chính là bộ nhớ trong đến 128GB. Đây là dung lượng mang tính cạnh tranh cao, vì rất ít sản phẩm trong tầm giá có thông số này. Bộ nhớ lớn sẽ giúp bạn thoải mái lưu trữ mọi thông tin, ứng dụng hay hình ảnh/video yêu thích của bạn.Giá sản phẩm trên Tiki đã bao gồm thuế theo luật hiện hành. Bên cạnh đó, tuỳ vào loại sản phẩm, hình thức và địa chỉ giao hàng mà có thể phát sinh thêm chi phí khác như phí vận chuyển, phụ phí hàng cồng kềnh, thuế nhập khẩu (đối với đơn hàng giao từ nước ngoài có giá trị trên 1 triệu đồng).....",Tiki,273550757.0,3037000.0,,,,,6.7,1 Năm,0.0
https://tiki.vn/dien-thoai-chac-chan-ulefone-power-armor-18t-ultra-chup-anh-nhiet-camera-flir-5g-512gb-rom-24gb-ram-hang-chinh-hang-p273388474.html?spid=273388475,Điện thoại chắc chắn Ulefone Power Armor 18T Ultra (chụp ảnh nhiệt Camera FLIR5G 512GB ROM +24GB RAM)- hàng chính hãng,ULEFONE,,,,,,,,,,,,,,,,"Trong cái hộp :điện thoại,cốc sạt,cáp sạc,dán màn hình(Đã cài đặt sẵn),dán màn hình,Dây buộc, Kim SIM,HDSD,PBHGiá sản phẩm trên Tiki đã bao gồm thuế theo luật hiện hành. Bên cạnh đó, tuỳ vào loại sản phẩm, hình thức và địa chỉ giao hàng mà có thể phát sinh thêm chi phí khác như phí vận chuyển, phụ phí hàng cồng kềnh, thuế nhập khẩu (đối với đơn hàng giao từ nước ngoài có giá trị trên 1 triệu đồng).....",Tiki,273388475.0,15990000.0,,,,,,12 Tháng,0.0
https://tiki.vn/dien-thoai-samsung-galaxy-a05-4gb-128gb-da-kich-hoat-bao-hanh-dien-tu-hang-chinh-hang-p273258830.html?spid=273550662,Điện thoại Samsung Galaxy A05 (4GB/128GB) - Đã kích hoạt bảo hành điện tử - Hàng chính hãng,SAMSUNG,,,,5000.0,8 MP,Chính 50 MP & Phụ 2 MP,Mali-G52,,4.0,720x1600,128.0,,,5.0,,"Giá sản phẩm trên Tiki đã bao gồm thuế theo luật hiện hành. Bên cạnh đó, tuỳ vào loại sản phẩm, hình thức và địa chỉ giao hàng mà có thể phát sinh thêm chi phí khác như phí vận chuyển, phụ phí hàng cồng kềnh, thuế nhập khẩu (đối với đơn hàng giao từ nước ngoài có giá trị trên 1 triệu đồng).....",Tiki,273550662.0,3037000.0,,4.0,Trung Quốc,Type-C,6.7,1 Năm,1.0
https://tiki.vn/dien-thoai-samsung-galaxy-a05-4gb-128gb-hang-chinh-hang-da-kich-hoat-bao-hanh-dien-tu-p272392928.html?spid=273550719,Điện thoại Samsung Galaxy A05 (4GB/128GB) - Hàng chính hãng - ĐÃ KÍCH HOẠT BẢO HÀNH ĐIỆN TỬ,SAMSUNG,,,,5000.0,,,Mali-G52,,4.0,,128.0,,,,,"Màn hình lớn đáng kinh ngạcThiết kế thời thượng, hiện đạiBộ đôi camera kép 50MP, lưu lại mọi khoảnh khắc siêu nétCamera selfie 8MP đẹp tự nhiênPin bền bỉ đến 2 ngày dài, hỗ trợ sạc nhanh 25WHiệu năng ổn định Helio G85, bộ nhớ siêu lớnTận hưởng những công nghệ mới ở tầm giá phải chăng cùng Galaxy A05. Từ diện mạo trẻ trung, năng động đến màn hình rộng lớn 6.7 inch, bộ đôi camera 50MP sắc nét, pin “trâu” sử dụng cả ngày dài và dung lượng bộ nhớ lớn, Samsung Galaxy A05 là lựa chọn lý tưởng ở phân khúc giá rẻ trong năm 2023.Ở tầm giá “hạt dẻ” nhưng Galaxy A05 mang trong mình một màn hình đáng mơ ước với kích thước lớn đến 6.7 inch. Được biết đây cũng là mẫu điện thoại có kích thước màn hình lớn nhất dòng Galaxy A hiện nay. Chính vì vậy, khi trải nghiệm , từng thao tác sẽ rất thoải mái, bạn không phải khó chịu vì chi tiết hiển thị nhỏ. Với ai thường xuyên sử dụng điện thoại và thích màn hình lớn, thì Galaxy A05 sẽ là lựa chọn hoàn hảo.Kết hợp với tấm nền PLS LCD, Samsung Galaxy A05 cho chất lượng hiển thị sống động, đáp ứng tốt nhiều nhu cầu sử dụng như xem phim hay chiến game đắm chìm. Ngoài ra, với thiết kế Infinity-U, không gian sẽ được “nới” rộng, sẵn sàng giúp bạn tận hưởng chiếc điện thoại ở tầm nhìn rộng rãi hơn nữa.Hướng tới người dùng trẻ Gen Z, học sinh, sinh viên yêu thích khám phá và đề cao sự sáng tạo, hiện đại, Samsung Galaxy A05 “chiều lòng” bạn với đầy đủ màu sắc thời thượng. Các màu bao gồm: xanh lá, bạc và đen. Mỗi màu là mỗi cá tính, giúp Gen Z thỏa thích chọn được màu sắc phù hợp với “gu” của mình.Nét đẹp của Galaxy A05 còn được thể hiện qua quy trình sản xuất khắt khe, cho từng chi tiết được hoàn thiện tinh xảo, chuẩn xác. Các góc  được bo cong nhẹ, màn hình vát phẳng hiện đại và mặt lưng nhám, tăng cường tính bền bỉ, thẩm mỹ trong suốt quá trình trải nghiệm. Có thể nói, Samsung A05 là một thiết kế xuất sắc trong tầm giá rẻ mà bất kì người dùng nào cũng sẽ bị thuyết phục khi nhìn thấy.Chụp ảnh và sáng tạo nội dung ở bất kì nơi nào bạn đến với camera kép 50MP. Chất lượng camera chính 50MP này sẽ giúp bạn dễ dàng lưu lại mọi khoảnh khắc, khung hình, chi tiết, cảm xúc nơi bạn đi qua. Không cần quá cầu kì hay nhiều thông số cao cấp, camera Samsung Galaxy A05 vẫn kiêu hãnh thể hiện khả năng nhiếp ảnh “cực chất” của mình.Nếu bạn thích những tấm ảnh xóa phông, tập trung vào chủ thể hay tạo chiều sâu ấn tượng cho tấm ảnh, hãy thử ngay camera xóa phông 2MP. Samsung Galaxy A05 sẽ làm mờ các hậu cảnh, khung hình đông người, để bạn trở thành tâm điểm của mọi sự chú ý, nổi bật chưa bao giờ đơn giản đến thế.Nỗ lực nâng tầm trải nghiệm nhiếp ảnh Galaxy A05 của  được thể hiện qua sự nâng cấp camera selfie. Ở bản Galaxy A04, người dùng có camera selfie 5MP và ở bản mới là camera 8MP. Kết cùng với AI làm đẹp thông minh, tối ưu màu da, làm đẹp tự nhiên, điện thoại sẽ giúp bạn luôn nổi bật, tôn vinh nét đẹp vốn có, vẫn là bạn nhưng sẽ rạng ngời và nhiều năng lượng hơn.Điện thoại có dung lượng pin đến 5.000mAh – một con số thường thấy khi bạn tìm kiếm những mẫu điện thoại pin “trâu”. Dung lượng này sẽ mang tới cho bạn trải nghiệm thoải mái, không lo lắng việc gián đoạn cuộc gọi, mất kết nối trực tuyến giữa ngày. Nếu bạn dùng ít, thời lượng pin có thể kéo đến hai ngày dài trên Samsung Galaxy A05.Samsung Galaxy A05 có hỗ trợ công nghệ sạc siêu nhanh 25W. Theo đó, khi có hỗ trợ sạc nhanh 25W, Samsung A05 sạc 50% chỉ trong khoảng 30 phút, tiết kiệm thời gian hiệu quả cho người dùng bận rộn.*Lưu ý: Bộ sạc siêu nhanh 25W được bán riêng.Cung cấp sức mạnh cho Samsung A05 cho Helio G85, đi kèm 4GB RAM và 128GB bộ nhớ trong. Helio G85 là vi xử lý sản xuất trên quy trình 12nm, 8 lõi với 2 lõi Cortex-A75 tốc độ 2.0 GHz, 6 lõi Cortex-A55 tốc độ 1.8 GHz và đi kèm GPU Mali-G52 tốc độ 1 GHz. Thông số sẽ đáp ứng nhu cầu xử lý cơ bản như lướt web, xem phim, lướt mạng xã hội.Phần đặc biệt của cấu hình Samsung Galaxy A05 chính là bộ nhớ trong đến 128GB. Đây là dung lượng mang tính cạnh tranh cao, vì rất ít sản phẩm trong tầm giá có thông số này. Bộ nhớ lớn sẽ giúp bạn thoải mái lưu trữ mọi thông tin, ứng dụng hay hình ảnh/video yêu thích của bạn.Giá sản phẩm trên Tiki đã bao gồm thuế theo luật hiện hành. Bên cạnh đó, tuỳ vào loại sản phẩm, hình thức và địa chỉ giao hàng mà có thể phát sinh thêm chi phí khác như phí vận chuyển, phụ phí hàng cồng kềnh, thuế nhập khẩu (đối với đơn hàng giao từ nước ngoài có giá trị trên 1 triệu đồng).....",Tiki,273550719.0,3037000.0,,,,Type-C,6.7,1 Năm,0.0
https://tiki.vn/dien-thoai-samsung-galaxy-a05-4gb-128gb-hang-chinh-hang-p272270730.html?spid=273550688,Điện thoại Samsung Galaxy A05 (4GB/128GB) - Hàng chính hãng,SAMSUNG,,,,,,,,,,,,,,,,"Samsung Galaxy A05 – ‘Ông vua’ của phân khúc giá rẻSamsung Galaxy A05 có kiểu dáng trẻ trung, hiện đại, phù hợp với mọi đối tượngSamsung Galaxy A05 khoác lên mình vẻ ngoài vô cùng nổi bật với những đường nét bo cong nhẹ nhàng, tinh tế. Được trau chuốt kỹ lưỡng về mặt thiết kế cũng như rất chú trọng về độ bền của sản phẩm, chính vì vậy, toàn bộ khung viền của chiếc điện thoại thông minh này đều được hoàn thiện từ những chất liệu cao cấp nhất. Nhờ vậy, khi cầm nắm sản phẩm trong tay, người dùng sẽ cảm thấy an tâm hơn rất nhiều.Choáng ngợp trước khả năng hiển thị hình ảnh sắc nét, chân thựcMặc dù thuộc phân khúc giá rẻ, tuy nhiên, Samsung Galaxy A05 chắc chắn vẫn sẽ khiến người dùng phải ngạc nhiên bởi nó sở hữu màn hình siêu chất lượng cũng như có nhiều cải tiến mới, vượt trội hơn so với các phiên bản trước đó. Được biết, Galaxy A05 được trang bị màn hình có kích thước lớn kết hợp cùng tấm nền IPS và độ phân giải Full HD, nhờ vậy, mọi thông tin cũng như hình ảnh đều hiển thị một cách sắc nét và trực quan hơn rất nhiều.Bên cạnh đó, không gian màn hình rộng cũng như viền thu hẹp cũng giúp người dùng thao tác dễ dàng và chơi game, xem phim ‘sướng’ mắt hơn rất nhiều.Samsung Galaxy A05 có hiệu năng đáng gờm, thách thức mọi giới hạnTheo các thông tin rò rỉ, Samsung Galaxy A05 được nhà sản xuất trang bị cho chip vô cùng mạnh mẽ mang tên MediaTek Helio G85. Nhờ vậy, bạn sẽ cảm nhận được sự mượt mà và ổn định khi sử dụng máy. Bên cạnh con chip với sức mạnh ấn tượng sẽ là con Ram 4GB kết hợp cùng bộ nhớ trong lên đến 128GB. Nhờ vậy, người dùng có thể lưu trữ mọi thông tin, dữ liệu, hình ảnh, một cách thả ga mà không lo bị đầy.Tự tin tỏa sáng với camera siêu đỉnhSamsung Galaxy A05 sẽ được trang bị camera kép ở mặt sau gồm camera chính 50MP và camera macro 2MP. Trong khi đó, ống kính selfie 5MP sẽ không có nhiều sự khác biệt so với thế hệ tiền nhiệm A04. Dù thuộc phân khúc giá rẻ, tuy nhiên, những thông số kể trên cũng đủ để bạn có được những bức hình ưng ý và chất lượng nhất có thể.Giá sản phẩm trên Tiki đã bao gồm thuế theo luật hiện hành. Bên cạnh đó, tuỳ vào loại sản phẩm, hình thức và địa chỉ giao hàng mà có thể phát sinh thêm chi phí khác như phí vận chuyển, phụ phí hàng cồng kềnh, thuế nhập khẩu (đối với đơn hàng giao từ nước ngoài có giá trị trên 1 triệu đồng).....",Tiki,273550688.0,3037000.0,,,,,,1 Năm,0.0
https://tiki.vn/dien-thoai-samsung-galaxy-a05s-4gb-128gb-hang-chinh-hang-p272241346.html?spid=273550721,Điện thoại Samsung Galaxy A05s (4GB/128GB) - Hàng chính hãng,SAMSUNG,,,,,,,,,,,,,,,,"LƯU Ý KHI MUA HÀNGCảm ơn quý khách đã quan tâm đến sản phẩm bên shop, quý khách vui lòng dành ít thời gian đọc kĩ các thông tin sau:️ Sản phẩm được bao test 7 ngày kể từ ngày nhận được sản phẩm và sẽ được đổi máy mới cùng model hoặc giá trị tương đương sau khi được thẩm định lỗi kĩ thuật.️ Sản phẩm lỗi kĩ thuật được xác nhận bởi trung tâm bảo hành ủy quyền chính hãng (bằng văn bản); khách hàng có thể gửi lại shop để xác nhận lỗi hoặc tới trung tâm bảo hành ủy quyền để thẩm định lỗi.️ Shop hỗ trợ phí vận chuyển trong vòng 7 ngày (kể từ ngày mình nhận hàng), sau 7 ngày shop chỉ hỗ trợ khách bảo hành (phí vận chuyển khách trả)️ Sau 7 ngày bao test, sản phẩm vẫn nhận chính sách bảo hành theo qui định của nhà sản xuất (khách chịu phí vận chuyển tới shop bảo hành hộ hoặc tự đến trung tâm bảo hành).️ Sản phẩm đổi trả phải còn nguyên hộp trùng imei, phụ kiện kèm theo máy không trầy xước, cháy nổ, đứt dây (nếu trầy xước shop không đổi phụ kiện mới)️ Shop nhận đổi trả trong trường hợp hàng sai mẫu, size, màu do shop gửi. Bên shop chỉ giải quyết khiếu nại khi quý khách có video clip khi mở/nhận hàng.️ Trong một số trường hợp sản phẩm đã được kích hoạt bảo hành tham gia chương trình khuyến mãi có giá tốt nhất cho khách hàng. Vui lòng chat với shop để được hỗ trợ thêm thông tin.️ Khách hàng có nhu cầu xuất hóa đơn VAT, vui lòng liên hệ với gian hàng trực tiếp qua phần chat khi đơn hàng được giao thành công.Không nhận đổi trả khi sản phẩm bị hư hại do tác động ngoại lực từ người mua như móp, bể, trầy xước, nổ điện, rớt nước, rách tem bảo hành, không đầy đủ phụ kiện và hộp.Các sản phẩm bị khóa tài khoản như Gmail, account… Khách tự chịu phí mở khóa nếu không nhớ mật khẩu.Vì lượng hàng hoá nhiều shop không nhận đổi trả trong trường hợp khách không thích, không ưng màu, chất liệu; quý khách vui lòng đọc kĩ mô tả và xem hình ảnh cụ thể; nếu cần hãy chat với shop để được tư vấn.Giá sản phẩm trên Tiki đã bao gồm thuế theo luật hiện hành. Bên cạnh đó, tuỳ vào loại sản phẩm, hình thức và địa chỉ giao hàng mà có thể phát sinh thêm chi phí khác như phí vận chuyển, phụ phí hàng cồng kềnh, thuế nhập khẩu (đối với đơn hàng giao từ nước ngoài có giá trị trên 1 triệu đồng).....",Tiki,273550721.0,3625000.0,,,,,,1 Năm,0.0
https://tiki.vn/dien-thoai-chac-chan-ulefone-armor-x12-pro-ram-4gb-rom-64gb-chong-nuoc-chong-va-dap-ip68-ip69k-android-13-cpu-mediatek-helio-g36-octa-core-man-hinh-5-45-inch-mang-4g-nfc-hang-chinh-hang-p271727840.html?spid=271727841,"Điện thoại chắc chắn Ulefone Armor X12 Pro(Ram 4GB, Rom 64GB, chống nước,chống va đập,IP68/IP69K, Android 13,CPU MediaTek Helio G36 Octa Core,MÀN HÌNH 5,45 inch, Mạng: 4G, NFC)-hàng chính hãng",ULEFONE,,,,,,,,,,,,,,,,"Màn hình: 5,45 inch , Độ phân giải: 1440 x 720CPU: MediaTek Helio G36, MediaTek MT6765V/X, Octa CoreHệ điều hành: Android 13Mở khóa bằng khuôn mặtRAM 4GB + ROM 64GB, Thẻ TF lên tới 256GB (không bao gồm)Pin 4860mAh,Sạc nhanh 10W , Giao diện sạc: Type-CCổng tai nghe: Giắc cắm tai nghe 3,5 mmCamera sau: 13MP, cảm biến IMX214, 1.12um, FOV 81 độ, khẩu độ lớn F2.2, ống kính 5 mảnhCamera trước: Cảm biến 8MP OV8856, khẩu độ lớn F2.0, ống kính 4 mảnhMạng: 2,3,4GLoại thẻ SIM: Nano SIM + Nano SIM + microSDDài 157,19mm,Rộng 76,8mm ,dày 14,34mm,Nặng 257gCảm biến: gia tốc, trọng lực, ánh sáng, tiệm cận, địa từ, La bàn điện tửĐèn thông báo: Hỗ trợ, ánh sáng trắng; Hỗ trợ nhắc nhở sạcNFC: Hỗ trợ Google PayĐịnh vị: GPS, GLONASS, Galileo, BEIDOU, Hỗ trợ la bàn kỹ thuật sốHỗ trợ gọi VoLTE HDĐa Ngôn ngữ: có tiếng ViệtChống nước IP68/IP69K MIL-STD-810H Chống bụi Chống sốcDanh sách gói hàngĐT X12 Pro,CỐC SẠT, Cáp sạc,Phim bảo vệ (dán sẵn),chọt sim, Dây ,HDSD,PBHGiá sản phẩm trên Tiki đã bao gồm thuế theo luật hiện hành. Bên cạnh đó, tuỳ vào loại sản phẩm, hình thức và địa chỉ giao hàng mà có thể phát sinh thêm chi phí khác như phí vận chuyển, phụ phí hàng cồng kềnh, thuế nhập khẩu (đối với đơn hàng giao từ nước ngoài có giá trị trên 1 triệu đồng).....",Tiki,271727841.0,3590000.0,,,,,,12 Tháng,0.0
https://tiki.vn/dien-thoai-oukitel-wp22-loa-to-chong-nuoc-chong-soc-ip68-ip69k-ram-8gb-rom-256gb-man-hinh-6-58-fhd-tam-nhin-ban-dem-pin-10-000mah-hang-chinh-hang-p254125720.html?spid=254125721,"Điện thoại oukitel WP22 (Loa to,Chống nước ,chống sốc IP68/IP69K,Ram 13Gb(8GB+5Gb mở rộng),Rom 256Gb,Màn hình 6.58 FHD,tầm nhìn ban đêm,Pin 10.000mAh)- Hàng chính hãng",OUKITEL,,,,,,,,,,1080x2408,,,,,,"OUKITEL WP22Âm thanh vô songHiệu suất Nổi bật với loa toàn dải 36mm và trình điều khiển nam châm neodymium cao cấp, loa đa phương tiện của WP22 mang đến âm thanh cân bằng với độ méo tối thiểu, mang đến âm cao sắc nét, âm trung rõ ràng và âm trầm sâu.Không bao giờ bỏ lỡ bất kỳ , Cuộc gọi hoặc Thông báoWP22 không chỉ có chất lượng loa tuyệt vời để nghe thành tiếng mà còn hoàn hảo để nghe qua tiếng ồn xung quanh. Cho dù bạn đang ở trong nhà bếp, nhà để xe hay xưởng, bạn sẽ nhận được thông báo nếu có cuộc gọi hoặc thông báo. Và nó cung cấp âm thanh rõ nét để có giọng nói rõ hơn trong các cuộc gọi.Dành nhiều thời gian hơn để tận hưởng và ít thời gian sạc hơn. Sao lưu trải nghiệm ngoài trời của bạn với pin lớn 10000mAh. Niềm vui không bao giờ kết thúc!Được thiết kế đặc biệt để chịu đựng môi trường ngoài trời và khắc nghiệt, WP22 có độ bền cao, chống nước IP68, chống bụi IP69K và có khả năng chống sốc, rơi, rung và nhiệt độ khắc nghiệt cao. Nó có thể sống sót khi bị rơi dưới nước và một trận mưa như trút nước bất chợt. Việc sử dụng hai lớp lưới SAATI Acoustex bảo vệ loa khỏi bụi, hạt kim loại và chất lỏng đồng thời cho phép âm thanh đi qua.Oukitel WP22 có màn hình cảm ứng IPS 6,58"" FHD+ với độ phân giải 1080×2408 và độ sáng 480nits, cho phép bạn xem chi tiết và màu sắc sống động trong bất kỳ ánh sáng nào. Tận hưởng trải nghiệm duyệt web và chơi trò chơi cực kỳ thoải mái.Điện thoại thông minh đi kèm với Android 13, bộ xử lý MediaTek Helio P90, lõi tám, RAM 8GB và ROM 256GB. Bạn sẽ được trải nghiệm các ứng dụng cực nhanh, truyền tệp nhanh chóng, chơi game và phát trực tuyến mượt mà cũng như đa nhiệm nâng cao. Ngoài ra, bạn có thể lắp thẻ TF lên đến 1TB để mở rộng dung lượng lưu trữ. Điều này đảm bảo đủ chỗ cho các ứng dụng, tệp lớn, ảnh và video có độ phân giải cao.Điện thoại thông minh OUKITEL WP22 sử dụng bố cục ba camera ở mặt sau, trong khi mặt trước có một cảm biến 16MP duy nhất, cho phép mọi người chụp được những bức ảnh chất lượng cao. Camera chính 48MP có khả năng quay video 4K (3840x2160).MÁY ẢNH AI 48MPDễ dàng chụp những bức ảnh phong cảnh ngoạn mục và những khoảnh khắc ngoạn mục với nhiều chi tiết hơn trong bất kỳ điều kiện ánh sáng nào. Với PDAF, nó có thể nhanh chóng lấy nét vào các đối tượng chuyển động, vì vậy những người đam mê thể thao ngoài trời có thể ghi lại nội dung video thú vị.sản phẩm full box,nguyên sealGiá sản phẩm trên Tiki đã bao gồm thuế theo luật hiện hành. Bên cạnh đó, tuỳ vào loại sản phẩm, hình thức và địa chỉ giao hàng mà có thể phát sinh thêm chi phí khác như phí vận chuyển, phụ phí hàng cồng kềnh, thuế nhập khẩu (đối với đơn hàng giao từ nước ngoài có giá trị trên 1 triệu đồng).....",Tiki,254125721.0,5990000.0,,4.0,Trung Quốc,tyce c,,12 Tháng,0.0
https://tiki.vn/dien-thoai-samsung-galaxy-a34-5g-8gb-128gb-hang-chinh-hang-p248929458.html?spid=252540055,Điện thoại Samsung Galaxy A34 5G (8GB/128GB) - Hàng chính hãng,SAMSUNG,,,,,,,,,,1080x2340,,,,,,"LƯU Ý KHI MUA HÀNG: Cảm ơn quý khách đã quan tâm đến sản phẩm bên shop, quý khách vui lòng dành ít thời gian đọc kĩ chính sách bảo hành đổi trả:Áp dụng sản phẩm Mobile/Tablet/Laptop️ Trong một số trường hợp sản phẩm đã được kích hoạt bảo hành bảo điện tử để tham gia chương trình khuyến mãi có giá tốt cho khách hàng. Vui lòng chat với nhân viên tư vấn để được hỗ trợ thêm thông tin.️ Sản phẩm được bao test 7 ngày kể từ ngày nhận được sản phẩm và sẽ được đổi máy mới cùng model hoặc giá trị tương đương sau khi được thẩm định lỗi kĩ thuật.️ Sản phẩm lỗi kĩ thuật được xác nhận bởi trung tâm bảo hành ủy quyền chính hãng (bằng văn bản); khách hàng có thể gửi lại shop để xác nhận lỗi hoặc tới trung tâm bảo hành ủy quyền để thẩm định lỗi.️ Sản phẩm đổi-trả phải còn nguyên hiện trạng máy không trầy xước, không bể vỡ, vô nước, gãy chân khung thẻ nhớ… (tất cả các tác động ngoại lực từ phía khách hàng đều TỪ CHỐI BẢO HÀNH)️ Sản phẩm đổi trả phải còn nguyên hộp trùng imei, phụ kiện kèm theo máy không trầy xước, cháy nổ, đứt dây (nếu trầy xước shop không đổi phụ kiện mới)️ Sau 7 ngày bao test, sản phẩm vẫn nhận chính sách bảo hành theo qui định của nhà sản xuất kể từ ngày mua (khách chịu phí vận chuyển tới shop bảo hành hộ hoặc tự đến trung tâm bảo hành).Sản phẩm bị TỪ CHỐI BẢO HÀNH khi cháy nổ, bể vỡ, tác động ngoại lực vào thân và bên trong máy, có thay đổi sửa chữa bên ngoài.Các sản phẩm bị khóa tài khoản như Gmail, Samsung account… Khách tự chịu phí mở khóa nếu không nhớ mật khẩu.Vì lượng hàng hoá nhiều shop không nhận đổi trả trong trường hợp khách không thích, không ưng màu, chất liệu; quý khách vui lòng đọc kĩ mô tả và xem hình ảnh cụ thể; nếu cần hãy chat với shop để được tư vấn.Giá sản phẩm trên Tiki đã bao gồm thuế theo luật hiện hành. Bên cạnh đó, tuỳ vào loại sản phẩm, hình thức và địa chỉ giao hàng mà có thể phát sinh thêm chi phí khác như phí vận chuyển, phụ phí hàng cồng kềnh, thuế nhập khẩu (đối với đơn hàng giao từ nước ngoài có giá trị trên 1 triệu đồng).....",Tiki,252540055.0,7164000.0,,,,Type-C,6.6,1 Năm,0.0
https://tiki.vn/dien-thoai-xiaomi-redmi-note-10t-5g-4gb-64gb-man-90hz-chong-nuoc-ip68-hang-nhap-khau-ban-quoc-te-p230157205.html?spid=230157209,Điện thoại Xiaomi Redmi Note 10T 5G 4GB/64GB - Màn 90HZ - Chống Nước IP68 - Hàng Nhập Khẩu - Bản quốc tế,XIAOMI,,,,5000.0,,,,,4.0,,64.0,,,4.9,,"Cấu hình Điện thoại Xiaomi Redmi Note 10TMàn hình: IPS LCD6.5""Full HD+Hệ điều hành: Android 11Camera sau: Chính 50 MP & Phụ 2 MP, 2 MPCamera trước: 8 MPChip: Qualcomm Snapdragon 480RAM: 4 GBDung lượng lưu trữ: 64 GBSIM: 1 Nano Sim,1 Esim( Sim điện tử), Hỗ trợ 5GPin, Sạc: 5000 mAh 18 W* Lưu ý:️ Máy là hàng quốc tế do XIAOMI phân phối riêng chị thị trường Nhật Bản,  mua máy về quý khách chỉ việc mở ra sử dụng như bản chính hãng tại Việt Nam️ Tình trạng: Mới 100% chưa Active, chưa từng được sử dụng️ Máy có sẵn Tiếng Việt đầy đủ️ Phụ kiện: 1 bộ sạc nhanh 18w được Shop tặng kèmXiaomi bất ngờ trình làng một sản phẩm mới thuộc dòng sản phẩm Redmi Note đó là Redmi Note 10T tại thị trường Nhật Bản.Mặc dù Redmi Note 10T có cùng tên gọi với một sản phẩm đã được ra mắt năm ngoại tại thị trường Ấn Độ nhưng hai sản phẩm này hoàn toàn khác nhau. Redmi Note 10T mới được sở hữu vi xử lý của Qualcomm thay vì MediaTek và có thiết kế hoàn toàn mới.Xiaomi Redmi Note 10T được trang bị màn hình IPS LCD với kích thước 6.5 inch hỗ trợ độ phân giải Full HD+ 2400 x 1080 pixels và tần số quét 90Hz. Mặt trước có thiết kế “đục lỗ” trong khi đó mặt sau có cụm camera kép được đặt theo chiều dọc nằm ở góc trên bên trái. Tấm nền được bảo vệ bởi kính Corning Gorilla Glass 3.Về cấu hình, thiết bị sử dụng bộ vi xử lý Qualcomm Snapdragon 480 hỗ trợ kết nối 5G, đi kèm với đó là 4GB RAM và 64GB bộ nhớ trong. Người dùng có thể mở rộng không gian lưu trữ thông qua khe đọc thẻ nhớ microSD. Khi bán ra điện thoại sẽ được cài đặt sẵn giao diện người dùng MIUI 13 trên nền hệ điều hành Android 11 và sẽ sớm được cập nhật lên Android 12.Mặt lưng là nơi đặt bộ đôi camera bao gồm cảm biến chính độ phân giải 50MP và cảm biến đo độ sâu trường ảnh 2MP. Viên pin có dung lượng 5000mAh hỗ trợ sạc nhanh với công suất 18W.Giá sản phẩm trên Tiki đã bao gồm thuế theo luật hiện hành. Bên cạnh đó, tuỳ vào loại sản phẩm, hình thức và địa chỉ giao hàng mà có thể phát sinh thêm chi phí khác như phí vận chuyển, phụ phí hàng cồng kềnh, thuế nhập khẩu (đối với đơn hàng giao từ nước ngoài có giá trị trên 1 triệu đồng).....",Tiki,230157209.0,2699000.0,-36%,78.0,Trung Quốc,,,12 Tháng,30.0
